
===========================================================================
report_checks -path_delay min (Hold)
============================================================================
======================= min_ff_n40C_1v95 Corner ===================================

Startpoint: _761_ (rising edge-triggered flip-flop clocked by wr_clk)
Endpoint: _761_ (rising edge-triggered flip-flop clocked by wr_clk)
Path Group: wr_clk
Path Type: min

Fanout         Cap        Slew       Delay        Time   Description
---------------------------------------------------------------------------------------------
                                  0.000000    0.000000   clock wr_clk (rise edge)
                                  0.000000    0.000000   clock source latency
     1    0.023866    0.084296    0.058566    0.058566 ^ wr_clk (in)
                                                         wr_clk (net)
                      0.084348    0.000000    0.058566 ^ clkbuf_0_wr_clk/A (sky130_fd_sc_hd__clkbuf_16)
    16    0.103559    0.091422    0.146129    0.204695 ^ clkbuf_0_wr_clk/X (sky130_fd_sc_hd__clkbuf_16)
                                                         clknet_0_wr_clk (net)
                      0.091498    0.001409    0.206104 ^ clkbuf_4_14_0_wr_clk/A (sky130_fd_sc_hd__clkbuf_8)
     6    0.035733    0.056433    0.119241    0.325345 ^ clkbuf_4_14_0_wr_clk/X (sky130_fd_sc_hd__clkbuf_8)
                                                         clknet_4_14_0_wr_clk (net)
                      0.056443    0.000735    0.326080 ^ _761_/CLK (sky130_fd_sc_hd__dfrtp_4)
     4    0.026014    0.073222    0.290200    0.616279 ^ _761_/Q (sky130_fd_sc_hd__dfrtp_4)
                                                         wr_bin[4] (net)
                      0.073224    0.000452    0.616731 ^ _430_/A (sky130_fd_sc_hd__xnor2_1)
     1    0.002508    0.022705    0.043038    0.659769 v _430_/Y (sky130_fd_sc_hd__xnor2_1)
                                                         wr_bin_next[4] (net)
                      0.022705    0.000015    0.659784 v _761_/D (sky130_fd_sc_hd__dfrtp_4)
                                              0.659784   data arrival time

                                  0.000000    0.000000   clock wr_clk (rise edge)
                                  0.000000    0.000000   clock source latency
     1    0.023866    0.084296    0.058566    0.058566 ^ wr_clk (in)
                                                         wr_clk (net)
                      0.084348    0.000000    0.058566 ^ clkbuf_0_wr_clk/A (sky130_fd_sc_hd__clkbuf_16)
    16    0.103559    0.091422    0.146129    0.204695 ^ clkbuf_0_wr_clk/X (sky130_fd_sc_hd__clkbuf_16)
                                                         clknet_0_wr_clk (net)
                      0.091498    0.001409    0.206104 ^ clkbuf_4_14_0_wr_clk/A (sky130_fd_sc_hd__clkbuf_8)
     6    0.035733    0.056433    0.119241    0.325345 ^ clkbuf_4_14_0_wr_clk/X (sky130_fd_sc_hd__clkbuf_8)
                                                         clknet_4_14_0_wr_clk (net)
                      0.056443    0.000735    0.326080 ^ _761_/CLK (sky130_fd_sc_hd__dfrtp_4)
                                  0.250000    0.576080   clock uncertainty
                                  0.000000    0.576080   clock reconvergence pessimism
                                 -0.023164    0.552916   library hold time
                                              0.552916   data required time
---------------------------------------------------------------------------------------------
                                              0.552916   data required time
                                             -0.659784   data arrival time
---------------------------------------------------------------------------------------------
                                              0.106868   slack (MET)


Startpoint: _761_ (rising edge-triggered flip-flop clocked by wr_clk)
Endpoint: _773_ (rising edge-triggered flip-flop clocked by wr_clk)
Path Group: wr_clk
Path Type: min

Fanout         Cap        Slew       Delay        Time   Description
---------------------------------------------------------------------------------------------
                                  0.000000    0.000000   clock wr_clk (rise edge)
                                  0.000000    0.000000   clock source latency
     1    0.023866    0.084296    0.058566    0.058566 ^ wr_clk (in)
                                                         wr_clk (net)
                      0.084348    0.000000    0.058566 ^ clkbuf_0_wr_clk/A (sky130_fd_sc_hd__clkbuf_16)
    16    0.103559    0.091422    0.146129    0.204695 ^ clkbuf_0_wr_clk/X (sky130_fd_sc_hd__clkbuf_16)
                                                         clknet_0_wr_clk (net)
                      0.091498    0.001409    0.206104 ^ clkbuf_4_14_0_wr_clk/A (sky130_fd_sc_hd__clkbuf_8)
     6    0.035733    0.056433    0.119241    0.325345 ^ clkbuf_4_14_0_wr_clk/X (sky130_fd_sc_hd__clkbuf_8)
                                                         clknet_4_14_0_wr_clk (net)
                      0.056443    0.000735    0.326080 ^ _761_/CLK (sky130_fd_sc_hd__dfrtp_4)
     4    0.026014    0.073222    0.290200    0.616279 ^ _761_/Q (sky130_fd_sc_hd__dfrtp_4)
                                                         wr_bin[4] (net)
                      0.073223    0.000374    0.616653 ^ _390_/A (sky130_fd_sc_hd__xnor2_1)
     2    0.007876    0.043393    0.064225    0.680878 v _390_/Y (sky130_fd_sc_hd__xnor2_1)
                                                         wr_gray_next[3] (net)
                      0.043393    0.000072    0.680950 v _773_/D (sky130_fd_sc_hd__dfrtp_1)
                                              0.680950   data arrival time

                                  0.000000    0.000000   clock wr_clk (rise edge)
                                  0.000000    0.000000   clock source latency
     1    0.023866    0.084296    0.058566    0.058566 ^ wr_clk (in)
                                                         wr_clk (net)
                      0.084348    0.000000    0.058566 ^ clkbuf_0_wr_clk/A (sky130_fd_sc_hd__clkbuf_16)
    16    0.103559    0.091422    0.146129    0.204695 ^ clkbuf_0_wr_clk/X (sky130_fd_sc_hd__clkbuf_16)
                                                         clknet_0_wr_clk (net)
                      0.091498    0.001409    0.206104 ^ clkbuf_4_14_0_wr_clk/A (sky130_fd_sc_hd__clkbuf_8)
     6    0.035733    0.056433    0.119241    0.325345 ^ clkbuf_4_14_0_wr_clk/X (sky130_fd_sc_hd__clkbuf_8)
                                                         clknet_4_14_0_wr_clk (net)
                      0.056434    0.000381    0.325725 ^ _773_/CLK (sky130_fd_sc_hd__dfrtp_1)
                                  0.250000    0.575725   clock uncertainty
                                  0.000000    0.575725   clock reconvergence pessimism
                                 -0.033584    0.542141   library hold time
                                              0.542141   data required time
---------------------------------------------------------------------------------------------
                                              0.542141   data required time
                                             -0.680950   data arrival time
---------------------------------------------------------------------------------------------
                                              0.138809   slack (MET)


Startpoint: _792_ (rising edge-triggered flip-flop clocked by wr_clk)
Endpoint: _755_ (rising edge-triggered flip-flop clocked by wr_clk)
Path Group: wr_clk
Path Type: min

Fanout         Cap        Slew       Delay        Time   Description
---------------------------------------------------------------------------------------------
                                  0.000000    0.000000   clock wr_clk (rise edge)
                                  0.000000    0.000000   clock source latency
     1    0.023866    0.084296    0.058566    0.058566 ^ wr_clk (in)
                                                         wr_clk (net)
                      0.084348    0.000000    0.058566 ^ clkbuf_0_wr_clk/A (sky130_fd_sc_hd__clkbuf_16)
    16    0.103559    0.091422    0.146129    0.204695 ^ clkbuf_0_wr_clk/X (sky130_fd_sc_hd__clkbuf_16)
                                                         clknet_0_wr_clk (net)
                      0.091499    0.001434    0.206129 ^ clkbuf_4_15_0_wr_clk/A (sky130_fd_sc_hd__clkbuf_8)
     7    0.034005    0.054455    0.117985    0.324114 ^ clkbuf_4_15_0_wr_clk/X (sky130_fd_sc_hd__clkbuf_8)
                                                         clknet_4_15_0_wr_clk (net)
                      0.054456    0.000324    0.324438 ^ _792_/CLK (sky130_fd_sc_hd__dfrtp_1)
     2    0.015096    0.106031    0.262465    0.586903 ^ _792_/Q (sky130_fd_sc_hd__dfrtp_1)
                                                         rd_gray_sync2[3] (net)
                      0.106031    0.000171    0.587074 ^ _391_/A (sky130_fd_sc_hd__xnor2_1)
     1    0.005419    0.056325    0.092486    0.679560 ^ _391_/Y (sky130_fd_sc_hd__xnor2_1)
                                                         _216_ (net)
                      0.056325    0.000110    0.679670 ^ _404_/A (sky130_fd_sc_hd__nor2_1)
     1    0.004802    0.020330    0.034906    0.714575 v _404_/Y (sky130_fd_sc_hd__nor2_1)
                                                         full_next (net)
                      0.020330    0.000099    0.714674 v _755_/D (sky130_fd_sc_hd__dfrtp_1)
                                              0.714674   data arrival time

                                  0.000000    0.000000   clock wr_clk (rise edge)
                                  0.000000    0.000000   clock source latency
     1    0.023866    0.084296    0.058566    0.058566 ^ wr_clk (in)
                                                         wr_clk (net)
                      0.084348    0.000000    0.058566 ^ clkbuf_0_wr_clk/A (sky130_fd_sc_hd__clkbuf_16)
    16    0.103559    0.091422    0.146129    0.204695 ^ clkbuf_0_wr_clk/X (sky130_fd_sc_hd__clkbuf_16)
                                                         clknet_0_wr_clk (net)
                      0.091488    0.001187    0.205883 ^ clkbuf_4_13_0_wr_clk/A (sky130_fd_sc_hd__clkbuf_8)
     8    0.041541    0.063558    0.124623    0.330506 ^ clkbuf_4_13_0_wr_clk/X (sky130_fd_sc_hd__clkbuf_8)
                                                         clknet_4_13_0_wr_clk (net)
                      0.063566    0.000744    0.331249 ^ _755_/CLK (sky130_fd_sc_hd__dfrtp_1)
                                  0.250000    0.581249   clock uncertainty
                                  0.000000    0.581249   clock reconvergence pessimism
                                 -0.025385    0.555864   library hold time
                                              0.555864   data required time
---------------------------------------------------------------------------------------------
                                              0.555864   data required time
                                             -0.714674   data arrival time
---------------------------------------------------------------------------------------------
                                              0.158810   slack (MET)


Startpoint: _758_ (rising edge-triggered flip-flop clocked by wr_clk)
Endpoint: _770_ (rising edge-triggered flip-flop clocked by wr_clk)
Path Group: wr_clk
Path Type: min

Fanout         Cap        Slew       Delay        Time   Description
---------------------------------------------------------------------------------------------
                                  0.000000    0.000000   clock wr_clk (rise edge)
                                  0.000000    0.000000   clock source latency
     1    0.023866    0.084296    0.058566    0.058566 ^ wr_clk (in)
                                                         wr_clk (net)
                      0.084348    0.000000    0.058566 ^ clkbuf_0_wr_clk/A (sky130_fd_sc_hd__clkbuf_16)
    16    0.103559    0.091422    0.146129    0.204695 ^ clkbuf_0_wr_clk/X (sky130_fd_sc_hd__clkbuf_16)
                                                         clknet_0_wr_clk (net)
                      0.091488    0.001187    0.205883 ^ clkbuf_4_13_0_wr_clk/A (sky130_fd_sc_hd__clkbuf_8)
     8    0.041541    0.063558    0.124623    0.330506 ^ clkbuf_4_13_0_wr_clk/X (sky130_fd_sc_hd__clkbuf_8)
                                                         clknet_4_13_0_wr_clk (net)
                      0.063568    0.000788    0.331294 ^ _758_/CLK (sky130_fd_sc_hd__dfrtp_1)
     5    0.018062    0.124814    0.278254    0.609548 ^ _758_/Q (sky130_fd_sc_hd__dfrtp_1)
                                                         wr_bin[1] (net)
                      0.124814    0.000178    0.609726 ^ _397_/A (sky130_fd_sc_hd__xnor2_1)
     2    0.011887    0.060012    0.088550    0.698276 v _397_/Y (sky130_fd_sc_hd__xnor2_1)
                                                         wr_gray_next[0] (net)
                      0.060013    0.000324    0.698599 v _770_/D (sky130_fd_sc_hd__dfrtp_1)
                                              0.698599   data arrival time

                                  0.000000    0.000000   clock wr_clk (rise edge)
                                  0.000000    0.000000   clock source latency
     1    0.023866    0.084296    0.058566    0.058566 ^ wr_clk (in)
                                                         wr_clk (net)
                      0.084348    0.000000    0.058566 ^ clkbuf_0_wr_clk/A (sky130_fd_sc_hd__clkbuf_16)
    16    0.103559    0.091422    0.146129    0.204695 ^ clkbuf_0_wr_clk/X (sky130_fd_sc_hd__clkbuf_16)
                                                         clknet_0_wr_clk (net)
                      0.091485    0.001100    0.205796 ^ clkbuf_4_12_0_wr_clk/A (sky130_fd_sc_hd__clkbuf_8)
     8    0.036073    0.056935    0.119879    0.325675 ^ clkbuf_4_12_0_wr_clk/X (sky130_fd_sc_hd__clkbuf_8)
                                                         clknet_4_12_0_wr_clk (net)
                      0.056935    0.000167    0.325842 ^ _770_/CLK (sky130_fd_sc_hd__dfrtp_1)
                                  0.250000    0.575842   clock uncertainty
                                  0.000000    0.575842   clock reconvergence pessimism
                                 -0.038938    0.536904   library hold time
                                              0.536904   data required time
---------------------------------------------------------------------------------------------
                                              0.536904   data required time
                                             -0.698599   data arrival time
---------------------------------------------------------------------------------------------
                                              0.161695   slack (MET)


Startpoint: _758_ (rising edge-triggered flip-flop clocked by wr_clk)
Endpoint: _758_ (rising edge-triggered flip-flop clocked by wr_clk)
Path Group: wr_clk
Path Type: min

Fanout         Cap        Slew       Delay        Time   Description
---------------------------------------------------------------------------------------------
                                  0.000000    0.000000   clock wr_clk (rise edge)
                                  0.000000    0.000000   clock source latency
     1    0.023866    0.084296    0.058566    0.058566 ^ wr_clk (in)
                                                         wr_clk (net)
                      0.084348    0.000000    0.058566 ^ clkbuf_0_wr_clk/A (sky130_fd_sc_hd__clkbuf_16)
    16    0.103559    0.091422    0.146129    0.204695 ^ clkbuf_0_wr_clk/X (sky130_fd_sc_hd__clkbuf_16)
                                                         clknet_0_wr_clk (net)
                      0.091488    0.001187    0.205883 ^ clkbuf_4_13_0_wr_clk/A (sky130_fd_sc_hd__clkbuf_8)
     8    0.041541    0.063558    0.124623    0.330506 ^ clkbuf_4_13_0_wr_clk/X (sky130_fd_sc_hd__clkbuf_8)
                                                         clknet_4_13_0_wr_clk (net)
                      0.063568    0.000788    0.331294 ^ _758_/CLK (sky130_fd_sc_hd__dfrtp_1)
     5    0.018062    0.124814    0.278254    0.609548 ^ _758_/Q (sky130_fd_sc_hd__dfrtp_1)
                                                         wr_bin[1] (net)
                      0.124814    0.000184    0.609733 ^ _384_/A (sky130_fd_sc_hd__nor2_1)
     2    0.009715    0.052855    0.060180    0.669913 v _384_/Y (sky130_fd_sc_hd__nor2_1)
                                                         _212_ (net)
                      0.052855    0.000109    0.670022 v _385_/B (sky130_fd_sc_hd__nor2_1)
     1    0.003023    0.055662    0.064755    0.734777 ^ _385_/Y (sky130_fd_sc_hd__nor2_1)
                                                         wr_bin_next[1] (net)
                      0.055662    0.000034    0.734811 ^ _758_/D (sky130_fd_sc_hd__dfrtp_1)
                                              0.734811   data arrival time

                                  0.000000    0.000000   clock wr_clk (rise edge)
                                  0.000000    0.000000   clock source latency
     1    0.023866    0.084296    0.058566    0.058566 ^ wr_clk (in)
                                                         wr_clk (net)
                      0.084348    0.000000    0.058566 ^ clkbuf_0_wr_clk/A (sky130_fd_sc_hd__clkbuf_16)
    16    0.103559    0.091422    0.146129    0.204695 ^ clkbuf_0_wr_clk/X (sky130_fd_sc_hd__clkbuf_16)
                                                         clknet_0_wr_clk (net)
                      0.091488    0.001187    0.205883 ^ clkbuf_4_13_0_wr_clk/A (sky130_fd_sc_hd__clkbuf_8)
     8    0.041541    0.063558    0.124623    0.330506 ^ clkbuf_4_13_0_wr_clk/X (sky130_fd_sc_hd__clkbuf_8)
                                                         clknet_4_13_0_wr_clk (net)
                      0.063568    0.000788    0.331294 ^ _758_/CLK (sky130_fd_sc_hd__dfrtp_1)
                                  0.250000    0.581294   clock uncertainty
                                  0.000000    0.581294   clock reconvergence pessimism
                                 -0.020783    0.560511   library hold time
                                              0.560511   data required time
---------------------------------------------------------------------------------------------
                                              0.560511   data required time
                                             -0.734811   data arrival time
---------------------------------------------------------------------------------------------
                                              0.174300   slack (MET)


Startpoint: _757_ (rising edge-triggered flip-flop clocked by wr_clk)
Endpoint: _757_ (rising edge-triggered flip-flop clocked by wr_clk)
Path Group: wr_clk
Path Type: min

Fanout         Cap        Slew       Delay        Time   Description
---------------------------------------------------------------------------------------------
                                  0.000000    0.000000   clock wr_clk (rise edge)
                                  0.000000    0.000000   clock source latency
     1    0.023866    0.084296    0.058566    0.058566 ^ wr_clk (in)
                                                         wr_clk (net)
                      0.084348    0.000000    0.058566 ^ clkbuf_0_wr_clk/A (sky130_fd_sc_hd__clkbuf_16)
    16    0.103559    0.091422    0.146129    0.204695 ^ clkbuf_0_wr_clk/X (sky130_fd_sc_hd__clkbuf_16)
                                                         clknet_0_wr_clk (net)
                      0.091488    0.001187    0.205883 ^ clkbuf_4_13_0_wr_clk/A (sky130_fd_sc_hd__clkbuf_8)
     8    0.041541    0.063558    0.124623    0.330506 ^ clkbuf_4_13_0_wr_clk/X (sky130_fd_sc_hd__clkbuf_8)
                                                         clknet_4_13_0_wr_clk (net)
                      0.063566    0.000750    0.331256 ^ _757_/CLK (sky130_fd_sc_hd__dfrtp_1)
     6    0.019847    0.136125    0.286386    0.617641 ^ _757_/Q (sky130_fd_sc_hd__dfrtp_1)
                                                         wr_bin[0] (net)
                      0.136125    0.000047    0.617688 ^ _380_/A (sky130_fd_sc_hd__nor2_1)
     2    0.008993    0.044100    0.058652    0.676340 v _380_/Y (sky130_fd_sc_hd__nor2_1)
                                                         _209_ (net)
                      0.044114    0.000111    0.676450 v _382_/A (sky130_fd_sc_hd__nor2_1)
     1    0.002820    0.053466    0.069568    0.746018 ^ _382_/Y (sky130_fd_sc_hd__nor2_1)
                                                         wr_bin_next[0] (net)
                      0.053466    0.000030    0.746048 ^ _757_/D (sky130_fd_sc_hd__dfrtp_1)
                                              0.746048   data arrival time

                                  0.000000    0.000000   clock wr_clk (rise edge)
                                  0.000000    0.000000   clock source latency
     1    0.023866    0.084296    0.058566    0.058566 ^ wr_clk (in)
                                                         wr_clk (net)
                      0.084348    0.000000    0.058566 ^ clkbuf_0_wr_clk/A (sky130_fd_sc_hd__clkbuf_16)
    16    0.103559    0.091422    0.146129    0.204695 ^ clkbuf_0_wr_clk/X (sky130_fd_sc_hd__clkbuf_16)
                                                         clknet_0_wr_clk (net)
                      0.091488    0.001187    0.205883 ^ clkbuf_4_13_0_wr_clk/A (sky130_fd_sc_hd__clkbuf_8)
     8    0.041541    0.063558    0.124623    0.330506 ^ clkbuf_4_13_0_wr_clk/X (sky130_fd_sc_hd__clkbuf_8)
                                                         clknet_4_13_0_wr_clk (net)
                      0.063566    0.000750    0.331256 ^ _757_/CLK (sky130_fd_sc_hd__dfrtp_1)
                                  0.250000    0.581256   clock uncertainty
                                  0.000000    0.581256   clock reconvergence pessimism
                                 -0.020618    0.560638   library hold time
                                              0.560638   data required time
---------------------------------------------------------------------------------------------
                                              0.560638   data required time
                                             -0.746048   data arrival time
---------------------------------------------------------------------------------------------
                                              0.185410   slack (MET)


Startpoint: _758_ (rising edge-triggered flip-flop clocked by wr_clk)
Endpoint: _771_ (rising edge-triggered flip-flop clocked by wr_clk)
Path Group: wr_clk
Path Type: min

Fanout         Cap        Slew       Delay        Time   Description
---------------------------------------------------------------------------------------------
                                  0.000000    0.000000   clock wr_clk (rise edge)
                                  0.000000    0.000000   clock source latency
     1    0.023866    0.084296    0.058566    0.058566 ^ wr_clk (in)
                                                         wr_clk (net)
                      0.084348    0.000000    0.058566 ^ clkbuf_0_wr_clk/A (sky130_fd_sc_hd__clkbuf_16)
    16    0.103559    0.091422    0.146129    0.204695 ^ clkbuf_0_wr_clk/X (sky130_fd_sc_hd__clkbuf_16)
                                                         clknet_0_wr_clk (net)
                      0.091488    0.001187    0.205883 ^ clkbuf_4_13_0_wr_clk/A (sky130_fd_sc_hd__clkbuf_8)
     8    0.041541    0.063558    0.124623    0.330506 ^ clkbuf_4_13_0_wr_clk/X (sky130_fd_sc_hd__clkbuf_8)
                                                         clknet_4_13_0_wr_clk (net)
                      0.063568    0.000788    0.331294 ^ _758_/CLK (sky130_fd_sc_hd__dfrtp_1)
     5    0.018062    0.124814    0.278254    0.609548 ^ _758_/Q (sky130_fd_sc_hd__dfrtp_1)
                                                         wr_bin[1] (net)
                      0.124814    0.000184    0.609733 ^ _384_/A (sky130_fd_sc_hd__nor2_1)
     2    0.009715    0.052855    0.060180    0.669913 v _384_/Y (sky130_fd_sc_hd__nor2_1)
                                                         _212_ (net)
                      0.052855    0.000127    0.670040 v _394_/B (sky130_fd_sc_hd__xnor2_1)
     3    0.010485    0.054158    0.111013    0.781052 v _394_/Y (sky130_fd_sc_hd__xnor2_1)
                                                         wr_gray_next[1] (net)
                      0.054158    0.000160    0.781212 v _771_/D (sky130_fd_sc_hd__dfrtp_1)
                                              0.781212   data arrival time

                                  0.000000    0.000000   clock wr_clk (rise edge)
                                  0.000000    0.000000   clock source latency
     1    0.023866    0.084296    0.058566    0.058566 ^ wr_clk (in)
                                                         wr_clk (net)
                      0.084348    0.000000    0.058566 ^ clkbuf_0_wr_clk/A (sky130_fd_sc_hd__clkbuf_16)
    16    0.103559    0.091422    0.146129    0.204695 ^ clkbuf_0_wr_clk/X (sky130_fd_sc_hd__clkbuf_16)
                                                         clknet_0_wr_clk (net)
                      0.091485    0.001100    0.205796 ^ clkbuf_4_12_0_wr_clk/A (sky130_fd_sc_hd__clkbuf_8)
     8    0.036073    0.056935    0.119879    0.325675 ^ clkbuf_4_12_0_wr_clk/X (sky130_fd_sc_hd__clkbuf_8)
                                                         clknet_4_12_0_wr_clk (net)
                      0.056935    0.000129    0.325803 ^ _771_/CLK (sky130_fd_sc_hd__dfrtp_1)
                                  0.250000    0.575803   clock uncertainty
                                  0.000000    0.575803   clock reconvergence pessimism
                                 -0.037034    0.538769   library hold time
                                              0.538769   data required time
---------------------------------------------------------------------------------------------
                                              0.538769   data required time
                                             -0.781212   data arrival time
---------------------------------------------------------------------------------------------
                                              0.242443   slack (MET)


Startpoint: _760_ (rising edge-triggered flip-flop clocked by wr_clk)
Endpoint: _756_ (rising edge-triggered flip-flop clocked by wr_clk)
Path Group: wr_clk
Path Type: min

Fanout         Cap        Slew       Delay        Time   Description
---------------------------------------------------------------------------------------------
                                  0.000000    0.000000   clock wr_clk (rise edge)
                                  0.000000    0.000000   clock source latency
     1    0.023866    0.084296    0.058566    0.058566 ^ wr_clk (in)
                                                         wr_clk (net)
                      0.084348    0.000000    0.058566 ^ clkbuf_0_wr_clk/A (sky130_fd_sc_hd__clkbuf_16)
    16    0.103559    0.091422    0.146129    0.204695 ^ clkbuf_0_wr_clk/X (sky130_fd_sc_hd__clkbuf_16)
                                                         clknet_0_wr_clk (net)
                      0.091499    0.001434    0.206129 ^ clkbuf_4_15_0_wr_clk/A (sky130_fd_sc_hd__clkbuf_8)
     7    0.034005    0.054455    0.117985    0.324114 ^ clkbuf_4_15_0_wr_clk/X (sky130_fd_sc_hd__clkbuf_8)
                                                         clknet_4_15_0_wr_clk (net)
                      0.054456    0.000270    0.324385 ^ _760_/CLK (sky130_fd_sc_hd__dfrtp_1)
     4    0.014507    0.102307    0.259772    0.584157 ^ _760_/Q (sky130_fd_sc_hd__dfrtp_1)
                                                         wr_bin[3] (net)
                      0.102307    0.000258    0.584414 ^ _316_/A (sky130_fd_sc_hd__nand2_1)
     2    0.005152    0.033674    0.042968    0.627383 v _316_/Y (sky130_fd_sc_hd__nand2_1)
                                                         _147_ (net)
                      0.033674    0.000043    0.627426 v _330_/A (sky130_fd_sc_hd__nand3_1)
     2    0.005700    0.054617    0.058941    0.686366 ^ _330_/Y (sky130_fd_sc_hd__nand3_1)
                                                         _161_ (net)
                      0.054617    0.000047    0.686413 ^ _332_/A1 (sky130_fd_sc_hd__a21o_1)
     1    0.001674    0.018605    0.060886    0.747299 ^ _332_/X (sky130_fd_sc_hd__a21o_1)
                                                         _163_ (net)
                      0.018605    0.000006    0.747305 ^ _344_/A (sky130_fd_sc_hd__and2_1)
     1    0.002722    0.031974    0.064296    0.811602 ^ _344_/X (sky130_fd_sc_hd__and2_1)
                                                         afull_next (net)
                      0.031974    0.000027    0.811628 ^ _756_/D (sky130_fd_sc_hd__dfrtp_1)
                                              0.811628   data arrival time

                                  0.000000    0.000000   clock wr_clk (rise edge)
                                  0.000000    0.000000   clock source latency
     1    0.023866    0.084296    0.058566    0.058566 ^ wr_clk (in)
                                                         wr_clk (net)
                      0.084348    0.000000    0.058566 ^ clkbuf_0_wr_clk/A (sky130_fd_sc_hd__clkbuf_16)
    16    0.103559    0.091422    0.146129    0.204695 ^ clkbuf_0_wr_clk/X (sky130_fd_sc_hd__clkbuf_16)
                                                         clknet_0_wr_clk (net)
                      0.091499    0.001434    0.206129 ^ clkbuf_4_15_0_wr_clk/A (sky130_fd_sc_hd__clkbuf_8)
     7    0.034005    0.054455    0.117985    0.324114 ^ clkbuf_4_15_0_wr_clk/X (sky130_fd_sc_hd__clkbuf_8)
                                                         clknet_4_15_0_wr_clk (net)
                      0.054456    0.000269    0.324383 ^ _756_/CLK (sky130_fd_sc_hd__dfrtp_1)
                                  0.250000    0.574383   clock uncertainty
                                  0.000000    0.574383   clock reconvergence pessimism
                                 -0.019244    0.555139   library hold time
                                              0.555139   data required time
---------------------------------------------------------------------------------------------
                                              0.555139   data required time
                                             -0.811628   data arrival time
---------------------------------------------------------------------------------------------
                                              0.256490   slack (MET)


Startpoint: _760_ (rising edge-triggered flip-flop clocked by wr_clk)
Endpoint: _772_ (rising edge-triggered flip-flop clocked by wr_clk)
Path Group: wr_clk
Path Type: min

Fanout         Cap        Slew       Delay        Time   Description
---------------------------------------------------------------------------------------------
                                  0.000000    0.000000   clock wr_clk (rise edge)
                                  0.000000    0.000000   clock source latency
     1    0.023866    0.084296    0.058566    0.058566 ^ wr_clk (in)
                                                         wr_clk (net)
                      0.084348    0.000000    0.058566 ^ clkbuf_0_wr_clk/A (sky130_fd_sc_hd__clkbuf_16)
    16    0.103559    0.091422    0.146129    0.204695 ^ clkbuf_0_wr_clk/X (sky130_fd_sc_hd__clkbuf_16)
                                                         clknet_0_wr_clk (net)
                      0.091499    0.001434    0.206129 ^ clkbuf_4_15_0_wr_clk/A (sky130_fd_sc_hd__clkbuf_8)
     7    0.034005    0.054455    0.117985    0.324114 ^ clkbuf_4_15_0_wr_clk/X (sky130_fd_sc_hd__clkbuf_8)
                                                         clknet_4_15_0_wr_clk (net)
                      0.054456    0.000270    0.324385 ^ _760_/CLK (sky130_fd_sc_hd__dfrtp_1)
     4    0.014507    0.102307    0.259772    0.584157 ^ _760_/Q (sky130_fd_sc_hd__dfrtp_1)
                                                         wr_bin[3] (net)
                      0.102307    0.000062    0.584218 ^ fanout37/A (sky130_fd_sc_hd__clkbuf_4)
    10    0.043612    0.104443    0.160444    0.744663 ^ fanout37/X (sky130_fd_sc_hd__clkbuf_4)
                                                         net37 (net)
                      0.104443    0.000146    0.744809 ^ _392_/A (sky130_fd_sc_hd__xnor2_1)
     2    0.009360    0.049491    0.075418    0.820227 v _392_/Y (sky130_fd_sc_hd__xnor2_1)
                                                         wr_gray_next[2] (net)
                      0.049491    0.000093    0.820320 v _772_/D (sky130_fd_sc_hd__dfrtp_1)
                                              0.820320   data arrival time

                                  0.000000    0.000000   clock wr_clk (rise edge)
                                  0.000000    0.000000   clock source latency
     1    0.023866    0.084296    0.058566    0.058566 ^ wr_clk (in)
                                                         wr_clk (net)
                      0.084348    0.000000    0.058566 ^ clkbuf_0_wr_clk/A (sky130_fd_sc_hd__clkbuf_16)
    16    0.103559    0.091422    0.146129    0.204695 ^ clkbuf_0_wr_clk/X (sky130_fd_sc_hd__clkbuf_16)
                                                         clknet_0_wr_clk (net)
                      0.091485    0.001100    0.205796 ^ clkbuf_4_12_0_wr_clk/A (sky130_fd_sc_hd__clkbuf_8)
     8    0.036073    0.056935    0.119879    0.325675 ^ clkbuf_4_12_0_wr_clk/X (sky130_fd_sc_hd__clkbuf_8)
                                                         clknet_4_12_0_wr_clk (net)
                      0.056935    0.000082    0.325757 ^ _772_/CLK (sky130_fd_sc_hd__dfrtp_1)
                                  0.250000    0.575757   clock uncertainty
                                  0.000000    0.575757   clock reconvergence pessimism
                                 -0.035517    0.540240   library hold time
                                              0.540240   data required time
---------------------------------------------------------------------------------------------
                                              0.540240   data required time
                                             -0.820320   data arrival time
---------------------------------------------------------------------------------------------
                                              0.280081   slack (MET)


Startpoint: _759_ (rising edge-triggered flip-flop clocked by wr_clk)
Endpoint: _759_ (rising edge-triggered flip-flop clocked by wr_clk)
Path Group: wr_clk
Path Type: min

Fanout         Cap        Slew       Delay        Time   Description
---------------------------------------------------------------------------------------------
                                  0.000000    0.000000   clock wr_clk (rise edge)
                                  0.000000    0.000000   clock source latency
     1    0.023866    0.084296    0.058566    0.058566 ^ wr_clk (in)
                                                         wr_clk (net)
                      0.084348    0.000000    0.058566 ^ clkbuf_0_wr_clk/A (sky130_fd_sc_hd__clkbuf_16)
    16    0.103559    0.091422    0.146129    0.204695 ^ clkbuf_0_wr_clk/X (sky130_fd_sc_hd__clkbuf_16)
                                                         clknet_0_wr_clk (net)
                      0.091488    0.001187    0.205883 ^ clkbuf_4_13_0_wr_clk/A (sky130_fd_sc_hd__clkbuf_8)
     8    0.041541    0.063558    0.124623    0.330506 ^ clkbuf_4_13_0_wr_clk/X (sky130_fd_sc_hd__clkbuf_8)
                                                         clknet_4_13_0_wr_clk (net)
                      0.063558    0.000275    0.330780 ^ _759_/CLK (sky130_fd_sc_hd__dfrtp_1)
     2    0.007726    0.060665    0.230657    0.561437 ^ _759_/Q (sky130_fd_sc_hd__dfrtp_1)
                                                         wr_bin[2] (net)
                      0.060665    0.000027    0.561464 ^ fanout38/A (sky130_fd_sc_hd__buf_2)
    10    0.039797    0.147795    0.159377    0.720841 ^ fanout38/X (sky130_fd_sc_hd__buf_2)
                                                         net38 (net)
                      0.147797    0.000517    0.721358 ^ _386_/A (sky130_fd_sc_hd__nor2_1)
     2    0.007993    0.040106    0.056120    0.777479 v _386_/Y (sky130_fd_sc_hd__nor2_1)
                                                         _213_ (net)
                      0.040106    0.000074    0.777552 v _388_/A (sky130_fd_sc_hd__nor2_1)
     1    0.002973    0.055146    0.069529    0.847082 ^ _388_/Y (sky130_fd_sc_hd__nor2_1)
                                                         wr_bin_next[2] (net)
                      0.055146    0.000034    0.847116 ^ _759_/D (sky130_fd_sc_hd__dfrtp_1)
                                              0.847116   data arrival time

                                  0.000000    0.000000   clock wr_clk (rise edge)
                                  0.000000    0.000000   clock source latency
     1    0.023866    0.084296    0.058566    0.058566 ^ wr_clk (in)
                                                         wr_clk (net)
                      0.084348    0.000000    0.058566 ^ clkbuf_0_wr_clk/A (sky130_fd_sc_hd__clkbuf_16)
    16    0.103559    0.091422    0.146129    0.204695 ^ clkbuf_0_wr_clk/X (sky130_fd_sc_hd__clkbuf_16)
                                                         clknet_0_wr_clk (net)
                      0.091488    0.001187    0.205883 ^ clkbuf_4_13_0_wr_clk/A (sky130_fd_sc_hd__clkbuf_8)
     8    0.041541    0.063558    0.124623    0.330506 ^ clkbuf_4_13_0_wr_clk/X (sky130_fd_sc_hd__clkbuf_8)
                                                         clknet_4_13_0_wr_clk (net)
                      0.063558    0.000275    0.330780 ^ _759_/CLK (sky130_fd_sc_hd__dfrtp_1)
                                  0.250000    0.580780   clock uncertainty
                                  0.000000    0.580780   clock reconvergence pessimism
                                 -0.020745    0.560036   library hold time
                                              0.560036   data required time
---------------------------------------------------------------------------------------------
                                              0.560036   data required time
                                             -0.847116   data arrival time
---------------------------------------------------------------------------------------------
                                              0.287080   slack (MET)


Startpoint: _784_ (rising edge-triggered flip-flop clocked by wr_clk)
Endpoint: _789_ (rising edge-triggered flip-flop clocked by wr_clk)
Path Group: wr_clk
Path Type: min

Fanout         Cap        Slew       Delay        Time   Description
---------------------------------------------------------------------------------------------
                                  0.000000    0.000000   clock wr_clk (rise edge)
                                  0.000000    0.000000   clock source latency
     1    0.023866    0.084296    0.058566    0.058566 ^ wr_clk (in)
                                                         wr_clk (net)
                      0.084348    0.000000    0.058566 ^ clkbuf_0_wr_clk/A (sky130_fd_sc_hd__clkbuf_16)
    16    0.103559    0.091422    0.146129    0.204695 ^ clkbuf_0_wr_clk/X (sky130_fd_sc_hd__clkbuf_16)
                                                         clknet_0_wr_clk (net)
                      0.091477    0.000841    0.205536 ^ clkbuf_4_11_0_wr_clk/A (sky130_fd_sc_hd__clkbuf_8)
     8    0.037940    0.059193    0.121489    0.327025 ^ clkbuf_4_11_0_wr_clk/X (sky130_fd_sc_hd__clkbuf_8)
                                                         clknet_4_11_0_wr_clk (net)
                      0.059193    0.000246    0.327271 ^ _784_/CLK (sky130_fd_sc_hd__dfrtp_1)
     1    0.002383    0.029393    0.202491    0.529762 ^ _784_/Q (sky130_fd_sc_hd__dfrtp_1)
                                                         rd_gray_sync1[0] (net)
                      0.029393    0.000025    0.529787 ^ hold1/A (sky130_fd_sc_hd__dlygate4sd3_1)
     1    0.002494    0.035496    0.368481    0.898268 ^ hold1/X (sky130_fd_sc_hd__dlygate4sd3_1)
                                                         net77 (net)
                      0.035496    0.000022    0.898290 ^ _789_/D (sky130_fd_sc_hd__dfrtp_1)
                                              0.898290   data arrival time

                                  0.000000    0.000000   clock wr_clk (rise edge)
                                  0.000000    0.000000   clock source latency
     1    0.023866    0.084296    0.058566    0.058566 ^ wr_clk (in)
                                                         wr_clk (net)
                      0.084348    0.000000    0.058566 ^ clkbuf_0_wr_clk/A (sky130_fd_sc_hd__clkbuf_16)
    16    0.103559    0.091422    0.146129    0.204695 ^ clkbuf_0_wr_clk/X (sky130_fd_sc_hd__clkbuf_16)
                                                         clknet_0_wr_clk (net)
                      0.091477    0.000841    0.205536 ^ clkbuf_4_11_0_wr_clk/A (sky130_fd_sc_hd__clkbuf_8)
     8    0.037940    0.059193    0.121489    0.327025 ^ clkbuf_4_11_0_wr_clk/X (sky130_fd_sc_hd__clkbuf_8)
                                                         clknet_4_11_0_wr_clk (net)
                      0.059193    0.000293    0.327318 ^ _789_/CLK (sky130_fd_sc_hd__dfrtp_1)
                                  0.250000    0.577318   clock uncertainty
                                  0.000000    0.577318   clock reconvergence pessimism
                                 -0.019384    0.557934   library hold time
                                              0.557934   data required time
---------------------------------------------------------------------------------------------
                                              0.557934   data required time
                                             -0.898290   data arrival time
---------------------------------------------------------------------------------------------
                                              0.340356   slack (MET)


Startpoint: _787_ (rising edge-triggered flip-flop clocked by wr_clk)
Endpoint: _792_ (rising edge-triggered flip-flop clocked by wr_clk)
Path Group: wr_clk
Path Type: min

Fanout         Cap        Slew       Delay        Time   Description
---------------------------------------------------------------------------------------------
                                  0.000000    0.000000   clock wr_clk (rise edge)
                                  0.000000    0.000000   clock source latency
     1    0.023866    0.084296    0.058566    0.058566 ^ wr_clk (in)
                                                         wr_clk (net)
                      0.084348    0.000000    0.058566 ^ clkbuf_0_wr_clk/A (sky130_fd_sc_hd__clkbuf_16)
    16    0.103559    0.091422    0.146129    0.204695 ^ clkbuf_0_wr_clk/X (sky130_fd_sc_hd__clkbuf_16)
                                                         clknet_0_wr_clk (net)
                      0.091499    0.001434    0.206129 ^ clkbuf_4_15_0_wr_clk/A (sky130_fd_sc_hd__clkbuf_8)
     7    0.034005    0.054455    0.117985    0.324114 ^ clkbuf_4_15_0_wr_clk/X (sky130_fd_sc_hd__clkbuf_8)
                                                         clknet_4_15_0_wr_clk (net)
                      0.054456    0.000292    0.324406 ^ _787_/CLK (sky130_fd_sc_hd__dfrtp_1)
     1    0.002974    0.032642    0.204612    0.529018 ^ _787_/Q (sky130_fd_sc_hd__dfrtp_1)
                                                         rd_gray_sync1[3] (net)
                      0.032642    0.000038    0.529056 ^ hold2/A (sky130_fd_sc_hd__dlygate4sd3_1)
     1    0.002348    0.034674    0.368247    0.897303 ^ hold2/X (sky130_fd_sc_hd__dlygate4sd3_1)
                                                         net78 (net)
                      0.034674    0.000020    0.897323 ^ _792_/D (sky130_fd_sc_hd__dfrtp_1)
                                              0.897323   data arrival time

                                  0.000000    0.000000   clock wr_clk (rise edge)
                                  0.000000    0.000000   clock source latency
     1    0.023866    0.084296    0.058566    0.058566 ^ wr_clk (in)
                                                         wr_clk (net)
                      0.084348    0.000000    0.058566 ^ clkbuf_0_wr_clk/A (sky130_fd_sc_hd__clkbuf_16)
    16    0.103559    0.091422    0.146129    0.204695 ^ clkbuf_0_wr_clk/X (sky130_fd_sc_hd__clkbuf_16)
                                                         clknet_0_wr_clk (net)
                      0.091499    0.001434    0.206129 ^ clkbuf_4_15_0_wr_clk/A (sky130_fd_sc_hd__clkbuf_8)
     7    0.034005    0.054455    0.117985    0.324114 ^ clkbuf_4_15_0_wr_clk/X (sky130_fd_sc_hd__clkbuf_8)
                                                         clknet_4_15_0_wr_clk (net)
                      0.054456    0.000324    0.324438 ^ _792_/CLK (sky130_fd_sc_hd__dfrtp_1)
                                  0.250000    0.574438   clock uncertainty
                                  0.000000    0.574438   clock reconvergence pessimism
                                 -0.019448    0.554991   library hold time
                                              0.554991   data required time
---------------------------------------------------------------------------------------------
                                              0.554991   data required time
                                             -0.897323   data arrival time
---------------------------------------------------------------------------------------------
                                              0.342332   slack (MET)


Startpoint: _786_ (rising edge-triggered flip-flop clocked by wr_clk)
Endpoint: _791_ (rising edge-triggered flip-flop clocked by wr_clk)
Path Group: wr_clk
Path Type: min

Fanout         Cap        Slew       Delay        Time   Description
---------------------------------------------------------------------------------------------
                                  0.000000    0.000000   clock wr_clk (rise edge)
                                  0.000000    0.000000   clock source latency
     1    0.023866    0.084296    0.058566    0.058566 ^ wr_clk (in)
                                                         wr_clk (net)
                      0.084348    0.000000    0.058566 ^ clkbuf_0_wr_clk/A (sky130_fd_sc_hd__clkbuf_16)
    16    0.103559    0.091422    0.146129    0.204695 ^ clkbuf_0_wr_clk/X (sky130_fd_sc_hd__clkbuf_16)
                                                         clknet_0_wr_clk (net)
                      0.091498    0.001409    0.206104 ^ clkbuf_4_14_0_wr_clk/A (sky130_fd_sc_hd__clkbuf_8)
     6    0.035733    0.056433    0.119241    0.325345 ^ clkbuf_4_14_0_wr_clk/X (sky130_fd_sc_hd__clkbuf_8)
                                                         clknet_4_14_0_wr_clk (net)
                      0.056445    0.000800    0.326144 ^ _786_/CLK (sky130_fd_sc_hd__dfrtp_1)
     1    0.003539    0.035839    0.208358    0.534503 ^ _786_/Q (sky130_fd_sc_hd__dfrtp_1)
                                                         rd_gray_sync1[2] (net)
                      0.035839    0.000051    0.534554 ^ hold3/A (sky130_fd_sc_hd__dlygate4sd3_1)
     1    0.002823    0.037482    0.371974    0.906528 ^ hold3/X (sky130_fd_sc_hd__dlygate4sd3_1)
                                                         net79 (net)
                      0.037482    0.000031    0.906559 ^ _791_/D (sky130_fd_sc_hd__dfrtp_1)
                                              0.906559   data arrival time

                                  0.000000    0.000000   clock wr_clk (rise edge)
                                  0.000000    0.000000   clock source latency
     1    0.023866    0.084296    0.058566    0.058566 ^ wr_clk (in)
                                                         wr_clk (net)
                      0.084348    0.000000    0.058566 ^ clkbuf_0_wr_clk/A (sky130_fd_sc_hd__clkbuf_16)
    16    0.103559    0.091422    0.146129    0.204695 ^ clkbuf_0_wr_clk/X (sky130_fd_sc_hd__clkbuf_16)
                                                         clknet_0_wr_clk (net)
                      0.091499    0.001434    0.206129 ^ clkbuf_4_15_0_wr_clk/A (sky130_fd_sc_hd__clkbuf_8)
     7    0.034005    0.054455    0.117985    0.324114 ^ clkbuf_4_15_0_wr_clk/X (sky130_fd_sc_hd__clkbuf_8)
                                                         clknet_4_15_0_wr_clk (net)
                      0.054456    0.000248    0.324362 ^ _791_/CLK (sky130_fd_sc_hd__dfrtp_1)
                                  0.250000    0.574362   clock uncertainty
                                  0.000000    0.574362   clock reconvergence pessimism
                                 -0.019659    0.554704   library hold time
                                              0.554704   data required time
---------------------------------------------------------------------------------------------
                                              0.554704   data required time
                                             -0.906559   data arrival time
---------------------------------------------------------------------------------------------
                                              0.351855   slack (MET)


Startpoint: _785_ (rising edge-triggered flip-flop clocked by wr_clk)
Endpoint: _790_ (rising edge-triggered flip-flop clocked by wr_clk)
Path Group: wr_clk
Path Type: min

Fanout         Cap        Slew       Delay        Time   Description
---------------------------------------------------------------------------------------------
                                  0.000000    0.000000   clock wr_clk (rise edge)
                                  0.000000    0.000000   clock source latency
     1    0.023866    0.084296    0.058566    0.058566 ^ wr_clk (in)
                                                         wr_clk (net)
                      0.084348    0.000000    0.058566 ^ clkbuf_0_wr_clk/A (sky130_fd_sc_hd__clkbuf_16)
    16    0.103559    0.091422    0.146129    0.204695 ^ clkbuf_0_wr_clk/X (sky130_fd_sc_hd__clkbuf_16)
                                                         clknet_0_wr_clk (net)
                      0.091485    0.001100    0.205796 ^ clkbuf_4_12_0_wr_clk/A (sky130_fd_sc_hd__clkbuf_8)
     8    0.036073    0.056935    0.119879    0.325675 ^ clkbuf_4_12_0_wr_clk/X (sky130_fd_sc_hd__clkbuf_8)
                                                         clknet_4_12_0_wr_clk (net)
                      0.056935    0.000224    0.325899 ^ _785_/CLK (sky130_fd_sc_hd__dfrtp_1)
     1    0.004352    0.040513    0.212678    0.538577 ^ _785_/Q (sky130_fd_sc_hd__dfrtp_1)
                                                         rd_gray_sync1[1] (net)
                      0.040513    0.000081    0.538658 ^ hold4/A (sky130_fd_sc_hd__dlygate4sd3_1)
     1    0.003566    0.042322    0.377731    0.916389 ^ hold4/X (sky130_fd_sc_hd__dlygate4sd3_1)
                                                         net80 (net)
                      0.042322    0.000052    0.916441 ^ _790_/D (sky130_fd_sc_hd__dfrtp_1)
                                              0.916441   data arrival time

                                  0.000000    0.000000   clock wr_clk (rise edge)
                                  0.000000    0.000000   clock source latency
     1    0.023866    0.084296    0.058566    0.058566 ^ wr_clk (in)
                                                         wr_clk (net)
                      0.084348    0.000000    0.058566 ^ clkbuf_0_wr_clk/A (sky130_fd_sc_hd__clkbuf_16)
    16    0.103559    0.091422    0.146129    0.204695 ^ clkbuf_0_wr_clk/X (sky130_fd_sc_hd__clkbuf_16)
                                                         clknet_0_wr_clk (net)
                      0.091488    0.001187    0.205883 ^ clkbuf_4_13_0_wr_clk/A (sky130_fd_sc_hd__clkbuf_8)
     8    0.041541    0.063558    0.124623    0.330506 ^ clkbuf_4_13_0_wr_clk/X (sky130_fd_sc_hd__clkbuf_8)
                                                         clknet_4_13_0_wr_clk (net)
                      0.063558    0.000227    0.330733 ^ _790_/CLK (sky130_fd_sc_hd__dfrtp_1)
                                  0.250000    0.580733   clock uncertainty
                                  0.000000    0.580733   clock reconvergence pessimism
                                 -0.019781    0.560952   library hold time
                                              0.560952   data required time
---------------------------------------------------------------------------------------------
                                              0.560952   data required time
                                             -0.916441   data arrival time
---------------------------------------------------------------------------------------------
                                              0.355489   slack (MET)


Startpoint: _788_ (rising edge-triggered flip-flop clocked by wr_clk)
Endpoint: _793_ (rising edge-triggered flip-flop clocked by wr_clk)
Path Group: wr_clk
Path Type: min

Fanout         Cap        Slew       Delay        Time   Description
---------------------------------------------------------------------------------------------
                                  0.000000    0.000000   clock wr_clk (rise edge)
                                  0.000000    0.000000   clock source latency
     1    0.023866    0.084296    0.058566    0.058566 ^ wr_clk (in)
                                                         wr_clk (net)
                      0.084348    0.000000    0.058566 ^ clkbuf_0_wr_clk/A (sky130_fd_sc_hd__clkbuf_16)
    16    0.103559    0.091422    0.146129    0.204695 ^ clkbuf_0_wr_clk/X (sky130_fd_sc_hd__clkbuf_16)
                                                         clknet_0_wr_clk (net)
                      0.091498    0.001409    0.206104 ^ clkbuf_4_14_0_wr_clk/A (sky130_fd_sc_hd__clkbuf_8)
     6    0.035733    0.056433    0.119241    0.325345 ^ clkbuf_4_14_0_wr_clk/X (sky130_fd_sc_hd__clkbuf_8)
                                                         clknet_4_14_0_wr_clk (net)
                      0.056448    0.000883    0.326227 ^ _788_/CLK (sky130_fd_sc_hd__dfrtp_1)
     1    0.003243    0.034167    0.206670    0.532898 ^ _788_/Q (sky130_fd_sc_hd__dfrtp_1)
                                                         rd_gray_sync1[4] (net)
                      0.034167    0.000048    0.532945 ^ hold5/A (sky130_fd_sc_hd__dlygate4sd3_1)
     1    0.003653    0.042902    0.376929    0.909875 ^ hold5/X (sky130_fd_sc_hd__dlygate4sd3_1)
                                                         net81 (net)
                      0.042902    0.000052    0.909927 ^ _793_/D (sky130_fd_sc_hd__dfrtp_2)
                                              0.909927   data arrival time

                                  0.000000    0.000000   clock wr_clk (rise edge)
                                  0.000000    0.000000   clock source latency
     1    0.023866    0.084296    0.058566    0.058566 ^ wr_clk (in)
                                                         wr_clk (net)
                      0.084348    0.000000    0.058566 ^ clkbuf_0_wr_clk/A (sky130_fd_sc_hd__clkbuf_16)
    16    0.103559    0.091422    0.146129    0.204695 ^ clkbuf_0_wr_clk/X (sky130_fd_sc_hd__clkbuf_16)
                                                         clknet_0_wr_clk (net)
                      0.091499    0.001434    0.206129 ^ clkbuf_4_15_0_wr_clk/A (sky130_fd_sc_hd__clkbuf_8)
     7    0.034005    0.054455    0.117985    0.324114 ^ clkbuf_4_15_0_wr_clk/X (sky130_fd_sc_hd__clkbuf_8)
                                                         clknet_4_15_0_wr_clk (net)
                      0.054456    0.000315    0.324430 ^ _793_/CLK (sky130_fd_sc_hd__dfrtp_2)
                                  0.250000    0.574430   clock uncertainty
                                  0.000000    0.574430   clock reconvergence pessimism
                                 -0.019992    0.554437   library hold time
                                              0.554437   data required time
---------------------------------------------------------------------------------------------
                                              0.554437   data required time
                                             -0.909927   data arrival time
---------------------------------------------------------------------------------------------
                                              0.355490   slack (MET)


Startpoint: _760_ (rising edge-triggered flip-flop clocked by wr_clk)
Endpoint: _760_ (rising edge-triggered flip-flop clocked by wr_clk)
Path Group: wr_clk
Path Type: min

Fanout         Cap        Slew       Delay        Time   Description
---------------------------------------------------------------------------------------------
                                  0.000000    0.000000   clock wr_clk (rise edge)
                                  0.000000    0.000000   clock source latency
     1    0.023866    0.084296    0.058566    0.058566 ^ wr_clk (in)
                                                         wr_clk (net)
                      0.084348    0.000000    0.058566 ^ clkbuf_0_wr_clk/A (sky130_fd_sc_hd__clkbuf_16)
    16    0.103559    0.091422    0.146129    0.204695 ^ clkbuf_0_wr_clk/X (sky130_fd_sc_hd__clkbuf_16)
                                                         clknet_0_wr_clk (net)
                      0.091499    0.001434    0.206129 ^ clkbuf_4_15_0_wr_clk/A (sky130_fd_sc_hd__clkbuf_8)
     7    0.034005    0.054455    0.117985    0.324114 ^ clkbuf_4_15_0_wr_clk/X (sky130_fd_sc_hd__clkbuf_8)
                                                         clknet_4_15_0_wr_clk (net)
                      0.054456    0.000270    0.324385 ^ _760_/CLK (sky130_fd_sc_hd__dfrtp_1)
     4    0.014507    0.102307    0.259772    0.584157 ^ _760_/Q (sky130_fd_sc_hd__dfrtp_1)
                                                         wr_bin[3] (net)
                      0.102307    0.000062    0.584218 ^ fanout37/A (sky130_fd_sc_hd__clkbuf_4)
    10    0.043612    0.104443    0.160444    0.744663 ^ fanout37/X (sky130_fd_sc_hd__clkbuf_4)
                                                         net37 (net)
                      0.104443    0.000156    0.744819 ^ _389_/A (sky130_fd_sc_hd__nor2_1)
     2    0.008486    0.047281    0.053257    0.798075 v _389_/Y (sky130_fd_sc_hd__nor2_1)
                                                         _215_ (net)
                      0.047281    0.000049    0.798124 v _429_/A_N (sky130_fd_sc_hd__and2b_1)
     1    0.003155    0.031576    0.123657    0.921782 ^ _429_/X (sky130_fd_sc_hd__and2b_1)
                                                         wr_bin_next[3] (net)
                      0.031576    0.000028    0.921810 ^ _760_/D (sky130_fd_sc_hd__dfrtp_1)
                                              0.921810   data arrival time

                                  0.000000    0.000000   clock wr_clk (rise edge)
                                  0.000000    0.000000   clock source latency
     1    0.023866    0.084296    0.058566    0.058566 ^ wr_clk (in)
                                                         wr_clk (net)
                      0.084348    0.000000    0.058566 ^ clkbuf_0_wr_clk/A (sky130_fd_sc_hd__clkbuf_16)
    16    0.103559    0.091422    0.146129    0.204695 ^ clkbuf_0_wr_clk/X (sky130_fd_sc_hd__clkbuf_16)
                                                         clknet_0_wr_clk (net)
                      0.091499    0.001434    0.206129 ^ clkbuf_4_15_0_wr_clk/A (sky130_fd_sc_hd__clkbuf_8)
     7    0.034005    0.054455    0.117985    0.324114 ^ clkbuf_4_15_0_wr_clk/X (sky130_fd_sc_hd__clkbuf_8)
                                                         clknet_4_15_0_wr_clk (net)
                      0.054456    0.000270    0.324385 ^ _760_/CLK (sky130_fd_sc_hd__dfrtp_1)
                                  0.250000    0.574385   clock uncertainty
                                  0.000000    0.574385   clock reconvergence pessimism
                                 -0.019214    0.555171   library hold time
                                              0.555171   data required time
---------------------------------------------------------------------------------------------
                                              0.555171   data required time
                                             -0.921810   data arrival time
---------------------------------------------------------------------------------------------
                                              0.366639   slack (MET)


Startpoint: _760_ (rising edge-triggered flip-flop clocked by wr_clk)
Endpoint: _800_ (rising edge-triggered flip-flop clocked by wr_clk)
Path Group: wr_clk
Path Type: min

Fanout         Cap        Slew       Delay        Time   Description
---------------------------------------------------------------------------------------------
                                  0.000000    0.000000   clock wr_clk (rise edge)
                                  0.000000    0.000000   clock source latency
     1    0.023866    0.084296    0.058566    0.058566 ^ wr_clk (in)
                                                         wr_clk (net)
                      0.084348    0.000000    0.058566 ^ clkbuf_0_wr_clk/A (sky130_fd_sc_hd__clkbuf_16)
    16    0.103559    0.091422    0.146129    0.204695 ^ clkbuf_0_wr_clk/X (sky130_fd_sc_hd__clkbuf_16)
                                                         clknet_0_wr_clk (net)
                      0.091499    0.001434    0.206129 ^ clkbuf_4_15_0_wr_clk/A (sky130_fd_sc_hd__clkbuf_8)
     7    0.034005    0.054455    0.117985    0.324114 ^ clkbuf_4_15_0_wr_clk/X (sky130_fd_sc_hd__clkbuf_8)
                                                         clknet_4_15_0_wr_clk (net)
                      0.054456    0.000270    0.324385 ^ _760_/CLK (sky130_fd_sc_hd__dfrtp_1)
     4    0.013872    0.061337    0.265972    0.590356 v _760_/Q (sky130_fd_sc_hd__dfrtp_1)
                                                         wr_bin[3] (net)
                      0.061337    0.000058    0.590415 v fanout37/A (sky130_fd_sc_hd__clkbuf_4)
    10    0.040513    0.064109    0.142445    0.732859 v fanout37/X (sky130_fd_sc_hd__clkbuf_4)
                                                         net37 (net)
                      0.064109    0.000077    0.732937 v _400_/A (sky130_fd_sc_hd__nand2_1)
     2    0.019782    0.138653    0.129613    0.862550 ^ _400_/Y (sky130_fd_sc_hd__nand2_1)
                                                         _222_ (net)
                      0.138658    0.000676    0.863226 ^ _621_/S (sky130_fd_sc_hd__mux2_1)
     1    0.002069    0.024858    0.094059    0.957285 ^ _621_/X (sky130_fd_sc_hd__mux2_1)
                                                         _126_ (net)
                      0.024858    0.000018    0.957303 ^ _800_/D (sky130_fd_sc_hd__dfxtp_1)
                                              0.957303   data arrival time

                                  0.000000    0.000000   clock wr_clk (rise edge)
                                  0.000000    0.000000   clock source latency
     1    0.023866    0.084296    0.058566    0.058566 ^ wr_clk (in)
                                                         wr_clk (net)
                      0.084348    0.000000    0.058566 ^ clkbuf_0_wr_clk/A (sky130_fd_sc_hd__clkbuf_16)
    16    0.103559    0.091422    0.146129    0.204695 ^ clkbuf_0_wr_clk/X (sky130_fd_sc_hd__clkbuf_16)
                                                         clknet_0_wr_clk (net)
                      0.091562    0.002410    0.207105 ^ clkbuf_4_5_0_wr_clk/A (sky130_fd_sc_hd__clkbuf_8)
    14    0.040239    0.061867    0.123319    0.330424 ^ clkbuf_4_5_0_wr_clk/X (sky130_fd_sc_hd__clkbuf_8)
                                                         clknet_4_5_0_wr_clk (net)
                      0.061876    0.000767    0.331191 ^ _800_/CLK (sky130_fd_sc_hd__dfxtp_1)
                                  0.250000    0.581191   clock uncertainty
                                  0.000000    0.581191   clock reconvergence pessimism
                                 -0.016130    0.565060   library hold time
                                              0.565060   data required time
---------------------------------------------------------------------------------------------
                                              0.565060   data required time
                                             -0.957303   data arrival time
---------------------------------------------------------------------------------------------
                                              0.392243   slack (MET)


Startpoint: _758_ (rising edge-triggered flip-flop clocked by wr_clk)
Endpoint: _654_ (rising edge-triggered flip-flop clocked by wr_clk)
Path Group: wr_clk
Path Type: min

Fanout         Cap        Slew       Delay        Time   Description
---------------------------------------------------------------------------------------------
                                  0.000000    0.000000   clock wr_clk (rise edge)
                                  0.000000    0.000000   clock source latency
     1    0.023866    0.084296    0.058566    0.058566 ^ wr_clk (in)
                                                         wr_clk (net)
                      0.084348    0.000000    0.058566 ^ clkbuf_0_wr_clk/A (sky130_fd_sc_hd__clkbuf_16)
    16    0.103559    0.091422    0.146129    0.204695 ^ clkbuf_0_wr_clk/X (sky130_fd_sc_hd__clkbuf_16)
                                                         clknet_0_wr_clk (net)
                      0.091488    0.001187    0.205883 ^ clkbuf_4_13_0_wr_clk/A (sky130_fd_sc_hd__clkbuf_8)
     8    0.041541    0.063558    0.124623    0.330506 ^ clkbuf_4_13_0_wr_clk/X (sky130_fd_sc_hd__clkbuf_8)
                                                         clknet_4_13_0_wr_clk (net)
                      0.063568    0.000788    0.331294 ^ _758_/CLK (sky130_fd_sc_hd__dfrtp_1)
     5    0.018062    0.124814    0.278254    0.609548 ^ _758_/Q (sky130_fd_sc_hd__dfrtp_1)
                                                         wr_bin[1] (net)
                      0.124814    0.000226    0.609774 ^ _306_/A (sky130_fd_sc_hd__inv_2)
     4    0.021039    0.053497    0.054238    0.664013 v _306_/Y (sky130_fd_sc_hd__inv_2)
                                                         _137_ (net)
                      0.053497    0.000163    0.664176 v _493_/A (sky130_fd_sc_hd__nand2_4)
     4    0.042233    0.098002    0.098268    0.762444 ^ _493_/Y (sky130_fd_sc_hd__nand2_4)
                                                         _286_ (net)
                      0.098012    0.000837    0.763280 ^ _494_/B (sky130_fd_sc_hd__nor2_4)
     8    0.059900    0.065094    0.067199    0.830479 v _494_/Y (sky130_fd_sc_hd__nor2_4)
                                                         _287_ (net)
                      0.065162    0.001716    0.832195 v _501_/S (sky130_fd_sc_hd__mux2_1)
     1    0.002162    0.025131    0.132627    0.964822 ^ _501_/X (sky130_fd_sc_hd__mux2_1)
                                                         _022_ (net)
                      0.025131    0.000020    0.964842 ^ _654_/D (sky130_fd_sc_hd__dfxtp_1)
                                              0.964842   data arrival time

                                  0.000000    0.000000   clock wr_clk (rise edge)
                                  0.000000    0.000000   clock source latency
     1    0.023866    0.084296    0.058566    0.058566 ^ wr_clk (in)
                                                         wr_clk (net)
                      0.084348    0.000000    0.058566 ^ clkbuf_0_wr_clk/A (sky130_fd_sc_hd__clkbuf_16)
    16    0.103559    0.091422    0.146129    0.204695 ^ clkbuf_0_wr_clk/X (sky130_fd_sc_hd__clkbuf_16)
                                                         clknet_0_wr_clk (net)
                      0.091562    0.002410    0.207105 ^ clkbuf_4_5_0_wr_clk/A (sky130_fd_sc_hd__clkbuf_8)
    14    0.040239    0.061867    0.123319    0.330424 ^ clkbuf_4_5_0_wr_clk/X (sky130_fd_sc_hd__clkbuf_8)
                                                         clknet_4_5_0_wr_clk (net)
                      0.061881    0.000895    0.331319 ^ _654_/CLK (sky130_fd_sc_hd__dfxtp_1)
                                  0.250000    0.581319   clock uncertainty
                                  0.000000    0.581319   clock reconvergence pessimism
                                 -0.016150    0.565169   library hold time
                                              0.565169   data required time
---------------------------------------------------------------------------------------------
                                              0.565169   data required time
                                             -0.964842   data arrival time
---------------------------------------------------------------------------------------------
                                              0.399673   slack (MET)


Startpoint: _758_ (rising edge-triggered flip-flop clocked by wr_clk)
Endpoint: _655_ (rising edge-triggered flip-flop clocked by wr_clk)
Path Group: wr_clk
Path Type: min

Fanout         Cap        Slew       Delay        Time   Description
---------------------------------------------------------------------------------------------
                                  0.000000    0.000000   clock wr_clk (rise edge)
                                  0.000000    0.000000   clock source latency
     1    0.023866    0.084296    0.058566    0.058566 ^ wr_clk (in)
                                                         wr_clk (net)
                      0.084348    0.000000    0.058566 ^ clkbuf_0_wr_clk/A (sky130_fd_sc_hd__clkbuf_16)
    16    0.103559    0.091422    0.146129    0.204695 ^ clkbuf_0_wr_clk/X (sky130_fd_sc_hd__clkbuf_16)
                                                         clknet_0_wr_clk (net)
                      0.091488    0.001187    0.205883 ^ clkbuf_4_13_0_wr_clk/A (sky130_fd_sc_hd__clkbuf_8)
     8    0.041541    0.063558    0.124623    0.330506 ^ clkbuf_4_13_0_wr_clk/X (sky130_fd_sc_hd__clkbuf_8)
                                                         clknet_4_13_0_wr_clk (net)
                      0.063568    0.000788    0.331294 ^ _758_/CLK (sky130_fd_sc_hd__dfrtp_1)
     5    0.018062    0.124814    0.278254    0.609548 ^ _758_/Q (sky130_fd_sc_hd__dfrtp_1)
                                                         wr_bin[1] (net)
                      0.124814    0.000226    0.609774 ^ _306_/A (sky130_fd_sc_hd__inv_2)
     4    0.021039    0.053497    0.054238    0.664013 v _306_/Y (sky130_fd_sc_hd__inv_2)
                                                         _137_ (net)
                      0.053497    0.000163    0.664176 v _493_/A (sky130_fd_sc_hd__nand2_4)
     4    0.042233    0.098002    0.098268    0.762444 ^ _493_/Y (sky130_fd_sc_hd__nand2_4)
                                                         _286_ (net)
                      0.098012    0.000837    0.763280 ^ _494_/B (sky130_fd_sc_hd__nor2_4)
     8    0.059900    0.065094    0.067199    0.830479 v _494_/Y (sky130_fd_sc_hd__nor2_4)
                                                         _287_ (net)
                      0.065234    0.002428    0.832907 v _502_/S (sky130_fd_sc_hd__mux2_1)
     1    0.002326    0.026029    0.133515    0.966422 ^ _502_/X (sky130_fd_sc_hd__mux2_1)
                                                         _023_ (net)
                      0.026029    0.000023    0.966445 ^ _655_/D (sky130_fd_sc_hd__dfxtp_1)
                                              0.966445   data arrival time

                                  0.000000    0.000000   clock wr_clk (rise edge)
                                  0.000000    0.000000   clock source latency
     1    0.023866    0.084296    0.058566    0.058566 ^ wr_clk (in)
                                                         wr_clk (net)
                      0.084348    0.000000    0.058566 ^ clkbuf_0_wr_clk/A (sky130_fd_sc_hd__clkbuf_16)
    16    0.103559    0.091422    0.146129    0.204695 ^ clkbuf_0_wr_clk/X (sky130_fd_sc_hd__clkbuf_16)
                                                         clknet_0_wr_clk (net)
                      0.091564    0.002429    0.207124 ^ clkbuf_4_4_0_wr_clk/A (sky130_fd_sc_hd__clkbuf_8)
    13    0.041993    0.063991    0.124944    0.332068 ^ clkbuf_4_4_0_wr_clk/X (sky130_fd_sc_hd__clkbuf_8)
                                                         clknet_4_4_0_wr_clk (net)
                      0.064000    0.000790    0.332859 ^ _655_/CLK (sky130_fd_sc_hd__dfxtp_1)
                                  0.250000    0.582859   clock uncertainty
                                  0.000000    0.582859   clock reconvergence pessimism
                                 -0.016162    0.566696   library hold time
                                              0.566696   data required time
---------------------------------------------------------------------------------------------
                                              0.566696   data required time
                                             -0.966445   data arrival time
---------------------------------------------------------------------------------------------
                                              0.399749   slack (MET)


Startpoint: _758_ (rising edge-triggered flip-flop clocked by wr_clk)
Endpoint: _648_ (rising edge-triggered flip-flop clocked by wr_clk)
Path Group: wr_clk
Path Type: min

Fanout         Cap        Slew       Delay        Time   Description
---------------------------------------------------------------------------------------------
                                  0.000000    0.000000   clock wr_clk (rise edge)
                                  0.000000    0.000000   clock source latency
     1    0.023866    0.084296    0.058566    0.058566 ^ wr_clk (in)
                                                         wr_clk (net)
                      0.084348    0.000000    0.058566 ^ clkbuf_0_wr_clk/A (sky130_fd_sc_hd__clkbuf_16)
    16    0.103559    0.091422    0.146129    0.204695 ^ clkbuf_0_wr_clk/X (sky130_fd_sc_hd__clkbuf_16)
                                                         clknet_0_wr_clk (net)
                      0.091488    0.001187    0.205883 ^ clkbuf_4_13_0_wr_clk/A (sky130_fd_sc_hd__clkbuf_8)
     8    0.041541    0.063558    0.124623    0.330506 ^ clkbuf_4_13_0_wr_clk/X (sky130_fd_sc_hd__clkbuf_8)
                                                         clknet_4_13_0_wr_clk (net)
                      0.063568    0.000788    0.331294 ^ _758_/CLK (sky130_fd_sc_hd__dfrtp_1)
     5    0.018062    0.124814    0.278254    0.609548 ^ _758_/Q (sky130_fd_sc_hd__dfrtp_1)
                                                         wr_bin[1] (net)
                      0.124814    0.000226    0.609774 ^ _306_/A (sky130_fd_sc_hd__inv_2)
     4    0.021039    0.053497    0.054238    0.664013 v _306_/Y (sky130_fd_sc_hd__inv_2)
                                                         _137_ (net)
                      0.053497    0.000163    0.664176 v _493_/A (sky130_fd_sc_hd__nand2_4)
     4    0.042233    0.098002    0.098268    0.762444 ^ _493_/Y (sky130_fd_sc_hd__nand2_4)
                                                         _286_ (net)
                      0.098012    0.000837    0.763280 ^ _494_/B (sky130_fd_sc_hd__nor2_4)
     8    0.059900    0.065094    0.067199    0.830479 v _494_/Y (sky130_fd_sc_hd__nor2_4)
                                                         _287_ (net)
                      0.065132    0.001299    0.831778 v _495_/S (sky130_fd_sc_hd__mux2_1)
     1    0.002394    0.026402    0.133832    0.965611 ^ _495_/X (sky130_fd_sc_hd__mux2_1)
                                                         _016_ (net)
                      0.026402    0.000024    0.965634 ^ _648_/D (sky130_fd_sc_hd__dfxtp_1)
                                              0.965634   data arrival time

                                  0.000000    0.000000   clock wr_clk (rise edge)
                                  0.000000    0.000000   clock source latency
     1    0.023866    0.084296    0.058566    0.058566 ^ wr_clk (in)
                                                         wr_clk (net)
                      0.084348    0.000000    0.058566 ^ clkbuf_0_wr_clk/A (sky130_fd_sc_hd__clkbuf_16)
    16    0.103559    0.091422    0.146129    0.204695 ^ clkbuf_0_wr_clk/X (sky130_fd_sc_hd__clkbuf_16)
                                                         clknet_0_wr_clk (net)
                      0.091552    0.002278    0.206973 ^ clkbuf_4_7_0_wr_clk/A (sky130_fd_sc_hd__clkbuf_8)
    11    0.039392    0.060858    0.122715    0.329688 ^ clkbuf_4_7_0_wr_clk/X (sky130_fd_sc_hd__clkbuf_8)
                                                         clknet_4_7_0_wr_clk (net)
                      0.060868    0.000769    0.330457 ^ _648_/CLK (sky130_fd_sc_hd__dfxtp_1)
                                  0.250000    0.580457   clock uncertainty
                                  0.000000    0.580457   clock reconvergence pessimism
                                 -0.016263    0.564194   library hold time
                                              0.564194   data required time
---------------------------------------------------------------------------------------------
                                              0.564194   data required time
                                             -0.965634   data arrival time
---------------------------------------------------------------------------------------------
                                              0.401441   slack (MET)


Startpoint: _758_ (rising edge-triggered flip-flop clocked by wr_clk)
Endpoint: _650_ (rising edge-triggered flip-flop clocked by wr_clk)
Path Group: wr_clk
Path Type: min

Fanout         Cap        Slew       Delay        Time   Description
---------------------------------------------------------------------------------------------
                                  0.000000    0.000000   clock wr_clk (rise edge)
                                  0.000000    0.000000   clock source latency
     1    0.023866    0.084296    0.058566    0.058566 ^ wr_clk (in)
                                                         wr_clk (net)
                      0.084348    0.000000    0.058566 ^ clkbuf_0_wr_clk/A (sky130_fd_sc_hd__clkbuf_16)
    16    0.103559    0.091422    0.146129    0.204695 ^ clkbuf_0_wr_clk/X (sky130_fd_sc_hd__clkbuf_16)
                                                         clknet_0_wr_clk (net)
                      0.091488    0.001187    0.205883 ^ clkbuf_4_13_0_wr_clk/A (sky130_fd_sc_hd__clkbuf_8)
     8    0.041541    0.063558    0.124623    0.330506 ^ clkbuf_4_13_0_wr_clk/X (sky130_fd_sc_hd__clkbuf_8)
                                                         clknet_4_13_0_wr_clk (net)
                      0.063568    0.000788    0.331294 ^ _758_/CLK (sky130_fd_sc_hd__dfrtp_1)
     5    0.018062    0.124814    0.278254    0.609548 ^ _758_/Q (sky130_fd_sc_hd__dfrtp_1)
                                                         wr_bin[1] (net)
                      0.124814    0.000226    0.609774 ^ _306_/A (sky130_fd_sc_hd__inv_2)
     4    0.021039    0.053497    0.054238    0.664013 v _306_/Y (sky130_fd_sc_hd__inv_2)
                                                         _137_ (net)
                      0.053497    0.000163    0.664176 v _493_/A (sky130_fd_sc_hd__nand2_4)
     4    0.042233    0.098002    0.098268    0.762444 ^ _493_/Y (sky130_fd_sc_hd__nand2_4)
                                                         _286_ (net)
                      0.098012    0.000837    0.763280 ^ _494_/B (sky130_fd_sc_hd__nor2_4)
     8    0.059900    0.065094    0.067199    0.830479 v _494_/Y (sky130_fd_sc_hd__nor2_4)
                                                         _287_ (net)
                      0.065212    0.002239    0.832719 v _497_/S (sky130_fd_sc_hd__mux2_1)
     1    0.002742    0.028352    0.135689    0.968407 ^ _497_/X (sky130_fd_sc_hd__mux2_1)
                                                         _018_ (net)
                      0.028352    0.000032    0.968439 ^ _650_/D (sky130_fd_sc_hd__dfxtp_1)
                                              0.968439   data arrival time

                                  0.000000    0.000000   clock wr_clk (rise edge)
                                  0.000000    0.000000   clock source latency
     1    0.023866    0.084296    0.058566    0.058566 ^ wr_clk (in)
                                                         wr_clk (net)
                      0.084348    0.000000    0.058566 ^ clkbuf_0_wr_clk/A (sky130_fd_sc_hd__clkbuf_16)
    16    0.103559    0.091422    0.146129    0.204695 ^ clkbuf_0_wr_clk/X (sky130_fd_sc_hd__clkbuf_16)
                                                         clknet_0_wr_clk (net)
                      0.091564    0.002429    0.207124 ^ clkbuf_4_4_0_wr_clk/A (sky130_fd_sc_hd__clkbuf_8)
    13    0.041993    0.063991    0.124944    0.332068 ^ clkbuf_4_4_0_wr_clk/X (sky130_fd_sc_hd__clkbuf_8)
                                                         clknet_4_4_0_wr_clk (net)
                      0.063996    0.000667    0.332735 ^ _650_/CLK (sky130_fd_sc_hd__dfxtp_1)
                                  0.250000    0.582735   clock uncertainty
                                  0.000000    0.582735   clock reconvergence pessimism
                                 -0.016326    0.566409   library hold time
                                              0.566409   data required time
---------------------------------------------------------------------------------------------
                                              0.566409   data required time
                                             -0.968439   data arrival time
---------------------------------------------------------------------------------------------
                                              0.402030   slack (MET)


Startpoint: _653_ (rising edge-triggered flip-flop clocked by wr_clk)
Endpoint: _653_ (rising edge-triggered flip-flop clocked by wr_clk)
Path Group: wr_clk
Path Type: min

Fanout         Cap        Slew       Delay        Time   Description
---------------------------------------------------------------------------------------------
                                  0.000000    0.000000   clock wr_clk (rise edge)
                                  0.000000    0.000000   clock source latency
     1    0.023866    0.084296    0.058566    0.058566 ^ wr_clk (in)
                                                         wr_clk (net)
                      0.084348    0.000000    0.058566 ^ clkbuf_0_wr_clk/A (sky130_fd_sc_hd__clkbuf_16)
    16    0.103559    0.091422    0.146129    0.204695 ^ clkbuf_0_wr_clk/X (sky130_fd_sc_hd__clkbuf_16)
                                                         clknet_0_wr_clk (net)
                      0.091542    0.002149    0.206845 ^ clkbuf_4_2_0_wr_clk/A (sky130_fd_sc_hd__clkbuf_8)
    13    0.039895    0.061436    0.122891    0.329735 ^ clkbuf_4_2_0_wr_clk/X (sky130_fd_sc_hd__clkbuf_8)
                                                         clknet_4_2_0_wr_clk (net)
                      0.061436    0.000252    0.329987 ^ _653_/CLK (sky130_fd_sc_hd__dfxtp_1)
     2    0.004048    0.037271    0.199307    0.529294 ^ _653_/Q (sky130_fd_sc_hd__dfxtp_1)
                                                         mem[13][5] (net)
                      0.037271    0.000024    0.529319 ^ hold40/A (sky130_fd_sc_hd__dlygate4sd3_1)
     1    0.002064    0.033122    0.367423    0.896741 ^ hold40/X (sky130_fd_sc_hd__dlygate4sd3_1)
                                                         net116 (net)
                      0.033122    0.000010    0.896751 ^ _500_/A0 (sky130_fd_sc_hd__mux2_1)
     1    0.002304    0.025906    0.069319    0.966070 ^ _500_/X (sky130_fd_sc_hd__mux2_1)
                                                         _021_ (net)
                      0.025906    0.000022    0.966092 ^ _653_/D (sky130_fd_sc_hd__dfxtp_1)
                                              0.966092   data arrival time

                                  0.000000    0.000000   clock wr_clk (rise edge)
                                  0.000000    0.000000   clock source latency
     1    0.023866    0.084296    0.058566    0.058566 ^ wr_clk (in)
                                                         wr_clk (net)
                      0.084348    0.000000    0.058566 ^ clkbuf_0_wr_clk/A (sky130_fd_sc_hd__clkbuf_16)
    16    0.103559    0.091422    0.146129    0.204695 ^ clkbuf_0_wr_clk/X (sky130_fd_sc_hd__clkbuf_16)
                                                         clknet_0_wr_clk (net)
                      0.091542    0.002149    0.206845 ^ clkbuf_4_2_0_wr_clk/A (sky130_fd_sc_hd__clkbuf_8)
    13    0.039895    0.061436    0.122891    0.329735 ^ clkbuf_4_2_0_wr_clk/X (sky130_fd_sc_hd__clkbuf_8)
                                                         clknet_4_2_0_wr_clk (net)
                      0.061436    0.000252    0.329987 ^ _653_/CLK (sky130_fd_sc_hd__dfxtp_1)
                                  0.250000    0.579987   clock uncertainty
                                  0.000000    0.579987   clock reconvergence pessimism
                                 -0.016215    0.563773   library hold time
                                              0.563773   data required time
---------------------------------------------------------------------------------------------
                                              0.563773   data required time
                                             -0.966092   data arrival time
---------------------------------------------------------------------------------------------
                                              0.402320   slack (MET)


Startpoint: _651_ (rising edge-triggered flip-flop clocked by wr_clk)
Endpoint: _651_ (rising edge-triggered flip-flop clocked by wr_clk)
Path Group: wr_clk
Path Type: min

Fanout         Cap        Slew       Delay        Time   Description
---------------------------------------------------------------------------------------------
                                  0.000000    0.000000   clock wr_clk (rise edge)
                                  0.000000    0.000000   clock source latency
     1    0.023866    0.084296    0.058566    0.058566 ^ wr_clk (in)
                                                         wr_clk (net)
                      0.084348    0.000000    0.058566 ^ clkbuf_0_wr_clk/A (sky130_fd_sc_hd__clkbuf_16)
    16    0.103559    0.091422    0.146129    0.204695 ^ clkbuf_0_wr_clk/X (sky130_fd_sc_hd__clkbuf_16)
                                                         clknet_0_wr_clk (net)
                      0.091540    0.002120    0.206815 ^ clkbuf_4_3_0_wr_clk/A (sky130_fd_sc_hd__clkbuf_8)
     9    0.034848    0.055467    0.118753    0.325568 ^ clkbuf_4_3_0_wr_clk/X (sky130_fd_sc_hd__clkbuf_8)
                                                         clknet_4_3_0_wr_clk (net)
                      0.055467    0.000263    0.325831 ^ _651_/CLK (sky130_fd_sc_hd__dfxtp_1)
     2    0.004406    0.039638    0.199475    0.525306 ^ _651_/Q (sky130_fd_sc_hd__dfxtp_1)
                                                         mem[13][3] (net)
                      0.039638    0.000034    0.525340 ^ hold9/A (sky130_fd_sc_hd__dlygate4sd3_1)
     1    0.002015    0.032862    0.367618    0.892958 ^ hold9/X (sky130_fd_sc_hd__dlygate4sd3_1)
                                                         net85 (net)
                      0.032862    0.000010    0.892967 ^ _498_/A0 (sky130_fd_sc_hd__mux2_1)
     1    0.002236    0.025536    0.068893    0.961860 ^ _498_/X (sky130_fd_sc_hd__mux2_1)
                                                         _019_ (net)
                      0.025536    0.000021    0.961881 ^ _651_/D (sky130_fd_sc_hd__dfxtp_1)
                                              0.961881   data arrival time

                                  0.000000    0.000000   clock wr_clk (rise edge)
                                  0.000000    0.000000   clock source latency
     1    0.023866    0.084296    0.058566    0.058566 ^ wr_clk (in)
                                                         wr_clk (net)
                      0.084348    0.000000    0.058566 ^ clkbuf_0_wr_clk/A (sky130_fd_sc_hd__clkbuf_16)
    16    0.103559    0.091422    0.146129    0.204695 ^ clkbuf_0_wr_clk/X (sky130_fd_sc_hd__clkbuf_16)
                                                         clknet_0_wr_clk (net)
                      0.091540    0.002120    0.206815 ^ clkbuf_4_3_0_wr_clk/A (sky130_fd_sc_hd__clkbuf_8)
     9    0.034848    0.055467    0.118753    0.325568 ^ clkbuf_4_3_0_wr_clk/X (sky130_fd_sc_hd__clkbuf_8)
                                                         clknet_4_3_0_wr_clk (net)
                      0.055467    0.000263    0.325831 ^ _651_/CLK (sky130_fd_sc_hd__dfxtp_1)
                                  0.250000    0.575831   clock uncertainty
                                  0.000000    0.575831   clock reconvergence pessimism
                                 -0.016331    0.559500   library hold time
                                              0.559500   data required time
---------------------------------------------------------------------------------------------
                                              0.559500   data required time
                                             -0.961881   data arrival time
---------------------------------------------------------------------------------------------
                                              0.402381   slack (MET)


Startpoint: _758_ (rising edge-triggered flip-flop clocked by wr_clk)
Endpoint: _652_ (rising edge-triggered flip-flop clocked by wr_clk)
Path Group: wr_clk
Path Type: min

Fanout         Cap        Slew       Delay        Time   Description
---------------------------------------------------------------------------------------------
                                  0.000000    0.000000   clock wr_clk (rise edge)
                                  0.000000    0.000000   clock source latency
     1    0.023866    0.084296    0.058566    0.058566 ^ wr_clk (in)
                                                         wr_clk (net)
                      0.084348    0.000000    0.058566 ^ clkbuf_0_wr_clk/A (sky130_fd_sc_hd__clkbuf_16)
    16    0.103559    0.091422    0.146129    0.204695 ^ clkbuf_0_wr_clk/X (sky130_fd_sc_hd__clkbuf_16)
                                                         clknet_0_wr_clk (net)
                      0.091488    0.001187    0.205883 ^ clkbuf_4_13_0_wr_clk/A (sky130_fd_sc_hd__clkbuf_8)
     8    0.041541    0.063558    0.124623    0.330506 ^ clkbuf_4_13_0_wr_clk/X (sky130_fd_sc_hd__clkbuf_8)
                                                         clknet_4_13_0_wr_clk (net)
                      0.063568    0.000788    0.331294 ^ _758_/CLK (sky130_fd_sc_hd__dfrtp_1)
     5    0.018062    0.124814    0.278254    0.609548 ^ _758_/Q (sky130_fd_sc_hd__dfrtp_1)
                                                         wr_bin[1] (net)
                      0.124814    0.000226    0.609774 ^ _306_/A (sky130_fd_sc_hd__inv_2)
     4    0.021039    0.053497    0.054238    0.664013 v _306_/Y (sky130_fd_sc_hd__inv_2)
                                                         _137_ (net)
                      0.053497    0.000163    0.664176 v _493_/A (sky130_fd_sc_hd__nand2_4)
     4    0.042233    0.098002    0.098268    0.762444 ^ _493_/Y (sky130_fd_sc_hd__nand2_4)
                                                         _286_ (net)
                      0.098012    0.000837    0.763280 ^ _494_/B (sky130_fd_sc_hd__nor2_4)
     8    0.059900    0.065094    0.067199    0.830479 v _494_/Y (sky130_fd_sc_hd__nor2_4)
                                                         _287_ (net)
                      0.065139    0.001396    0.831875 v _499_/S (sky130_fd_sc_hd__mux2_1)
     1    0.002132    0.024963    0.132459    0.964333 ^ _499_/X (sky130_fd_sc_hd__mux2_1)
                                                         _020_ (net)
                      0.024963    0.000019    0.964352 ^ _652_/D (sky130_fd_sc_hd__dfxtp_1)
                                              0.964352   data arrival time

                                  0.000000    0.000000   clock wr_clk (rise edge)
                                  0.000000    0.000000   clock source latency
     1    0.023866    0.084296    0.058566    0.058566 ^ wr_clk (in)
                                                         wr_clk (net)
                      0.084348    0.000000    0.058566 ^ clkbuf_0_wr_clk/A (sky130_fd_sc_hd__clkbuf_16)
    16    0.103559    0.091422    0.146129    0.204695 ^ clkbuf_0_wr_clk/X (sky130_fd_sc_hd__clkbuf_16)
                                                         clknet_0_wr_clk (net)
                      0.091477    0.000841    0.205536 ^ clkbuf_4_11_0_wr_clk/A (sky130_fd_sc_hd__clkbuf_8)
     8    0.037940    0.059193    0.121489    0.327025 ^ clkbuf_4_11_0_wr_clk/X (sky130_fd_sc_hd__clkbuf_8)
                                                         clknet_4_11_0_wr_clk (net)
                      0.059193    0.000276    0.327301 ^ _652_/CLK (sky130_fd_sc_hd__dfxtp_1)
                                  0.250000    0.577301   clock uncertainty
                                  0.000000    0.577301   clock reconvergence pessimism
                                 -0.016202    0.561099   library hold time
                                              0.561099   data required time
---------------------------------------------------------------------------------------------
                                              0.561099   data required time
                                             -0.964352   data arrival time
---------------------------------------------------------------------------------------------
                                              0.403253   slack (MET)


Startpoint: _758_ (rising edge-triggered flip-flop clocked by wr_clk)
Endpoint: _743_ (rising edge-triggered flip-flop clocked by wr_clk)
Path Group: wr_clk
Path Type: min

Fanout         Cap        Slew       Delay        Time   Description
---------------------------------------------------------------------------------------------
                                  0.000000    0.000000   clock wr_clk (rise edge)
                                  0.000000    0.000000   clock source latency
     1    0.023866    0.084296    0.058566    0.058566 ^ wr_clk (in)
                                                         wr_clk (net)
                      0.084348    0.000000    0.058566 ^ clkbuf_0_wr_clk/A (sky130_fd_sc_hd__clkbuf_16)
    16    0.103559    0.091422    0.146129    0.204695 ^ clkbuf_0_wr_clk/X (sky130_fd_sc_hd__clkbuf_16)
                                                         clknet_0_wr_clk (net)
                      0.091488    0.001187    0.205883 ^ clkbuf_4_13_0_wr_clk/A (sky130_fd_sc_hd__clkbuf_8)
     8    0.041541    0.063558    0.124623    0.330506 ^ clkbuf_4_13_0_wr_clk/X (sky130_fd_sc_hd__clkbuf_8)
                                                         clknet_4_13_0_wr_clk (net)
                      0.063568    0.000788    0.331294 ^ _758_/CLK (sky130_fd_sc_hd__dfrtp_1)
     5    0.018062    0.124814    0.278254    0.609548 ^ _758_/Q (sky130_fd_sc_hd__dfrtp_1)
                                                         wr_bin[1] (net)
                      0.124814    0.000226    0.609774 ^ _306_/A (sky130_fd_sc_hd__inv_2)
     4    0.021039    0.053497    0.054238    0.664013 v _306_/Y (sky130_fd_sc_hd__inv_2)
                                                         _137_ (net)
                      0.053497    0.000163    0.664176 v _493_/A (sky130_fd_sc_hd__nand2_4)
     4    0.042233    0.098002    0.098268    0.762444 ^ _493_/Y (sky130_fd_sc_hd__nand2_4)
                                                         _286_ (net)
                      0.098017    0.001014    0.763458 ^ _597_/A (sky130_fd_sc_hd__nor2_4)
     8    0.058649    0.067450    0.070994    0.834452 v _597_/Y (sky130_fd_sc_hd__nor2_4)
                                                         _302_ (net)
                      0.067492    0.001342    0.835793 v _604_/S (sky130_fd_sc_hd__mux2_1)
     1    0.002050    0.024519    0.132978    0.968771 ^ _604_/X (sky130_fd_sc_hd__mux2_1)
                                                         _110_ (net)
                      0.024519    0.000018    0.968789 ^ _743_/D (sky130_fd_sc_hd__dfxtp_1)
                                              0.968789   data arrival time

                                  0.000000    0.000000   clock wr_clk (rise edge)
                                  0.000000    0.000000   clock source latency
     1    0.023866    0.084296    0.058566    0.058566 ^ wr_clk (in)
                                                         wr_clk (net)
                      0.084348    0.000000    0.058566 ^ clkbuf_0_wr_clk/A (sky130_fd_sc_hd__clkbuf_16)
    16    0.103559    0.091422    0.146129    0.204695 ^ clkbuf_0_wr_clk/X (sky130_fd_sc_hd__clkbuf_16)
                                                         clknet_0_wr_clk (net)
                      0.091562    0.002410    0.207105 ^ clkbuf_4_5_0_wr_clk/A (sky130_fd_sc_hd__clkbuf_8)
    14    0.040239    0.061867    0.123319    0.330424 ^ clkbuf_4_5_0_wr_clk/X (sky130_fd_sc_hd__clkbuf_8)
                                                         clknet_4_5_0_wr_clk (net)
                      0.061876    0.000768    0.331192 ^ _743_/CLK (sky130_fd_sc_hd__dfxtp_1)
                                  0.250000    0.581192   clock uncertainty
                                  0.000000    0.581192   clock reconvergence pessimism
                                 -0.016107    0.565085   library hold time
                                              0.565085   data required time
---------------------------------------------------------------------------------------------
                                              0.565085   data required time
                                             -0.968789   data arrival time
---------------------------------------------------------------------------------------------
                                              0.403704   slack (MET)


Startpoint: _758_ (rising edge-triggered flip-flop clocked by wr_clk)
Endpoint: _742_ (rising edge-triggered flip-flop clocked by wr_clk)
Path Group: wr_clk
Path Type: min

Fanout         Cap        Slew       Delay        Time   Description
---------------------------------------------------------------------------------------------
                                  0.000000    0.000000   clock wr_clk (rise edge)
                                  0.000000    0.000000   clock source latency
     1    0.023866    0.084296    0.058566    0.058566 ^ wr_clk (in)
                                                         wr_clk (net)
                      0.084348    0.000000    0.058566 ^ clkbuf_0_wr_clk/A (sky130_fd_sc_hd__clkbuf_16)
    16    0.103559    0.091422    0.146129    0.204695 ^ clkbuf_0_wr_clk/X (sky130_fd_sc_hd__clkbuf_16)
                                                         clknet_0_wr_clk (net)
                      0.091488    0.001187    0.205883 ^ clkbuf_4_13_0_wr_clk/A (sky130_fd_sc_hd__clkbuf_8)
     8    0.041541    0.063558    0.124623    0.330506 ^ clkbuf_4_13_0_wr_clk/X (sky130_fd_sc_hd__clkbuf_8)
                                                         clknet_4_13_0_wr_clk (net)
                      0.063568    0.000788    0.331294 ^ _758_/CLK (sky130_fd_sc_hd__dfrtp_1)
     5    0.018062    0.124814    0.278254    0.609548 ^ _758_/Q (sky130_fd_sc_hd__dfrtp_1)
                                                         wr_bin[1] (net)
                      0.124814    0.000226    0.609774 ^ _306_/A (sky130_fd_sc_hd__inv_2)
     4    0.021039    0.053497    0.054238    0.664013 v _306_/Y (sky130_fd_sc_hd__inv_2)
                                                         _137_ (net)
                      0.053497    0.000163    0.664176 v _493_/A (sky130_fd_sc_hd__nand2_4)
     4    0.042233    0.098002    0.098268    0.762444 ^ _493_/Y (sky130_fd_sc_hd__nand2_4)
                                                         _286_ (net)
                      0.098017    0.001014    0.763458 ^ _597_/A (sky130_fd_sc_hd__nor2_4)
     8    0.058649    0.067450    0.070994    0.834452 v _597_/Y (sky130_fd_sc_hd__nor2_4)
                                                         _302_ (net)
                      0.067537    0.001910    0.836362 v _603_/S (sky130_fd_sc_hd__mux2_1)
     1    0.002095    0.024765    0.133233    0.969595 ^ _603_/X (sky130_fd_sc_hd__mux2_1)
                                                         _109_ (net)
                      0.024765    0.000019    0.969613 ^ _742_/D (sky130_fd_sc_hd__dfxtp_1)
                                              0.969613   data arrival time

                                  0.000000    0.000000   clock wr_clk (rise edge)
                                  0.000000    0.000000   clock source latency
     1    0.023866    0.084296    0.058566    0.058566 ^ wr_clk (in)
                                                         wr_clk (net)
                      0.084348    0.000000    0.058566 ^ clkbuf_0_wr_clk/A (sky130_fd_sc_hd__clkbuf_16)
    16    0.103559    0.091422    0.146129    0.204695 ^ clkbuf_0_wr_clk/X (sky130_fd_sc_hd__clkbuf_16)
                                                         clknet_0_wr_clk (net)
                      0.091558    0.002356    0.207051 ^ clkbuf_4_0_0_wr_clk/A (sky130_fd_sc_hd__clkbuf_8)
    14    0.040703    0.062407    0.123583    0.330634 ^ clkbuf_4_0_0_wr_clk/X (sky130_fd_sc_hd__clkbuf_8)
                                                         clknet_4_0_0_wr_clk (net)
                      0.062427    0.001088    0.331722 ^ _742_/CLK (sky130_fd_sc_hd__dfxtp_1)
                                  0.250000    0.581722   clock uncertainty
                                  0.000000    0.581722   clock reconvergence pessimism
                                 -0.016111    0.565611   library hold time
                                              0.565611   data required time
---------------------------------------------------------------------------------------------
                                              0.565611   data required time
                                             -0.969613   data arrival time
---------------------------------------------------------------------------------------------
                                              0.404002   slack (MET)


Startpoint: _701_ (rising edge-triggered flip-flop clocked by wr_clk)
Endpoint: _701_ (rising edge-triggered flip-flop clocked by wr_clk)
Path Group: wr_clk
Path Type: min

Fanout         Cap        Slew       Delay        Time   Description
---------------------------------------------------------------------------------------------
                                  0.000000    0.000000   clock wr_clk (rise edge)
                                  0.000000    0.000000   clock source latency
     1    0.023866    0.084296    0.058566    0.058566 ^ wr_clk (in)
                                                         wr_clk (net)
                      0.084348    0.000000    0.058566 ^ clkbuf_0_wr_clk/A (sky130_fd_sc_hd__clkbuf_16)
    16    0.103559    0.091422    0.146129    0.204695 ^ clkbuf_0_wr_clk/X (sky130_fd_sc_hd__clkbuf_16)
                                                         clknet_0_wr_clk (net)
                      0.091558    0.002356    0.207051 ^ clkbuf_4_0_0_wr_clk/A (sky130_fd_sc_hd__clkbuf_8)
    14    0.040703    0.062407    0.123583    0.330634 ^ clkbuf_4_0_0_wr_clk/X (sky130_fd_sc_hd__clkbuf_8)
                                                         clknet_4_0_0_wr_clk (net)
                      0.062444    0.001402    0.332036 ^ _701_/CLK (sky130_fd_sc_hd__dfxtp_1)
     2    0.004466    0.040023    0.201584    0.533620 ^ _701_/Q (sky130_fd_sc_hd__dfxtp_1)
                                                         mem[8][5] (net)
                      0.040023    0.000017    0.533637 ^ hold70/A (sky130_fd_sc_hd__dlygate4sd3_1)
     1    0.002296    0.034389    0.369502    0.903139 ^ hold70/X (sky130_fd_sc_hd__dlygate4sd3_1)
                                                         net146 (net)
                      0.034389    0.000021    0.903160 ^ _557_/A0 (sky130_fd_sc_hd__mux2_1)
     1    0.002079    0.024676    0.068500    0.971660 ^ _557_/X (sky130_fd_sc_hd__mux2_1)
                                                         _069_ (net)
                      0.024676    0.000018    0.971678 ^ _701_/D (sky130_fd_sc_hd__dfxtp_1)
                                              0.971678   data arrival time

                                  0.000000    0.000000   clock wr_clk (rise edge)
                                  0.000000    0.000000   clock source latency
     1    0.023866    0.084296    0.058566    0.058566 ^ wr_clk (in)
                                                         wr_clk (net)
                      0.084348    0.000000    0.058566 ^ clkbuf_0_wr_clk/A (sky130_fd_sc_hd__clkbuf_16)
    16    0.103559    0.091422    0.146129    0.204695 ^ clkbuf_0_wr_clk/X (sky130_fd_sc_hd__clkbuf_16)
                                                         clknet_0_wr_clk (net)
                      0.091558    0.002356    0.207051 ^ clkbuf_4_0_0_wr_clk/A (sky130_fd_sc_hd__clkbuf_8)
    14    0.040703    0.062407    0.123583    0.330634 ^ clkbuf_4_0_0_wr_clk/X (sky130_fd_sc_hd__clkbuf_8)
                                                         clknet_4_0_0_wr_clk (net)
                      0.062444    0.001402    0.332036 ^ _701_/CLK (sky130_fd_sc_hd__dfxtp_1)
                                  0.250000    0.582036   clock uncertainty
                                  0.000000    0.582036   clock reconvergence pessimism
                                 -0.016104    0.565932   library hold time
                                              0.565932   data required time
---------------------------------------------------------------------------------------------
                                              0.565932   data required time
                                             -0.971678   data arrival time
---------------------------------------------------------------------------------------------
                                              0.405746   slack (MET)


Startpoint: _717_ (rising edge-triggered flip-flop clocked by wr_clk)
Endpoint: _717_ (rising edge-triggered flip-flop clocked by wr_clk)
Path Group: wr_clk
Path Type: min

Fanout         Cap        Slew       Delay        Time   Description
---------------------------------------------------------------------------------------------
                                  0.000000    0.000000   clock wr_clk (rise edge)
                                  0.000000    0.000000   clock source latency
     1    0.023866    0.084296    0.058566    0.058566 ^ wr_clk (in)
                                                         wr_clk (net)
                      0.084348    0.000000    0.058566 ^ clkbuf_0_wr_clk/A (sky130_fd_sc_hd__clkbuf_16)
    16    0.103559    0.091422    0.146129    0.204695 ^ clkbuf_0_wr_clk/X (sky130_fd_sc_hd__clkbuf_16)
                                                         clknet_0_wr_clk (net)
                      0.091558    0.002356    0.207051 ^ clkbuf_4_0_0_wr_clk/A (sky130_fd_sc_hd__clkbuf_8)
    14    0.040703    0.062407    0.123583    0.330634 ^ clkbuf_4_0_0_wr_clk/X (sky130_fd_sc_hd__clkbuf_8)
                                                         clknet_4_0_0_wr_clk (net)
                      0.062424    0.001029    0.331664 ^ _717_/CLK (sky130_fd_sc_hd__dfxtp_1)
     2    0.004708    0.041607    0.202737    0.534401 ^ _717_/Q (sky130_fd_sc_hd__dfxtp_1)
                                                         mem[6][5] (net)
                      0.041607    0.000040    0.534440 ^ hold47/A (sky130_fd_sc_hd__dlygate4sd3_1)
     1    0.001963    0.032569    0.367709    0.902149 ^ hold47/X (sky130_fd_sc_hd__dlygate4sd3_1)
                                                         net123 (net)
                      0.032569    0.000016    0.902165 ^ _576_/A0 (sky130_fd_sc_hd__mux2_1)
     1    0.002325    0.026022    0.069274    0.971440 ^ _576_/X (sky130_fd_sc_hd__mux2_1)
                                                         _085_ (net)
                      0.026022    0.000023    0.971463 ^ _717_/D (sky130_fd_sc_hd__dfxtp_1)
                                              0.971463   data arrival time

                                  0.000000    0.000000   clock wr_clk (rise edge)
                                  0.000000    0.000000   clock source latency
     1    0.023866    0.084296    0.058566    0.058566 ^ wr_clk (in)
                                                         wr_clk (net)
                      0.084348    0.000000    0.058566 ^ clkbuf_0_wr_clk/A (sky130_fd_sc_hd__clkbuf_16)
    16    0.103559    0.091422    0.146129    0.204695 ^ clkbuf_0_wr_clk/X (sky130_fd_sc_hd__clkbuf_16)
                                                         clknet_0_wr_clk (net)
                      0.091558    0.002356    0.207051 ^ clkbuf_4_0_0_wr_clk/A (sky130_fd_sc_hd__clkbuf_8)
    14    0.040703    0.062407    0.123583    0.330634 ^ clkbuf_4_0_0_wr_clk/X (sky130_fd_sc_hd__clkbuf_8)
                                                         clknet_4_0_0_wr_clk (net)
                      0.062424    0.001029    0.331664 ^ _717_/CLK (sky130_fd_sc_hd__dfxtp_1)
                                  0.250000    0.581663   clock uncertainty
                                  0.000000    0.581663   clock reconvergence pessimism
                                 -0.016199    0.565464   library hold time
                                              0.565464   data required time
---------------------------------------------------------------------------------------------
                                              0.565464   data required time
                                             -0.971463   data arrival time
---------------------------------------------------------------------------------------------
                                              0.405999   slack (MET)


Startpoint: _758_ (rising edge-triggered flip-flop clocked by wr_clk)
Endpoint: _737_ (rising edge-triggered flip-flop clocked by wr_clk)
Path Group: wr_clk
Path Type: min

Fanout         Cap        Slew       Delay        Time   Description
---------------------------------------------------------------------------------------------
                                  0.000000    0.000000   clock wr_clk (rise edge)
                                  0.000000    0.000000   clock source latency
     1    0.023866    0.084296    0.058566    0.058566 ^ wr_clk (in)
                                                         wr_clk (net)
                      0.084348    0.000000    0.058566 ^ clkbuf_0_wr_clk/A (sky130_fd_sc_hd__clkbuf_16)
    16    0.103559    0.091422    0.146129    0.204695 ^ clkbuf_0_wr_clk/X (sky130_fd_sc_hd__clkbuf_16)
                                                         clknet_0_wr_clk (net)
                      0.091488    0.001187    0.205883 ^ clkbuf_4_13_0_wr_clk/A (sky130_fd_sc_hd__clkbuf_8)
     8    0.041541    0.063558    0.124623    0.330506 ^ clkbuf_4_13_0_wr_clk/X (sky130_fd_sc_hd__clkbuf_8)
                                                         clknet_4_13_0_wr_clk (net)
                      0.063568    0.000788    0.331294 ^ _758_/CLK (sky130_fd_sc_hd__dfrtp_1)
     5    0.018062    0.124814    0.278254    0.609548 ^ _758_/Q (sky130_fd_sc_hd__dfrtp_1)
                                                         wr_bin[1] (net)
                      0.124814    0.000226    0.609774 ^ _306_/A (sky130_fd_sc_hd__inv_2)
     4    0.021039    0.053497    0.054238    0.664013 v _306_/Y (sky130_fd_sc_hd__inv_2)
                                                         _137_ (net)
                      0.053497    0.000163    0.664176 v _493_/A (sky130_fd_sc_hd__nand2_4)
     4    0.042233    0.098002    0.098268    0.762444 ^ _493_/Y (sky130_fd_sc_hd__nand2_4)
                                                         _286_ (net)
                      0.098017    0.001014    0.763458 ^ _597_/A (sky130_fd_sc_hd__nor2_4)
     8    0.058649    0.067450    0.070994    0.834452 v _597_/Y (sky130_fd_sc_hd__nor2_4)
                                                         _302_ (net)
                      0.067459    0.000630    0.835082 v _598_/S (sky130_fd_sc_hd__mux2_1)
     1    0.002448    0.026702    0.135054    0.970136 ^ _598_/X (sky130_fd_sc_hd__mux2_1)
                                                         _104_ (net)
                      0.026702    0.000025    0.970161 ^ _737_/D (sky130_fd_sc_hd__dfxtp_1)
                                              0.970161   data arrival time

                                  0.000000    0.000000   clock wr_clk (rise edge)
                                  0.000000    0.000000   clock source latency
     1    0.023866    0.084296    0.058566    0.058566 ^ wr_clk (in)
                                                         wr_clk (net)
                      0.084348    0.000000    0.058566 ^ clkbuf_0_wr_clk/A (sky130_fd_sc_hd__clkbuf_16)
    16    0.103559    0.091422    0.146129    0.204695 ^ clkbuf_0_wr_clk/X (sky130_fd_sc_hd__clkbuf_16)
                                                         clknet_0_wr_clk (net)
                      0.091552    0.002278    0.206973 ^ clkbuf_4_7_0_wr_clk/A (sky130_fd_sc_hd__clkbuf_8)
    11    0.039392    0.060858    0.122715    0.329688 ^ clkbuf_4_7_0_wr_clk/X (sky130_fd_sc_hd__clkbuf_8)
                                                         clknet_4_7_0_wr_clk (net)
                      0.060860    0.000428    0.330116 ^ _737_/CLK (sky130_fd_sc_hd__dfxtp_1)
                                  0.250000    0.580116   clock uncertainty
                                  0.000000    0.580116   clock reconvergence pessimism
                                 -0.016285    0.563831   library hold time
                                              0.563831   data required time
---------------------------------------------------------------------------------------------
                                              0.563831   data required time
                                             -0.970161   data arrival time
---------------------------------------------------------------------------------------------
                                              0.406330   slack (MET)


Startpoint: _740_ (rising edge-triggered flip-flop clocked by wr_clk)
Endpoint: _740_ (rising edge-triggered flip-flop clocked by wr_clk)
Path Group: wr_clk
Path Type: min

Fanout         Cap        Slew       Delay        Time   Description
---------------------------------------------------------------------------------------------
                                  0.000000    0.000000   clock wr_clk (rise edge)
                                  0.000000    0.000000   clock source latency
     1    0.023866    0.084296    0.058566    0.058566 ^ wr_clk (in)
                                                         wr_clk (net)
                      0.084348    0.000000    0.058566 ^ clkbuf_0_wr_clk/A (sky130_fd_sc_hd__clkbuf_16)
    16    0.103559    0.091422    0.146129    0.204695 ^ clkbuf_0_wr_clk/X (sky130_fd_sc_hd__clkbuf_16)
                                                         clknet_0_wr_clk (net)
                      0.091540    0.002120    0.206815 ^ clkbuf_4_3_0_wr_clk/A (sky130_fd_sc_hd__clkbuf_8)
     9    0.034848    0.055467    0.118753    0.325568 ^ clkbuf_4_3_0_wr_clk/X (sky130_fd_sc_hd__clkbuf_8)
                                                         clknet_4_3_0_wr_clk (net)
                      0.055467    0.000152    0.325719 ^ _740_/CLK (sky130_fd_sc_hd__dfxtp_1)
     2    0.004319    0.039037    0.199060    0.524779 ^ _740_/Q (sky130_fd_sc_hd__dfxtp_1)
                                                         mem[5][3] (net)
                      0.039037    0.000018    0.524797 ^ hold56/A (sky130_fd_sc_hd__dlygate4sd3_1)
     1    0.002052    0.033057    0.367724    0.892521 ^ hold56/X (sky130_fd_sc_hd__dlygate4sd3_1)
                                                         net132 (net)
                      0.033057    0.000017    0.892539 ^ _601_/A0 (sky130_fd_sc_hd__mux2_1)
     1    0.003094    0.030379    0.073428    0.965966 ^ _601_/X (sky130_fd_sc_hd__mux2_1)
                                                         _107_ (net)
                      0.030379    0.000040    0.966007 ^ _740_/D (sky130_fd_sc_hd__dfxtp_1)
                                              0.966007   data arrival time

                                  0.000000    0.000000   clock wr_clk (rise edge)
                                  0.000000    0.000000   clock source latency
     1    0.023866    0.084296    0.058566    0.058566 ^ wr_clk (in)
                                                         wr_clk (net)
                      0.084348    0.000000    0.058566 ^ clkbuf_0_wr_clk/A (sky130_fd_sc_hd__clkbuf_16)
    16    0.103559    0.091422    0.146129    0.204695 ^ clkbuf_0_wr_clk/X (sky130_fd_sc_hd__clkbuf_16)
                                                         clknet_0_wr_clk (net)
                      0.091540    0.002120    0.206815 ^ clkbuf_4_3_0_wr_clk/A (sky130_fd_sc_hd__clkbuf_8)
     9    0.034848    0.055467    0.118753    0.325568 ^ clkbuf_4_3_0_wr_clk/X (sky130_fd_sc_hd__clkbuf_8)
                                                         clknet_4_3_0_wr_clk (net)
                      0.055467    0.000152    0.325719 ^ _740_/CLK (sky130_fd_sc_hd__dfxtp_1)
                                  0.250000    0.575719   clock uncertainty
                                  0.000000    0.575719   clock reconvergence pessimism
                                 -0.016672    0.559047   library hold time
                                              0.559047   data required time
---------------------------------------------------------------------------------------------
                                              0.559047   data required time
                                             -0.966007   data arrival time
---------------------------------------------------------------------------------------------
                                              0.406959   slack (MET)


Startpoint: _699_ (rising edge-triggered flip-flop clocked by wr_clk)
Endpoint: _699_ (rising edge-triggered flip-flop clocked by wr_clk)
Path Group: wr_clk
Path Type: min

Fanout         Cap        Slew       Delay        Time   Description
---------------------------------------------------------------------------------------------
                                  0.000000    0.000000   clock wr_clk (rise edge)
                                  0.000000    0.000000   clock source latency
     1    0.023866    0.084296    0.058566    0.058566 ^ wr_clk (in)
                                                         wr_clk (net)
                      0.084348    0.000000    0.058566 ^ clkbuf_0_wr_clk/A (sky130_fd_sc_hd__clkbuf_16)
    16    0.103559    0.091422    0.146129    0.204695 ^ clkbuf_0_wr_clk/X (sky130_fd_sc_hd__clkbuf_16)
                                                         clknet_0_wr_clk (net)
                      0.091542    0.002149    0.206845 ^ clkbuf_4_2_0_wr_clk/A (sky130_fd_sc_hd__clkbuf_8)
    13    0.039895    0.061436    0.122891    0.329735 ^ clkbuf_4_2_0_wr_clk/X (sky130_fd_sc_hd__clkbuf_8)
                                                         clknet_4_2_0_wr_clk (net)
                      0.061466    0.001251    0.330987 ^ _699_/CLK (sky130_fd_sc_hd__dfxtp_1)
     2    0.004617    0.041014    0.202057    0.533044 ^ _699_/Q (sky130_fd_sc_hd__dfxtp_1)
                                                         mem[8][3] (net)
                      0.041014    0.000020    0.533064 ^ hold15/A (sky130_fd_sc_hd__dlygate4sd3_1)
     1    0.002266    0.034223    0.369522    0.902586 ^ hold15/X (sky130_fd_sc_hd__dlygate4sd3_1)
                                                         net91 (net)
                      0.034223    0.000021    0.902607 ^ _555_/A0 (sky130_fd_sc_hd__mux2_1)
     1    0.002225    0.025473    0.069214    0.971821 ^ _555_/X (sky130_fd_sc_hd__mux2_1)
                                                         _067_ (net)
                      0.025473    0.000021    0.971842 ^ _699_/D (sky130_fd_sc_hd__dfxtp_1)
                                              0.971842   data arrival time

                                  0.000000    0.000000   clock wr_clk (rise edge)
                                  0.000000    0.000000   clock source latency
     1    0.023866    0.084296    0.058566    0.058566 ^ wr_clk (in)
                                                         wr_clk (net)
                      0.084348    0.000000    0.058566 ^ clkbuf_0_wr_clk/A (sky130_fd_sc_hd__clkbuf_16)
    16    0.103559    0.091422    0.146129    0.204695 ^ clkbuf_0_wr_clk/X (sky130_fd_sc_hd__clkbuf_16)
                                                         clknet_0_wr_clk (net)
                      0.091542    0.002149    0.206845 ^ clkbuf_4_2_0_wr_clk/A (sky130_fd_sc_hd__clkbuf_8)
    13    0.039895    0.061436    0.122891    0.329735 ^ clkbuf_4_2_0_wr_clk/X (sky130_fd_sc_hd__clkbuf_8)
                                                         clknet_4_2_0_wr_clk (net)
                      0.061466    0.001251    0.330987 ^ _699_/CLK (sky130_fd_sc_hd__dfxtp_1)
                                  0.250000    0.580987   clock uncertainty
                                  0.000000    0.580987   clock reconvergence pessimism
                                 -0.016184    0.564803   library hold time
                                              0.564803   data required time
---------------------------------------------------------------------------------------------
                                              0.564803   data required time
                                             -0.971842   data arrival time
---------------------------------------------------------------------------------------------
                                              0.407039   slack (MET)


Startpoint: _769_ (rising edge-triggered flip-flop clocked by wr_clk)
Endpoint: _769_ (rising edge-triggered flip-flop clocked by wr_clk)
Path Group: wr_clk
Path Type: min

Fanout         Cap        Slew       Delay        Time   Description
---------------------------------------------------------------------------------------------
                                  0.000000    0.000000   clock wr_clk (rise edge)
                                  0.000000    0.000000   clock source latency
     1    0.023866    0.084296    0.058566    0.058566 ^ wr_clk (in)
                                                         wr_clk (net)
                      0.084348    0.000000    0.058566 ^ clkbuf_0_wr_clk/A (sky130_fd_sc_hd__clkbuf_16)
    16    0.103559    0.091422    0.146129    0.204695 ^ clkbuf_0_wr_clk/X (sky130_fd_sc_hd__clkbuf_16)
                                                         clknet_0_wr_clk (net)
                      0.091561    0.002391    0.207086 ^ clkbuf_4_1_0_wr_clk/A (sky130_fd_sc_hd__clkbuf_8)
    14    0.040328    0.062088    0.123577    0.330663 ^ clkbuf_4_1_0_wr_clk/X (sky130_fd_sc_hd__clkbuf_8)
                                                         clknet_4_1_0_wr_clk (net)
                      0.062090    0.000500    0.331163 ^ _769_/CLK (sky130_fd_sc_hd__dfxtp_1)
     2    0.005038    0.043779    0.204239    0.535403 ^ _769_/Q (sky130_fd_sc_hd__dfxtp_1)
                                                         mem[4][7] (net)
                      0.043779    0.000038    0.535441 ^ hold38/A (sky130_fd_sc_hd__dlygate4sd3_1)
     1    0.002020    0.032893    0.368544    0.903985 ^ hold38/X (sky130_fd_sc_hd__dlygate4sd3_1)
                                                         net114 (net)
                      0.032893    0.000017    0.904001 ^ _614_/A0 (sky130_fd_sc_hd__mux2_1)
     1    0.002086    0.024714    0.068118    0.972120 ^ _614_/X (sky130_fd_sc_hd__mux2_1)
                                                         _119_ (net)
                      0.024714    0.000010    0.972129 ^ _769_/D (sky130_fd_sc_hd__dfxtp_1)
                                              0.972129   data arrival time

                                  0.000000    0.000000   clock wr_clk (rise edge)
                                  0.000000    0.000000   clock source latency
     1    0.023866    0.084296    0.058566    0.058566 ^ wr_clk (in)
                                                         wr_clk (net)
                      0.084348    0.000000    0.058566 ^ clkbuf_0_wr_clk/A (sky130_fd_sc_hd__clkbuf_16)
    16    0.103559    0.091422    0.146129    0.204695 ^ clkbuf_0_wr_clk/X (sky130_fd_sc_hd__clkbuf_16)
                                                         clknet_0_wr_clk (net)
                      0.091561    0.002391    0.207086 ^ clkbuf_4_1_0_wr_clk/A (sky130_fd_sc_hd__clkbuf_8)
    14    0.040328    0.062088    0.123577    0.330663 ^ clkbuf_4_1_0_wr_clk/X (sky130_fd_sc_hd__clkbuf_8)
                                                         clknet_4_1_0_wr_clk (net)
                      0.062090    0.000500    0.331163 ^ _769_/CLK (sky130_fd_sc_hd__dfxtp_1)
                                  0.250000    0.581163   clock uncertainty
                                  0.000000    0.581163   clock reconvergence pessimism
                                 -0.016115    0.565048   library hold time
                                              0.565048   data required time
---------------------------------------------------------------------------------------------
                                              0.565048   data required time
                                             -0.972129   data arrival time
---------------------------------------------------------------------------------------------
                                              0.407081   slack (MET)


Startpoint: _802_ (rising edge-triggered flip-flop clocked by wr_clk)
Endpoint: _802_ (rising edge-triggered flip-flop clocked by wr_clk)
Path Group: wr_clk
Path Type: min

Fanout         Cap        Slew       Delay        Time   Description
---------------------------------------------------------------------------------------------
                                  0.000000    0.000000   clock wr_clk (rise edge)
                                  0.000000    0.000000   clock source latency
     1    0.023866    0.084296    0.058566    0.058566 ^ wr_clk (in)
                                                         wr_clk (net)
                      0.084348    0.000000    0.058566 ^ clkbuf_0_wr_clk/A (sky130_fd_sc_hd__clkbuf_16)
    16    0.103559    0.091422    0.146129    0.204695 ^ clkbuf_0_wr_clk/X (sky130_fd_sc_hd__clkbuf_16)
                                                         clknet_0_wr_clk (net)
                      0.091552    0.002278    0.206973 ^ clkbuf_4_7_0_wr_clk/A (sky130_fd_sc_hd__clkbuf_8)
    11    0.039392    0.060858    0.122715    0.329688 ^ clkbuf_4_7_0_wr_clk/X (sky130_fd_sc_hd__clkbuf_8)
                                                         clknet_4_7_0_wr_clk (net)
                      0.060866    0.000705    0.330393 ^ _802_/CLK (sky130_fd_sc_hd__dfxtp_1)
     2    0.004911    0.042944    0.203307    0.533700 ^ _802_/Q (sky130_fd_sc_hd__dfxtp_1)
                                                         mem[9][0] (net)
                      0.042944    0.000036    0.533736 ^ hold33/A (sky130_fd_sc_hd__dlygate4sd3_1)
     1    0.001986    0.032712    0.368147    0.901883 ^ hold33/X (sky130_fd_sc_hd__dlygate4sd3_1)
                                                         net109 (net)
                      0.032712    0.000010    0.901893 ^ _624_/A0 (sky130_fd_sc_hd__mux2_1)
     1    0.002333    0.026065    0.069356    0.971248 ^ _624_/X (sky130_fd_sc_hd__mux2_1)
                                                         _128_ (net)
                      0.026065    0.000022    0.971270 ^ _802_/D (sky130_fd_sc_hd__dfxtp_1)
                                              0.971270   data arrival time

                                  0.000000    0.000000   clock wr_clk (rise edge)
                                  0.000000    0.000000   clock source latency
     1    0.023866    0.084296    0.058566    0.058566 ^ wr_clk (in)
                                                         wr_clk (net)
                      0.084348    0.000000    0.058566 ^ clkbuf_0_wr_clk/A (sky130_fd_sc_hd__clkbuf_16)
    16    0.103559    0.091422    0.146129    0.204695 ^ clkbuf_0_wr_clk/X (sky130_fd_sc_hd__clkbuf_16)
                                                         clknet_0_wr_clk (net)
                      0.091552    0.002278    0.206973 ^ clkbuf_4_7_0_wr_clk/A (sky130_fd_sc_hd__clkbuf_8)
    11    0.039392    0.060858    0.122715    0.329688 ^ clkbuf_4_7_0_wr_clk/X (sky130_fd_sc_hd__clkbuf_8)
                                                         clknet_4_7_0_wr_clk (net)
                      0.060866    0.000705    0.330393 ^ _802_/CLK (sky130_fd_sc_hd__dfxtp_1)
                                  0.250000    0.580393   clock uncertainty
                                  0.000000    0.580393   clock reconvergence pessimism
                                 -0.016240    0.564153   library hold time
                                              0.564153   data required time
---------------------------------------------------------------------------------------------
                                              0.564153   data required time
                                             -0.971270   data arrival time
---------------------------------------------------------------------------------------------
                                              0.407117   slack (MET)


Startpoint: _645_ (rising edge-triggered flip-flop clocked by wr_clk)
Endpoint: _645_ (rising edge-triggered flip-flop clocked by wr_clk)
Path Group: wr_clk
Path Type: min

Fanout         Cap        Slew       Delay        Time   Description
---------------------------------------------------------------------------------------------
                                  0.000000    0.000000   clock wr_clk (rise edge)
                                  0.000000    0.000000   clock source latency
     1    0.023866    0.084296    0.058566    0.058566 ^ wr_clk (in)
                                                         wr_clk (net)
                      0.084348    0.000000    0.058566 ^ clkbuf_0_wr_clk/A (sky130_fd_sc_hd__clkbuf_16)
    16    0.103559    0.091422    0.146129    0.204695 ^ clkbuf_0_wr_clk/X (sky130_fd_sc_hd__clkbuf_16)
                                                         clknet_0_wr_clk (net)
                      0.091558    0.002356    0.207051 ^ clkbuf_4_0_0_wr_clk/A (sky130_fd_sc_hd__clkbuf_8)
    14    0.040703    0.062407    0.123583    0.330634 ^ clkbuf_4_0_0_wr_clk/X (sky130_fd_sc_hd__clkbuf_8)
                                                         clknet_4_0_0_wr_clk (net)
                      0.062409    0.000557    0.331192 ^ _645_/CLK (sky130_fd_sc_hd__dfxtp_1)
     2    0.004663    0.041317    0.202522    0.533714 ^ _645_/Q (sky130_fd_sc_hd__dfxtp_1)
                                                         mem[14][5] (net)
                      0.041317    0.000025    0.533739 ^ hold77/A (sky130_fd_sc_hd__dlygate4sd3_1)
     1    0.001935    0.032395    0.367465    0.901204 ^ hold77/X (sky130_fd_sc_hd__dlygate4sd3_1)
                                                         net153 (net)
                      0.032395    0.000016    0.901220 ^ _490_/A0 (sky130_fd_sc_hd__mux2_1)
     1    0.002636    0.027754    0.070851    0.972071 ^ _490_/X (sky130_fd_sc_hd__mux2_1)
                                                         _013_ (net)
                      0.027754    0.000030    0.972101 ^ _645_/D (sky130_fd_sc_hd__dfxtp_1)
                                              0.972101   data arrival time

                                  0.000000    0.000000   clock wr_clk (rise edge)
                                  0.000000    0.000000   clock source latency
     1    0.023866    0.084296    0.058566    0.058566 ^ wr_clk (in)
                                                         wr_clk (net)
                      0.084348    0.000000    0.058566 ^ clkbuf_0_wr_clk/A (sky130_fd_sc_hd__clkbuf_16)
    16    0.103559    0.091422    0.146129    0.204695 ^ clkbuf_0_wr_clk/X (sky130_fd_sc_hd__clkbuf_16)
                                                         clknet_0_wr_clk (net)
                      0.091558    0.002356    0.207051 ^ clkbuf_4_0_0_wr_clk/A (sky130_fd_sc_hd__clkbuf_8)
    14    0.040703    0.062407    0.123583    0.330634 ^ clkbuf_4_0_0_wr_clk/X (sky130_fd_sc_hd__clkbuf_8)
                                                         clknet_4_0_0_wr_clk (net)
                      0.062409    0.000557    0.331192 ^ _645_/CLK (sky130_fd_sc_hd__dfxtp_1)
                                  0.250000    0.581192   clock uncertainty
                                  0.000000    0.581192   clock reconvergence pessimism
                                 -0.016322    0.564870   library hold time
                                              0.564870   data required time
---------------------------------------------------------------------------------------------
                                              0.564870   data required time
                                             -0.972101   data arrival time
---------------------------------------------------------------------------------------------
                                              0.407231   slack (MET)


Startpoint: _758_ (rising edge-triggered flip-flop clocked by wr_clk)
Endpoint: _649_ (rising edge-triggered flip-flop clocked by wr_clk)
Path Group: wr_clk
Path Type: min

Fanout         Cap        Slew       Delay        Time   Description
---------------------------------------------------------------------------------------------
                                  0.000000    0.000000   clock wr_clk (rise edge)
                                  0.000000    0.000000   clock source latency
     1    0.023866    0.084296    0.058566    0.058566 ^ wr_clk (in)
                                                         wr_clk (net)
                      0.084348    0.000000    0.058566 ^ clkbuf_0_wr_clk/A (sky130_fd_sc_hd__clkbuf_16)
    16    0.103559    0.091422    0.146129    0.204695 ^ clkbuf_0_wr_clk/X (sky130_fd_sc_hd__clkbuf_16)
                                                         clknet_0_wr_clk (net)
                      0.091488    0.001187    0.205883 ^ clkbuf_4_13_0_wr_clk/A (sky130_fd_sc_hd__clkbuf_8)
     8    0.041541    0.063558    0.124623    0.330506 ^ clkbuf_4_13_0_wr_clk/X (sky130_fd_sc_hd__clkbuf_8)
                                                         clknet_4_13_0_wr_clk (net)
                      0.063568    0.000788    0.331294 ^ _758_/CLK (sky130_fd_sc_hd__dfrtp_1)
     5    0.018062    0.124814    0.278254    0.609548 ^ _758_/Q (sky130_fd_sc_hd__dfrtp_1)
                                                         wr_bin[1] (net)
                      0.124814    0.000226    0.609774 ^ _306_/A (sky130_fd_sc_hd__inv_2)
     4    0.021039    0.053497    0.054238    0.664013 v _306_/Y (sky130_fd_sc_hd__inv_2)
                                                         _137_ (net)
                      0.053497    0.000163    0.664176 v _493_/A (sky130_fd_sc_hd__nand2_4)
     4    0.042233    0.098002    0.098268    0.762444 ^ _493_/Y (sky130_fd_sc_hd__nand2_4)
                                                         _286_ (net)
                      0.098012    0.000837    0.763280 ^ _494_/B (sky130_fd_sc_hd__nor2_4)
     8    0.059900    0.065094    0.067199    0.830479 v _494_/Y (sky130_fd_sc_hd__nor2_4)
                                                         _287_ (net)
                      0.065114    0.000951    0.831430 v _496_/S (sky130_fd_sc_hd__mux2_1)
     1    0.002951    0.029556    0.136743    0.968173 ^ _496_/X (sky130_fd_sc_hd__mux2_1)
                                                         _017_ (net)
                      0.029556    0.000037    0.968210 ^ _649_/D (sky130_fd_sc_hd__dfxtp_1)
                                              0.968210   data arrival time

                                  0.000000    0.000000   clock wr_clk (rise edge)
                                  0.000000    0.000000   clock source latency
     1    0.023866    0.084296    0.058566    0.058566 ^ wr_clk (in)
                                                         wr_clk (net)
                      0.084348    0.000000    0.058566 ^ clkbuf_0_wr_clk/A (sky130_fd_sc_hd__clkbuf_16)
    16    0.103559    0.091422    0.146129    0.204695 ^ clkbuf_0_wr_clk/X (sky130_fd_sc_hd__clkbuf_16)
                                                         clknet_0_wr_clk (net)
                      0.091478    0.000895    0.205590 ^ clkbuf_4_9_0_wr_clk/A (sky130_fd_sc_hd__clkbuf_8)
    10    0.037676    0.058871    0.121252    0.326843 ^ clkbuf_4_9_0_wr_clk/X (sky130_fd_sc_hd__clkbuf_8)
                                                         clknet_4_9_0_wr_clk (net)
                      0.058872    0.000393    0.327235 ^ _649_/CLK (sky130_fd_sc_hd__dfxtp_1)
                                  0.250000    0.577235   clock uncertainty
                                  0.000000    0.577235   clock reconvergence pessimism
                                 -0.016533    0.560702   library hold time
                                              0.560702   data required time
---------------------------------------------------------------------------------------------
                                              0.560702   data required time
                                             -0.968210   data arrival time
---------------------------------------------------------------------------------------------
                                              0.407508   slack (MET)


Startpoint: _695_ (rising edge-triggered flip-flop clocked by wr_clk)
Endpoint: _695_ (rising edge-triggered flip-flop clocked by wr_clk)
Path Group: wr_clk
Path Type: min

Fanout         Cap        Slew       Delay        Time   Description
---------------------------------------------------------------------------------------------
                                  0.000000    0.000000   clock wr_clk (rise edge)
                                  0.000000    0.000000   clock source latency
     1    0.023866    0.084296    0.058566    0.058566 ^ wr_clk (in)
                                                         wr_clk (net)
                      0.084348    0.000000    0.058566 ^ clkbuf_0_wr_clk/A (sky130_fd_sc_hd__clkbuf_16)
    16    0.103559    0.091422    0.146129    0.204695 ^ clkbuf_0_wr_clk/X (sky130_fd_sc_hd__clkbuf_16)
                                                         clknet_0_wr_clk (net)
                      0.091540    0.002120    0.206815 ^ clkbuf_4_3_0_wr_clk/A (sky130_fd_sc_hd__clkbuf_8)
     9    0.034848    0.055467    0.118753    0.325568 ^ clkbuf_4_3_0_wr_clk/X (sky130_fd_sc_hd__clkbuf_8)
                                                         clknet_4_3_0_wr_clk (net)
                      0.055469    0.000362    0.325929 ^ _695_/CLK (sky130_fd_sc_hd__dfxtp_1)
     2    0.005027    0.043712    0.202464    0.528393 ^ _695_/Q (sky130_fd_sc_hd__dfxtp_1)
                                                         mem[0][7] (net)
                      0.043712    0.000034    0.528427 ^ hold14/A (sky130_fd_sc_hd__dlygate4sd3_1)
     1    0.002300    0.034411    0.370317    0.898745 ^ hold14/X (sky130_fd_sc_hd__dlygate4sd3_1)
                                                         net90 (net)
                      0.034411    0.000022    0.898766 ^ _550_/A0 (sky130_fd_sc_hd__mux2_1)
     1    0.002061    0.024580    0.068414    0.967181 ^ _550_/X (sky130_fd_sc_hd__mux2_1)
                                                         _063_ (net)
                      0.024580    0.000018    0.967199 ^ _695_/D (sky130_fd_sc_hd__dfxtp_1)
                                              0.967199   data arrival time

                                  0.000000    0.000000   clock wr_clk (rise edge)
                                  0.000000    0.000000   clock source latency
     1    0.023866    0.084296    0.058566    0.058566 ^ wr_clk (in)
                                                         wr_clk (net)
                      0.084348    0.000000    0.058566 ^ clkbuf_0_wr_clk/A (sky130_fd_sc_hd__clkbuf_16)
    16    0.103559    0.091422    0.146129    0.204695 ^ clkbuf_0_wr_clk/X (sky130_fd_sc_hd__clkbuf_16)
                                                         clknet_0_wr_clk (net)
                      0.091540    0.002120    0.206815 ^ clkbuf_4_3_0_wr_clk/A (sky130_fd_sc_hd__clkbuf_8)
     9    0.034848    0.055467    0.118753    0.325568 ^ clkbuf_4_3_0_wr_clk/X (sky130_fd_sc_hd__clkbuf_8)
                                                         clknet_4_3_0_wr_clk (net)
                      0.055469    0.000362    0.325929 ^ _695_/CLK (sky130_fd_sc_hd__dfxtp_1)
                                  0.250000    0.575929   clock uncertainty
                                  0.000000    0.575929   clock reconvergence pessimism
                                 -0.016263    0.559666   library hold time
                                              0.559666   data required time
---------------------------------------------------------------------------------------------
                                              0.559666   data required time
                                             -0.967199   data arrival time
---------------------------------------------------------------------------------------------
                                              0.407533   slack (MET)


Startpoint: _767_ (rising edge-triggered flip-flop clocked by wr_clk)
Endpoint: _767_ (rising edge-triggered flip-flop clocked by wr_clk)
Path Group: wr_clk
Path Type: min

Fanout         Cap        Slew       Delay        Time   Description
---------------------------------------------------------------------------------------------
                                  0.000000    0.000000   clock wr_clk (rise edge)
                                  0.000000    0.000000   clock source latency
     1    0.023866    0.084296    0.058566    0.058566 ^ wr_clk (in)
                                                         wr_clk (net)
                      0.084348    0.000000    0.058566 ^ clkbuf_0_wr_clk/A (sky130_fd_sc_hd__clkbuf_16)
    16    0.103559    0.091422    0.146129    0.204695 ^ clkbuf_0_wr_clk/X (sky130_fd_sc_hd__clkbuf_16)
                                                         clknet_0_wr_clk (net)
                      0.091558    0.002356    0.207051 ^ clkbuf_4_0_0_wr_clk/A (sky130_fd_sc_hd__clkbuf_8)
    14    0.040703    0.062407    0.123583    0.330634 ^ clkbuf_4_0_0_wr_clk/X (sky130_fd_sc_hd__clkbuf_8)
                                                         clknet_4_0_0_wr_clk (net)
                      0.062433    0.001212    0.331846 ^ _767_/CLK (sky130_fd_sc_hd__dfxtp_1)
     2    0.004059    0.037342    0.199624    0.531470 ^ _767_/Q (sky130_fd_sc_hd__dfxtp_1)
                                                         mem[4][5] (net)
                      0.037342    0.000014    0.531485 ^ hold50/A (sky130_fd_sc_hd__dlygate4sd3_1)
     1    0.002297    0.034390    0.368928    0.900413 ^ hold50/X (sky130_fd_sc_hd__dlygate4sd3_1)
                                                         net126 (net)
                      0.034390    0.000022    0.900435 ^ _612_/A0 (sky130_fd_sc_hd__mux2_1)
     1    0.002858    0.029022    0.072569    0.973003 ^ _612_/X (sky130_fd_sc_hd__mux2_1)
                                                         _117_ (net)
                      0.029022    0.000035    0.973038 ^ _767_/D (sky130_fd_sc_hd__dfxtp_1)
                                              0.973038   data arrival time

                                  0.000000    0.000000   clock wr_clk (rise edge)
                                  0.000000    0.000000   clock source latency
     1    0.023866    0.084296    0.058566    0.058566 ^ wr_clk (in)
                                                         wr_clk (net)
                      0.084348    0.000000    0.058566 ^ clkbuf_0_wr_clk/A (sky130_fd_sc_hd__clkbuf_16)
    16    0.103559    0.091422    0.146129    0.204695 ^ clkbuf_0_wr_clk/X (sky130_fd_sc_hd__clkbuf_16)
                                                         clknet_0_wr_clk (net)
                      0.091558    0.002356    0.207051 ^ clkbuf_4_0_0_wr_clk/A (sky130_fd_sc_hd__clkbuf_8)
    14    0.040703    0.062407    0.123583    0.330634 ^ clkbuf_4_0_0_wr_clk/X (sky130_fd_sc_hd__clkbuf_8)
                                                         clknet_4_0_0_wr_clk (net)
                      0.062433    0.001212    0.331846 ^ _767_/CLK (sky130_fd_sc_hd__dfxtp_1)
                                  0.250000    0.581846   clock uncertainty
                                  0.000000    0.581846   clock reconvergence pessimism
                                 -0.016411    0.565436   library hold time
                                              0.565436   data required time
---------------------------------------------------------------------------------------------
                                              0.565436   data required time
                                             -0.973038   data arrival time
---------------------------------------------------------------------------------------------
                                              0.407603   slack (MET)


Startpoint: _683_ (rising edge-triggered flip-flop clocked by wr_clk)
Endpoint: _683_ (rising edge-triggered flip-flop clocked by wr_clk)
Path Group: wr_clk
Path Type: min

Fanout         Cap        Slew       Delay        Time   Description
---------------------------------------------------------------------------------------------
                                  0.000000    0.000000   clock wr_clk (rise edge)
                                  0.000000    0.000000   clock source latency
     1    0.023866    0.084296    0.058566    0.058566 ^ wr_clk (in)
                                                         wr_clk (net)
                      0.084348    0.000000    0.058566 ^ clkbuf_0_wr_clk/A (sky130_fd_sc_hd__clkbuf_16)
    16    0.103559    0.091422    0.146129    0.204695 ^ clkbuf_0_wr_clk/X (sky130_fd_sc_hd__clkbuf_16)
                                                         clknet_0_wr_clk (net)
                      0.091542    0.002149    0.206845 ^ clkbuf_4_2_0_wr_clk/A (sky130_fd_sc_hd__clkbuf_8)
    13    0.039895    0.061436    0.122891    0.329735 ^ clkbuf_4_2_0_wr_clk/X (sky130_fd_sc_hd__clkbuf_8)
                                                         clknet_4_2_0_wr_clk (net)
                      0.061462    0.001176    0.330911 ^ _683_/CLK (sky130_fd_sc_hd__dfxtp_1)
     2    0.005168    0.044640    0.204702    0.535613 ^ _683_/Q (sky130_fd_sc_hd__dfxtp_1)
                                                         mem[10][3] (net)
                      0.044640    0.000034    0.535648 ^ hold32/A (sky130_fd_sc_hd__dlygate4sd3_1)
     1    0.002031    0.032949    0.368795    0.904443 ^ hold32/X (sky130_fd_sc_hd__dlygate4sd3_1)
                                                         net108 (net)
                      0.032949    0.000018    0.904460 ^ _537_/A0 (sky130_fd_sc_hd__mux2_1)
     1    0.002070    0.024626    0.068047    0.972507 ^ _537_/X (sky130_fd_sc_hd__mux2_1)
                                                         _051_ (net)
                      0.024626    0.000018    0.972525 ^ _683_/D (sky130_fd_sc_hd__dfxtp_1)
                                              0.972525   data arrival time

                                  0.000000    0.000000   clock wr_clk (rise edge)
                                  0.000000    0.000000   clock source latency
     1    0.023866    0.084296    0.058566    0.058566 ^ wr_clk (in)
                                                         wr_clk (net)
                      0.084348    0.000000    0.058566 ^ clkbuf_0_wr_clk/A (sky130_fd_sc_hd__clkbuf_16)
    16    0.103559    0.091422    0.146129    0.204695 ^ clkbuf_0_wr_clk/X (sky130_fd_sc_hd__clkbuf_16)
                                                         clknet_0_wr_clk (net)
                      0.091542    0.002149    0.206845 ^ clkbuf_4_2_0_wr_clk/A (sky130_fd_sc_hd__clkbuf_8)
    13    0.039895    0.061436    0.122891    0.329735 ^ clkbuf_4_2_0_wr_clk/X (sky130_fd_sc_hd__clkbuf_8)
                                                         clknet_4_2_0_wr_clk (net)
                      0.061462    0.001176    0.330911 ^ _683_/CLK (sky130_fd_sc_hd__dfxtp_1)
                                  0.250000    0.580911   clock uncertainty
                                  0.000000    0.580911   clock reconvergence pessimism
                                 -0.016124    0.564787   library hold time
                                              0.564787   data required time
---------------------------------------------------------------------------------------------
                                              0.564787   data required time
                                             -0.972525   data arrival time
---------------------------------------------------------------------------------------------
                                              0.407738   slack (MET)


Startpoint: _807_ (rising edge-triggered flip-flop clocked by wr_clk)
Endpoint: _807_ (rising edge-triggered flip-flop clocked by wr_clk)
Path Group: wr_clk
Path Type: min

Fanout         Cap        Slew       Delay        Time   Description
---------------------------------------------------------------------------------------------
                                  0.000000    0.000000   clock wr_clk (rise edge)
                                  0.000000    0.000000   clock source latency
     1    0.023866    0.084296    0.058566    0.058566 ^ wr_clk (in)
                                                         wr_clk (net)
                      0.084348    0.000000    0.058566 ^ clkbuf_0_wr_clk/A (sky130_fd_sc_hd__clkbuf_16)
    16    0.103559    0.091422    0.146129    0.204695 ^ clkbuf_0_wr_clk/X (sky130_fd_sc_hd__clkbuf_16)
                                                         clknet_0_wr_clk (net)
                      0.091558    0.002356    0.207051 ^ clkbuf_4_0_0_wr_clk/A (sky130_fd_sc_hd__clkbuf_8)
    14    0.040703    0.062407    0.123583    0.330634 ^ clkbuf_4_0_0_wr_clk/X (sky130_fd_sc_hd__clkbuf_8)
                                                         clknet_4_0_0_wr_clk (net)
                      0.062443    0.001391    0.332026 ^ _807_/CLK (sky130_fd_sc_hd__dfxtp_1)
     2    0.004316    0.039011    0.200850    0.532876 ^ _807_/Q (sky130_fd_sc_hd__dfxtp_1)
                                                         mem[9][5] (net)
                      0.039011    0.000042    0.532918 ^ hold69/A (sky130_fd_sc_hd__dlygate4sd3_1)
     1    0.002188    0.033793    0.368592    0.901511 ^ hold69/X (sky130_fd_sc_hd__dlygate4sd3_1)
                                                         net145 (net)
                      0.033793    0.000020    0.901530 ^ _629_/A0 (sky130_fd_sc_hd__mux2_1)
     1    0.002787    0.028615    0.072034    0.973565 ^ _629_/X (sky130_fd_sc_hd__mux2_1)
                                                         _133_ (net)
                      0.028615    0.000024    0.973589 ^ _807_/D (sky130_fd_sc_hd__dfxtp_1)
                                              0.973589   data arrival time

                                  0.000000    0.000000   clock wr_clk (rise edge)
                                  0.000000    0.000000   clock source latency
     1    0.023866    0.084296    0.058566    0.058566 ^ wr_clk (in)
                                                         wr_clk (net)
                      0.084348    0.000000    0.058566 ^ clkbuf_0_wr_clk/A (sky130_fd_sc_hd__clkbuf_16)
    16    0.103559    0.091422    0.146129    0.204695 ^ clkbuf_0_wr_clk/X (sky130_fd_sc_hd__clkbuf_16)
                                                         clknet_0_wr_clk (net)
                      0.091558    0.002356    0.207051 ^ clkbuf_4_0_0_wr_clk/A (sky130_fd_sc_hd__clkbuf_8)
    14    0.040703    0.062407    0.123583    0.330634 ^ clkbuf_4_0_0_wr_clk/X (sky130_fd_sc_hd__clkbuf_8)
                                                         clknet_4_0_0_wr_clk (net)
                      0.062443    0.001391    0.332026 ^ _807_/CLK (sky130_fd_sc_hd__dfxtp_1)
                                  0.250000    0.582026   clock uncertainty
                                  0.000000    0.582026   clock reconvergence pessimism
                                 -0.016382    0.565644   library hold time
                                              0.565644   data required time
---------------------------------------------------------------------------------------------
                                              0.565644   data required time
                                             -0.973589   data arrival time
---------------------------------------------------------------------------------------------
                                              0.407945   slack (MET)


Startpoint: _768_ (rising edge-triggered flip-flop clocked by wr_clk)
Endpoint: _768_ (rising edge-triggered flip-flop clocked by wr_clk)
Path Group: wr_clk
Path Type: min

Fanout         Cap        Slew       Delay        Time   Description
---------------------------------------------------------------------------------------------
                                  0.000000    0.000000   clock wr_clk (rise edge)
                                  0.000000    0.000000   clock source latency
     1    0.023866    0.084296    0.058566    0.058566 ^ wr_clk (in)
                                                         wr_clk (net)
                      0.084348    0.000000    0.058566 ^ clkbuf_0_wr_clk/A (sky130_fd_sc_hd__clkbuf_16)
    16    0.103559    0.091422    0.146129    0.204695 ^ clkbuf_0_wr_clk/X (sky130_fd_sc_hd__clkbuf_16)
                                                         clknet_0_wr_clk (net)
                      0.091562    0.002410    0.207105 ^ clkbuf_4_5_0_wr_clk/A (sky130_fd_sc_hd__clkbuf_8)
    14    0.040239    0.061867    0.123319    0.330424 ^ clkbuf_4_5_0_wr_clk/X (sky130_fd_sc_hd__clkbuf_8)
                                                         clknet_4_5_0_wr_clk (net)
                      0.061872    0.000616    0.331040 ^ _768_/CLK (sky130_fd_sc_hd__dfxtp_1)
     2    0.004787    0.042130    0.202971    0.534011 ^ _768_/Q (sky130_fd_sc_hd__dfxtp_1)
                                                         mem[4][6] (net)
                      0.042130    0.000052    0.534063 ^ hold31/A (sky130_fd_sc_hd__dlygate4sd3_1)
     1    0.002387    0.034898    0.370535    0.904598 ^ hold31/X (sky130_fd_sc_hd__dlygate4sd3_1)
                                                         net107 (net)
                      0.034898    0.000024    0.904622 ^ _613_/A0 (sky130_fd_sc_hd__mux2_1)
     1    0.002017    0.024336    0.068320    0.972942 ^ _613_/X (sky130_fd_sc_hd__mux2_1)
                                                         _118_ (net)
                      0.024336    0.000009    0.972952 ^ _768_/D (sky130_fd_sc_hd__dfxtp_1)
                                              0.972952   data arrival time

                                  0.000000    0.000000   clock wr_clk (rise edge)
                                  0.000000    0.000000   clock source latency
     1    0.023866    0.084296    0.058566    0.058566 ^ wr_clk (in)
                                                         wr_clk (net)
                      0.084348    0.000000    0.058566 ^ clkbuf_0_wr_clk/A (sky130_fd_sc_hd__clkbuf_16)
    16    0.103559    0.091422    0.146129    0.204695 ^ clkbuf_0_wr_clk/X (sky130_fd_sc_hd__clkbuf_16)
                                                         clknet_0_wr_clk (net)
                      0.091562    0.002410    0.207105 ^ clkbuf_4_5_0_wr_clk/A (sky130_fd_sc_hd__clkbuf_8)
    14    0.040239    0.061867    0.123319    0.330424 ^ clkbuf_4_5_0_wr_clk/X (sky130_fd_sc_hd__clkbuf_8)
                                                         clknet_4_5_0_wr_clk (net)
                      0.061872    0.000616    0.331040 ^ _768_/CLK (sky130_fd_sc_hd__dfxtp_1)
                                  0.250000    0.581040   clock uncertainty
                                  0.000000    0.581040   clock reconvergence pessimism
                                 -0.016094    0.564947   library hold time
                                              0.564947   data required time
---------------------------------------------------------------------------------------------
                                              0.564947   data required time
                                             -0.972952   data arrival time
---------------------------------------------------------------------------------------------
                                              0.408005   slack (MET)


Startpoint: _663_ (rising edge-triggered flip-flop clocked by wr_clk)
Endpoint: _663_ (rising edge-triggered flip-flop clocked by wr_clk)
Path Group: wr_clk
Path Type: min

Fanout         Cap        Slew       Delay        Time   Description
---------------------------------------------------------------------------------------------
                                  0.000000    0.000000   clock wr_clk (rise edge)
                                  0.000000    0.000000   clock source latency
     1    0.023866    0.084296    0.058566    0.058566 ^ wr_clk (in)
                                                         wr_clk (net)
                      0.084348    0.000000    0.058566 ^ clkbuf_0_wr_clk/A (sky130_fd_sc_hd__clkbuf_16)
    16    0.103559    0.091422    0.146129    0.204695 ^ clkbuf_0_wr_clk/X (sky130_fd_sc_hd__clkbuf_16)
                                                         clknet_0_wr_clk (net)
                      0.091561    0.002391    0.207086 ^ clkbuf_4_1_0_wr_clk/A (sky130_fd_sc_hd__clkbuf_8)
    14    0.040328    0.062088    0.123577    0.330663 ^ clkbuf_4_1_0_wr_clk/X (sky130_fd_sc_hd__clkbuf_8)
                                                         clknet_4_1_0_wr_clk (net)
                      0.062090    0.000502    0.331165 ^ _663_/CLK (sky130_fd_sc_hd__dfxtp_1)
     2    0.004030    0.037154    0.199395    0.530560 ^ _663_/Q (sky130_fd_sc_hd__dfxtp_1)
                                                         mem[12][7] (net)
                      0.037154    0.000014    0.530574 ^ hold48/A (sky130_fd_sc_hd__dlygate4sd3_1)
     1    0.002244    0.034095    0.368546    0.899120 ^ hold48/X (sky130_fd_sc_hd__dlygate4sd3_1)
                                                         net124 (net)
                      0.034095    0.000022    0.899142 ^ _512_/A0 (sky130_fd_sc_hd__mux2_1)
     1    0.003075    0.030271    0.073618    0.972760 ^ _512_/X (sky130_fd_sc_hd__mux2_1)
                                                         _031_ (net)
                      0.030271    0.000040    0.972800 ^ _663_/D (sky130_fd_sc_hd__dfxtp_1)
                                              0.972800   data arrival time

                                  0.000000    0.000000   clock wr_clk (rise edge)
                                  0.000000    0.000000   clock source latency
     1    0.023866    0.084296    0.058566    0.058566 ^ wr_clk (in)
                                                         wr_clk (net)
                      0.084348    0.000000    0.058566 ^ clkbuf_0_wr_clk/A (sky130_fd_sc_hd__clkbuf_16)
    16    0.103559    0.091422    0.146129    0.204695 ^ clkbuf_0_wr_clk/X (sky130_fd_sc_hd__clkbuf_16)
                                                         clknet_0_wr_clk (net)
                      0.091561    0.002391    0.207086 ^ clkbuf_4_1_0_wr_clk/A (sky130_fd_sc_hd__clkbuf_8)
    14    0.040328    0.062088    0.123577    0.330663 ^ clkbuf_4_1_0_wr_clk/X (sky130_fd_sc_hd__clkbuf_8)
                                                         clknet_4_1_0_wr_clk (net)
                      0.062090    0.000502    0.331165 ^ _663_/CLK (sky130_fd_sc_hd__dfxtp_1)
                                  0.250000    0.581165   clock uncertainty
                                  0.000000    0.581165   clock reconvergence pessimism
                                 -0.016507    0.564658   library hold time
                                              0.564658   data required time
---------------------------------------------------------------------------------------------
                                              0.564658   data required time
                                             -0.972800   data arrival time
---------------------------------------------------------------------------------------------
                                              0.408142   slack (MET)


Startpoint: _696_ (rising edge-triggered flip-flop clocked by wr_clk)
Endpoint: _696_ (rising edge-triggered flip-flop clocked by wr_clk)
Path Group: wr_clk
Path Type: min

Fanout         Cap        Slew       Delay        Time   Description
---------------------------------------------------------------------------------------------
                                  0.000000    0.000000   clock wr_clk (rise edge)
                                  0.000000    0.000000   clock source latency
     1    0.023866    0.084296    0.058566    0.058566 ^ wr_clk (in)
                                                         wr_clk (net)
                      0.084348    0.000000    0.058566 ^ clkbuf_0_wr_clk/A (sky130_fd_sc_hd__clkbuf_16)
    16    0.103559    0.091422    0.146129    0.204695 ^ clkbuf_0_wr_clk/X (sky130_fd_sc_hd__clkbuf_16)
                                                         clknet_0_wr_clk (net)
                      0.091488    0.001187    0.205883 ^ clkbuf_4_13_0_wr_clk/A (sky130_fd_sc_hd__clkbuf_8)
     8    0.041541    0.063558    0.124623    0.330506 ^ clkbuf_4_13_0_wr_clk/X (sky130_fd_sc_hd__clkbuf_8)
                                                         clknet_4_13_0_wr_clk (net)
                      0.063564    0.000678    0.331183 ^ _696_/CLK (sky130_fd_sc_hd__dfxtp_1)
     2    0.004818    0.042331    0.203561    0.534744 ^ _696_/Q (sky130_fd_sc_hd__dfxtp_1)
                                                         mem[8][0] (net)
                      0.042331    0.000045    0.534789 ^ hold44/A (sky130_fd_sc_hd__dlygate4sd3_1)
     1    0.002070    0.033159    0.368552    0.903341 ^ hold44/X (sky130_fd_sc_hd__dlygate4sd3_1)
                                                         net120 (net)
                      0.033159    0.000018    0.903359 ^ _552_/A0 (sky130_fd_sc_hd__mux2_1)
     1    0.002395    0.026409    0.069808    0.973167 ^ _552_/X (sky130_fd_sc_hd__mux2_1)
                                                         _064_ (net)
                      0.026409    0.000025    0.973192 ^ _696_/D (sky130_fd_sc_hd__dfxtp_1)
                                              0.973192   data arrival time

                                  0.000000    0.000000   clock wr_clk (rise edge)
                                  0.000000    0.000000   clock source latency
     1    0.023866    0.084296    0.058566    0.058566 ^ wr_clk (in)
                                                         wr_clk (net)
                      0.084348    0.000000    0.058566 ^ clkbuf_0_wr_clk/A (sky130_fd_sc_hd__clkbuf_16)
    16    0.103559    0.091422    0.146129    0.204695 ^ clkbuf_0_wr_clk/X (sky130_fd_sc_hd__clkbuf_16)
                                                         clknet_0_wr_clk (net)
                      0.091488    0.001187    0.205883 ^ clkbuf_4_13_0_wr_clk/A (sky130_fd_sc_hd__clkbuf_8)
     8    0.041541    0.063558    0.124623    0.330506 ^ clkbuf_4_13_0_wr_clk/X (sky130_fd_sc_hd__clkbuf_8)
                                                         clknet_4_13_0_wr_clk (net)
                      0.063564    0.000678    0.331183 ^ _696_/CLK (sky130_fd_sc_hd__dfxtp_1)
                                  0.250000    0.581183   clock uncertainty
                                  0.000000    0.581183   clock reconvergence pessimism
                                 -0.016200    0.564984   library hold time
                                              0.564984   data required time
---------------------------------------------------------------------------------------------
                                              0.564984   data required time
                                             -0.973192   data arrival time
---------------------------------------------------------------------------------------------
                                              0.408208   slack (MET)


Startpoint: _808_ (rising edge-triggered flip-flop clocked by wr_clk)
Endpoint: _808_ (rising edge-triggered flip-flop clocked by wr_clk)
Path Group: wr_clk
Path Type: min

Fanout         Cap        Slew       Delay        Time   Description
---------------------------------------------------------------------------------------------
                                  0.000000    0.000000   clock wr_clk (rise edge)
                                  0.000000    0.000000   clock source latency
     1    0.023866    0.084296    0.058566    0.058566 ^ wr_clk (in)
                                                         wr_clk (net)
                      0.084348    0.000000    0.058566 ^ clkbuf_0_wr_clk/A (sky130_fd_sc_hd__clkbuf_16)
    16    0.103559    0.091422    0.146129    0.204695 ^ clkbuf_0_wr_clk/X (sky130_fd_sc_hd__clkbuf_16)
                                                         clknet_0_wr_clk (net)
                      0.091562    0.002410    0.207105 ^ clkbuf_4_5_0_wr_clk/A (sky130_fd_sc_hd__clkbuf_8)
    14    0.040239    0.061867    0.123319    0.330424 ^ clkbuf_4_5_0_wr_clk/X (sky130_fd_sc_hd__clkbuf_8)
                                                         clknet_4_5_0_wr_clk (net)
                      0.061880    0.000866    0.331290 ^ _808_/CLK (sky130_fd_sc_hd__dfxtp_1)
     2    0.004692    0.041507    0.202521    0.533811 ^ _808_/Q (sky130_fd_sc_hd__dfxtp_1)
                                                         mem[9][6] (net)
                      0.041507    0.000035    0.533847 ^ hold51/A (sky130_fd_sc_hd__dlygate4sd3_1)
     1    0.002295    0.034381    0.369810    0.903657 ^ hold51/X (sky130_fd_sc_hd__dlygate4sd3_1)
                                                         net127 (net)
                      0.034381    0.000022    0.903679 ^ _630_/A0 (sky130_fd_sc_hd__mux2_1)
     1    0.002298    0.025874    0.069642    0.973321 ^ _630_/X (sky130_fd_sc_hd__mux2_1)
                                                         _134_ (net)
                      0.025874    0.000021    0.973342 ^ _808_/D (sky130_fd_sc_hd__dfxtp_1)
                                              0.973342   data arrival time

                                  0.000000    0.000000   clock wr_clk (rise edge)
                                  0.000000    0.000000   clock source latency
     1    0.023866    0.084296    0.058566    0.058566 ^ wr_clk (in)
                                                         wr_clk (net)
                      0.084348    0.000000    0.058566 ^ clkbuf_0_wr_clk/A (sky130_fd_sc_hd__clkbuf_16)
    16    0.103559    0.091422    0.146129    0.204695 ^ clkbuf_0_wr_clk/X (sky130_fd_sc_hd__clkbuf_16)
                                                         clknet_0_wr_clk (net)
                      0.091562    0.002410    0.207105 ^ clkbuf_4_5_0_wr_clk/A (sky130_fd_sc_hd__clkbuf_8)
    14    0.040239    0.061867    0.123319    0.330424 ^ clkbuf_4_5_0_wr_clk/X (sky130_fd_sc_hd__clkbuf_8)
                                                         clknet_4_5_0_wr_clk (net)
                      0.061880    0.000866    0.331290 ^ _808_/CLK (sky130_fd_sc_hd__dfxtp_1)
                                  0.250000    0.581290   clock uncertainty
                                  0.000000    0.581290   clock reconvergence pessimism
                                 -0.016202    0.565088   library hold time
                                              0.565088   data required time
---------------------------------------------------------------------------------------------
                                              0.565088   data required time
                                             -0.973342   data arrival time
---------------------------------------------------------------------------------------------
                                              0.408254   slack (MET)


Startpoint: _694_ (rising edge-triggered flip-flop clocked by wr_clk)
Endpoint: _694_ (rising edge-triggered flip-flop clocked by wr_clk)
Path Group: wr_clk
Path Type: min

Fanout         Cap        Slew       Delay        Time   Description
---------------------------------------------------------------------------------------------
                                  0.000000    0.000000   clock wr_clk (rise edge)
                                  0.000000    0.000000   clock source latency
     1    0.023866    0.084296    0.058566    0.058566 ^ wr_clk (in)
                                                         wr_clk (net)
                      0.084348    0.000000    0.058566 ^ clkbuf_0_wr_clk/A (sky130_fd_sc_hd__clkbuf_16)
    16    0.103559    0.091422    0.146129    0.204695 ^ clkbuf_0_wr_clk/X (sky130_fd_sc_hd__clkbuf_16)
                                                         clknet_0_wr_clk (net)
                      0.091552    0.002278    0.206973 ^ clkbuf_4_7_0_wr_clk/A (sky130_fd_sc_hd__clkbuf_8)
    11    0.039392    0.060858    0.122715    0.329688 ^ clkbuf_4_7_0_wr_clk/X (sky130_fd_sc_hd__clkbuf_8)
                                                         clknet_4_7_0_wr_clk (net)
                      0.060858    0.000177    0.329865 ^ _694_/CLK (sky130_fd_sc_hd__dfxtp_1)
     2    0.004078    0.037468    0.199297    0.529162 ^ _694_/Q (sky130_fd_sc_hd__dfxtp_1)
                                                         mem[0][6] (net)
                      0.037468    0.000038    0.529200 ^ hold20/A (sky130_fd_sc_hd__dlygate4sd3_1)
     1    0.002520    0.035653    0.370387    0.899586 ^ hold20/X (sky130_fd_sc_hd__dlygate4sd3_1)
                                                         net96 (net)
                      0.035653    0.000026    0.899612 ^ _549_/A0 (sky130_fd_sc_hd__mux2_1)
     1    0.002701    0.028120    0.072105    0.971717 ^ _549_/X (sky130_fd_sc_hd__mux2_1)
                                                         _062_ (net)
                      0.028120    0.000022    0.971738 ^ _694_/D (sky130_fd_sc_hd__dfxtp_1)
                                              0.971738   data arrival time

                                  0.000000    0.000000   clock wr_clk (rise edge)
                                  0.000000    0.000000   clock source latency
     1    0.023866    0.084296    0.058566    0.058566 ^ wr_clk (in)
                                                         wr_clk (net)
                      0.084348    0.000000    0.058566 ^ clkbuf_0_wr_clk/A (sky130_fd_sc_hd__clkbuf_16)
    16    0.103559    0.091422    0.146129    0.204695 ^ clkbuf_0_wr_clk/X (sky130_fd_sc_hd__clkbuf_16)
                                                         clknet_0_wr_clk (net)
                      0.091552    0.002278    0.206973 ^ clkbuf_4_7_0_wr_clk/A (sky130_fd_sc_hd__clkbuf_8)
    11    0.039392    0.060858    0.122715    0.329688 ^ clkbuf_4_7_0_wr_clk/X (sky130_fd_sc_hd__clkbuf_8)
                                                         clknet_4_7_0_wr_clk (net)
                      0.060858    0.000177    0.329865 ^ _694_/CLK (sky130_fd_sc_hd__dfxtp_1)
                                  0.250000    0.579865   clock uncertainty
                                  0.000000    0.579865   clock reconvergence pessimism
                                 -0.016385    0.563480   library hold time
                                              0.563480   data required time
---------------------------------------------------------------------------------------------
                                              0.563480   data required time
                                             -0.971738   data arrival time
---------------------------------------------------------------------------------------------
                                              0.408258   slack (MET)


Startpoint: _690_ (rising edge-triggered flip-flop clocked by wr_clk)
Endpoint: _690_ (rising edge-triggered flip-flop clocked by wr_clk)
Path Group: wr_clk
Path Type: min

Fanout         Cap        Slew       Delay        Time   Description
---------------------------------------------------------------------------------------------
                                  0.000000    0.000000   clock wr_clk (rise edge)
                                  0.000000    0.000000   clock source latency
     1    0.023866    0.084296    0.058566    0.058566 ^ wr_clk (in)
                                                         wr_clk (net)
                      0.084348    0.000000    0.058566 ^ clkbuf_0_wr_clk/A (sky130_fd_sc_hd__clkbuf_16)
    16    0.103559    0.091422    0.146129    0.204695 ^ clkbuf_0_wr_clk/X (sky130_fd_sc_hd__clkbuf_16)
                                                         clknet_0_wr_clk (net)
                      0.091478    0.000895    0.205590 ^ clkbuf_4_9_0_wr_clk/A (sky130_fd_sc_hd__clkbuf_8)
    10    0.037676    0.058871    0.121252    0.326843 ^ clkbuf_4_9_0_wr_clk/X (sky130_fd_sc_hd__clkbuf_8)
                                                         clknet_4_9_0_wr_clk (net)
                      0.058874    0.000544    0.327386 ^ _690_/CLK (sky130_fd_sc_hd__dfxtp_1)
     2    0.004955    0.043235    0.203007    0.530394 ^ _690_/Q (sky130_fd_sc_hd__dfxtp_1)
                                                         mem[0][2] (net)
                      0.043235    0.000018    0.530412 ^ hold13/A (sky130_fd_sc_hd__dlygate4sd3_1)
     1    0.001908    0.032230    0.367705    0.898117 ^ hold13/X (sky130_fd_sc_hd__dlygate4sd3_1)
                                                         net89 (net)
                      0.032230    0.000016    0.898132 ^ _545_/A0 (sky130_fd_sc_hd__mux2_1)
     1    0.002735    0.028317    0.071324    0.969456 ^ _545_/X (sky130_fd_sc_hd__mux2_1)
                                                         _058_ (net)
                      0.028317    0.000030    0.969487 ^ _690_/D (sky130_fd_sc_hd__dfxtp_1)
                                              0.969487   data arrival time

                                  0.000000    0.000000   clock wr_clk (rise edge)
                                  0.000000    0.000000   clock source latency
     1    0.023866    0.084296    0.058566    0.058566 ^ wr_clk (in)
                                                         wr_clk (net)
                      0.084348    0.000000    0.058566 ^ clkbuf_0_wr_clk/A (sky130_fd_sc_hd__clkbuf_16)
    16    0.103559    0.091422    0.146129    0.204695 ^ clkbuf_0_wr_clk/X (sky130_fd_sc_hd__clkbuf_16)
                                                         clknet_0_wr_clk (net)
                      0.091478    0.000895    0.205590 ^ clkbuf_4_9_0_wr_clk/A (sky130_fd_sc_hd__clkbuf_8)
    10    0.037676    0.058871    0.121252    0.326843 ^ clkbuf_4_9_0_wr_clk/X (sky130_fd_sc_hd__clkbuf_8)
                                                         clknet_4_9_0_wr_clk (net)
                      0.058874    0.000544    0.327386 ^ _690_/CLK (sky130_fd_sc_hd__dfxtp_1)
                                  0.250000    0.577386   clock uncertainty
                                  0.000000    0.577386   clock reconvergence pessimism
                                 -0.016446    0.560941   library hold time
                                              0.560941   data required time
---------------------------------------------------------------------------------------------
                                              0.560941   data required time
                                             -0.969487   data arrival time
---------------------------------------------------------------------------------------------
                                              0.408546   slack (MET)


Startpoint: _659_ (rising edge-triggered flip-flop clocked by wr_clk)
Endpoint: _659_ (rising edge-triggered flip-flop clocked by wr_clk)
Path Group: wr_clk
Path Type: min

Fanout         Cap        Slew       Delay        Time   Description
---------------------------------------------------------------------------------------------
                                  0.000000    0.000000   clock wr_clk (rise edge)
                                  0.000000    0.000000   clock source latency
     1    0.023866    0.084296    0.058566    0.058566 ^ wr_clk (in)
                                                         wr_clk (net)
                      0.084348    0.000000    0.058566 ^ clkbuf_0_wr_clk/A (sky130_fd_sc_hd__clkbuf_16)
    16    0.103559    0.091422    0.146129    0.204695 ^ clkbuf_0_wr_clk/X (sky130_fd_sc_hd__clkbuf_16)
                                                         clknet_0_wr_clk (net)
                      0.091540    0.002120    0.206815 ^ clkbuf_4_3_0_wr_clk/A (sky130_fd_sc_hd__clkbuf_8)
     9    0.034848    0.055467    0.118753    0.325568 ^ clkbuf_4_3_0_wr_clk/X (sky130_fd_sc_hd__clkbuf_8)
                                                         clknet_4_3_0_wr_clk (net)
                      0.055467    0.000220    0.325788 ^ _659_/CLK (sky130_fd_sc_hd__dfxtp_1)
     2    0.004916    0.042985    0.201922    0.527710 ^ _659_/Q (sky130_fd_sc_hd__dfxtp_1)
                                                         mem[12][3] (net)
                      0.042985    0.000062    0.527772 ^ hold18/A (sky130_fd_sc_hd__dlygate4sd3_1)
     1    0.001969    0.032607    0.368047    0.895819 ^ hold18/X (sky130_fd_sc_hd__dlygate4sd3_1)
                                                         net94 (net)
                      0.032607    0.000009    0.895828 ^ _508_/A0 (sky130_fd_sc_hd__mux2_1)
     1    0.002889    0.029204    0.072233    0.968062 ^ _508_/X (sky130_fd_sc_hd__mux2_1)
                                                         _027_ (net)
                      0.029204    0.000034    0.968096 ^ _659_/D (sky130_fd_sc_hd__dfxtp_1)
                                              0.968096   data arrival time

                                  0.000000    0.000000   clock wr_clk (rise edge)
                                  0.000000    0.000000   clock source latency
     1    0.023866    0.084296    0.058566    0.058566 ^ wr_clk (in)
                                                         wr_clk (net)
                      0.084348    0.000000    0.058566 ^ clkbuf_0_wr_clk/A (sky130_fd_sc_hd__clkbuf_16)
    16    0.103559    0.091422    0.146129    0.204695 ^ clkbuf_0_wr_clk/X (sky130_fd_sc_hd__clkbuf_16)
                                                         clknet_0_wr_clk (net)
                      0.091540    0.002120    0.206815 ^ clkbuf_4_3_0_wr_clk/A (sky130_fd_sc_hd__clkbuf_8)
     9    0.034848    0.055467    0.118753    0.325568 ^ clkbuf_4_3_0_wr_clk/X (sky130_fd_sc_hd__clkbuf_8)
                                                         clknet_4_3_0_wr_clk (net)
                      0.055467    0.000220    0.325788 ^ _659_/CLK (sky130_fd_sc_hd__dfxtp_1)
                                  0.250000    0.575788   clock uncertainty
                                  0.000000    0.575788   clock reconvergence pessimism
                                 -0.016589    0.559198   library hold time
                                              0.559198   data required time
---------------------------------------------------------------------------------------------
                                              0.559198   data required time
                                             -0.968096   data arrival time
---------------------------------------------------------------------------------------------
                                              0.408898   slack (MET)


Startpoint: _758_ (rising edge-triggered flip-flop clocked by wr_clk)
Endpoint: _744_ (rising edge-triggered flip-flop clocked by wr_clk)
Path Group: wr_clk
Path Type: min

Fanout         Cap        Slew       Delay        Time   Description
---------------------------------------------------------------------------------------------
                                  0.000000    0.000000   clock wr_clk (rise edge)
                                  0.000000    0.000000   clock source latency
     1    0.023866    0.084296    0.058566    0.058566 ^ wr_clk (in)
                                                         wr_clk (net)
                      0.084348    0.000000    0.058566 ^ clkbuf_0_wr_clk/A (sky130_fd_sc_hd__clkbuf_16)
    16    0.103559    0.091422    0.146129    0.204695 ^ clkbuf_0_wr_clk/X (sky130_fd_sc_hd__clkbuf_16)
                                                         clknet_0_wr_clk (net)
                      0.091488    0.001187    0.205883 ^ clkbuf_4_13_0_wr_clk/A (sky130_fd_sc_hd__clkbuf_8)
     8    0.041541    0.063558    0.124623    0.330506 ^ clkbuf_4_13_0_wr_clk/X (sky130_fd_sc_hd__clkbuf_8)
                                                         clknet_4_13_0_wr_clk (net)
                      0.063568    0.000788    0.331294 ^ _758_/CLK (sky130_fd_sc_hd__dfrtp_1)
     5    0.018062    0.124814    0.278254    0.609548 ^ _758_/Q (sky130_fd_sc_hd__dfrtp_1)
                                                         wr_bin[1] (net)
                      0.124814    0.000226    0.609774 ^ _306_/A (sky130_fd_sc_hd__inv_2)
     4    0.021039    0.053497    0.054238    0.664013 v _306_/Y (sky130_fd_sc_hd__inv_2)
                                                         _137_ (net)
                      0.053497    0.000163    0.664176 v _493_/A (sky130_fd_sc_hd__nand2_4)
     4    0.042233    0.098002    0.098268    0.762444 ^ _493_/Y (sky130_fd_sc_hd__nand2_4)
                                                         _286_ (net)
                      0.098017    0.001014    0.763458 ^ _597_/A (sky130_fd_sc_hd__nor2_4)
     8    0.058649    0.067450    0.070994    0.834452 v _597_/Y (sky130_fd_sc_hd__nor2_4)
                                                         _302_ (net)
                      0.067527    0.001807    0.836259 v _605_/S (sky130_fd_sc_hd__mux2_1)
     1    0.002988    0.029771    0.137915    0.974174 ^ _605_/X (sky130_fd_sc_hd__mux2_1)
                                                         _111_ (net)
                      0.029771    0.000036    0.974210 ^ _744_/D (sky130_fd_sc_hd__dfxtp_1)
                                              0.974210   data arrival time

                                  0.000000    0.000000   clock wr_clk (rise edge)
                                  0.000000    0.000000   clock source latency
     1    0.023866    0.084296    0.058566    0.058566 ^ wr_clk (in)
                                                         wr_clk (net)
                      0.084348    0.000000    0.058566 ^ clkbuf_0_wr_clk/A (sky130_fd_sc_hd__clkbuf_16)
    16    0.103559    0.091422    0.146129    0.204695 ^ clkbuf_0_wr_clk/X (sky130_fd_sc_hd__clkbuf_16)
                                                         clknet_0_wr_clk (net)
                      0.091561    0.002391    0.207086 ^ clkbuf_4_1_0_wr_clk/A (sky130_fd_sc_hd__clkbuf_8)
    14    0.040328    0.062088    0.123577    0.330663 ^ clkbuf_4_1_0_wr_clk/X (sky130_fd_sc_hd__clkbuf_8)
                                                         clknet_4_1_0_wr_clk (net)
                      0.062094    0.000664    0.331327 ^ _744_/CLK (sky130_fd_sc_hd__dfxtp_1)
                                  0.250000    0.581327   clock uncertainty
                                  0.000000    0.581327   clock reconvergence pessimism
                                 -0.016471    0.564856   library hold time
                                              0.564856   data required time
---------------------------------------------------------------------------------------------
                                              0.564856   data required time
                                             -0.974210   data arrival time
---------------------------------------------------------------------------------------------
                                              0.409354   slack (MET)


Startpoint: _805_ (rising edge-triggered flip-flop clocked by wr_clk)
Endpoint: _805_ (rising edge-triggered flip-flop clocked by wr_clk)
Path Group: wr_clk
Path Type: min

Fanout         Cap        Slew       Delay        Time   Description
---------------------------------------------------------------------------------------------
                                  0.000000    0.000000   clock wr_clk (rise edge)
                                  0.000000    0.000000   clock source latency
     1    0.023866    0.084296    0.058566    0.058566 ^ wr_clk (in)
                                                         wr_clk (net)
                      0.084348    0.000000    0.058566 ^ clkbuf_0_wr_clk/A (sky130_fd_sc_hd__clkbuf_16)
    16    0.103559    0.091422    0.146129    0.204695 ^ clkbuf_0_wr_clk/X (sky130_fd_sc_hd__clkbuf_16)
                                                         clknet_0_wr_clk (net)
                      0.091542    0.002149    0.206845 ^ clkbuf_4_2_0_wr_clk/A (sky130_fd_sc_hd__clkbuf_8)
    13    0.039895    0.061436    0.122891    0.329735 ^ clkbuf_4_2_0_wr_clk/X (sky130_fd_sc_hd__clkbuf_8)
                                                         clknet_4_2_0_wr_clk (net)
                      0.061467    0.001261    0.330997 ^ _805_/CLK (sky130_fd_sc_hd__dfxtp_1)
     2    0.004797    0.042193    0.202907    0.533904 ^ _805_/Q (sky130_fd_sc_hd__dfxtp_1)
                                                         mem[9][3] (net)
                      0.042193    0.000057    0.533961 ^ hold83/A (sky130_fd_sc_hd__dlygate4sd3_1)
     1    0.002027    0.032929    0.368245    0.902206 ^ hold83/X (sky130_fd_sc_hd__dlygate4sd3_1)
                                                         net159 (net)
                      0.032929    0.000010    0.902215 ^ _627_/A0 (sky130_fd_sc_hd__mux2_1)
     1    0.002782    0.028589    0.071764    0.973979 ^ _627_/X (sky130_fd_sc_hd__mux2_1)
                                                         _131_ (net)
                      0.028589    0.000033    0.974012 ^ _805_/D (sky130_fd_sc_hd__dfxtp_1)
                                              0.974012   data arrival time

                                  0.000000    0.000000   clock wr_clk (rise edge)
                                  0.000000    0.000000   clock source latency
     1    0.023866    0.084296    0.058566    0.058566 ^ wr_clk (in)
                                                         wr_clk (net)
                      0.084348    0.000000    0.058566 ^ clkbuf_0_wr_clk/A (sky130_fd_sc_hd__clkbuf_16)
    16    0.103559    0.091422    0.146129    0.204695 ^ clkbuf_0_wr_clk/X (sky130_fd_sc_hd__clkbuf_16)
                                                         clknet_0_wr_clk (net)
                      0.091542    0.002149    0.206845 ^ clkbuf_4_2_0_wr_clk/A (sky130_fd_sc_hd__clkbuf_8)
    13    0.039895    0.061436    0.122891    0.329735 ^ clkbuf_4_2_0_wr_clk/X (sky130_fd_sc_hd__clkbuf_8)
                                                         clknet_4_2_0_wr_clk (net)
                      0.061467    0.001261    0.330997 ^ _805_/CLK (sky130_fd_sc_hd__dfxtp_1)
                                  0.250000    0.580997   clock uncertainty
                                  0.000000    0.580997   clock reconvergence pessimism
                                 -0.016403    0.564594   library hold time
                                              0.564594   data required time
---------------------------------------------------------------------------------------------
                                              0.564594   data required time
                                             -0.974012   data arrival time
---------------------------------------------------------------------------------------------
                                              0.409418   slack (MET)


Startpoint: _720_ (rising edge-triggered flip-flop clocked by wr_clk)
Endpoint: _720_ (rising edge-triggered flip-flop clocked by wr_clk)
Path Group: wr_clk
Path Type: min

Fanout         Cap        Slew       Delay        Time   Description
---------------------------------------------------------------------------------------------
                                  0.000000    0.000000   clock wr_clk (rise edge)
                                  0.000000    0.000000   clock source latency
     1    0.023866    0.084296    0.058566    0.058566 ^ wr_clk (in)
                                                         wr_clk (net)
                      0.084348    0.000000    0.058566 ^ clkbuf_0_wr_clk/A (sky130_fd_sc_hd__clkbuf_16)
    16    0.103559    0.091422    0.146129    0.204695 ^ clkbuf_0_wr_clk/X (sky130_fd_sc_hd__clkbuf_16)
                                                         clknet_0_wr_clk (net)
                      0.091550    0.002254    0.206949 ^ clkbuf_4_6_0_wr_clk/A (sky130_fd_sc_hd__clkbuf_8)
     9    0.034708    0.055227    0.118520    0.325469 ^ clkbuf_4_6_0_wr_clk/X (sky130_fd_sc_hd__clkbuf_8)
                                                         clknet_4_6_0_wr_clk (net)
                      0.055228    0.000315    0.325784 ^ _720_/CLK (sky130_fd_sc_hd__dfxtp_1)
     2    0.004727    0.041741    0.200957    0.526741 ^ _720_/Q (sky130_fd_sc_hd__dfxtp_1)
                                                         mem[2][0] (net)
                      0.041741    0.000026    0.526767 ^ hold30/A (sky130_fd_sc_hd__dlygate4sd3_1)
     1    0.002670    0.036521    0.372262    0.899029 ^ hold30/X (sky130_fd_sc_hd__dlygate4sd3_1)
                                                         net106 (net)
                      0.036521    0.000028    0.899056 ^ _580_/A0 (sky130_fd_sc_hd__mux2_1)
     1    0.002288    0.025821    0.070191    0.969248 ^ _580_/X (sky130_fd_sc_hd__mux2_1)
                                                         _088_ (net)
                      0.025821    0.000021    0.969268 ^ _720_/D (sky130_fd_sc_hd__dfxtp_1)
                                              0.969268   data arrival time

                                  0.000000    0.000000   clock wr_clk (rise edge)
                                  0.000000    0.000000   clock source latency
     1    0.023866    0.084296    0.058566    0.058566 ^ wr_clk (in)
                                                         wr_clk (net)
                      0.084348    0.000000    0.058566 ^ clkbuf_0_wr_clk/A (sky130_fd_sc_hd__clkbuf_16)
    16    0.103559    0.091422    0.146129    0.204695 ^ clkbuf_0_wr_clk/X (sky130_fd_sc_hd__clkbuf_16)
                                                         clknet_0_wr_clk (net)
                      0.091550    0.002254    0.206949 ^ clkbuf_4_6_0_wr_clk/A (sky130_fd_sc_hd__clkbuf_8)
     9    0.034708    0.055227    0.118520    0.325469 ^ clkbuf_4_6_0_wr_clk/X (sky130_fd_sc_hd__clkbuf_8)
                                                         clknet_4_6_0_wr_clk (net)
                      0.055228    0.000315    0.325784 ^ _720_/CLK (sky130_fd_sc_hd__dfxtp_1)
                                  0.250000    0.575784   clock uncertainty
                                  0.000000    0.575784   clock reconvergence pessimism
                                 -0.016357    0.559428   library hold time
                                              0.559428   data required time
---------------------------------------------------------------------------------------------
                                              0.559428   data required time
                                             -0.969268   data arrival time
---------------------------------------------------------------------------------------------
                                              0.409840   slack (MET)


Startpoint: _660_ (rising edge-triggered flip-flop clocked by wr_clk)
Endpoint: _660_ (rising edge-triggered flip-flop clocked by wr_clk)
Path Group: wr_clk
Path Type: min

Fanout         Cap        Slew       Delay        Time   Description
---------------------------------------------------------------------------------------------
                                  0.000000    0.000000   clock wr_clk (rise edge)
                                  0.000000    0.000000   clock source latency
     1    0.023866    0.084296    0.058566    0.058566 ^ wr_clk (in)
                                                         wr_clk (net)
                      0.084348    0.000000    0.058566 ^ clkbuf_0_wr_clk/A (sky130_fd_sc_hd__clkbuf_16)
    16    0.103559    0.091422    0.146129    0.204695 ^ clkbuf_0_wr_clk/X (sky130_fd_sc_hd__clkbuf_16)
                                                         clknet_0_wr_clk (net)
                      0.091477    0.000841    0.205536 ^ clkbuf_4_11_0_wr_clk/A (sky130_fd_sc_hd__clkbuf_8)
     8    0.037940    0.059193    0.121489    0.327025 ^ clkbuf_4_11_0_wr_clk/X (sky130_fd_sc_hd__clkbuf_8)
                                                         clknet_4_11_0_wr_clk (net)
                      0.059193    0.000218    0.327243 ^ _660_/CLK (sky130_fd_sc_hd__dfxtp_1)
     2    0.005491    0.046773    0.205664    0.532907 ^ _660_/Q (sky130_fd_sc_hd__dfxtp_1)
                                                         mem[12][4] (net)
                      0.046773    0.000048    0.532955 ^ hold65/A (sky130_fd_sc_hd__dlygate4sd3_1)
     1    0.002120    0.033428    0.369824    0.902779 ^ hold65/X (sky130_fd_sc_hd__dlygate4sd3_1)
                                                         net141 (net)
                      0.033428    0.000018    0.902798 ^ _509_/A0 (sky130_fd_sc_hd__mux2_1)
     1    0.002078    0.024672    0.068229    0.971026 ^ _509_/X (sky130_fd_sc_hd__mux2_1)
                                                         _028_ (net)
                      0.024672    0.000010    0.971036 ^ _660_/D (sky130_fd_sc_hd__dfxtp_1)
                                              0.971036   data arrival time

                                  0.000000    0.000000   clock wr_clk (rise edge)
                                  0.000000    0.000000   clock source latency
     1    0.023866    0.084296    0.058566    0.058566 ^ wr_clk (in)
                                                         wr_clk (net)
                      0.084348    0.000000    0.058566 ^ clkbuf_0_wr_clk/A (sky130_fd_sc_hd__clkbuf_16)
    16    0.103559    0.091422    0.146129    0.204695 ^ clkbuf_0_wr_clk/X (sky130_fd_sc_hd__clkbuf_16)
                                                         clknet_0_wr_clk (net)
                      0.091477    0.000841    0.205536 ^ clkbuf_4_11_0_wr_clk/A (sky130_fd_sc_hd__clkbuf_8)
     8    0.037940    0.059193    0.121489    0.327025 ^ clkbuf_4_11_0_wr_clk/X (sky130_fd_sc_hd__clkbuf_8)
                                                         clknet_4_11_0_wr_clk (net)
                      0.059193    0.000218    0.327243 ^ _660_/CLK (sky130_fd_sc_hd__dfxtp_1)
                                  0.250000    0.577243   clock uncertainty
                                  0.000000    0.577243   clock reconvergence pessimism
                                 -0.016181    0.561062   library hold time
                                              0.561062   data required time
---------------------------------------------------------------------------------------------
                                              0.561062   data required time
                                             -0.971036   data arrival time
---------------------------------------------------------------------------------------------
                                              0.409974   slack (MET)


Startpoint: _686_ (rising edge-triggered flip-flop clocked by wr_clk)
Endpoint: _686_ (rising edge-triggered flip-flop clocked by wr_clk)
Path Group: wr_clk
Path Type: min

Fanout         Cap        Slew       Delay        Time   Description
---------------------------------------------------------------------------------------------
                                  0.000000    0.000000   clock wr_clk (rise edge)
                                  0.000000    0.000000   clock source latency
     1    0.023866    0.084296    0.058566    0.058566 ^ wr_clk (in)
                                                         wr_clk (net)
                      0.084348    0.000000    0.058566 ^ clkbuf_0_wr_clk/A (sky130_fd_sc_hd__clkbuf_16)
    16    0.103559    0.091422    0.146129    0.204695 ^ clkbuf_0_wr_clk/X (sky130_fd_sc_hd__clkbuf_16)
                                                         clknet_0_wr_clk (net)
                      0.091562    0.002410    0.207105 ^ clkbuf_4_5_0_wr_clk/A (sky130_fd_sc_hd__clkbuf_8)
    14    0.040239    0.061867    0.123319    0.330424 ^ clkbuf_4_5_0_wr_clk/X (sky130_fd_sc_hd__clkbuf_8)
                                                         clknet_4_5_0_wr_clk (net)
                      0.061882    0.000931    0.331356 ^ _686_/CLK (sky130_fd_sc_hd__dfxtp_1)
     2    0.005337    0.045750    0.205624    0.536980 ^ _686_/Q (sky130_fd_sc_hd__dfxtp_1)
                                                         mem[10][6] (net)
                      0.045750    0.000040    0.537020 ^ hold78/A (sky130_fd_sc_hd__dlygate4sd3_1)
     1    0.002102    0.033334    0.369493    0.906513 ^ hold78/X (sky130_fd_sc_hd__dlygate4sd3_1)
                                                         net154 (net)
                      0.033334    0.000018    0.906532 ^ _540_/A0 (sky130_fd_sc_hd__mux2_1)
     1    0.002164    0.025144    0.068650    0.975182 ^ _540_/X (sky130_fd_sc_hd__mux2_1)
                                                         _054_ (net)
                      0.025144    0.000021    0.975202 ^ _686_/D (sky130_fd_sc_hd__dfxtp_1)
                                              0.975202   data arrival time

                                  0.000000    0.000000   clock wr_clk (rise edge)
                                  0.000000    0.000000   clock source latency
     1    0.023866    0.084296    0.058566    0.058566 ^ wr_clk (in)
                                                         wr_clk (net)
                      0.084348    0.000000    0.058566 ^ clkbuf_0_wr_clk/A (sky130_fd_sc_hd__clkbuf_16)
    16    0.103559    0.091422    0.146129    0.204695 ^ clkbuf_0_wr_clk/X (sky130_fd_sc_hd__clkbuf_16)
                                                         clknet_0_wr_clk (net)
                      0.091562    0.002410    0.207105 ^ clkbuf_4_5_0_wr_clk/A (sky130_fd_sc_hd__clkbuf_8)
    14    0.040239    0.061867    0.123319    0.330424 ^ clkbuf_4_5_0_wr_clk/X (sky130_fd_sc_hd__clkbuf_8)
                                                         clknet_4_5_0_wr_clk (net)
                      0.061882    0.000931    0.331356 ^ _686_/CLK (sky130_fd_sc_hd__dfxtp_1)
                                  0.250000    0.581356   clock uncertainty
                                  0.000000    0.581356   clock reconvergence pessimism
                                 -0.016150    0.565205   library hold time
                                              0.565205   data required time
---------------------------------------------------------------------------------------------
                                              0.565205   data required time
                                             -0.975202   data arrival time
---------------------------------------------------------------------------------------------
                                              0.409997   slack (MET)


Startpoint: _764_ (rising edge-triggered flip-flop clocked by wr_clk)
Endpoint: _764_ (rising edge-triggered flip-flop clocked by wr_clk)
Path Group: wr_clk
Path Type: min

Fanout         Cap        Slew       Delay        Time   Description
---------------------------------------------------------------------------------------------
                                  0.000000    0.000000   clock wr_clk (rise edge)
                                  0.000000    0.000000   clock source latency
     1    0.023866    0.084296    0.058566    0.058566 ^ wr_clk (in)
                                                         wr_clk (net)
                      0.084348    0.000000    0.058566 ^ clkbuf_0_wr_clk/A (sky130_fd_sc_hd__clkbuf_16)
    16    0.103559    0.091422    0.146129    0.204695 ^ clkbuf_0_wr_clk/X (sky130_fd_sc_hd__clkbuf_16)
                                                         clknet_0_wr_clk (net)
                      0.091564    0.002429    0.207124 ^ clkbuf_4_4_0_wr_clk/A (sky130_fd_sc_hd__clkbuf_8)
    13    0.041993    0.063991    0.124944    0.332068 ^ clkbuf_4_4_0_wr_clk/X (sky130_fd_sc_hd__clkbuf_8)
                                                         clknet_4_4_0_wr_clk (net)
                      0.063997    0.000676    0.332744 ^ _764_/CLK (sky130_fd_sc_hd__dfxtp_1)
     2    0.004346    0.039209    0.201402    0.534146 ^ _764_/Q (sky130_fd_sc_hd__dfxtp_1)
                                                         mem[4][2] (net)
                      0.039209    0.000041    0.534187 ^ hold53/A (sky130_fd_sc_hd__dlygate4sd3_1)
     1    0.002025    0.032914    0.367589    0.901777 ^ hold53/X (sky130_fd_sc_hd__dlygate4sd3_1)
                                                         net129 (net)
                      0.032914    0.000018    0.901794 ^ _609_/A0 (sky130_fd_sc_hd__mux2_1)
     1    0.003285    0.031480    0.074385    0.976179 ^ _609_/X (sky130_fd_sc_hd__mux2_1)
                                                         _114_ (net)
                      0.031480    0.000044    0.976223 ^ _764_/D (sky130_fd_sc_hd__dfxtp_1)
                                              0.976223   data arrival time

                                  0.000000    0.000000   clock wr_clk (rise edge)
                                  0.000000    0.000000   clock source latency
     1    0.023866    0.084296    0.058566    0.058566 ^ wr_clk (in)
                                                         wr_clk (net)
                      0.084348    0.000000    0.058566 ^ clkbuf_0_wr_clk/A (sky130_fd_sc_hd__clkbuf_16)
    16    0.103559    0.091422    0.146129    0.204695 ^ clkbuf_0_wr_clk/X (sky130_fd_sc_hd__clkbuf_16)
                                                         clknet_0_wr_clk (net)
                      0.091564    0.002429    0.207124 ^ clkbuf_4_4_0_wr_clk/A (sky130_fd_sc_hd__clkbuf_8)
    13    0.041993    0.063991    0.124944    0.332068 ^ clkbuf_4_4_0_wr_clk/X (sky130_fd_sc_hd__clkbuf_8)
                                                         clknet_4_4_0_wr_clk (net)
                      0.063997    0.000676    0.332744 ^ _764_/CLK (sky130_fd_sc_hd__dfxtp_1)
                                  0.250000    0.582744   clock uncertainty
                                  0.000000    0.582744   clock reconvergence pessimism
                                 -0.016546    0.566198   library hold time
                                              0.566198   data required time
---------------------------------------------------------------------------------------------
                                              0.566198   data required time
                                             -0.976223   data arrival time
---------------------------------------------------------------------------------------------
                                              0.410026   slack (MET)


Startpoint: _678_ (rising edge-triggered flip-flop clocked by wr_clk)
Endpoint: _678_ (rising edge-triggered flip-flop clocked by wr_clk)
Path Group: wr_clk
Path Type: min

Fanout         Cap        Slew       Delay        Time   Description
---------------------------------------------------------------------------------------------
                                  0.000000    0.000000   clock wr_clk (rise edge)
                                  0.000000    0.000000   clock source latency
     1    0.023866    0.084296    0.058566    0.058566 ^ wr_clk (in)
                                                         wr_clk (net)
                      0.084348    0.000000    0.058566 ^ clkbuf_0_wr_clk/A (sky130_fd_sc_hd__clkbuf_16)
    16    0.103559    0.091422    0.146129    0.204695 ^ clkbuf_0_wr_clk/X (sky130_fd_sc_hd__clkbuf_16)
                                                         clknet_0_wr_clk (net)
                      0.091552    0.002278    0.206973 ^ clkbuf_4_7_0_wr_clk/A (sky130_fd_sc_hd__clkbuf_8)
    11    0.039392    0.060858    0.122715    0.329688 ^ clkbuf_4_7_0_wr_clk/X (sky130_fd_sc_hd__clkbuf_8)
                                                         clknet_4_7_0_wr_clk (net)
                      0.060858    0.000167    0.329855 ^ _678_/CLK (sky130_fd_sc_hd__dfxtp_1)
     2    0.004806    0.042257    0.202803    0.532658 ^ _678_/Q (sky130_fd_sc_hd__dfxtp_1)
                                                         mem[1][6] (net)
                      0.042257    0.000036    0.532694 ^ hold49/A (sky130_fd_sc_hd__dlygate4sd3_1)
     1    0.002505    0.035567    0.371315    0.904009 ^ hold49/X (sky130_fd_sc_hd__dlygate4sd3_1)
                                                         net125 (net)
                      0.035567    0.000027    0.904035 ^ _531_/A0 (sky130_fd_sc_hd__mux2_1)
     1    0.002297    0.025871    0.069971    0.974007 ^ _531_/X (sky130_fd_sc_hd__mux2_1)
                                                         _046_ (net)
                      0.025871    0.000022    0.974029 ^ _678_/D (sky130_fd_sc_hd__dfxtp_1)
                                              0.974029   data arrival time

                                  0.000000    0.000000   clock wr_clk (rise edge)
                                  0.000000    0.000000   clock source latency
     1    0.023866    0.084296    0.058566    0.058566 ^ wr_clk (in)
                                                         wr_clk (net)
                      0.084348    0.000000    0.058566 ^ clkbuf_0_wr_clk/A (sky130_fd_sc_hd__clkbuf_16)
    16    0.103559    0.091422    0.146129    0.204695 ^ clkbuf_0_wr_clk/X (sky130_fd_sc_hd__clkbuf_16)
                                                         clknet_0_wr_clk (net)
                      0.091552    0.002278    0.206973 ^ clkbuf_4_7_0_wr_clk/A (sky130_fd_sc_hd__clkbuf_8)
    11    0.039392    0.060858    0.122715    0.329688 ^ clkbuf_4_7_0_wr_clk/X (sky130_fd_sc_hd__clkbuf_8)
                                                         clknet_4_7_0_wr_clk (net)
                      0.060858    0.000167    0.329855 ^ _678_/CLK (sky130_fd_sc_hd__dfxtp_1)
                                  0.250000    0.579855   clock uncertainty
                                  0.000000    0.579855   clock reconvergence pessimism
                                 -0.016226    0.563629   library hold time
                                              0.563629   data required time
---------------------------------------------------------------------------------------------
                                              0.563629   data required time
                                             -0.974029   data arrival time
---------------------------------------------------------------------------------------------
                                              0.410400   slack (MET)


Startpoint: _724_ (rising edge-triggered flip-flop clocked by wr_clk)
Endpoint: _724_ (rising edge-triggered flip-flop clocked by wr_clk)
Path Group: wr_clk
Path Type: min

Fanout         Cap        Slew       Delay        Time   Description
---------------------------------------------------------------------------------------------
                                  0.000000    0.000000   clock wr_clk (rise edge)
                                  0.000000    0.000000   clock source latency
     1    0.023866    0.084296    0.058566    0.058566 ^ wr_clk (in)
                                                         wr_clk (net)
                      0.084348    0.000000    0.058566 ^ clkbuf_0_wr_clk/A (sky130_fd_sc_hd__clkbuf_16)
    16    0.103559    0.091422    0.146129    0.204695 ^ clkbuf_0_wr_clk/X (sky130_fd_sc_hd__clkbuf_16)
                                                         clknet_0_wr_clk (net)
                      0.091476    0.000811    0.205506 ^ clkbuf_4_10_0_wr_clk/A (sky130_fd_sc_hd__clkbuf_8)
    13    0.041068    0.062866    0.124097    0.329603 ^ clkbuf_4_10_0_wr_clk/X (sky130_fd_sc_hd__clkbuf_8)
                                                         clknet_4_10_0_wr_clk (net)
                      0.062878    0.000889    0.330492 ^ _724_/CLK (sky130_fd_sc_hd__dfxtp_1)
     2    0.005258    0.045228    0.205502    0.535995 ^ _724_/Q (sky130_fd_sc_hd__dfxtp_1)
                                                         mem[2][4] (net)
                      0.045228    0.000044    0.536039 ^ hold105/A (sky130_fd_sc_hd__dlygate4sd3_1)
     1    0.002138    0.033532    0.369615    0.905654 ^ hold105/X (sky130_fd_sc_hd__dlygate4sd3_1)
                                                         net181 (net)
                      0.033532    0.000010    0.905664 ^ _584_/A0 (sky130_fd_sc_hd__mux2_1)
     1    0.002234    0.025526    0.069071    0.974735 ^ _584_/X (sky130_fd_sc_hd__mux2_1)
                                                         _092_ (net)
                      0.025526    0.000021    0.974756 ^ _724_/D (sky130_fd_sc_hd__dfxtp_1)
                                              0.974756   data arrival time

                                  0.000000    0.000000   clock wr_clk (rise edge)
                                  0.000000    0.000000   clock source latency
     1    0.023866    0.084296    0.058566    0.058566 ^ wr_clk (in)
                                                         wr_clk (net)
                      0.084348    0.000000    0.058566 ^ clkbuf_0_wr_clk/A (sky130_fd_sc_hd__clkbuf_16)
    16    0.103559    0.091422    0.146129    0.204695 ^ clkbuf_0_wr_clk/X (sky130_fd_sc_hd__clkbuf_16)
                                                         clknet_0_wr_clk (net)
                      0.091476    0.000811    0.205506 ^ clkbuf_4_10_0_wr_clk/A (sky130_fd_sc_hd__clkbuf_8)
    13    0.041068    0.062866    0.124097    0.329603 ^ clkbuf_4_10_0_wr_clk/X (sky130_fd_sc_hd__clkbuf_8)
                                                         clknet_4_10_0_wr_clk (net)
                      0.062878    0.000889    0.330492 ^ _724_/CLK (sky130_fd_sc_hd__dfxtp_1)
                                  0.250000    0.580492   clock uncertainty
                                  0.000000    0.580492   clock reconvergence pessimism
                                 -0.016154    0.564339   library hold time
                                              0.564339   data required time
---------------------------------------------------------------------------------------------
                                              0.564339   data required time
                                             -0.974756   data arrival time
---------------------------------------------------------------------------------------------
                                              0.410417   slack (MET)


Startpoint: _733_ (rising edge-triggered flip-flop clocked by wr_clk)
Endpoint: _733_ (rising edge-triggered flip-flop clocked by wr_clk)
Path Group: wr_clk
Path Type: min

Fanout         Cap        Slew       Delay        Time   Description
---------------------------------------------------------------------------------------------
                                  0.000000    0.000000   clock wr_clk (rise edge)
                                  0.000000    0.000000   clock source latency
     1    0.023866    0.084296    0.058566    0.058566 ^ wr_clk (in)
                                                         wr_clk (net)
                      0.084348    0.000000    0.058566 ^ clkbuf_0_wr_clk/A (sky130_fd_sc_hd__clkbuf_16)
    16    0.103559    0.091422    0.146129    0.204695 ^ clkbuf_0_wr_clk/X (sky130_fd_sc_hd__clkbuf_16)
                                                         clknet_0_wr_clk (net)
                      0.091558    0.002356    0.207051 ^ clkbuf_4_0_0_wr_clk/A (sky130_fd_sc_hd__clkbuf_8)
    14    0.040703    0.062407    0.123583    0.330634 ^ clkbuf_4_0_0_wr_clk/X (sky130_fd_sc_hd__clkbuf_8)
                                                         clknet_4_0_0_wr_clk (net)
                      0.062443    0.001389    0.332024 ^ _733_/CLK (sky130_fd_sc_hd__dfxtp_1)
     2    0.004342    0.039183    0.200984    0.533007 ^ _733_/Q (sky130_fd_sc_hd__dfxtp_1)
                                                         mem[3][5] (net)
                      0.039183    0.000022    0.533030 ^ hold94/A (sky130_fd_sc_hd__dlygate4sd3_1)
     1    0.002810    0.037403    0.372611    0.905641 ^ hold94/X (sky130_fd_sc_hd__dlygate4sd3_1)
                                                         net170 (net)
                      0.037403    0.000029    0.905670 ^ _594_/A1 (sky130_fd_sc_hd__mux2_1)
     1    0.002056    0.024784    0.070735    0.976405 ^ _594_/X (sky130_fd_sc_hd__mux2_1)
                                                         _101_ (net)
                      0.024784    0.000018    0.976423 ^ _733_/D (sky130_fd_sc_hd__dfxtp_1)
                                              0.976423   data arrival time

                                  0.000000    0.000000   clock wr_clk (rise edge)
                                  0.000000    0.000000   clock source latency
     1    0.023866    0.084296    0.058566    0.058566 ^ wr_clk (in)
                                                         wr_clk (net)
                      0.084348    0.000000    0.058566 ^ clkbuf_0_wr_clk/A (sky130_fd_sc_hd__clkbuf_16)
    16    0.103559    0.091422    0.146129    0.204695 ^ clkbuf_0_wr_clk/X (sky130_fd_sc_hd__clkbuf_16)
                                                         clknet_0_wr_clk (net)
                      0.091558    0.002356    0.207051 ^ clkbuf_4_0_0_wr_clk/A (sky130_fd_sc_hd__clkbuf_8)
    14    0.040703    0.062407    0.123583    0.330634 ^ clkbuf_4_0_0_wr_clk/X (sky130_fd_sc_hd__clkbuf_8)
                                                         clknet_4_0_0_wr_clk (net)
                      0.062443    0.001389    0.332024 ^ _733_/CLK (sky130_fd_sc_hd__dfxtp_1)
                                  0.250000    0.582024   clock uncertainty
                                  0.000000    0.582024   clock reconvergence pessimism
                                 -0.016112    0.565912   library hold time
                                              0.565912   data required time
---------------------------------------------------------------------------------------------
                                              0.565912   data required time
                                             -0.976423   data arrival time
---------------------------------------------------------------------------------------------
                                              0.410511   slack (MET)


Startpoint: _722_ (rising edge-triggered flip-flop clocked by wr_clk)
Endpoint: _722_ (rising edge-triggered flip-flop clocked by wr_clk)
Path Group: wr_clk
Path Type: min

Fanout         Cap        Slew       Delay        Time   Description
---------------------------------------------------------------------------------------------
                                  0.000000    0.000000   clock wr_clk (rise edge)
                                  0.000000    0.000000   clock source latency
     1    0.023866    0.084296    0.058566    0.058566 ^ wr_clk (in)
                                                         wr_clk (net)
                      0.084348    0.000000    0.058566 ^ clkbuf_0_wr_clk/A (sky130_fd_sc_hd__clkbuf_16)
    16    0.103559    0.091422    0.146129    0.204695 ^ clkbuf_0_wr_clk/X (sky130_fd_sc_hd__clkbuf_16)
                                                         clknet_0_wr_clk (net)
                      0.091550    0.002254    0.206949 ^ clkbuf_4_6_0_wr_clk/A (sky130_fd_sc_hd__clkbuf_8)
     9    0.034708    0.055227    0.118520    0.325469 ^ clkbuf_4_6_0_wr_clk/X (sky130_fd_sc_hd__clkbuf_8)
                                                         clknet_4_6_0_wr_clk (net)
                      0.055235    0.000645    0.326115 ^ _722_/CLK (sky130_fd_sc_hd__dfxtp_1)
     2    0.005070    0.043996    0.202607    0.528722 ^ _722_/Q (sky130_fd_sc_hd__dfxtp_1)
                                                         mem[2][2] (net)
                      0.043996    0.000045    0.528767 ^ hold17/A (sky130_fd_sc_hd__dlygate4sd3_1)
     1    0.002577    0.035981    0.372149    0.900916 ^ hold17/X (sky130_fd_sc_hd__dlygate4sd3_1)
                                                         net93 (net)
                      0.035981    0.000027    0.900943 ^ _582_/A0 (sky130_fd_sc_hd__mux2_1)
     1    0.002176    0.025204    0.069450    0.970394 ^ _582_/X (sky130_fd_sc_hd__mux2_1)
                                                         _090_ (net)
                      0.025204    0.000020    0.970414 ^ _722_/D (sky130_fd_sc_hd__dfxtp_1)
                                              0.970414   data arrival time

                                  0.000000    0.000000   clock wr_clk (rise edge)
                                  0.000000    0.000000   clock source latency
     1    0.023866    0.084296    0.058566    0.058566 ^ wr_clk (in)
                                                         wr_clk (net)
                      0.084348    0.000000    0.058566 ^ clkbuf_0_wr_clk/A (sky130_fd_sc_hd__clkbuf_16)
    16    0.103559    0.091422    0.146129    0.204695 ^ clkbuf_0_wr_clk/X (sky130_fd_sc_hd__clkbuf_16)
                                                         clknet_0_wr_clk (net)
                      0.091550    0.002254    0.206949 ^ clkbuf_4_6_0_wr_clk/A (sky130_fd_sc_hd__clkbuf_8)
     9    0.034708    0.055227    0.118520    0.325469 ^ clkbuf_4_6_0_wr_clk/X (sky130_fd_sc_hd__clkbuf_8)
                                                         clknet_4_6_0_wr_clk (net)
                      0.055235    0.000645    0.326115 ^ _722_/CLK (sky130_fd_sc_hd__dfxtp_1)
                                  0.250000    0.576115   clock uncertainty
                                  0.000000    0.576115   clock reconvergence pessimism
                                 -0.016313    0.559802   library hold time
                                              0.559802   data required time
---------------------------------------------------------------------------------------------
                                              0.559802   data required time
                                             -0.970414   data arrival time
---------------------------------------------------------------------------------------------
                                              0.410612   slack (MET)


Startpoint: _718_ (rising edge-triggered flip-flop clocked by wr_clk)
Endpoint: _718_ (rising edge-triggered flip-flop clocked by wr_clk)
Path Group: wr_clk
Path Type: min

Fanout         Cap        Slew       Delay        Time   Description
---------------------------------------------------------------------------------------------
                                  0.000000    0.000000   clock wr_clk (rise edge)
                                  0.000000    0.000000   clock source latency
     1    0.023866    0.084296    0.058566    0.058566 ^ wr_clk (in)
                                                         wr_clk (net)
                      0.084348    0.000000    0.058566 ^ clkbuf_0_wr_clk/A (sky130_fd_sc_hd__clkbuf_16)
    16    0.103559    0.091422    0.146129    0.204695 ^ clkbuf_0_wr_clk/X (sky130_fd_sc_hd__clkbuf_16)
                                                         clknet_0_wr_clk (net)
                      0.091562    0.002410    0.207105 ^ clkbuf_4_5_0_wr_clk/A (sky130_fd_sc_hd__clkbuf_8)
    14    0.040239    0.061867    0.123319    0.330424 ^ clkbuf_4_5_0_wr_clk/X (sky130_fd_sc_hd__clkbuf_8)
                                                         clknet_4_5_0_wr_clk (net)
                      0.061881    0.000889    0.331313 ^ _718_/CLK (sky130_fd_sc_hd__dfxtp_1)
     2    0.005458    0.046555    0.206202    0.537516 ^ _718_/Q (sky130_fd_sc_hd__dfxtp_1)
                                                         mem[6][6] (net)
                      0.046555    0.000050    0.537565 ^ hold67/A (sky130_fd_sc_hd__dlygate4sd3_1)
     1    0.002127    0.033465    0.369821    0.907386 ^ hold67/X (sky130_fd_sc_hd__dlygate4sd3_1)
                                                         net143 (net)
                      0.033465    0.000020    0.907406 ^ _577_/A0 (sky130_fd_sc_hd__mux2_1)
     1    0.002120    0.024902    0.068456    0.975862 ^ _577_/X (sky130_fd_sc_hd__mux2_1)
                                                         _086_ (net)
                      0.024902    0.000019    0.975881 ^ _718_/D (sky130_fd_sc_hd__dfxtp_1)
                                              0.975881   data arrival time

                                  0.000000    0.000000   clock wr_clk (rise edge)
                                  0.000000    0.000000   clock source latency
     1    0.023866    0.084296    0.058566    0.058566 ^ wr_clk (in)
                                                         wr_clk (net)
                      0.084348    0.000000    0.058566 ^ clkbuf_0_wr_clk/A (sky130_fd_sc_hd__clkbuf_16)
    16    0.103559    0.091422    0.146129    0.204695 ^ clkbuf_0_wr_clk/X (sky130_fd_sc_hd__clkbuf_16)
                                                         clknet_0_wr_clk (net)
                      0.091562    0.002410    0.207105 ^ clkbuf_4_5_0_wr_clk/A (sky130_fd_sc_hd__clkbuf_8)
    14    0.040239    0.061867    0.123319    0.330424 ^ clkbuf_4_5_0_wr_clk/X (sky130_fd_sc_hd__clkbuf_8)
                                                         clknet_4_5_0_wr_clk (net)
                      0.061881    0.000889    0.331313 ^ _718_/CLK (sky130_fd_sc_hd__dfxtp_1)
                                  0.250000    0.581313   clock uncertainty
                                  0.000000    0.581313   clock reconvergence pessimism
                                 -0.016133    0.565180   library hold time
                                              0.565180   data required time
---------------------------------------------------------------------------------------------
                                              0.565180   data required time
                                             -0.975881   data arrival time
---------------------------------------------------------------------------------------------
                                              0.410701   slack (MET)


Startpoint: _692_ (rising edge-triggered flip-flop clocked by wr_clk)
Endpoint: _692_ (rising edge-triggered flip-flop clocked by wr_clk)
Path Group: wr_clk
Path Type: min

Fanout         Cap        Slew       Delay        Time   Description
---------------------------------------------------------------------------------------------
                                  0.000000    0.000000   clock wr_clk (rise edge)
                                  0.000000    0.000000   clock source latency
     1    0.023866    0.084296    0.058566    0.058566 ^ wr_clk (in)
                                                         wr_clk (net)
                      0.084348    0.000000    0.058566 ^ clkbuf_0_wr_clk/A (sky130_fd_sc_hd__clkbuf_16)
    16    0.103559    0.091422    0.146129    0.204695 ^ clkbuf_0_wr_clk/X (sky130_fd_sc_hd__clkbuf_16)
                                                         clknet_0_wr_clk (net)
                      0.091476    0.000811    0.205506 ^ clkbuf_4_10_0_wr_clk/A (sky130_fd_sc_hd__clkbuf_8)
    13    0.041068    0.062866    0.124097    0.329603 ^ clkbuf_4_10_0_wr_clk/X (sky130_fd_sc_hd__clkbuf_8)
                                                         clknet_4_10_0_wr_clk (net)
                      0.062878    0.000903    0.330506 ^ _692_/CLK (sky130_fd_sc_hd__dfxtp_1)
     2    0.004754    0.041912    0.203074    0.533580 ^ _692_/Q (sky130_fd_sc_hd__dfxtp_1)
                                                         mem[0][4] (net)
                      0.041912    0.000049    0.533629 ^ hold58/A (sky130_fd_sc_hd__dlygate4sd3_1)
     1    0.002054    0.033074    0.368359    0.901988 ^ hold58/X (sky130_fd_sc_hd__dlygate4sd3_1)
                                                         net134 (net)
                      0.033074    0.000010    0.901998 ^ _547_/A0 (sky130_fd_sc_hd__mux2_1)
     1    0.002966    0.029645    0.072764    0.974762 ^ _547_/X (sky130_fd_sc_hd__mux2_1)
                                                         _060_ (net)
                      0.029645    0.000037    0.974800 ^ _692_/D (sky130_fd_sc_hd__dfxtp_1)
                                              0.974800   data arrival time

                                  0.000000    0.000000   clock wr_clk (rise edge)
                                  0.000000    0.000000   clock source latency
     1    0.023866    0.084296    0.058566    0.058566 ^ wr_clk (in)
                                                         wr_clk (net)
                      0.084348    0.000000    0.058566 ^ clkbuf_0_wr_clk/A (sky130_fd_sc_hd__clkbuf_16)
    16    0.103559    0.091422    0.146129    0.204695 ^ clkbuf_0_wr_clk/X (sky130_fd_sc_hd__clkbuf_16)
                                                         clknet_0_wr_clk (net)
                      0.091476    0.000811    0.205506 ^ clkbuf_4_10_0_wr_clk/A (sky130_fd_sc_hd__clkbuf_8)
    13    0.041068    0.062866    0.124097    0.329603 ^ clkbuf_4_10_0_wr_clk/X (sky130_fd_sc_hd__clkbuf_8)
                                                         clknet_4_10_0_wr_clk (net)
                      0.062878    0.000903    0.330506 ^ _692_/CLK (sky130_fd_sc_hd__dfxtp_1)
                                  0.250000    0.580506   clock uncertainty
                                  0.000000    0.580506   clock reconvergence pessimism
                                 -0.016444    0.564062   library hold time
                                              0.564062   data required time
---------------------------------------------------------------------------------------------
                                              0.564062   data required time
                                             -0.974800   data arrival time
---------------------------------------------------------------------------------------------
                                              0.410738   slack (MET)


Startpoint: _679_ (rising edge-triggered flip-flop clocked by wr_clk)
Endpoint: _679_ (rising edge-triggered flip-flop clocked by wr_clk)
Path Group: wr_clk
Path Type: min

Fanout         Cap        Slew       Delay        Time   Description
---------------------------------------------------------------------------------------------
                                  0.000000    0.000000   clock wr_clk (rise edge)
                                  0.000000    0.000000   clock source latency
     1    0.023866    0.084296    0.058566    0.058566 ^ wr_clk (in)
                                                         wr_clk (net)
                      0.084348    0.000000    0.058566 ^ clkbuf_0_wr_clk/A (sky130_fd_sc_hd__clkbuf_16)
    16    0.103559    0.091422    0.146129    0.204695 ^ clkbuf_0_wr_clk/X (sky130_fd_sc_hd__clkbuf_16)
                                                         clknet_0_wr_clk (net)
                      0.091561    0.002391    0.207086 ^ clkbuf_4_1_0_wr_clk/A (sky130_fd_sc_hd__clkbuf_8)
    14    0.040328    0.062088    0.123577    0.330663 ^ clkbuf_4_1_0_wr_clk/X (sky130_fd_sc_hd__clkbuf_8)
                                                         clknet_4_1_0_wr_clk (net)
                      0.062089    0.000390    0.331053 ^ _679_/CLK (sky130_fd_sc_hd__dfxtp_1)
     2    0.004734    0.041783    0.202777    0.533830 ^ _679_/Q (sky130_fd_sc_hd__dfxtp_1)
                                                         mem[1][7] (net)
                      0.041783    0.000037    0.533867 ^ hold39/A (sky130_fd_sc_hd__dlygate4sd3_1)
     1    0.002726    0.036870    0.372633    0.906500 ^ hold39/X (sky130_fd_sc_hd__dlygate4sd3_1)
                                                         net115 (net)
                      0.036870    0.000030    0.906530 ^ _532_/A0 (sky130_fd_sc_hd__mux2_1)
     1    0.002077    0.024664    0.069185    0.975716 ^ _532_/X (sky130_fd_sc_hd__mux2_1)
                                                         _047_ (net)
                      0.024664    0.000018    0.975734 ^ _679_/D (sky130_fd_sc_hd__dfxtp_1)
                                              0.975734   data arrival time

                                  0.000000    0.000000   clock wr_clk (rise edge)
                                  0.000000    0.000000   clock source latency
     1    0.023866    0.084296    0.058566    0.058566 ^ wr_clk (in)
                                                         wr_clk (net)
                      0.084348    0.000000    0.058566 ^ clkbuf_0_wr_clk/A (sky130_fd_sc_hd__clkbuf_16)
    16    0.103559    0.091422    0.146129    0.204695 ^ clkbuf_0_wr_clk/X (sky130_fd_sc_hd__clkbuf_16)
                                                         clknet_0_wr_clk (net)
                      0.091561    0.002391    0.207086 ^ clkbuf_4_1_0_wr_clk/A (sky130_fd_sc_hd__clkbuf_8)
    14    0.040328    0.062088    0.123577    0.330663 ^ clkbuf_4_1_0_wr_clk/X (sky130_fd_sc_hd__clkbuf_8)
                                                         clknet_4_1_0_wr_clk (net)
                      0.062089    0.000390    0.331053 ^ _679_/CLK (sky130_fd_sc_hd__dfxtp_1)
                                  0.250000    0.581053   clock uncertainty
                                  0.000000    0.581053   clock reconvergence pessimism
                                 -0.016112    0.564941   library hold time
                                              0.564941   data required time
---------------------------------------------------------------------------------------------
                                              0.564941   data required time
                                             -0.975734   data arrival time
---------------------------------------------------------------------------------------------
                                              0.410793   slack (MET)


Startpoint: _758_ (rising edge-triggered flip-flop clocked by wr_clk)
Endpoint: _739_ (rising edge-triggered flip-flop clocked by wr_clk)
Path Group: wr_clk
Path Type: min

Fanout         Cap        Slew       Delay        Time   Description
---------------------------------------------------------------------------------------------
                                  0.000000    0.000000   clock wr_clk (rise edge)
                                  0.000000    0.000000   clock source latency
     1    0.023866    0.084296    0.058566    0.058566 ^ wr_clk (in)
                                                         wr_clk (net)
                      0.084348    0.000000    0.058566 ^ clkbuf_0_wr_clk/A (sky130_fd_sc_hd__clkbuf_16)
    16    0.103559    0.091422    0.146129    0.204695 ^ clkbuf_0_wr_clk/X (sky130_fd_sc_hd__clkbuf_16)
                                                         clknet_0_wr_clk (net)
                      0.091488    0.001187    0.205883 ^ clkbuf_4_13_0_wr_clk/A (sky130_fd_sc_hd__clkbuf_8)
     8    0.041541    0.063558    0.124623    0.330506 ^ clkbuf_4_13_0_wr_clk/X (sky130_fd_sc_hd__clkbuf_8)
                                                         clknet_4_13_0_wr_clk (net)
                      0.063568    0.000788    0.331294 ^ _758_/CLK (sky130_fd_sc_hd__dfrtp_1)
     5    0.018062    0.124814    0.278254    0.609548 ^ _758_/Q (sky130_fd_sc_hd__dfrtp_1)
                                                         wr_bin[1] (net)
                      0.124814    0.000226    0.609774 ^ _306_/A (sky130_fd_sc_hd__inv_2)
     4    0.021039    0.053497    0.054238    0.664013 v _306_/Y (sky130_fd_sc_hd__inv_2)
                                                         _137_ (net)
                      0.053497    0.000163    0.664176 v _493_/A (sky130_fd_sc_hd__nand2_4)
     4    0.042233    0.098002    0.098268    0.762444 ^ _493_/Y (sky130_fd_sc_hd__nand2_4)
                                                         _286_ (net)
                      0.098017    0.001014    0.763458 ^ _597_/A (sky130_fd_sc_hd__nor2_4)
     8    0.058649    0.067450    0.070994    0.834452 v _597_/Y (sky130_fd_sc_hd__nor2_4)
                                                         _302_ (net)
                      0.067505    0.001535    0.835986 v _600_/S (sky130_fd_sc_hd__mux2_1)
     1    0.003531    0.032896    0.140748    0.976734 ^ _600_/X (sky130_fd_sc_hd__mux2_1)
                                                         _106_ (net)
                      0.032896    0.000063    0.976797 ^ _739_/D (sky130_fd_sc_hd__dfxtp_1)
                                              0.976797   data arrival time

                                  0.000000    0.000000   clock wr_clk (rise edge)
                                  0.000000    0.000000   clock source latency
     1    0.023866    0.084296    0.058566    0.058566 ^ wr_clk (in)
                                                         wr_clk (net)
                      0.084348    0.000000    0.058566 ^ clkbuf_0_wr_clk/A (sky130_fd_sc_hd__clkbuf_16)
    16    0.103559    0.091422    0.146129    0.204695 ^ clkbuf_0_wr_clk/X (sky130_fd_sc_hd__clkbuf_16)
                                                         clknet_0_wr_clk (net)
                      0.091564    0.002429    0.207124 ^ clkbuf_4_4_0_wr_clk/A (sky130_fd_sc_hd__clkbuf_8)
    13    0.041993    0.063991    0.124944    0.332068 ^ clkbuf_4_4_0_wr_clk/X (sky130_fd_sc_hd__clkbuf_8)
                                                         clknet_4_4_0_wr_clk (net)
                      0.063992    0.000476    0.332544 ^ _739_/CLK (sky130_fd_sc_hd__dfxtp_1)
                                  0.250000    0.582544   clock uncertainty
                                  0.000000    0.582544   clock reconvergence pessimism
                                 -0.016646    0.565898   library hold time
                                              0.565898   data required time
---------------------------------------------------------------------------------------------
                                              0.565898   data required time
                                             -0.976797   data arrival time
---------------------------------------------------------------------------------------------
                                              0.410898   slack (MET)


Startpoint: _673_ (rising edge-triggered flip-flop clocked by wr_clk)
Endpoint: _673_ (rising edge-triggered flip-flop clocked by wr_clk)
Path Group: wr_clk
Path Type: min

Fanout         Cap        Slew       Delay        Time   Description
---------------------------------------------------------------------------------------------
                                  0.000000    0.000000   clock wr_clk (rise edge)
                                  0.000000    0.000000   clock source latency
     1    0.023866    0.084296    0.058566    0.058566 ^ wr_clk (in)
                                                         wr_clk (net)
                      0.084348    0.000000    0.058566 ^ clkbuf_0_wr_clk/A (sky130_fd_sc_hd__clkbuf_16)
    16    0.103559    0.091422    0.146129    0.204695 ^ clkbuf_0_wr_clk/X (sky130_fd_sc_hd__clkbuf_16)
                                                         clknet_0_wr_clk (net)
                      0.091478    0.000895    0.205590 ^ clkbuf_4_9_0_wr_clk/A (sky130_fd_sc_hd__clkbuf_8)
    10    0.037676    0.058871    0.121252    0.326843 ^ clkbuf_4_9_0_wr_clk/X (sky130_fd_sc_hd__clkbuf_8)
                                                         clknet_4_9_0_wr_clk (net)
                      0.058871    0.000132    0.326974 ^ _673_/CLK (sky130_fd_sc_hd__dfxtp_1)
     2    0.005598    0.047484    0.206093    0.533067 ^ _673_/Q (sky130_fd_sc_hd__dfxtp_1)
                                                         mem[1][1] (net)
                      0.047484    0.000043    0.533110 ^ hold16/A (sky130_fd_sc_hd__dlygate4sd3_1)
     1    0.002022    0.032909    0.369354    0.902464 ^ hold16/X (sky130_fd_sc_hd__dlygate4sd3_1)
                                                         net92 (net)
                      0.032909    0.000009    0.902474 ^ _526_/A0 (sky130_fd_sc_hd__mux2_1)
     1    0.002297    0.025872    0.069226    0.971700 ^ _526_/X (sky130_fd_sc_hd__mux2_1)
                                                         _041_ (net)
                      0.025872    0.000021    0.971721 ^ _673_/D (sky130_fd_sc_hd__dfxtp_1)
                                              0.971721   data arrival time

                                  0.000000    0.000000   clock wr_clk (rise edge)
                                  0.000000    0.000000   clock source latency
     1    0.023866    0.084296    0.058566    0.058566 ^ wr_clk (in)
                                                         wr_clk (net)
                      0.084348    0.000000    0.058566 ^ clkbuf_0_wr_clk/A (sky130_fd_sc_hd__clkbuf_16)
    16    0.103559    0.091422    0.146129    0.204695 ^ clkbuf_0_wr_clk/X (sky130_fd_sc_hd__clkbuf_16)
                                                         clknet_0_wr_clk (net)
                      0.091478    0.000895    0.205590 ^ clkbuf_4_9_0_wr_clk/A (sky130_fd_sc_hd__clkbuf_8)
    10    0.037676    0.058871    0.121252    0.326843 ^ clkbuf_4_9_0_wr_clk/X (sky130_fd_sc_hd__clkbuf_8)
                                                         clknet_4_9_0_wr_clk (net)
                      0.058871    0.000132    0.326974 ^ _673_/CLK (sky130_fd_sc_hd__dfxtp_1)
                                  0.250000    0.576974   clock uncertainty
                                  0.000000    0.576974   clock reconvergence pessimism
                                 -0.016273    0.560701   library hold time
                                              0.560701   data required time
---------------------------------------------------------------------------------------------
                                              0.560701   data required time
                                             -0.971721   data arrival time
---------------------------------------------------------------------------------------------
                                              0.411020   slack (MET)


Startpoint: _715_ (rising edge-triggered flip-flop clocked by wr_clk)
Endpoint: _715_ (rising edge-triggered flip-flop clocked by wr_clk)
Path Group: wr_clk
Path Type: min

Fanout         Cap        Slew       Delay        Time   Description
---------------------------------------------------------------------------------------------
                                  0.000000    0.000000   clock wr_clk (rise edge)
                                  0.000000    0.000000   clock source latency
     1    0.023866    0.084296    0.058566    0.058566 ^ wr_clk (in)
                                                         wr_clk (net)
                      0.084348    0.000000    0.058566 ^ clkbuf_0_wr_clk/A (sky130_fd_sc_hd__clkbuf_16)
    16    0.103559    0.091422    0.146129    0.204695 ^ clkbuf_0_wr_clk/X (sky130_fd_sc_hd__clkbuf_16)
                                                         clknet_0_wr_clk (net)
                      0.091542    0.002149    0.206845 ^ clkbuf_4_2_0_wr_clk/A (sky130_fd_sc_hd__clkbuf_8)
    13    0.039895    0.061436    0.122891    0.329735 ^ clkbuf_4_2_0_wr_clk/X (sky130_fd_sc_hd__clkbuf_8)
                                                         clknet_4_2_0_wr_clk (net)
                      0.061443    0.000687    0.330423 ^ _715_/CLK (sky130_fd_sc_hd__dfxtp_1)
     2    0.004687    0.041473    0.202385    0.532808 ^ _715_/Q (sky130_fd_sc_hd__dfxtp_1)
                                                         mem[6][3] (net)
                      0.041473    0.000020    0.532827 ^ hold68/A (sky130_fd_sc_hd__dlygate4sd3_1)
     1    0.002142    0.033546    0.368829    0.901656 ^ hold68/X (sky130_fd_sc_hd__dlygate4sd3_1)
                                                         net144 (net)
                      0.033546    0.000018    0.901675 ^ _574_/A0 (sky130_fd_sc_hd__mux2_1)
     1    0.003033    0.030029    0.073246    0.974921 ^ _574_/X (sky130_fd_sc_hd__mux2_1)
                                                         _083_ (net)
                      0.030029    0.000037    0.974958 ^ _715_/D (sky130_fd_sc_hd__dfxtp_1)
                                              0.974958   data arrival time

                                  0.000000    0.000000   clock wr_clk (rise edge)
                                  0.000000    0.000000   clock source latency
     1    0.023866    0.084296    0.058566    0.058566 ^ wr_clk (in)
                                                         wr_clk (net)
                      0.084348    0.000000    0.058566 ^ clkbuf_0_wr_clk/A (sky130_fd_sc_hd__clkbuf_16)
    16    0.103559    0.091422    0.146129    0.204695 ^ clkbuf_0_wr_clk/X (sky130_fd_sc_hd__clkbuf_16)
                                                         clknet_0_wr_clk (net)
                      0.091542    0.002149    0.206845 ^ clkbuf_4_2_0_wr_clk/A (sky130_fd_sc_hd__clkbuf_8)
    13    0.039895    0.061436    0.122891    0.329735 ^ clkbuf_4_2_0_wr_clk/X (sky130_fd_sc_hd__clkbuf_8)
                                                         clknet_4_2_0_wr_clk (net)
                      0.061443    0.000687    0.330423 ^ _715_/CLK (sky130_fd_sc_hd__dfxtp_1)
                                  0.250000    0.580423   clock uncertainty
                                  0.000000    0.580423   clock reconvergence pessimism
                                 -0.016505    0.563917   library hold time
                                              0.563917   data required time
---------------------------------------------------------------------------------------------
                                              0.563917   data required time
                                             -0.974958   data arrival time
---------------------------------------------------------------------------------------------
                                              0.411040   slack (MET)


Startpoint: _725_ (rising edge-triggered flip-flop clocked by wr_clk)
Endpoint: _725_ (rising edge-triggered flip-flop clocked by wr_clk)
Path Group: wr_clk
Path Type: min

Fanout         Cap        Slew       Delay        Time   Description
---------------------------------------------------------------------------------------------
                                  0.000000    0.000000   clock wr_clk (rise edge)
                                  0.000000    0.000000   clock source latency
     1    0.023866    0.084296    0.058566    0.058566 ^ wr_clk (in)
                                                         wr_clk (net)
                      0.084348    0.000000    0.058566 ^ clkbuf_0_wr_clk/A (sky130_fd_sc_hd__clkbuf_16)
    16    0.103559    0.091422    0.146129    0.204695 ^ clkbuf_0_wr_clk/X (sky130_fd_sc_hd__clkbuf_16)
                                                         clknet_0_wr_clk (net)
                      0.091558    0.002356    0.207051 ^ clkbuf_4_0_0_wr_clk/A (sky130_fd_sc_hd__clkbuf_8)
    14    0.040703    0.062407    0.123583    0.330634 ^ clkbuf_4_0_0_wr_clk/X (sky130_fd_sc_hd__clkbuf_8)
                                                         clknet_4_0_0_wr_clk (net)
                      0.062438    0.001309    0.331943 ^ _725_/CLK (sky130_fd_sc_hd__dfxtp_1)
     2    0.005102    0.044202    0.204632    0.536575 ^ _725_/Q (sky130_fd_sc_hd__dfxtp_1)
                                                         mem[2][5] (net)
                      0.044202    0.000046    0.536621 ^ hold29/A (sky130_fd_sc_hd__dlygate4sd3_1)
     1    0.002184    0.033776    0.369684    0.906305 ^ hold29/X (sky130_fd_sc_hd__dlygate4sd3_1)
                                                         net105 (net)
                      0.033776    0.000020    0.906325 ^ _585_/A0 (sky130_fd_sc_hd__mux2_1)
     1    0.002483    0.026898    0.070445    0.976770 ^ _585_/X (sky130_fd_sc_hd__mux2_1)
                                                         _093_ (net)
                      0.026898    0.000017    0.976787 ^ _725_/D (sky130_fd_sc_hd__dfxtp_1)
                                              0.976787   data arrival time

                                  0.000000    0.000000   clock wr_clk (rise edge)
                                  0.000000    0.000000   clock source latency
     1    0.023866    0.084296    0.058566    0.058566 ^ wr_clk (in)
                                                         wr_clk (net)
                      0.084348    0.000000    0.058566 ^ clkbuf_0_wr_clk/A (sky130_fd_sc_hd__clkbuf_16)
    16    0.103559    0.091422    0.146129    0.204695 ^ clkbuf_0_wr_clk/X (sky130_fd_sc_hd__clkbuf_16)
                                                         clknet_0_wr_clk (net)
                      0.091558    0.002356    0.207051 ^ clkbuf_4_0_0_wr_clk/A (sky130_fd_sc_hd__clkbuf_8)
    14    0.040703    0.062407    0.123583    0.330634 ^ clkbuf_4_0_0_wr_clk/X (sky130_fd_sc_hd__clkbuf_8)
                                                         clknet_4_0_0_wr_clk (net)
                      0.062438    0.001309    0.331943 ^ _725_/CLK (sky130_fd_sc_hd__dfxtp_1)
                                  0.250000    0.581943   clock uncertainty
                                  0.000000    0.581943   clock reconvergence pessimism
                                 -0.016261    0.565682   library hold time
                                              0.565682   data required time
---------------------------------------------------------------------------------------------
                                              0.565682   data required time
                                             -0.976787   data arrival time
---------------------------------------------------------------------------------------------
                                              0.411105   slack (MET)


Startpoint: _661_ (rising edge-triggered flip-flop clocked by wr_clk)
Endpoint: _661_ (rising edge-triggered flip-flop clocked by wr_clk)
Path Group: wr_clk
Path Type: min

Fanout         Cap        Slew       Delay        Time   Description
---------------------------------------------------------------------------------------------
                                  0.000000    0.000000   clock wr_clk (rise edge)
                                  0.000000    0.000000   clock source latency
     1    0.023866    0.084296    0.058566    0.058566 ^ wr_clk (in)
                                                         wr_clk (net)
                      0.084348    0.000000    0.058566 ^ clkbuf_0_wr_clk/A (sky130_fd_sc_hd__clkbuf_16)
    16    0.103559    0.091422    0.146129    0.204695 ^ clkbuf_0_wr_clk/X (sky130_fd_sc_hd__clkbuf_16)
                                                         clknet_0_wr_clk (net)
                      0.091542    0.002149    0.206845 ^ clkbuf_4_2_0_wr_clk/A (sky130_fd_sc_hd__clkbuf_8)
    13    0.039895    0.061436    0.122891    0.329735 ^ clkbuf_4_2_0_wr_clk/X (sky130_fd_sc_hd__clkbuf_8)
                                                         clknet_4_2_0_wr_clk (net)
                      0.061439    0.000540    0.330275 ^ _661_/CLK (sky130_fd_sc_hd__dfxtp_1)
     2    0.005135    0.044419    0.204541    0.534816 ^ _661_/Q (sky130_fd_sc_hd__dfxtp_1)
                                                         mem[12][5] (net)
                      0.044419    0.000033    0.534849 ^ hold99/A (sky130_fd_sc_hd__dlygate4sd3_1)
     1    0.002128    0.033469    0.369368    0.904217 ^ hold99/X (sky130_fd_sc_hd__dlygate4sd3_1)
                                                         net175 (net)
                      0.033469    0.000019    0.904236 ^ _510_/A0 (sky130_fd_sc_hd__mux2_1)
     1    0.002618    0.027653    0.071058    0.975295 ^ _510_/X (sky130_fd_sc_hd__mux2_1)
                                                         _029_ (net)
                      0.027653    0.000028    0.975323 ^ _661_/D (sky130_fd_sc_hd__dfxtp_1)
                                              0.975323   data arrival time

                                  0.000000    0.000000   clock wr_clk (rise edge)
                                  0.000000    0.000000   clock source latency
     1    0.023866    0.084296    0.058566    0.058566 ^ wr_clk (in)
                                                         wr_clk (net)
                      0.084348    0.000000    0.058566 ^ clkbuf_0_wr_clk/A (sky130_fd_sc_hd__clkbuf_16)
    16    0.103559    0.091422    0.146129    0.204695 ^ clkbuf_0_wr_clk/X (sky130_fd_sc_hd__clkbuf_16)
                                                         clknet_0_wr_clk (net)
                      0.091542    0.002149    0.206845 ^ clkbuf_4_2_0_wr_clk/A (sky130_fd_sc_hd__clkbuf_8)
    13    0.039895    0.061436    0.122891    0.329735 ^ clkbuf_4_2_0_wr_clk/X (sky130_fd_sc_hd__clkbuf_8)
                                                         clknet_4_2_0_wr_clk (net)
                      0.061439    0.000540    0.330275 ^ _661_/CLK (sky130_fd_sc_hd__dfxtp_1)
                                  0.250000    0.580275   clock uncertainty
                                  0.000000    0.580275   clock reconvergence pessimism
                                 -0.016338    0.563938   library hold time
                                              0.563938   data required time
---------------------------------------------------------------------------------------------
                                              0.563938   data required time
                                             -0.975323   data arrival time
---------------------------------------------------------------------------------------------
                                              0.411385   slack (MET)


Startpoint: _668_ (rising edge-triggered flip-flop clocked by wr_clk)
Endpoint: _668_ (rising edge-triggered flip-flop clocked by wr_clk)
Path Group: wr_clk
Path Type: min

Fanout         Cap        Slew       Delay        Time   Description
---------------------------------------------------------------------------------------------
                                  0.000000    0.000000   clock wr_clk (rise edge)
                                  0.000000    0.000000   clock source latency
     1    0.023866    0.084296    0.058566    0.058566 ^ wr_clk (in)
                                                         wr_clk (net)
                      0.084348    0.000000    0.058566 ^ clkbuf_0_wr_clk/A (sky130_fd_sc_hd__clkbuf_16)
    16    0.103559    0.091422    0.146129    0.204695 ^ clkbuf_0_wr_clk/X (sky130_fd_sc_hd__clkbuf_16)
                                                         clknet_0_wr_clk (net)
                      0.091476    0.000811    0.205506 ^ clkbuf_4_10_0_wr_clk/A (sky130_fd_sc_hd__clkbuf_8)
    13    0.041068    0.062866    0.124097    0.329603 ^ clkbuf_4_10_0_wr_clk/X (sky130_fd_sc_hd__clkbuf_8)
                                                         clknet_4_10_0_wr_clk (net)
                      0.062884    0.001038    0.330642 ^ _668_/CLK (sky130_fd_sc_hd__dfxtp_1)
     2    0.004681    0.041433    0.202732    0.533373 ^ _668_/Q (sky130_fd_sc_hd__dfxtp_1)
                                                         mem[11][4] (net)
                      0.041433    0.000029    0.533403 ^ hold123/A (sky130_fd_sc_hd__dlygate4sd3_1)
     1    0.002346    0.034670    0.370125    0.903527 ^ hold123/X (sky130_fd_sc_hd__dlygate4sd3_1)
                                                         net199 (net)
                      0.034670    0.000011    0.903539 ^ _519_/A1 (sky130_fd_sc_hd__mux2_1)
     1    0.002491    0.027165    0.072207    0.975746 ^ _519_/X (sky130_fd_sc_hd__mux2_1)
                                                         _036_ (net)
                      0.027165    0.000027    0.975773 ^ _668_/D (sky130_fd_sc_hd__dfxtp_1)
                                              0.975773   data arrival time

                                  0.000000    0.000000   clock wr_clk (rise edge)
                                  0.000000    0.000000   clock source latency
     1    0.023866    0.084296    0.058566    0.058566 ^ wr_clk (in)
                                                         wr_clk (net)
                      0.084348    0.000000    0.058566 ^ clkbuf_0_wr_clk/A (sky130_fd_sc_hd__clkbuf_16)
    16    0.103559    0.091422    0.146129    0.204695 ^ clkbuf_0_wr_clk/X (sky130_fd_sc_hd__clkbuf_16)
                                                         clknet_0_wr_clk (net)
                      0.091476    0.000811    0.205506 ^ clkbuf_4_10_0_wr_clk/A (sky130_fd_sc_hd__clkbuf_8)
    13    0.041068    0.062866    0.124097    0.329603 ^ clkbuf_4_10_0_wr_clk/X (sky130_fd_sc_hd__clkbuf_8)
                                                         clknet_4_10_0_wr_clk (net)
                      0.062884    0.001038    0.330642 ^ _668_/CLK (sky130_fd_sc_hd__dfxtp_1)
                                  0.250000    0.580642   clock uncertainty
                                  0.000000    0.580642   clock reconvergence pessimism
                                 -0.016269    0.564373   library hold time
                                              0.564373   data required time
---------------------------------------------------------------------------------------------
                                              0.564373   data required time
                                             -0.975773   data arrival time
---------------------------------------------------------------------------------------------
                                              0.411400   slack (MET)


Startpoint: _689_ (rising edge-triggered flip-flop clocked by wr_clk)
Endpoint: _689_ (rising edge-triggered flip-flop clocked by wr_clk)
Path Group: wr_clk
Path Type: min

Fanout         Cap        Slew       Delay        Time   Description
---------------------------------------------------------------------------------------------
                                  0.000000    0.000000   clock wr_clk (rise edge)
                                  0.000000    0.000000   clock source latency
     1    0.023866    0.084296    0.058566    0.058566 ^ wr_clk (in)
                                                         wr_clk (net)
                      0.084348    0.000000    0.058566 ^ clkbuf_0_wr_clk/A (sky130_fd_sc_hd__clkbuf_16)
    16    0.103559    0.091422    0.146129    0.204695 ^ clkbuf_0_wr_clk/X (sky130_fd_sc_hd__clkbuf_16)
                                                         clknet_0_wr_clk (net)
                      0.091479    0.000935    0.205630 ^ clkbuf_4_8_0_wr_clk/A (sky130_fd_sc_hd__clkbuf_8)
     7    0.033886    0.054248    0.117799    0.323429 ^ clkbuf_4_8_0_wr_clk/X (sky130_fd_sc_hd__clkbuf_8)
                                                         clknet_4_8_0_wr_clk (net)
                      0.054253    0.000528    0.323957 ^ _689_/CLK (sky130_fd_sc_hd__dfxtp_1)
     2    0.005491    0.046775    0.204381    0.528339 ^ _689_/Q (sky130_fd_sc_hd__dfxtp_1)
                                                         mem[0][1] (net)
                      0.046775    0.000033    0.528371 ^ hold11/A (sky130_fd_sc_hd__dlygate4sd3_1)
     1    0.002092    0.033284    0.369652    0.898023 ^ hold11/X (sky130_fd_sc_hd__dlygate4sd3_1)
                                                         net87 (net)
                      0.033284    0.000010    0.898034 ^ _544_/A0 (sky130_fd_sc_hd__mux2_1)
     1    0.002602    0.027564    0.070924    0.968957 ^ _544_/X (sky130_fd_sc_hd__mux2_1)
                                                         _057_ (net)
                      0.027564    0.000028    0.968986 ^ _689_/D (sky130_fd_sc_hd__dfxtp_1)
                                              0.968986   data arrival time

                                  0.000000    0.000000   clock wr_clk (rise edge)
                                  0.000000    0.000000   clock source latency
     1    0.023866    0.084296    0.058566    0.058566 ^ wr_clk (in)
                                                         wr_clk (net)
                      0.084348    0.000000    0.058566 ^ clkbuf_0_wr_clk/A (sky130_fd_sc_hd__clkbuf_16)
    16    0.103559    0.091422    0.146129    0.204695 ^ clkbuf_0_wr_clk/X (sky130_fd_sc_hd__clkbuf_16)
                                                         clknet_0_wr_clk (net)
                      0.091479    0.000935    0.205630 ^ clkbuf_4_8_0_wr_clk/A (sky130_fd_sc_hd__clkbuf_8)
     7    0.033886    0.054248    0.117799    0.323429 ^ clkbuf_4_8_0_wr_clk/X (sky130_fd_sc_hd__clkbuf_8)
                                                         clknet_4_8_0_wr_clk (net)
                      0.054253    0.000528    0.323957 ^ _689_/CLK (sky130_fd_sc_hd__dfxtp_1)
                                  0.250000    0.573957   clock uncertainty
                                  0.000000    0.573957   clock reconvergence pessimism
                                 -0.016503    0.557455   library hold time
                                              0.557455   data required time
---------------------------------------------------------------------------------------------
                                              0.557455   data required time
                                             -0.968986   data arrival time
---------------------------------------------------------------------------------------------
                                              0.411531   slack (MET)


Startpoint: _763_ (rising edge-triggered flip-flop clocked by wr_clk)
Endpoint: _763_ (rising edge-triggered flip-flop clocked by wr_clk)
Path Group: wr_clk
Path Type: min

Fanout         Cap        Slew       Delay        Time   Description
---------------------------------------------------------------------------------------------
                                  0.000000    0.000000   clock wr_clk (rise edge)
                                  0.000000    0.000000   clock source latency
     1    0.023866    0.084296    0.058566    0.058566 ^ wr_clk (in)
                                                         wr_clk (net)
                      0.084348    0.000000    0.058566 ^ clkbuf_0_wr_clk/A (sky130_fd_sc_hd__clkbuf_16)
    16    0.103559    0.091422    0.146129    0.204695 ^ clkbuf_0_wr_clk/X (sky130_fd_sc_hd__clkbuf_16)
                                                         clknet_0_wr_clk (net)
                      0.091479    0.000935    0.205630 ^ clkbuf_4_8_0_wr_clk/A (sky130_fd_sc_hd__clkbuf_8)
     7    0.033886    0.054248    0.117799    0.323429 ^ clkbuf_4_8_0_wr_clk/X (sky130_fd_sc_hd__clkbuf_8)
                                                         clknet_4_8_0_wr_clk (net)
                      0.054251    0.000449    0.323878 ^ _763_/CLK (sky130_fd_sc_hd__dfxtp_1)
     2    0.004511    0.040328    0.199666    0.523544 ^ _763_/Q (sky130_fd_sc_hd__dfxtp_1)
                                                         mem[4][1] (net)
                      0.040328    0.000031    0.523575 ^ hold35/A (sky130_fd_sc_hd__dlygate4sd3_1)
     1    0.002328    0.034565    0.369769    0.893345 ^ hold35/X (sky130_fd_sc_hd__dlygate4sd3_1)
                                                         net111 (net)
                      0.034565    0.000022    0.893367 ^ _608_/A0 (sky130_fd_sc_hd__mux2_1)
     1    0.003353    0.031872    0.075200    0.968567 ^ _608_/X (sky130_fd_sc_hd__mux2_1)
                                                         _113_ (net)
                      0.031872    0.000046    0.968613 ^ _763_/D (sky130_fd_sc_hd__dfxtp_1)
                                              0.968613   data arrival time

                                  0.000000    0.000000   clock wr_clk (rise edge)
                                  0.000000    0.000000   clock source latency
     1    0.023866    0.084296    0.058566    0.058566 ^ wr_clk (in)
                                                         wr_clk (net)
                      0.084348    0.000000    0.058566 ^ clkbuf_0_wr_clk/A (sky130_fd_sc_hd__clkbuf_16)
    16    0.103559    0.091422    0.146129    0.204695 ^ clkbuf_0_wr_clk/X (sky130_fd_sc_hd__clkbuf_16)
                                                         clknet_0_wr_clk (net)
                      0.091479    0.000935    0.205630 ^ clkbuf_4_8_0_wr_clk/A (sky130_fd_sc_hd__clkbuf_8)
     7    0.033886    0.054248    0.117799    0.323429 ^ clkbuf_4_8_0_wr_clk/X (sky130_fd_sc_hd__clkbuf_8)
                                                         clknet_4_8_0_wr_clk (net)
                      0.054251    0.000449    0.323878 ^ _763_/CLK (sky130_fd_sc_hd__dfxtp_1)
                                  0.250000    0.573878   clock uncertainty
                                  0.000000    0.573878   clock reconvergence pessimism
                                 -0.016807    0.557072   library hold time
                                              0.557072   data required time
---------------------------------------------------------------------------------------------
                                              0.557072   data required time
                                             -0.968613   data arrival time
---------------------------------------------------------------------------------------------
                                              0.411542   slack (MET)


Startpoint: _680_ (rising edge-triggered flip-flop clocked by wr_clk)
Endpoint: _680_ (rising edge-triggered flip-flop clocked by wr_clk)
Path Group: wr_clk
Path Type: min

Fanout         Cap        Slew       Delay        Time   Description
---------------------------------------------------------------------------------------------
                                  0.000000    0.000000   clock wr_clk (rise edge)
                                  0.000000    0.000000   clock source latency
     1    0.023866    0.084296    0.058566    0.058566 ^ wr_clk (in)
                                                         wr_clk (net)
                      0.084348    0.000000    0.058566 ^ clkbuf_0_wr_clk/A (sky130_fd_sc_hd__clkbuf_16)
    16    0.103559    0.091422    0.146129    0.204695 ^ clkbuf_0_wr_clk/X (sky130_fd_sc_hd__clkbuf_16)
                                                         clknet_0_wr_clk (net)
                      0.091552    0.002278    0.206973 ^ clkbuf_4_7_0_wr_clk/A (sky130_fd_sc_hd__clkbuf_8)
    11    0.039392    0.060858    0.122715    0.329688 ^ clkbuf_4_7_0_wr_clk/X (sky130_fd_sc_hd__clkbuf_8)
                                                         clknet_4_7_0_wr_clk (net)
                      0.060864    0.000639    0.330327 ^ _680_/CLK (sky130_fd_sc_hd__dfxtp_1)
     2    0.005518    0.046949    0.206224    0.536550 ^ _680_/Q (sky130_fd_sc_hd__dfxtp_1)
                                                         mem[10][0] (net)
                      0.046949    0.000054    0.536605 ^ hold102/A (sky130_fd_sc_hd__dlygate4sd3_1)
     1    0.001971    0.032622    0.368912    0.905517 ^ hold102/X (sky130_fd_sc_hd__dlygate4sd3_1)
                                                         net178 (net)
                      0.032622    0.000016    0.905534 ^ _534_/A0 (sky130_fd_sc_hd__mux2_1)
     1    0.002567    0.027367    0.070556    0.976090 ^ _534_/X (sky130_fd_sc_hd__mux2_1)
                                                         _048_ (net)
                      0.027367    0.000027    0.976117 ^ _680_/D (sky130_fd_sc_hd__dfxtp_1)
                                              0.976117   data arrival time

                                  0.000000    0.000000   clock wr_clk (rise edge)
                                  0.000000    0.000000   clock source latency
     1    0.023866    0.084296    0.058566    0.058566 ^ wr_clk (in)
                                                         wr_clk (net)
                      0.084348    0.000000    0.058566 ^ clkbuf_0_wr_clk/A (sky130_fd_sc_hd__clkbuf_16)
    16    0.103559    0.091422    0.146129    0.204695 ^ clkbuf_0_wr_clk/X (sky130_fd_sc_hd__clkbuf_16)
                                                         clknet_0_wr_clk (net)
                      0.091552    0.002278    0.206973 ^ clkbuf_4_7_0_wr_clk/A (sky130_fd_sc_hd__clkbuf_8)
    11    0.039392    0.060858    0.122715    0.329688 ^ clkbuf_4_7_0_wr_clk/X (sky130_fd_sc_hd__clkbuf_8)
                                                         clknet_4_7_0_wr_clk (net)
                      0.060864    0.000639    0.330327 ^ _680_/CLK (sky130_fd_sc_hd__dfxtp_1)
                                  0.250000    0.580327   clock uncertainty
                                  0.000000    0.580327   clock reconvergence pessimism
                                 -0.016331    0.563995   library hold time
                                              0.563995   data required time
---------------------------------------------------------------------------------------------
                                              0.563995   data required time
                                             -0.976117   data arrival time
---------------------------------------------------------------------------------------------
                                              0.412122   slack (MET)


Startpoint: _795_ (rising edge-triggered flip-flop clocked by wr_clk)
Endpoint: _795_ (rising edge-triggered flip-flop clocked by wr_clk)
Path Group: wr_clk
Path Type: min

Fanout         Cap        Slew       Delay        Time   Description
---------------------------------------------------------------------------------------------
                                  0.000000    0.000000   clock wr_clk (rise edge)
                                  0.000000    0.000000   clock source latency
     1    0.023866    0.084296    0.058566    0.058566 ^ wr_clk (in)
                                                         wr_clk (net)
                      0.084348    0.000000    0.058566 ^ clkbuf_0_wr_clk/A (sky130_fd_sc_hd__clkbuf_16)
    16    0.103559    0.091422    0.146129    0.204695 ^ clkbuf_0_wr_clk/X (sky130_fd_sc_hd__clkbuf_16)
                                                         clknet_0_wr_clk (net)
                      0.091485    0.001100    0.205796 ^ clkbuf_4_12_0_wr_clk/A (sky130_fd_sc_hd__clkbuf_8)
     8    0.036073    0.056935    0.119879    0.325675 ^ clkbuf_4_12_0_wr_clk/X (sky130_fd_sc_hd__clkbuf_8)
                                                         clknet_4_12_0_wr_clk (net)
                      0.056935    0.000263    0.325938 ^ _795_/CLK (sky130_fd_sc_hd__dfxtp_1)
     2    0.005274    0.045339    0.204031    0.529968 ^ _795_/Q (sky130_fd_sc_hd__dfxtp_1)
                                                         mem[15][1] (net)
                      0.045339    0.000038    0.530006 ^ hold100/A (sky130_fd_sc_hd__dlygate4sd3_1)
     1    0.002448    0.035253    0.371623    0.901630 ^ hold100/X (sky130_fd_sc_hd__dlygate4sd3_1)
                                                         net176 (net)
                      0.035253    0.000011    0.901641 ^ _616_/A1 (sky130_fd_sc_hd__mux2_1)
     1    0.002066    0.024837    0.070187    0.971827 ^ _616_/X (sky130_fd_sc_hd__mux2_1)
                                                         _121_ (net)
                      0.024837    0.000018    0.971845 ^ _795_/D (sky130_fd_sc_hd__dfxtp_1)
                                              0.971845   data arrival time

                                  0.000000    0.000000   clock wr_clk (rise edge)
                                  0.000000    0.000000   clock source latency
     1    0.023866    0.084296    0.058566    0.058566 ^ wr_clk (in)
                                                         wr_clk (net)
                      0.084348    0.000000    0.058566 ^ clkbuf_0_wr_clk/A (sky130_fd_sc_hd__clkbuf_16)
    16    0.103559    0.091422    0.146129    0.204695 ^ clkbuf_0_wr_clk/X (sky130_fd_sc_hd__clkbuf_16)
                                                         clknet_0_wr_clk (net)
                      0.091485    0.001100    0.205796 ^ clkbuf_4_12_0_wr_clk/A (sky130_fd_sc_hd__clkbuf_8)
     8    0.036073    0.056935    0.119879    0.325675 ^ clkbuf_4_12_0_wr_clk/X (sky130_fd_sc_hd__clkbuf_8)
                                                         clknet_4_12_0_wr_clk (net)
                      0.056935    0.000263    0.325938 ^ _795_/CLK (sky130_fd_sc_hd__dfxtp_1)
                                  0.250000    0.575938   clock uncertainty
                                  0.000000    0.575938   clock reconvergence pessimism
                                 -0.016247    0.559691   library hold time
                                              0.559691   data required time
---------------------------------------------------------------------------------------------
                                              0.559691   data required time
                                             -0.971845   data arrival time
---------------------------------------------------------------------------------------------
                                              0.412154   slack (MET)


Startpoint: _693_ (rising edge-triggered flip-flop clocked by wr_clk)
Endpoint: _693_ (rising edge-triggered flip-flop clocked by wr_clk)
Path Group: wr_clk
Path Type: min

Fanout         Cap        Slew       Delay        Time   Description
---------------------------------------------------------------------------------------------
                                  0.000000    0.000000   clock wr_clk (rise edge)
                                  0.000000    0.000000   clock source latency
     1    0.023866    0.084296    0.058566    0.058566 ^ wr_clk (in)
                                                         wr_clk (net)
                      0.084348    0.000000    0.058566 ^ clkbuf_0_wr_clk/A (sky130_fd_sc_hd__clkbuf_16)
    16    0.103559    0.091422    0.146129    0.204695 ^ clkbuf_0_wr_clk/X (sky130_fd_sc_hd__clkbuf_16)
                                                         clknet_0_wr_clk (net)
                      0.091542    0.002149    0.206845 ^ clkbuf_4_2_0_wr_clk/A (sky130_fd_sc_hd__clkbuf_8)
    13    0.039895    0.061436    0.122891    0.329735 ^ clkbuf_4_2_0_wr_clk/X (sky130_fd_sc_hd__clkbuf_8)
                                                         clknet_4_2_0_wr_clk (net)
                      0.061459    0.001124    0.330860 ^ _693_/CLK (sky130_fd_sc_hd__dfxtp_1)
     2    0.005148    0.044509    0.204604    0.535464 ^ _693_/Q (sky130_fd_sc_hd__dfxtp_1)
                                                         mem[0][5] (net)
                      0.044509    0.000039    0.535503 ^ hold46/A (sky130_fd_sc_hd__dlygate4sd3_1)
     1    0.002250    0.034141    0.370175    0.905678 ^ hold46/X (sky130_fd_sc_hd__dlygate4sd3_1)
                                                         net122 (net)
                      0.034141    0.000012    0.905690 ^ _548_/A0 (sky130_fd_sc_hd__mux2_1)
     1    0.002589    0.027487    0.071093    0.976783 ^ _548_/X (sky130_fd_sc_hd__mux2_1)
                                                         _061_ (net)
                      0.027487    0.000029    0.976812 ^ _693_/D (sky130_fd_sc_hd__dfxtp_1)
                                              0.976812   data arrival time

                                  0.000000    0.000000   clock wr_clk (rise edge)
                                  0.000000    0.000000   clock source latency
     1    0.023866    0.084296    0.058566    0.058566 ^ wr_clk (in)
                                                         wr_clk (net)
                      0.084348    0.000000    0.058566 ^ clkbuf_0_wr_clk/A (sky130_fd_sc_hd__clkbuf_16)
    16    0.103559    0.091422    0.146129    0.204695 ^ clkbuf_0_wr_clk/X (sky130_fd_sc_hd__clkbuf_16)
                                                         clknet_0_wr_clk (net)
                      0.091542    0.002149    0.206845 ^ clkbuf_4_2_0_wr_clk/A (sky130_fd_sc_hd__clkbuf_8)
    13    0.039895    0.061436    0.122891    0.329735 ^ clkbuf_4_2_0_wr_clk/X (sky130_fd_sc_hd__clkbuf_8)
                                                         clknet_4_2_0_wr_clk (net)
                      0.061459    0.001124    0.330860 ^ _693_/CLK (sky130_fd_sc_hd__dfxtp_1)
                                  0.250000    0.580860   clock uncertainty
                                  0.000000    0.580860   clock reconvergence pessimism
                                 -0.016326    0.564534   library hold time
                                              0.564534   data required time
---------------------------------------------------------------------------------------------
                                              0.564534   data required time
                                             -0.976812   data arrival time
---------------------------------------------------------------------------------------------
                                              0.412278   slack (MET)


Startpoint: _705_ (rising edge-triggered flip-flop clocked by wr_clk)
Endpoint: _705_ (rising edge-triggered flip-flop clocked by wr_clk)
Path Group: wr_clk
Path Type: min

Fanout         Cap        Slew       Delay        Time   Description
---------------------------------------------------------------------------------------------
                                  0.000000    0.000000   clock wr_clk (rise edge)
                                  0.000000    0.000000   clock source latency
     1    0.023866    0.084296    0.058566    0.058566 ^ wr_clk (in)
                                                         wr_clk (net)
                      0.084348    0.000000    0.058566 ^ clkbuf_0_wr_clk/A (sky130_fd_sc_hd__clkbuf_16)
    16    0.103559    0.091422    0.146129    0.204695 ^ clkbuf_0_wr_clk/X (sky130_fd_sc_hd__clkbuf_16)
                                                         clknet_0_wr_clk (net)
                      0.091479    0.000935    0.205630 ^ clkbuf_4_8_0_wr_clk/A (sky130_fd_sc_hd__clkbuf_8)
     7    0.033886    0.054248    0.117799    0.323429 ^ clkbuf_4_8_0_wr_clk/X (sky130_fd_sc_hd__clkbuf_8)
                                                         clknet_4_8_0_wr_clk (net)
                      0.054249    0.000327    0.323757 ^ _705_/CLK (sky130_fd_sc_hd__dfxtp_1)
     2    0.004863    0.042634    0.201354    0.525110 ^ _705_/Q (sky130_fd_sc_hd__dfxtp_1)
                                                         mem[7][1] (net)
                      0.042634    0.000031    0.525142 ^ hold66/A (sky130_fd_sc_hd__dlygate4sd3_1)
     1    0.002855    0.037690    0.373637    0.898778 ^ hold66/X (sky130_fd_sc_hd__dlygate4sd3_1)
                                                         net142 (net)
                      0.037690    0.000031    0.898809 ^ _563_/A1 (sky130_fd_sc_hd__mux2_1)
     1    0.002081    0.024920    0.070945    0.969755 ^ _563_/X (sky130_fd_sc_hd__mux2_1)
                                                         _073_ (net)
                      0.024920    0.000018    0.969773 ^ _705_/D (sky130_fd_sc_hd__dfxtp_1)
                                              0.969773   data arrival time

                                  0.000000    0.000000   clock wr_clk (rise edge)
                                  0.000000    0.000000   clock source latency
     1    0.023866    0.084296    0.058566    0.058566 ^ wr_clk (in)
                                                         wr_clk (net)
                      0.084348    0.000000    0.058566 ^ clkbuf_0_wr_clk/A (sky130_fd_sc_hd__clkbuf_16)
    16    0.103559    0.091422    0.146129    0.204695 ^ clkbuf_0_wr_clk/X (sky130_fd_sc_hd__clkbuf_16)
                                                         clknet_0_wr_clk (net)
                      0.091479    0.000935    0.205630 ^ clkbuf_4_8_0_wr_clk/A (sky130_fd_sc_hd__clkbuf_8)
     7    0.033886    0.054248    0.117799    0.323429 ^ clkbuf_4_8_0_wr_clk/X (sky130_fd_sc_hd__clkbuf_8)
                                                         clknet_4_8_0_wr_clk (net)
                      0.054249    0.000327    0.323757 ^ _705_/CLK (sky130_fd_sc_hd__dfxtp_1)
                                  0.250000    0.573757   clock uncertainty
                                  0.000000    0.573757   clock reconvergence pessimism
                                 -0.016316    0.557440   library hold time
                                              0.557440   data required time
---------------------------------------------------------------------------------------------
                                              0.557440   data required time
                                             -0.969773   data arrival time
---------------------------------------------------------------------------------------------
                                              0.412333   slack (MET)


Startpoint: _799_ (rising edge-triggered flip-flop clocked by wr_clk)
Endpoint: _799_ (rising edge-triggered flip-flop clocked by wr_clk)
Path Group: wr_clk
Path Type: min

Fanout         Cap        Slew       Delay        Time   Description
---------------------------------------------------------------------------------------------
                                  0.000000    0.000000   clock wr_clk (rise edge)
                                  0.000000    0.000000   clock source latency
     1    0.023866    0.084296    0.058566    0.058566 ^ wr_clk (in)
                                                         wr_clk (net)
                      0.084348    0.000000    0.058566 ^ clkbuf_0_wr_clk/A (sky130_fd_sc_hd__clkbuf_16)
    16    0.103559    0.091422    0.146129    0.204695 ^ clkbuf_0_wr_clk/X (sky130_fd_sc_hd__clkbuf_16)
                                                         clknet_0_wr_clk (net)
                      0.091558    0.002356    0.207051 ^ clkbuf_4_0_0_wr_clk/A (sky130_fd_sc_hd__clkbuf_8)
    14    0.040703    0.062407    0.123583    0.330634 ^ clkbuf_4_0_0_wr_clk/X (sky130_fd_sc_hd__clkbuf_8)
                                                         clknet_4_0_0_wr_clk (net)
                      0.062407    0.000402    0.331036 ^ _799_/CLK (sky130_fd_sc_hd__dfxtp_1)
     2    0.005125    0.044351    0.204735    0.535771 ^ _799_/Q (sky130_fd_sc_hd__dfxtp_1)
                                                         mem[15][5] (net)
                      0.044351    0.000054    0.535825 ^ hold109/A (sky130_fd_sc_hd__dlygate4sd3_1)
     1    0.002270    0.034247    0.370264    0.906088 ^ hold109/X (sky130_fd_sc_hd__dlygate4sd3_1)
                                                         net185 (net)
                      0.034247    0.000019    0.906107 ^ _620_/A1 (sky130_fd_sc_hd__mux2_1)
     1    0.002291    0.026054    0.071064    0.977171 ^ _620_/X (sky130_fd_sc_hd__mux2_1)
                                                         _125_ (net)
                      0.026054    0.000022    0.977193 ^ _799_/D (sky130_fd_sc_hd__dfxtp_1)
                                              0.977193   data arrival time

                                  0.000000    0.000000   clock wr_clk (rise edge)
                                  0.000000    0.000000   clock source latency
     1    0.023866    0.084296    0.058566    0.058566 ^ wr_clk (in)
                                                         wr_clk (net)
                      0.084348    0.000000    0.058566 ^ clkbuf_0_wr_clk/A (sky130_fd_sc_hd__clkbuf_16)
    16    0.103559    0.091422    0.146129    0.204695 ^ clkbuf_0_wr_clk/X (sky130_fd_sc_hd__clkbuf_16)
                                                         clknet_0_wr_clk (net)
                      0.091558    0.002356    0.207051 ^ clkbuf_4_0_0_wr_clk/A (sky130_fd_sc_hd__clkbuf_8)
    14    0.040703    0.062407    0.123583    0.330634 ^ clkbuf_4_0_0_wr_clk/X (sky130_fd_sc_hd__clkbuf_8)
                                                         clknet_4_0_0_wr_clk (net)
                      0.062407    0.000402    0.331036 ^ _799_/CLK (sky130_fd_sc_hd__dfxtp_1)
                                  0.250000    0.581036   clock uncertainty
                                  0.000000    0.581036   clock reconvergence pessimism
                                 -0.016202    0.564834   library hold time
                                              0.564834   data required time
---------------------------------------------------------------------------------------------
                                              0.564834   data required time
                                             -0.977193   data arrival time
---------------------------------------------------------------------------------------------
                                              0.412359   slack (MET)


Startpoint: _727_ (rising edge-triggered flip-flop clocked by wr_clk)
Endpoint: _727_ (rising edge-triggered flip-flop clocked by wr_clk)
Path Group: wr_clk
Path Type: min

Fanout         Cap        Slew       Delay        Time   Description
---------------------------------------------------------------------------------------------
                                  0.000000    0.000000   clock wr_clk (rise edge)
                                  0.000000    0.000000   clock source latency
     1    0.023866    0.084296    0.058566    0.058566 ^ wr_clk (in)
                                                         wr_clk (net)
                      0.084348    0.000000    0.058566 ^ clkbuf_0_wr_clk/A (sky130_fd_sc_hd__clkbuf_16)
    16    0.103559    0.091422    0.146129    0.204695 ^ clkbuf_0_wr_clk/X (sky130_fd_sc_hd__clkbuf_16)
                                                         clknet_0_wr_clk (net)
                      0.091561    0.002391    0.207086 ^ clkbuf_4_1_0_wr_clk/A (sky130_fd_sc_hd__clkbuf_8)
    14    0.040328    0.062088    0.123577    0.330663 ^ clkbuf_4_1_0_wr_clk/X (sky130_fd_sc_hd__clkbuf_8)
                                                         clknet_4_1_0_wr_clk (net)
                      0.062088    0.000341    0.331004 ^ _727_/CLK (sky130_fd_sc_hd__dfxtp_1)
     2    0.004756    0.041924    0.202881    0.533885 ^ _727_/Q (sky130_fd_sc_hd__dfxtp_1)
                                                         mem[2][7] (net)
                      0.041924    0.000030    0.533915 ^ hold73/A (sky130_fd_sc_hd__dlygate4sd3_1)
     1    0.002881    0.037854    0.373649    0.907564 ^ hold73/X (sky130_fd_sc_hd__dlygate4sd3_1)
                                                         net149 (net)
                      0.037854    0.000033    0.907597 ^ _587_/A0 (sky130_fd_sc_hd__mux2_1)
     1    0.002170    0.025170    0.069944    0.977541 ^ _587_/X (sky130_fd_sc_hd__mux2_1)
                                                         _095_ (net)
                      0.025170    0.000019    0.977561 ^ _727_/D (sky130_fd_sc_hd__dfxtp_1)
                                              0.977561   data arrival time

                                  0.000000    0.000000   clock wr_clk (rise edge)
                                  0.000000    0.000000   clock source latency
     1    0.023866    0.084296    0.058566    0.058566 ^ wr_clk (in)
                                                         wr_clk (net)
                      0.084348    0.000000    0.058566 ^ clkbuf_0_wr_clk/A (sky130_fd_sc_hd__clkbuf_16)
    16    0.103559    0.091422    0.146129    0.204695 ^ clkbuf_0_wr_clk/X (sky130_fd_sc_hd__clkbuf_16)
                                                         clknet_0_wr_clk (net)
                      0.091561    0.002391    0.207086 ^ clkbuf_4_1_0_wr_clk/A (sky130_fd_sc_hd__clkbuf_8)
    14    0.040328    0.062088    0.123577    0.330663 ^ clkbuf_4_1_0_wr_clk/X (sky130_fd_sc_hd__clkbuf_8)
                                                         clknet_4_1_0_wr_clk (net)
                      0.062088    0.000341    0.331004 ^ _727_/CLK (sky130_fd_sc_hd__dfxtp_1)
                                  0.250000    0.581004   clock uncertainty
                                  0.000000    0.581004   clock reconvergence pessimism
                                 -0.016147    0.564857   library hold time
                                              0.564857   data required time
---------------------------------------------------------------------------------------------
                                              0.564857   data required time
                                             -0.977561   data arrival time
---------------------------------------------------------------------------------------------
                                              0.412704   slack (MET)


Startpoint: _806_ (rising edge-triggered flip-flop clocked by wr_clk)
Endpoint: _806_ (rising edge-triggered flip-flop clocked by wr_clk)
Path Group: wr_clk
Path Type: min

Fanout         Cap        Slew       Delay        Time   Description
---------------------------------------------------------------------------------------------
                                  0.000000    0.000000   clock wr_clk (rise edge)
                                  0.000000    0.000000   clock source latency
     1    0.023866    0.084296    0.058566    0.058566 ^ wr_clk (in)
                                                         wr_clk (net)
                      0.084348    0.000000    0.058566 ^ clkbuf_0_wr_clk/A (sky130_fd_sc_hd__clkbuf_16)
    16    0.103559    0.091422    0.146129    0.204695 ^ clkbuf_0_wr_clk/X (sky130_fd_sc_hd__clkbuf_16)
                                                         clknet_0_wr_clk (net)
                      0.091476    0.000811    0.205506 ^ clkbuf_4_10_0_wr_clk/A (sky130_fd_sc_hd__clkbuf_8)
    13    0.041068    0.062866    0.124097    0.329603 ^ clkbuf_4_10_0_wr_clk/X (sky130_fd_sc_hd__clkbuf_8)
                                                         clknet_4_10_0_wr_clk (net)
                      0.062885    0.001058    0.330661 ^ _806_/CLK (sky130_fd_sc_hd__dfxtp_1)
     2    0.005246    0.045152    0.205440    0.536101 ^ _806_/Q (sky130_fd_sc_hd__dfxtp_1)
                                                         mem[9][4] (net)
                      0.045152    0.000061    0.536162 ^ hold84/A (sky130_fd_sc_hd__dlygate4sd3_1)
     1    0.002057    0.033093    0.369077    0.905239 ^ hold84/X (sky130_fd_sc_hd__dlygate4sd3_1)
                                                         net160 (net)
                      0.033093    0.000010    0.905249 ^ _628_/A0 (sky130_fd_sc_hd__mux2_1)
     1    0.002767    0.028505    0.071732    0.976981 ^ _628_/X (sky130_fd_sc_hd__mux2_1)
                                                         _132_ (net)
                      0.028505    0.000034    0.977015 ^ _806_/D (sky130_fd_sc_hd__dfxtp_1)
                                              0.977015   data arrival time

                                  0.000000    0.000000   clock wr_clk (rise edge)
                                  0.000000    0.000000   clock source latency
     1    0.023866    0.084296    0.058566    0.058566 ^ wr_clk (in)
                                                         wr_clk (net)
                      0.084348    0.000000    0.058566 ^ clkbuf_0_wr_clk/A (sky130_fd_sc_hd__clkbuf_16)
    16    0.103559    0.091422    0.146129    0.204695 ^ clkbuf_0_wr_clk/X (sky130_fd_sc_hd__clkbuf_16)
                                                         clknet_0_wr_clk (net)
                      0.091476    0.000811    0.205506 ^ clkbuf_4_10_0_wr_clk/A (sky130_fd_sc_hd__clkbuf_8)
    13    0.041068    0.062866    0.124097    0.329603 ^ clkbuf_4_10_0_wr_clk/X (sky130_fd_sc_hd__clkbuf_8)
                                                         clknet_4_10_0_wr_clk (net)
                      0.062885    0.001058    0.330661 ^ _806_/CLK (sky130_fd_sc_hd__dfxtp_1)
                                  0.250000    0.580661   clock uncertainty
                                  0.000000    0.580661   clock reconvergence pessimism
                                 -0.016363    0.564298   library hold time
                                              0.564298   data required time
---------------------------------------------------------------------------------------------
                                              0.564298   data required time
                                             -0.977015   data arrival time
---------------------------------------------------------------------------------------------
                                              0.412717   slack (MET)


Startpoint: _674_ (rising edge-triggered flip-flop clocked by wr_clk)
Endpoint: _674_ (rising edge-triggered flip-flop clocked by wr_clk)
Path Group: wr_clk
Path Type: min

Fanout         Cap        Slew       Delay        Time   Description
---------------------------------------------------------------------------------------------
                                  0.000000    0.000000   clock wr_clk (rise edge)
                                  0.000000    0.000000   clock source latency
     1    0.023866    0.084296    0.058566    0.058566 ^ wr_clk (in)
                                                         wr_clk (net)
                      0.084348    0.000000    0.058566 ^ clkbuf_0_wr_clk/A (sky130_fd_sc_hd__clkbuf_16)
    16    0.103559    0.091422    0.146129    0.204695 ^ clkbuf_0_wr_clk/X (sky130_fd_sc_hd__clkbuf_16)
                                                         clknet_0_wr_clk (net)
                      0.091478    0.000895    0.205590 ^ clkbuf_4_9_0_wr_clk/A (sky130_fd_sc_hd__clkbuf_8)
    10    0.037676    0.058871    0.121252    0.326843 ^ clkbuf_4_9_0_wr_clk/X (sky130_fd_sc_hd__clkbuf_8)
                                                         clknet_4_9_0_wr_clk (net)
                      0.058874    0.000524    0.327367 ^ _674_/CLK (sky130_fd_sc_hd__dfxtp_1)
     2    0.004865    0.042648    0.202567    0.529934 ^ _674_/Q (sky130_fd_sc_hd__dfxtp_1)
                                                         mem[1][2] (net)
                      0.042648    0.000054    0.529988 ^ hold98/A (sky130_fd_sc_hd__dlygate4sd3_1)
     1    0.002308    0.034462    0.370147    0.900134 ^ hold98/X (sky130_fd_sc_hd__dlygate4sd3_1)
                                                         net174 (net)
                      0.034462    0.000013    0.900147 ^ _527_/A0 (sky130_fd_sc_hd__mux2_1)
     1    0.003031    0.030018    0.073493    0.973640 ^ _527_/X (sky130_fd_sc_hd__mux2_1)
                                                         _042_ (net)
                      0.030018    0.000037    0.973677 ^ _674_/D (sky130_fd_sc_hd__dfxtp_1)
                                              0.973677   data arrival time

                                  0.000000    0.000000   clock wr_clk (rise edge)
                                  0.000000    0.000000   clock source latency
     1    0.023866    0.084296    0.058566    0.058566 ^ wr_clk (in)
                                                         wr_clk (net)
                      0.084348    0.000000    0.058566 ^ clkbuf_0_wr_clk/A (sky130_fd_sc_hd__clkbuf_16)
    16    0.103559    0.091422    0.146129    0.204695 ^ clkbuf_0_wr_clk/X (sky130_fd_sc_hd__clkbuf_16)
                                                         clknet_0_wr_clk (net)
                      0.091478    0.000895    0.205590 ^ clkbuf_4_9_0_wr_clk/A (sky130_fd_sc_hd__clkbuf_8)
    10    0.037676    0.058871    0.121252    0.326843 ^ clkbuf_4_9_0_wr_clk/X (sky130_fd_sc_hd__clkbuf_8)
                                                         clknet_4_9_0_wr_clk (net)
                      0.058874    0.000524    0.327367 ^ _674_/CLK (sky130_fd_sc_hd__dfxtp_1)
                                  0.250000    0.577367   clock uncertainty
                                  0.000000    0.577367   clock reconvergence pessimism
                                 -0.016566    0.560801   library hold time
                                              0.560801   data required time
---------------------------------------------------------------------------------------------
                                              0.560801   data required time
                                             -0.973677   data arrival time
---------------------------------------------------------------------------------------------
                                              0.412876   slack (MET)


Startpoint: _723_ (rising edge-triggered flip-flop clocked by wr_clk)
Endpoint: _723_ (rising edge-triggered flip-flop clocked by wr_clk)
Path Group: wr_clk
Path Type: min

Fanout         Cap        Slew       Delay        Time   Description
---------------------------------------------------------------------------------------------
                                  0.000000    0.000000   clock wr_clk (rise edge)
                                  0.000000    0.000000   clock source latency
     1    0.023866    0.084296    0.058566    0.058566 ^ wr_clk (in)
                                                         wr_clk (net)
                      0.084348    0.000000    0.058566 ^ clkbuf_0_wr_clk/A (sky130_fd_sc_hd__clkbuf_16)
    16    0.103559    0.091422    0.146129    0.204695 ^ clkbuf_0_wr_clk/X (sky130_fd_sc_hd__clkbuf_16)
                                                         clknet_0_wr_clk (net)
                      0.091542    0.002149    0.206845 ^ clkbuf_4_2_0_wr_clk/A (sky130_fd_sc_hd__clkbuf_8)
    13    0.039895    0.061436    0.122891    0.329735 ^ clkbuf_4_2_0_wr_clk/X (sky130_fd_sc_hd__clkbuf_8)
                                                         clknet_4_2_0_wr_clk (net)
                      0.061453    0.000997    0.330732 ^ _723_/CLK (sky130_fd_sc_hd__dfxtp_1)
     2    0.005036    0.043770    0.204062    0.534794 ^ _723_/Q (sky130_fd_sc_hd__dfxtp_1)
                                                         mem[2][3] (net)
                      0.043770    0.000028    0.534822 ^ hold88/A (sky130_fd_sc_hd__dlygate4sd3_1)
     1    0.002759    0.037080    0.373270    0.908092 ^ hold88/X (sky130_fd_sc_hd__dlygate4sd3_1)
                                                         net164 (net)
                      0.037080    0.000031    0.908123 ^ _583_/A0 (sky130_fd_sc_hd__mux2_1)
     1    0.002100    0.024791    0.069365    0.977488 ^ _583_/X (sky130_fd_sc_hd__mux2_1)
                                                         _091_ (net)
                      0.024791    0.000018    0.977507 ^ _723_/D (sky130_fd_sc_hd__dfxtp_1)
                                              0.977507   data arrival time

                                  0.000000    0.000000   clock wr_clk (rise edge)
                                  0.000000    0.000000   clock source latency
     1    0.023866    0.084296    0.058566    0.058566 ^ wr_clk (in)
                                                         wr_clk (net)
                      0.084348    0.000000    0.058566 ^ clkbuf_0_wr_clk/A (sky130_fd_sc_hd__clkbuf_16)
    16    0.103559    0.091422    0.146129    0.204695 ^ clkbuf_0_wr_clk/X (sky130_fd_sc_hd__clkbuf_16)
                                                         clknet_0_wr_clk (net)
                      0.091542    0.002149    0.206845 ^ clkbuf_4_2_0_wr_clk/A (sky130_fd_sc_hd__clkbuf_8)
    13    0.039895    0.061436    0.122891    0.329735 ^ clkbuf_4_2_0_wr_clk/X (sky130_fd_sc_hd__clkbuf_8)
                                                         clknet_4_2_0_wr_clk (net)
                      0.061453    0.000997    0.330732 ^ _723_/CLK (sky130_fd_sc_hd__dfxtp_1)
                                  0.250000    0.580732   clock uncertainty
                                  0.000000    0.580732   clock reconvergence pessimism
                                 -0.016136    0.564597   library hold time
                                              0.564597   data required time
---------------------------------------------------------------------------------------------
                                              0.564597   data required time
                                             -0.977507   data arrival time
---------------------------------------------------------------------------------------------
                                              0.412910   slack (MET)


Startpoint: _713_ (rising edge-triggered flip-flop clocked by wr_clk)
Endpoint: _713_ (rising edge-triggered flip-flop clocked by wr_clk)
Path Group: wr_clk
Path Type: min

Fanout         Cap        Slew       Delay        Time   Description
---------------------------------------------------------------------------------------------
                                  0.000000    0.000000   clock wr_clk (rise edge)
                                  0.000000    0.000000   clock source latency
     1    0.023866    0.084296    0.058566    0.058566 ^ wr_clk (in)
                                                         wr_clk (net)
                      0.084348    0.000000    0.058566 ^ clkbuf_0_wr_clk/A (sky130_fd_sc_hd__clkbuf_16)
    16    0.103559    0.091422    0.146129    0.204695 ^ clkbuf_0_wr_clk/X (sky130_fd_sc_hd__clkbuf_16)
                                                         clknet_0_wr_clk (net)
                      0.091479    0.000935    0.205630 ^ clkbuf_4_8_0_wr_clk/A (sky130_fd_sc_hd__clkbuf_8)
     7    0.033886    0.054248    0.117799    0.323429 ^ clkbuf_4_8_0_wr_clk/X (sky130_fd_sc_hd__clkbuf_8)
                                                         clknet_4_8_0_wr_clk (net)
                      0.054250    0.000418    0.323848 ^ _713_/CLK (sky130_fd_sc_hd__dfxtp_1)
     2    0.005634    0.047725    0.205070    0.528917 ^ _713_/Q (sky130_fd_sc_hd__dfxtp_1)
                                                         mem[6][1] (net)
                      0.047725    0.000036    0.528953 ^ hold25/A (sky130_fd_sc_hd__dlygate4sd3_1)
     1    0.002538    0.035761    0.372704    0.901657 ^ hold25/X (sky130_fd_sc_hd__dlygate4sd3_1)
                                                         net101 (net)
                      0.035761    0.000029    0.901686 ^ _572_/A0 (sky130_fd_sc_hd__mux2_1)
     1    0.002153    0.025078    0.069269    0.970955 ^ _572_/X (sky130_fd_sc_hd__mux2_1)
                                                         _081_ (net)
                      0.025078    0.000020    0.970974 ^ _713_/D (sky130_fd_sc_hd__dfxtp_1)
                                              0.970974   data arrival time

                                  0.000000    0.000000   clock wr_clk (rise edge)
                                  0.000000    0.000000   clock source latency
     1    0.023866    0.084296    0.058566    0.058566 ^ wr_clk (in)
                                                         wr_clk (net)
                      0.084348    0.000000    0.058566 ^ clkbuf_0_wr_clk/A (sky130_fd_sc_hd__clkbuf_16)
    16    0.103559    0.091422    0.146129    0.204695 ^ clkbuf_0_wr_clk/X (sky130_fd_sc_hd__clkbuf_16)
                                                         clknet_0_wr_clk (net)
                      0.091479    0.000935    0.205630 ^ clkbuf_4_8_0_wr_clk/A (sky130_fd_sc_hd__clkbuf_8)
     7    0.033886    0.054248    0.117799    0.323429 ^ clkbuf_4_8_0_wr_clk/X (sky130_fd_sc_hd__clkbuf_8)
                                                         clknet_4_8_0_wr_clk (net)
                      0.054250    0.000418    0.323848 ^ _713_/CLK (sky130_fd_sc_hd__dfxtp_1)
                                  0.250000    0.573848   clock uncertainty
                                  0.000000    0.573848   clock reconvergence pessimism
                                 -0.016327    0.557520   library hold time
                                              0.557520   data required time
---------------------------------------------------------------------------------------------
                                              0.557520   data required time
                                             -0.970974   data arrival time
---------------------------------------------------------------------------------------------
                                              0.413454   slack (MET)


Startpoint: _697_ (rising edge-triggered flip-flop clocked by wr_clk)
Endpoint: _697_ (rising edge-triggered flip-flop clocked by wr_clk)
Path Group: wr_clk
Path Type: min

Fanout         Cap        Slew       Delay        Time   Description
---------------------------------------------------------------------------------------------
                                  0.000000    0.000000   clock wr_clk (rise edge)
                                  0.000000    0.000000   clock source latency
     1    0.023866    0.084296    0.058566    0.058566 ^ wr_clk (in)
                                                         wr_clk (net)
                      0.084348    0.000000    0.058566 ^ clkbuf_0_wr_clk/A (sky130_fd_sc_hd__clkbuf_16)
    16    0.103559    0.091422    0.146129    0.204695 ^ clkbuf_0_wr_clk/X (sky130_fd_sc_hd__clkbuf_16)
                                                         clknet_0_wr_clk (net)
                      0.091478    0.000895    0.205590 ^ clkbuf_4_9_0_wr_clk/A (sky130_fd_sc_hd__clkbuf_8)
    10    0.037676    0.058871    0.121252    0.326843 ^ clkbuf_4_9_0_wr_clk/X (sky130_fd_sc_hd__clkbuf_8)
                                                         clknet_4_9_0_wr_clk (net)
                      0.058871    0.000336    0.327178 ^ _697_/CLK (sky130_fd_sc_hd__dfxtp_1)
     2    0.005643    0.047777    0.206313    0.533491 ^ _697_/Q (sky130_fd_sc_hd__dfxtp_1)
                                                         mem[8][1] (net)
                      0.047777    0.000049    0.533541 ^ hold55/A (sky130_fd_sc_hd__dlygate4sd3_1)
     1    0.002021    0.032899    0.369407    0.902948 ^ hold55/X (sky130_fd_sc_hd__dlygate4sd3_1)
                                                         net131 (net)
                      0.032899    0.000017    0.902965 ^ _553_/A0 (sky130_fd_sc_hd__mux2_1)
     1    0.002717    0.028213    0.071416    0.974381 ^ _553_/X (sky130_fd_sc_hd__mux2_1)
                                                         _065_ (net)
                      0.028213    0.000030    0.974411 ^ _697_/D (sky130_fd_sc_hd__dfxtp_1)
                                              0.974411   data arrival time

                                  0.000000    0.000000   clock wr_clk (rise edge)
                                  0.000000    0.000000   clock source latency
     1    0.023866    0.084296    0.058566    0.058566 ^ wr_clk (in)
                                                         wr_clk (net)
                      0.084348    0.000000    0.058566 ^ clkbuf_0_wr_clk/A (sky130_fd_sc_hd__clkbuf_16)
    16    0.103559    0.091422    0.146129    0.204695 ^ clkbuf_0_wr_clk/X (sky130_fd_sc_hd__clkbuf_16)
                                                         clknet_0_wr_clk (net)
                      0.091478    0.000895    0.205590 ^ clkbuf_4_9_0_wr_clk/A (sky130_fd_sc_hd__clkbuf_8)
    10    0.037676    0.058871    0.121252    0.326843 ^ clkbuf_4_9_0_wr_clk/X (sky130_fd_sc_hd__clkbuf_8)
                                                         clknet_4_9_0_wr_clk (net)
                      0.058871    0.000336    0.327178 ^ _697_/CLK (sky130_fd_sc_hd__dfxtp_1)
                                  0.250000    0.577178   clock uncertainty
                                  0.000000    0.577178   clock reconvergence pessimism
                                 -0.016438    0.560740   library hold time
                                              0.560740   data required time
---------------------------------------------------------------------------------------------
                                              0.560740   data required time
                                             -0.974411   data arrival time
---------------------------------------------------------------------------------------------
                                              0.413671   slack (MET)


Startpoint: _698_ (rising edge-triggered flip-flop clocked by wr_clk)
Endpoint: _698_ (rising edge-triggered flip-flop clocked by wr_clk)
Path Group: wr_clk
Path Type: min

Fanout         Cap        Slew       Delay        Time   Description
---------------------------------------------------------------------------------------------
                                  0.000000    0.000000   clock wr_clk (rise edge)
                                  0.000000    0.000000   clock source latency
     1    0.023866    0.084296    0.058566    0.058566 ^ wr_clk (in)
                                                         wr_clk (net)
                      0.084348    0.000000    0.058566 ^ clkbuf_0_wr_clk/A (sky130_fd_sc_hd__clkbuf_16)
    16    0.103559    0.091422    0.146129    0.204695 ^ clkbuf_0_wr_clk/X (sky130_fd_sc_hd__clkbuf_16)
                                                         clknet_0_wr_clk (net)
                      0.091564    0.002429    0.207124 ^ clkbuf_4_4_0_wr_clk/A (sky130_fd_sc_hd__clkbuf_8)
    13    0.041993    0.063991    0.124944    0.332068 ^ clkbuf_4_4_0_wr_clk/X (sky130_fd_sc_hd__clkbuf_8)
                                                         clknet_4_4_0_wr_clk (net)
                      0.064005    0.000933    0.333001 ^ _698_/CLK (sky130_fd_sc_hd__dfxtp_1)
     2    0.004804    0.042238    0.203608    0.536609 ^ _698_/Q (sky130_fd_sc_hd__dfxtp_1)
                                                         mem[8][2] (net)
                      0.042238    0.000046    0.536656 ^ hold28/A (sky130_fd_sc_hd__dlygate4sd3_1)
     1    0.002545    0.035801    0.371573    0.908229 ^ hold28/X (sky130_fd_sc_hd__dlygate4sd3_1)
                                                         net104 (net)
                      0.035801    0.000026    0.908254 ^ _554_/A0 (sky130_fd_sc_hd__mux2_1)
     1    0.002733    0.028308    0.072316    0.980570 ^ _554_/X (sky130_fd_sc_hd__mux2_1)
                                                         _066_ (net)
                      0.028308    0.000021    0.980591 ^ _698_/D (sky130_fd_sc_hd__dfxtp_1)
                                              0.980591   data arrival time

                                  0.000000    0.000000   clock wr_clk (rise edge)
                                  0.000000    0.000000   clock source latency
     1    0.023866    0.084296    0.058566    0.058566 ^ wr_clk (in)
                                                         wr_clk (net)
                      0.084348    0.000000    0.058566 ^ clkbuf_0_wr_clk/A (sky130_fd_sc_hd__clkbuf_16)
    16    0.103559    0.091422    0.146129    0.204695 ^ clkbuf_0_wr_clk/X (sky130_fd_sc_hd__clkbuf_16)
                                                         clknet_0_wr_clk (net)
                      0.091564    0.002429    0.207124 ^ clkbuf_4_4_0_wr_clk/A (sky130_fd_sc_hd__clkbuf_8)
    13    0.041993    0.063991    0.124944    0.332068 ^ clkbuf_4_4_0_wr_clk/X (sky130_fd_sc_hd__clkbuf_8)
                                                         clknet_4_4_0_wr_clk (net)
                      0.064005    0.000933    0.333001 ^ _698_/CLK (sky130_fd_sc_hd__dfxtp_1)
                                  0.250000    0.583001   clock uncertainty
                                  0.000000    0.583001   clock reconvergence pessimism
                                 -0.016323    0.566679   library hold time
                                              0.566679   data required time
---------------------------------------------------------------------------------------------
                                              0.566679   data required time
                                             -0.980591   data arrival time
---------------------------------------------------------------------------------------------
                                              0.413913   slack (MET)


Startpoint: _662_ (rising edge-triggered flip-flop clocked by wr_clk)
Endpoint: _662_ (rising edge-triggered flip-flop clocked by wr_clk)
Path Group: wr_clk
Path Type: min

Fanout         Cap        Slew       Delay        Time   Description
---------------------------------------------------------------------------------------------
                                  0.000000    0.000000   clock wr_clk (rise edge)
                                  0.000000    0.000000   clock source latency
     1    0.023866    0.084296    0.058566    0.058566 ^ wr_clk (in)
                                                         wr_clk (net)
                      0.084348    0.000000    0.058566 ^ clkbuf_0_wr_clk/A (sky130_fd_sc_hd__clkbuf_16)
    16    0.103559    0.091422    0.146129    0.204695 ^ clkbuf_0_wr_clk/X (sky130_fd_sc_hd__clkbuf_16)
                                                         clknet_0_wr_clk (net)
                      0.091562    0.002410    0.207105 ^ clkbuf_4_5_0_wr_clk/A (sky130_fd_sc_hd__clkbuf_8)
    14    0.040239    0.061867    0.123319    0.330424 ^ clkbuf_4_5_0_wr_clk/X (sky130_fd_sc_hd__clkbuf_8)
                                                         clknet_4_5_0_wr_clk (net)
                      0.061881    0.000899    0.331323 ^ _662_/CLK (sky130_fd_sc_hd__dfxtp_1)
     2    0.004488    0.040165    0.201542    0.532866 ^ _662_/Q (sky130_fd_sc_hd__dfxtp_1)
                                                         mem[12][6] (net)
                      0.040165    0.000017    0.532883 ^ hold24/A (sky130_fd_sc_hd__dlygate4sd3_1)
     1    0.002962    0.038377    0.373794    0.906677 ^ hold24/X (sky130_fd_sc_hd__dlygate4sd3_1)
                                                         net100 (net)
                      0.038377    0.000033    0.906710 ^ _511_/A0 (sky130_fd_sc_hd__mux2_1)
     1    0.002587    0.027474    0.072268    0.978978 ^ _511_/X (sky130_fd_sc_hd__mux2_1)
                                                         _030_ (net)
                      0.027474    0.000028    0.979006 ^ _662_/D (sky130_fd_sc_hd__dfxtp_1)
                                              0.979006   data arrival time

                                  0.000000    0.000000   clock wr_clk (rise edge)
                                  0.000000    0.000000   clock source latency
     1    0.023866    0.084296    0.058566    0.058566 ^ wr_clk (in)
                                                         wr_clk (net)
                      0.084348    0.000000    0.058566 ^ clkbuf_0_wr_clk/A (sky130_fd_sc_hd__clkbuf_16)
    16    0.103559    0.091422    0.146129    0.204695 ^ clkbuf_0_wr_clk/X (sky130_fd_sc_hd__clkbuf_16)
                                                         clknet_0_wr_clk (net)
                      0.091562    0.002410    0.207105 ^ clkbuf_4_5_0_wr_clk/A (sky130_fd_sc_hd__clkbuf_8)
    14    0.040239    0.061867    0.123319    0.330424 ^ clkbuf_4_5_0_wr_clk/X (sky130_fd_sc_hd__clkbuf_8)
                                                         clknet_4_5_0_wr_clk (net)
                      0.061881    0.000899    0.331323 ^ _662_/CLK (sky130_fd_sc_hd__dfxtp_1)
                                  0.250000    0.581323   clock uncertainty
                                  0.000000    0.581323   clock reconvergence pessimism
                                 -0.016315    0.565009   library hold time
                                              0.565009   data required time
---------------------------------------------------------------------------------------------
                                              0.565009   data required time
                                             -0.979006   data arrival time
---------------------------------------------------------------------------------------------
                                              0.413997   slack (MET)


Startpoint: _758_ (rising edge-triggered flip-flop clocked by wr_clk)
Endpoint: _804_ (rising edge-triggered flip-flop clocked by wr_clk)
Path Group: wr_clk
Path Type: min

Fanout         Cap        Slew       Delay        Time   Description
---------------------------------------------------------------------------------------------
                                  0.000000    0.000000   clock wr_clk (rise edge)
                                  0.000000    0.000000   clock source latency
     1    0.023866    0.084296    0.058566    0.058566 ^ wr_clk (in)
                                                         wr_clk (net)
                      0.084348    0.000000    0.058566 ^ clkbuf_0_wr_clk/A (sky130_fd_sc_hd__clkbuf_16)
    16    0.103559    0.091422    0.146129    0.204695 ^ clkbuf_0_wr_clk/X (sky130_fd_sc_hd__clkbuf_16)
                                                         clknet_0_wr_clk (net)
                      0.091488    0.001187    0.205883 ^ clkbuf_4_13_0_wr_clk/A (sky130_fd_sc_hd__clkbuf_8)
     8    0.041541    0.063558    0.124623    0.330506 ^ clkbuf_4_13_0_wr_clk/X (sky130_fd_sc_hd__clkbuf_8)
                                                         clknet_4_13_0_wr_clk (net)
                      0.063568    0.000788    0.331294 ^ _758_/CLK (sky130_fd_sc_hd__dfrtp_1)
     5    0.018062    0.124814    0.278254    0.609548 ^ _758_/Q (sky130_fd_sc_hd__dfrtp_1)
                                                         wr_bin[1] (net)
                      0.124814    0.000226    0.609774 ^ _306_/A (sky130_fd_sc_hd__inv_2)
     4    0.021039    0.053497    0.054238    0.664013 v _306_/Y (sky130_fd_sc_hd__inv_2)
                                                         _137_ (net)
                      0.053497    0.000163    0.664176 v _493_/A (sky130_fd_sc_hd__nand2_4)
     4    0.042233    0.098002    0.098268    0.762444 ^ _493_/Y (sky130_fd_sc_hd__nand2_4)
                                                         _286_ (net)
                      0.098007    0.000569    0.763013 ^ _623_/A (sky130_fd_sc_hd__nor2_4)
     8    0.069203    0.075801    0.077249    0.840261 v _623_/Y (sky130_fd_sc_hd__nor2_4)
                                                         _304_ (net)
                      0.075888    0.002079    0.842340 v _626_/S (sky130_fd_sc_hd__mux2_1)
     1    0.002528    0.027145    0.138870    0.981210 ^ _626_/X (sky130_fd_sc_hd__mux2_1)
                                                         _130_ (net)
                      0.027145    0.000028    0.981239 ^ _804_/D (sky130_fd_sc_hd__dfxtp_1)
                                              0.981239   data arrival time

                                  0.000000    0.000000   clock wr_clk (rise edge)
                                  0.000000    0.000000   clock source latency
     1    0.023866    0.084296    0.058566    0.058566 ^ wr_clk (in)
                                                         wr_clk (net)
                      0.084348    0.000000    0.058566 ^ clkbuf_0_wr_clk/A (sky130_fd_sc_hd__clkbuf_16)
    16    0.103559    0.091422    0.146129    0.204695 ^ clkbuf_0_wr_clk/X (sky130_fd_sc_hd__clkbuf_16)
                                                         clknet_0_wr_clk (net)
                      0.091564    0.002429    0.207124 ^ clkbuf_4_4_0_wr_clk/A (sky130_fd_sc_hd__clkbuf_8)
    13    0.041993    0.063991    0.124944    0.332068 ^ clkbuf_4_4_0_wr_clk/X (sky130_fd_sc_hd__clkbuf_8)
                                                         clknet_4_4_0_wr_clk (net)
                      0.064005    0.000948    0.333016 ^ _804_/CLK (sky130_fd_sc_hd__dfxtp_1)
                                  0.250000    0.583016   clock uncertainty
                                  0.000000    0.583016   clock reconvergence pessimism
                                 -0.016241    0.566775   library hold time
                                              0.566775   data required time
---------------------------------------------------------------------------------------------
                                              0.566775   data required time
                                             -0.981239   data arrival time
---------------------------------------------------------------------------------------------
                                              0.414464   slack (MET)


Startpoint: _676_ (rising edge-triggered flip-flop clocked by wr_clk)
Endpoint: _676_ (rising edge-triggered flip-flop clocked by wr_clk)
Path Group: wr_clk
Path Type: min

Fanout         Cap        Slew       Delay        Time   Description
---------------------------------------------------------------------------------------------
                                  0.000000    0.000000   clock wr_clk (rise edge)
                                  0.000000    0.000000   clock source latency
     1    0.023866    0.084296    0.058566    0.058566 ^ wr_clk (in)
                                                         wr_clk (net)
                      0.084348    0.000000    0.058566 ^ clkbuf_0_wr_clk/A (sky130_fd_sc_hd__clkbuf_16)
    16    0.103559    0.091422    0.146129    0.204695 ^ clkbuf_0_wr_clk/X (sky130_fd_sc_hd__clkbuf_16)
                                                         clknet_0_wr_clk (net)
                      0.091476    0.000811    0.205506 ^ clkbuf_4_10_0_wr_clk/A (sky130_fd_sc_hd__clkbuf_8)
    13    0.041068    0.062866    0.124097    0.329603 ^ clkbuf_4_10_0_wr_clk/X (sky130_fd_sc_hd__clkbuf_8)
                                                         clknet_4_10_0_wr_clk (net)
                      0.062875    0.000813    0.330416 ^ _676_/CLK (sky130_fd_sc_hd__dfxtp_1)
     2    0.004799    0.042209    0.203288    0.533705 ^ _676_/Q (sky130_fd_sc_hd__dfxtp_1)
                                                         mem[1][4] (net)
                      0.042209    0.000054    0.533759 ^ hold117/A (sky130_fd_sc_hd__dlygate4sd3_1)
     1    0.002587    0.036040    0.371832    0.905591 ^ hold117/X (sky130_fd_sc_hd__dlygate4sd3_1)
                                                         net193 (net)
                      0.036040    0.000029    0.905620 ^ _529_/A0 (sky130_fd_sc_hd__mux2_1)
     1    0.002834    0.028882    0.072903    0.978524 ^ _529_/X (sky130_fd_sc_hd__mux2_1)
                                                         _044_ (net)
                      0.028882    0.000034    0.978558 ^ _676_/D (sky130_fd_sc_hd__dfxtp_1)
                                              0.978558   data arrival time

                                  0.000000    0.000000   clock wr_clk (rise edge)
                                  0.000000    0.000000   clock source latency
     1    0.023866    0.084296    0.058566    0.058566 ^ wr_clk (in)
                                                         wr_clk (net)
                      0.084348    0.000000    0.058566 ^ clkbuf_0_wr_clk/A (sky130_fd_sc_hd__clkbuf_16)
    16    0.103559    0.091422    0.146129    0.204695 ^ clkbuf_0_wr_clk/X (sky130_fd_sc_hd__clkbuf_16)
                                                         clknet_0_wr_clk (net)
                      0.091476    0.000811    0.205506 ^ clkbuf_4_10_0_wr_clk/A (sky130_fd_sc_hd__clkbuf_8)
    13    0.041068    0.062866    0.124097    0.329603 ^ clkbuf_4_10_0_wr_clk/X (sky130_fd_sc_hd__clkbuf_8)
                                                         clknet_4_10_0_wr_clk (net)
                      0.062875    0.000813    0.330416 ^ _676_/CLK (sky130_fd_sc_hd__dfxtp_1)
                                  0.250000    0.580416   clock uncertainty
                                  0.000000    0.580416   clock reconvergence pessimism
                                 -0.016390    0.564026   library hold time
                                              0.564026   data required time
---------------------------------------------------------------------------------------------
                                              0.564026   data required time
                                             -0.978558   data arrival time
---------------------------------------------------------------------------------------------
                                              0.414532   slack (MET)


Startpoint: _640_ (rising edge-triggered flip-flop clocked by wr_clk)
Endpoint: _640_ (rising edge-triggered flip-flop clocked by wr_clk)
Path Group: wr_clk
Path Type: min

Fanout         Cap        Slew       Delay        Time   Description
---------------------------------------------------------------------------------------------
                                  0.000000    0.000000   clock wr_clk (rise edge)
                                  0.000000    0.000000   clock source latency
     1    0.023866    0.084296    0.058566    0.058566 ^ wr_clk (in)
                                                         wr_clk (net)
                      0.084348    0.000000    0.058566 ^ clkbuf_0_wr_clk/A (sky130_fd_sc_hd__clkbuf_16)
    16    0.103559    0.091422    0.146129    0.204695 ^ clkbuf_0_wr_clk/X (sky130_fd_sc_hd__clkbuf_16)
                                                         clknet_0_wr_clk (net)
                      0.091552    0.002278    0.206973 ^ clkbuf_4_7_0_wr_clk/A (sky130_fd_sc_hd__clkbuf_8)
    11    0.039392    0.060858    0.122715    0.329688 ^ clkbuf_4_7_0_wr_clk/X (sky130_fd_sc_hd__clkbuf_8)
                                                         clknet_4_7_0_wr_clk (net)
                      0.060867    0.000741    0.330430 ^ _640_/CLK (sky130_fd_sc_hd__dfxtp_1)
     2    0.005842    0.049094    0.207781    0.538210 ^ _640_/Q (sky130_fd_sc_hd__dfxtp_1)
                                                         mem[14][0] (net)
                      0.049094    0.000062    0.538272 ^ hold60/A (sky130_fd_sc_hd__dlygate4sd3_1)
     1    0.002005    0.032819    0.369592    0.907864 ^ hold60/X (sky130_fd_sc_hd__dlygate4sd3_1)
                                                         net136 (net)
                      0.032819    0.000017    0.907881 ^ _485_/A0 (sky130_fd_sc_hd__mux2_1)
     1    0.002643    0.027793    0.071006    0.978886 ^ _485_/X (sky130_fd_sc_hd__mux2_1)
                                                         _008_ (net)
                      0.027793    0.000030    0.978916 ^ _640_/D (sky130_fd_sc_hd__dfxtp_1)
                                              0.978916   data arrival time

                                  0.000000    0.000000   clock wr_clk (rise edge)
                                  0.000000    0.000000   clock source latency
     1    0.023866    0.084296    0.058566    0.058566 ^ wr_clk (in)
                                                         wr_clk (net)
                      0.084348    0.000000    0.058566 ^ clkbuf_0_wr_clk/A (sky130_fd_sc_hd__clkbuf_16)
    16    0.103559    0.091422    0.146129    0.204695 ^ clkbuf_0_wr_clk/X (sky130_fd_sc_hd__clkbuf_16)
                                                         clknet_0_wr_clk (net)
                      0.091552    0.002278    0.206973 ^ clkbuf_4_7_0_wr_clk/A (sky130_fd_sc_hd__clkbuf_8)
    11    0.039392    0.060858    0.122715    0.329688 ^ clkbuf_4_7_0_wr_clk/X (sky130_fd_sc_hd__clkbuf_8)
                                                         clknet_4_7_0_wr_clk (net)
                      0.060867    0.000741    0.330430 ^ _640_/CLK (sky130_fd_sc_hd__dfxtp_1)
                                  0.250000    0.580430   clock uncertainty
                                  0.000000    0.580430   clock reconvergence pessimism
                                 -0.016361    0.564068   library hold time
                                              0.564068   data required time
---------------------------------------------------------------------------------------------
                                              0.564068   data required time
                                             -0.978916   data arrival time
---------------------------------------------------------------------------------------------
                                              0.414848   slack (MET)


Startpoint: _687_ (rising edge-triggered flip-flop clocked by wr_clk)
Endpoint: _687_ (rising edge-triggered flip-flop clocked by wr_clk)
Path Group: wr_clk
Path Type: min

Fanout         Cap        Slew       Delay        Time   Description
---------------------------------------------------------------------------------------------
                                  0.000000    0.000000   clock wr_clk (rise edge)
                                  0.000000    0.000000   clock source latency
     1    0.023866    0.084296    0.058566    0.058566 ^ wr_clk (in)
                                                         wr_clk (net)
                      0.084348    0.000000    0.058566 ^ clkbuf_0_wr_clk/A (sky130_fd_sc_hd__clkbuf_16)
    16    0.103559    0.091422    0.146129    0.204695 ^ clkbuf_0_wr_clk/X (sky130_fd_sc_hd__clkbuf_16)
                                                         clknet_0_wr_clk (net)
                      0.091561    0.002391    0.207086 ^ clkbuf_4_1_0_wr_clk/A (sky130_fd_sc_hd__clkbuf_8)
    14    0.040328    0.062088    0.123577    0.330663 ^ clkbuf_4_1_0_wr_clk/X (sky130_fd_sc_hd__clkbuf_8)
                                                         clknet_4_1_0_wr_clk (net)
                      0.062092    0.000564    0.331227 ^ _687_/CLK (sky130_fd_sc_hd__dfxtp_1)
     2    0.005350    0.045836    0.205734    0.536961 ^ _687_/Q (sky130_fd_sc_hd__dfxtp_1)
                                                         mem[10][7] (net)
                      0.045836    0.000065    0.537027 ^ hold21/A (sky130_fd_sc_hd__dlygate4sd3_1)
     1    0.002705    0.036739    0.373368    0.910395 ^ hold21/X (sky130_fd_sc_hd__dlygate4sd3_1)
                                                         net97 (net)
                      0.036739    0.000031    0.910426 ^ _541_/A0 (sky130_fd_sc_hd__mux2_1)
     1    0.002149    0.025059    0.069525    0.979951 ^ _541_/X (sky130_fd_sc_hd__mux2_1)
                                                         _055_ (net)
                      0.025059    0.000020    0.979971 ^ _687_/D (sky130_fd_sc_hd__dfxtp_1)
                                              0.979971   data arrival time

                                  0.000000    0.000000   clock wr_clk (rise edge)
                                  0.000000    0.000000   clock source latency
     1    0.023866    0.084296    0.058566    0.058566 ^ wr_clk (in)
                                                         wr_clk (net)
                      0.084348    0.000000    0.058566 ^ clkbuf_0_wr_clk/A (sky130_fd_sc_hd__clkbuf_16)
    16    0.103559    0.091422    0.146129    0.204695 ^ clkbuf_0_wr_clk/X (sky130_fd_sc_hd__clkbuf_16)
                                                         clknet_0_wr_clk (net)
                      0.091561    0.002391    0.207086 ^ clkbuf_4_1_0_wr_clk/A (sky130_fd_sc_hd__clkbuf_8)
    14    0.040328    0.062088    0.123577    0.330663 ^ clkbuf_4_1_0_wr_clk/X (sky130_fd_sc_hd__clkbuf_8)
                                                         clknet_4_1_0_wr_clk (net)
                      0.062092    0.000564    0.331227 ^ _687_/CLK (sky130_fd_sc_hd__dfxtp_1)
                                  0.250000    0.581227   clock uncertainty
                                  0.000000    0.581227   clock reconvergence pessimism
                                 -0.016139    0.565087   library hold time
                                              0.565087   data required time
---------------------------------------------------------------------------------------------
                                              0.565087   data required time
                                             -0.979971   data arrival time
---------------------------------------------------------------------------------------------
                                              0.414883   slack (MET)


Startpoint: _691_ (rising edge-triggered flip-flop clocked by wr_clk)
Endpoint: _691_ (rising edge-triggered flip-flop clocked by wr_clk)
Path Group: wr_clk
Path Type: min

Fanout         Cap        Slew       Delay        Time   Description
---------------------------------------------------------------------------------------------
                                  0.000000    0.000000   clock wr_clk (rise edge)
                                  0.000000    0.000000   clock source latency
     1    0.023866    0.084296    0.058566    0.058566 ^ wr_clk (in)
                                                         wr_clk (net)
                      0.084348    0.000000    0.058566 ^ clkbuf_0_wr_clk/A (sky130_fd_sc_hd__clkbuf_16)
    16    0.103559    0.091422    0.146129    0.204695 ^ clkbuf_0_wr_clk/X (sky130_fd_sc_hd__clkbuf_16)
                                                         clknet_0_wr_clk (net)
                      0.091542    0.002149    0.206845 ^ clkbuf_4_2_0_wr_clk/A (sky130_fd_sc_hd__clkbuf_8)
    13    0.039895    0.061436    0.122891    0.329735 ^ clkbuf_4_2_0_wr_clk/X (sky130_fd_sc_hd__clkbuf_8)
                                                         clknet_4_2_0_wr_clk (net)
                      0.061463    0.001194    0.330930 ^ _691_/CLK (sky130_fd_sc_hd__dfxtp_1)
     2    0.005998    0.050132    0.208683    0.539613 ^ _691_/Q (sky130_fd_sc_hd__dfxtp_1)
                                                         mem[0][3] (net)
                      0.050132    0.000086    0.539699 ^ hold23/A (sky130_fd_sc_hd__dlygate4sd3_1)
     1    0.002070    0.033167    0.370232    0.909931 ^ hold23/X (sky130_fd_sc_hd__dlygate4sd3_1)
                                                         net99 (net)
                      0.033167    0.000010    0.909942 ^ _546_/A0 (sky130_fd_sc_hd__mux2_1)
     1    0.002365    0.026240    0.069650    0.979591 ^ _546_/X (sky130_fd_sc_hd__mux2_1)
                                                         _059_ (net)
                      0.026240    0.000024    0.979615 ^ _691_/D (sky130_fd_sc_hd__dfxtp_1)
                                              0.979615   data arrival time

                                  0.000000    0.000000   clock wr_clk (rise edge)
                                  0.000000    0.000000   clock source latency
     1    0.023866    0.084296    0.058566    0.058566 ^ wr_clk (in)
                                                         wr_clk (net)
                      0.084348    0.000000    0.058566 ^ clkbuf_0_wr_clk/A (sky130_fd_sc_hd__clkbuf_16)
    16    0.103559    0.091422    0.146129    0.204695 ^ clkbuf_0_wr_clk/X (sky130_fd_sc_hd__clkbuf_16)
                                                         clknet_0_wr_clk (net)
                      0.091542    0.002149    0.206845 ^ clkbuf_4_2_0_wr_clk/A (sky130_fd_sc_hd__clkbuf_8)
    13    0.039895    0.061436    0.122891    0.329735 ^ clkbuf_4_2_0_wr_clk/X (sky130_fd_sc_hd__clkbuf_8)
                                                         clknet_4_2_0_wr_clk (net)
                      0.061463    0.001194    0.330930 ^ _691_/CLK (sky130_fd_sc_hd__dfxtp_1)
                                  0.250000    0.580930   clock uncertainty
                                  0.000000    0.580930   clock reconvergence pessimism
                                 -0.016238    0.564692   library hold time
                                              0.564692   data required time
---------------------------------------------------------------------------------------------
                                              0.564692   data required time
                                             -0.979615   data arrival time
---------------------------------------------------------------------------------------------
                                              0.414923   slack (MET)


Startpoint: _666_ (rising edge-triggered flip-flop clocked by wr_clk)
Endpoint: _666_ (rising edge-triggered flip-flop clocked by wr_clk)
Path Group: wr_clk
Path Type: min

Fanout         Cap        Slew       Delay        Time   Description
---------------------------------------------------------------------------------------------
                                  0.000000    0.000000   clock wr_clk (rise edge)
                                  0.000000    0.000000   clock source latency
     1    0.023866    0.084296    0.058566    0.058566 ^ wr_clk (in)
                                                         wr_clk (net)
                      0.084348    0.000000    0.058566 ^ clkbuf_0_wr_clk/A (sky130_fd_sc_hd__clkbuf_16)
    16    0.103559    0.091422    0.146129    0.204695 ^ clkbuf_0_wr_clk/X (sky130_fd_sc_hd__clkbuf_16)
                                                         clknet_0_wr_clk (net)
                      0.091564    0.002429    0.207124 ^ clkbuf_4_4_0_wr_clk/A (sky130_fd_sc_hd__clkbuf_8)
    13    0.041993    0.063991    0.124944    0.332068 ^ clkbuf_4_4_0_wr_clk/X (sky130_fd_sc_hd__clkbuf_8)
                                                         clknet_4_4_0_wr_clk (net)
                      0.064007    0.000988    0.333057 ^ _666_/CLK (sky130_fd_sc_hd__dfxtp_1)
     2    0.004885    0.042774    0.204004    0.537061 ^ _666_/Q (sky130_fd_sc_hd__dfxtp_1)
                                                         mem[11][2] (net)
                      0.042774    0.000039    0.537100 ^ hold130/A (sky130_fd_sc_hd__dlygate4sd3_1)
     1    0.002647    0.036393    0.372340    0.909440 ^ hold130/X (sky130_fd_sc_hd__dlygate4sd3_1)
                                                         net206 (net)
                      0.036393    0.000026    0.909466 ^ _517_/A1 (sky130_fd_sc_hd__mux2_1)
     1    0.002421    0.026780    0.072327    0.981794 ^ _517_/X (sky130_fd_sc_hd__mux2_1)
                                                         _034_ (net)
                      0.026780    0.000025    0.981819 ^ _666_/D (sky130_fd_sc_hd__dfxtp_1)
                                              0.981819   data arrival time

                                  0.000000    0.000000   clock wr_clk (rise edge)
                                  0.000000    0.000000   clock source latency
     1    0.023866    0.084296    0.058566    0.058566 ^ wr_clk (in)
                                                         wr_clk (net)
                      0.084348    0.000000    0.058566 ^ clkbuf_0_wr_clk/A (sky130_fd_sc_hd__clkbuf_16)
    16    0.103559    0.091422    0.146129    0.204695 ^ clkbuf_0_wr_clk/X (sky130_fd_sc_hd__clkbuf_16)
                                                         clknet_0_wr_clk (net)
                      0.091564    0.002429    0.207124 ^ clkbuf_4_4_0_wr_clk/A (sky130_fd_sc_hd__clkbuf_8)
    13    0.041993    0.063991    0.124944    0.332068 ^ clkbuf_4_4_0_wr_clk/X (sky130_fd_sc_hd__clkbuf_8)
                                                         clknet_4_4_0_wr_clk (net)
                      0.064007    0.000988    0.333057 ^ _666_/CLK (sky130_fd_sc_hd__dfxtp_1)
                                  0.250000    0.583057   clock uncertainty
                                  0.000000    0.583057   clock reconvergence pessimism
                                 -0.016215    0.566842   library hold time
                                              0.566842   data required time
---------------------------------------------------------------------------------------------
                                              0.566842   data required time
                                             -0.981819   data arrival time
---------------------------------------------------------------------------------------------
                                              0.414977   slack (MET)


Startpoint: _684_ (rising edge-triggered flip-flop clocked by wr_clk)
Endpoint: _684_ (rising edge-triggered flip-flop clocked by wr_clk)
Path Group: wr_clk
Path Type: min

Fanout         Cap        Slew       Delay        Time   Description
---------------------------------------------------------------------------------------------
                                  0.000000    0.000000   clock wr_clk (rise edge)
                                  0.000000    0.000000   clock source latency
     1    0.023866    0.084296    0.058566    0.058566 ^ wr_clk (in)
                                                         wr_clk (net)
                      0.084348    0.000000    0.058566 ^ clkbuf_0_wr_clk/A (sky130_fd_sc_hd__clkbuf_16)
    16    0.103559    0.091422    0.146129    0.204695 ^ clkbuf_0_wr_clk/X (sky130_fd_sc_hd__clkbuf_16)
                                                         clknet_0_wr_clk (net)
                      0.091476    0.000811    0.205506 ^ clkbuf_4_10_0_wr_clk/A (sky130_fd_sc_hd__clkbuf_8)
    13    0.041068    0.062866    0.124097    0.329603 ^ clkbuf_4_10_0_wr_clk/X (sky130_fd_sc_hd__clkbuf_8)
                                                         clknet_4_10_0_wr_clk (net)
                      0.062885    0.001058    0.330662 ^ _684_/CLK (sky130_fd_sc_hd__dfxtp_1)
     2    0.005573    0.047315    0.207017    0.537679 ^ _684_/Q (sky130_fd_sc_hd__dfxtp_1)
                                                         mem[10][4] (net)
                      0.047315    0.000058    0.537737 ^ hold54/A (sky130_fd_sc_hd__dlygate4sd3_1)
     1    0.002302    0.034427    0.371107    0.908844 ^ hold54/X (sky130_fd_sc_hd__dlygate4sd3_1)
                                                         net130 (net)
                      0.034427    0.000024    0.908868 ^ _538_/A0 (sky130_fd_sc_hd__mux2_1)
     1    0.002495    0.026961    0.070684    0.979552 ^ _538_/X (sky130_fd_sc_hd__mux2_1)
                                                         _052_ (net)
                      0.026961    0.000025    0.979577 ^ _684_/D (sky130_fd_sc_hd__dfxtp_1)
                                              0.979577   data arrival time

                                  0.000000    0.000000   clock wr_clk (rise edge)
                                  0.000000    0.000000   clock source latency
     1    0.023866    0.084296    0.058566    0.058566 ^ wr_clk (in)
                                                         wr_clk (net)
                      0.084348    0.000000    0.058566 ^ clkbuf_0_wr_clk/A (sky130_fd_sc_hd__clkbuf_16)
    16    0.103559    0.091422    0.146129    0.204695 ^ clkbuf_0_wr_clk/X (sky130_fd_sc_hd__clkbuf_16)
                                                         clknet_0_wr_clk (net)
                      0.091476    0.000811    0.205506 ^ clkbuf_4_10_0_wr_clk/A (sky130_fd_sc_hd__clkbuf_8)
    13    0.041068    0.062866    0.124097    0.329603 ^ clkbuf_4_10_0_wr_clk/X (sky130_fd_sc_hd__clkbuf_8)
                                                         clknet_4_10_0_wr_clk (net)
                      0.062885    0.001058    0.330662 ^ _684_/CLK (sky130_fd_sc_hd__dfxtp_1)
                                  0.250000    0.580662   clock uncertainty
                                  0.000000    0.580662   clock reconvergence pessimism
                                 -0.016255    0.564407   library hold time
                                              0.564407   data required time
---------------------------------------------------------------------------------------------
                                              0.564407   data required time
                                             -0.979577   data arrival time
---------------------------------------------------------------------------------------------
                                              0.415170   slack (MET)


Startpoint: _798_ (rising edge-triggered flip-flop clocked by wr_clk)
Endpoint: _798_ (rising edge-triggered flip-flop clocked by wr_clk)
Path Group: wr_clk
Path Type: min

Fanout         Cap        Slew       Delay        Time   Description
---------------------------------------------------------------------------------------------
                                  0.000000    0.000000   clock wr_clk (rise edge)
                                  0.000000    0.000000   clock source latency
     1    0.023866    0.084296    0.058566    0.058566 ^ wr_clk (in)
                                                         wr_clk (net)
                      0.084348    0.000000    0.058566 ^ clkbuf_0_wr_clk/A (sky130_fd_sc_hd__clkbuf_16)
    16    0.103559    0.091422    0.146129    0.204695 ^ clkbuf_0_wr_clk/X (sky130_fd_sc_hd__clkbuf_16)
                                                         clknet_0_wr_clk (net)
                      0.091477    0.000841    0.205536 ^ clkbuf_4_11_0_wr_clk/A (sky130_fd_sc_hd__clkbuf_8)
     8    0.037940    0.059193    0.121489    0.327025 ^ clkbuf_4_11_0_wr_clk/X (sky130_fd_sc_hd__clkbuf_8)
                                                         clknet_4_11_0_wr_clk (net)
                      0.059193    0.000271    0.327296 ^ _798_/CLK (sky130_fd_sc_hd__dfxtp_1)
     2    0.005542    0.047109    0.205913    0.533210 ^ _798_/Q (sky130_fd_sc_hd__dfxtp_1)
                                                         mem[15][4] (net)
                      0.047109    0.000030    0.533240 ^ hold101/A (sky130_fd_sc_hd__dlygate4sd3_1)
     1    0.002457    0.035304    0.372060    0.905300 ^ hold101/X (sky130_fd_sc_hd__dlygate4sd3_1)
                                                         net177 (net)
                      0.035304    0.000011    0.905311 ^ _619_/A1 (sky130_fd_sc_hd__mux2_1)
     1    0.002204    0.025583    0.070911    0.976222 ^ _619_/X (sky130_fd_sc_hd__mux2_1)
                                                         _124_ (net)
                      0.025583    0.000020    0.976242 ^ _798_/D (sky130_fd_sc_hd__dfxtp_1)
                                              0.976242   data arrival time

                                  0.000000    0.000000   clock wr_clk (rise edge)
                                  0.000000    0.000000   clock source latency
     1    0.023866    0.084296    0.058566    0.058566 ^ wr_clk (in)
                                                         wr_clk (net)
                      0.084348    0.000000    0.058566 ^ clkbuf_0_wr_clk/A (sky130_fd_sc_hd__clkbuf_16)
    16    0.103559    0.091422    0.146129    0.204695 ^ clkbuf_0_wr_clk/X (sky130_fd_sc_hd__clkbuf_16)
                                                         clknet_0_wr_clk (net)
                      0.091477    0.000841    0.205536 ^ clkbuf_4_11_0_wr_clk/A (sky130_fd_sc_hd__clkbuf_8)
     8    0.037940    0.059193    0.121489    0.327025 ^ clkbuf_4_11_0_wr_clk/X (sky130_fd_sc_hd__clkbuf_8)
                                                         clknet_4_11_0_wr_clk (net)
                      0.059193    0.000271    0.327296 ^ _798_/CLK (sky130_fd_sc_hd__dfxtp_1)
                                  0.250000    0.577296   clock uncertainty
                                  0.000000    0.577296   clock reconvergence pessimism
                                 -0.016245    0.561051   library hold time
                                              0.561051   data required time
---------------------------------------------------------------------------------------------
                                              0.561051   data required time
                                             -0.976242   data arrival time
---------------------------------------------------------------------------------------------
                                              0.415191   slack (MET)


Startpoint: _758_ (rising edge-triggered flip-flop clocked by wr_clk)
Endpoint: _672_ (rising edge-triggered flip-flop clocked by wr_clk)
Path Group: wr_clk
Path Type: min

Fanout         Cap        Slew       Delay        Time   Description
---------------------------------------------------------------------------------------------
                                  0.000000    0.000000   clock wr_clk (rise edge)
                                  0.000000    0.000000   clock source latency
     1    0.023866    0.084296    0.058566    0.058566 ^ wr_clk (in)
                                                         wr_clk (net)
                      0.084348    0.000000    0.058566 ^ clkbuf_0_wr_clk/A (sky130_fd_sc_hd__clkbuf_16)
    16    0.103559    0.091422    0.146129    0.204695 ^ clkbuf_0_wr_clk/X (sky130_fd_sc_hd__clkbuf_16)
                                                         clknet_0_wr_clk (net)
                      0.091488    0.001187    0.205883 ^ clkbuf_4_13_0_wr_clk/A (sky130_fd_sc_hd__clkbuf_8)
     8    0.041541    0.063558    0.124623    0.330506 ^ clkbuf_4_13_0_wr_clk/X (sky130_fd_sc_hd__clkbuf_8)
                                                         clknet_4_13_0_wr_clk (net)
                      0.063568    0.000788    0.331294 ^ _758_/CLK (sky130_fd_sc_hd__dfrtp_1)
     5    0.018062    0.124814    0.278254    0.609548 ^ _758_/Q (sky130_fd_sc_hd__dfrtp_1)
                                                         wr_bin[1] (net)
                      0.124814    0.000226    0.609774 ^ _306_/A (sky130_fd_sc_hd__inv_2)
     4    0.021039    0.053497    0.054238    0.664013 v _306_/Y (sky130_fd_sc_hd__inv_2)
                                                         _137_ (net)
                      0.053497    0.000163    0.664176 v _493_/A (sky130_fd_sc_hd__nand2_4)
     4    0.042233    0.098002    0.098268    0.762444 ^ _493_/Y (sky130_fd_sc_hd__nand2_4)
                                                         _286_ (net)
                      0.098018    0.001046    0.763490 ^ _524_/A (sky130_fd_sc_hd__nor2_4)
     8    0.066210    0.073397    0.075674    0.839163 v _524_/Y (sky130_fd_sc_hd__nor2_4)
                                                         _293_ (net)
                      0.073398    0.000274    0.839437 v _525_/S (sky130_fd_sc_hd__mux2_1)
     1    0.002958    0.029597    0.140124    0.979560 ^ _525_/X (sky130_fd_sc_hd__mux2_1)
                                                         _040_ (net)
                      0.029597    0.000035    0.979596 ^ _672_/D (sky130_fd_sc_hd__dfxtp_1)
                                              0.979596   data arrival time

                                  0.000000    0.000000   clock wr_clk (rise edge)
                                  0.000000    0.000000   clock source latency
     1    0.023866    0.084296    0.058566    0.058566 ^ wr_clk (in)
                                                         wr_clk (net)
                      0.084348    0.000000    0.058566 ^ clkbuf_0_wr_clk/A (sky130_fd_sc_hd__clkbuf_16)
    16    0.103559    0.091422    0.146129    0.204695 ^ clkbuf_0_wr_clk/X (sky130_fd_sc_hd__clkbuf_16)
                                                         clknet_0_wr_clk (net)
                      0.091488    0.001187    0.205883 ^ clkbuf_4_13_0_wr_clk/A (sky130_fd_sc_hd__clkbuf_8)
     8    0.041541    0.063558    0.124623    0.330506 ^ clkbuf_4_13_0_wr_clk/X (sky130_fd_sc_hd__clkbuf_8)
                                                         clknet_4_13_0_wr_clk (net)
                      0.063558    0.000104    0.330609 ^ _672_/CLK (sky130_fd_sc_hd__dfxtp_1)
                                  0.250000    0.580609   clock uncertainty
                                  0.000000    0.580609   clock reconvergence pessimism
                                 -0.016424    0.564185   library hold time
                                              0.564185   data required time
---------------------------------------------------------------------------------------------
                                              0.564185   data required time
                                             -0.979596   data arrival time
---------------------------------------------------------------------------------------------
                                              0.415411   slack (MET)


Startpoint: _706_ (rising edge-triggered flip-flop clocked by wr_clk)
Endpoint: _706_ (rising edge-triggered flip-flop clocked by wr_clk)
Path Group: wr_clk
Path Type: min

Fanout         Cap        Slew       Delay        Time   Description
---------------------------------------------------------------------------------------------
                                  0.000000    0.000000   clock wr_clk (rise edge)
                                  0.000000    0.000000   clock source latency
     1    0.023866    0.084296    0.058566    0.058566 ^ wr_clk (in)
                                                         wr_clk (net)
                      0.084348    0.000000    0.058566 ^ clkbuf_0_wr_clk/A (sky130_fd_sc_hd__clkbuf_16)
    16    0.103559    0.091422    0.146129    0.204695 ^ clkbuf_0_wr_clk/X (sky130_fd_sc_hd__clkbuf_16)
                                                         clknet_0_wr_clk (net)
                      0.091564    0.002429    0.207124 ^ clkbuf_4_4_0_wr_clk/A (sky130_fd_sc_hd__clkbuf_8)
    13    0.041993    0.063991    0.124944    0.332068 ^ clkbuf_4_4_0_wr_clk/X (sky130_fd_sc_hd__clkbuf_8)
                                                         clknet_4_4_0_wr_clk (net)
                      0.063998    0.000736    0.332804 ^ _706_/CLK (sky130_fd_sc_hd__dfxtp_1)
     2    0.005568    0.047279    0.207282    0.540086 ^ _706_/Q (sky130_fd_sc_hd__dfxtp_1)
                                                         mem[7][2] (net)
                      0.047279    0.000042    0.540129 ^ hold113/A (sky130_fd_sc_hd__dlygate4sd3_1)
     1    0.002275    0.034280    0.370929    0.911057 ^ hold113/X (sky130_fd_sc_hd__dlygate4sd3_1)
                                                         net189 (net)
                      0.034280    0.000019    0.911076 ^ _564_/A1 (sky130_fd_sc_hd__mux2_1)
     1    0.002277    0.025978    0.071001    0.982077 ^ _564_/X (sky130_fd_sc_hd__mux2_1)
                                                         _074_ (net)
                      0.025978    0.000022    0.982099 ^ _706_/D (sky130_fd_sc_hd__dfxtp_1)
                                              0.982099   data arrival time

                                  0.000000    0.000000   clock wr_clk (rise edge)
                                  0.000000    0.000000   clock source latency
     1    0.023866    0.084296    0.058566    0.058566 ^ wr_clk (in)
                                                         wr_clk (net)
                      0.084348    0.000000    0.058566 ^ clkbuf_0_wr_clk/A (sky130_fd_sc_hd__clkbuf_16)
    16    0.103559    0.091422    0.146129    0.204695 ^ clkbuf_0_wr_clk/X (sky130_fd_sc_hd__clkbuf_16)
                                                         clknet_0_wr_clk (net)
                      0.091564    0.002429    0.207124 ^ clkbuf_4_4_0_wr_clk/A (sky130_fd_sc_hd__clkbuf_8)
    13    0.041993    0.063991    0.124944    0.332068 ^ clkbuf_4_4_0_wr_clk/X (sky130_fd_sc_hd__clkbuf_8)
                                                         clknet_4_4_0_wr_clk (net)
                      0.063998    0.000736    0.332804 ^ _706_/CLK (sky130_fd_sc_hd__dfxtp_1)
                                  0.250000    0.582804   clock uncertainty
                                  0.000000    0.582804   clock reconvergence pessimism
                                 -0.016159    0.566645   library hold time
                                              0.566645   data required time
---------------------------------------------------------------------------------------------
                                              0.566645   data required time
                                             -0.982099   data arrival time
---------------------------------------------------------------------------------------------
                                              0.415454   slack (MET)


Startpoint: _758_ (rising edge-triggered flip-flop clocked by wr_clk)
Endpoint: _741_ (rising edge-triggered flip-flop clocked by wr_clk)
Path Group: wr_clk
Path Type: min

Fanout         Cap        Slew       Delay        Time   Description
---------------------------------------------------------------------------------------------
                                  0.000000    0.000000   clock wr_clk (rise edge)
                                  0.000000    0.000000   clock source latency
     1    0.023866    0.084296    0.058566    0.058566 ^ wr_clk (in)
                                                         wr_clk (net)
                      0.084348    0.000000    0.058566 ^ clkbuf_0_wr_clk/A (sky130_fd_sc_hd__clkbuf_16)
    16    0.103559    0.091422    0.146129    0.204695 ^ clkbuf_0_wr_clk/X (sky130_fd_sc_hd__clkbuf_16)
                                                         clknet_0_wr_clk (net)
                      0.091488    0.001187    0.205883 ^ clkbuf_4_13_0_wr_clk/A (sky130_fd_sc_hd__clkbuf_8)
     8    0.041541    0.063558    0.124623    0.330506 ^ clkbuf_4_13_0_wr_clk/X (sky130_fd_sc_hd__clkbuf_8)
                                                         clknet_4_13_0_wr_clk (net)
                      0.063568    0.000788    0.331294 ^ _758_/CLK (sky130_fd_sc_hd__dfrtp_1)
     5    0.018062    0.124814    0.278254    0.609548 ^ _758_/Q (sky130_fd_sc_hd__dfrtp_1)
                                                         wr_bin[1] (net)
                      0.124814    0.000226    0.609774 ^ _306_/A (sky130_fd_sc_hd__inv_2)
     4    0.021039    0.053497    0.054238    0.664013 v _306_/Y (sky130_fd_sc_hd__inv_2)
                                                         _137_ (net)
                      0.053497    0.000163    0.664176 v _493_/A (sky130_fd_sc_hd__nand2_4)
     4    0.042233    0.098002    0.098268    0.762444 ^ _493_/Y (sky130_fd_sc_hd__nand2_4)
                                                         _286_ (net)
                      0.098017    0.001014    0.763458 ^ _597_/A (sky130_fd_sc_hd__nor2_4)
     8    0.058649    0.067450    0.070994    0.834452 v _597_/Y (sky130_fd_sc_hd__nor2_4)
                                                         _302_ (net)
                      0.067490    0.001308    0.835760 v _602_/S (sky130_fd_sc_hd__mux2_1)
     1    0.003469    0.032539    0.140422    0.976182 ^ _602_/X (sky130_fd_sc_hd__mux2_1)
                                                         _108_ (net)
                      0.032539    0.000050    0.976232 ^ _741_/D (sky130_fd_sc_hd__dfxtp_1)
                                              0.976232   data arrival time

                                  0.000000    0.000000   clock wr_clk (rise edge)
                                  0.000000    0.000000   clock source latency
     1    0.023866    0.084296    0.058566    0.058566 ^ wr_clk (in)
                                                         wr_clk (net)
                      0.084348    0.000000    0.058566 ^ clkbuf_0_wr_clk/A (sky130_fd_sc_hd__clkbuf_16)
    16    0.103559    0.091422    0.146129    0.204695 ^ clkbuf_0_wr_clk/X (sky130_fd_sc_hd__clkbuf_16)
                                                         clknet_0_wr_clk (net)
                      0.091477    0.000841    0.205536 ^ clkbuf_4_11_0_wr_clk/A (sky130_fd_sc_hd__clkbuf_8)
     8    0.037940    0.059193    0.121489    0.327025 ^ clkbuf_4_11_0_wr_clk/X (sky130_fd_sc_hd__clkbuf_8)
                                                         clknet_4_11_0_wr_clk (net)
                      0.059194    0.000341    0.327366 ^ _741_/CLK (sky130_fd_sc_hd__dfxtp_1)
                                  0.250000    0.577366   clock uncertainty
                                  0.000000    0.577366   clock reconvergence pessimism
                                 -0.016736    0.560630   library hold time
                                              0.560630   data required time
---------------------------------------------------------------------------------------------
                                              0.560630   data required time
                                             -0.976232   data arrival time
---------------------------------------------------------------------------------------------
                                              0.415602   slack (MET)


Startpoint: _731_ (rising edge-triggered flip-flop clocked by wr_clk)
Endpoint: _731_ (rising edge-triggered flip-flop clocked by wr_clk)
Path Group: wr_clk
Path Type: min

Fanout         Cap        Slew       Delay        Time   Description
---------------------------------------------------------------------------------------------
                                  0.000000    0.000000   clock wr_clk (rise edge)
                                  0.000000    0.000000   clock source latency
     1    0.023866    0.084296    0.058566    0.058566 ^ wr_clk (in)
                                                         wr_clk (net)
                      0.084348    0.000000    0.058566 ^ clkbuf_0_wr_clk/A (sky130_fd_sc_hd__clkbuf_16)
    16    0.103559    0.091422    0.146129    0.204695 ^ clkbuf_0_wr_clk/X (sky130_fd_sc_hd__clkbuf_16)
                                                         clknet_0_wr_clk (net)
                      0.091542    0.002149    0.206845 ^ clkbuf_4_2_0_wr_clk/A (sky130_fd_sc_hd__clkbuf_8)
    13    0.039895    0.061436    0.122891    0.329735 ^ clkbuf_4_2_0_wr_clk/X (sky130_fd_sc_hd__clkbuf_8)
                                                         clknet_4_2_0_wr_clk (net)
                      0.061461    0.001156    0.330891 ^ _731_/CLK (sky130_fd_sc_hd__dfxtp_1)
     2    0.005399    0.046163    0.205815    0.536707 ^ _731_/Q (sky130_fd_sc_hd__dfxtp_1)
                                                         mem[3][3] (net)
                      0.046163    0.000040    0.536746 ^ hold110/A (sky130_fd_sc_hd__dlygate4sd3_1)
     1    0.002414    0.035052    0.371573    0.908320 ^ hold110/X (sky130_fd_sc_hd__dlygate4sd3_1)
                                                         net186 (net)
                      0.035052    0.000020    0.908340 ^ _592_/A1 (sky130_fd_sc_hd__mux2_1)
     1    0.002415    0.026721    0.071924    0.980264 ^ _592_/X (sky130_fd_sc_hd__mux2_1)
                                                         _099_ (net)
                      0.026721    0.000024    0.980289 ^ _731_/D (sky130_fd_sc_hd__dfxtp_1)
                                              0.980289   data arrival time

                                  0.000000    0.000000   clock wr_clk (rise edge)
                                  0.000000    0.000000   clock source latency
     1    0.023866    0.084296    0.058566    0.058566 ^ wr_clk (in)
                                                         wr_clk (net)
                      0.084348    0.000000    0.058566 ^ clkbuf_0_wr_clk/A (sky130_fd_sc_hd__clkbuf_16)
    16    0.103559    0.091422    0.146129    0.204695 ^ clkbuf_0_wr_clk/X (sky130_fd_sc_hd__clkbuf_16)
                                                         clknet_0_wr_clk (net)
                      0.091542    0.002149    0.206845 ^ clkbuf_4_2_0_wr_clk/A (sky130_fd_sc_hd__clkbuf_8)
    13    0.039895    0.061436    0.122891    0.329735 ^ clkbuf_4_2_0_wr_clk/X (sky130_fd_sc_hd__clkbuf_8)
                                                         clknet_4_2_0_wr_clk (net)
                      0.061461    0.001156    0.330891 ^ _731_/CLK (sky130_fd_sc_hd__dfxtp_1)
                                  0.250000    0.580891   clock uncertainty
                                  0.000000    0.580891   clock reconvergence pessimism
                                 -0.016272    0.564620   library hold time
                                              0.564620   data required time
---------------------------------------------------------------------------------------------
                                              0.564620   data required time
                                             -0.980289   data arrival time
---------------------------------------------------------------------------------------------
                                              0.415669   slack (MET)


Startpoint: _735_ (rising edge-triggered flip-flop clocked by wr_clk)
Endpoint: _735_ (rising edge-triggered flip-flop clocked by wr_clk)
Path Group: wr_clk
Path Type: min

Fanout         Cap        Slew       Delay        Time   Description
---------------------------------------------------------------------------------------------
                                  0.000000    0.000000   clock wr_clk (rise edge)
                                  0.000000    0.000000   clock source latency
     1    0.023866    0.084296    0.058566    0.058566 ^ wr_clk (in)
                                                         wr_clk (net)
                      0.084348    0.000000    0.058566 ^ clkbuf_0_wr_clk/A (sky130_fd_sc_hd__clkbuf_16)
    16    0.103559    0.091422    0.146129    0.204695 ^ clkbuf_0_wr_clk/X (sky130_fd_sc_hd__clkbuf_16)
                                                         clknet_0_wr_clk (net)
                      0.091561    0.002391    0.207086 ^ clkbuf_4_1_0_wr_clk/A (sky130_fd_sc_hd__clkbuf_8)
    14    0.040328    0.062088    0.123577    0.330663 ^ clkbuf_4_1_0_wr_clk/X (sky130_fd_sc_hd__clkbuf_8)
                                                         clknet_4_1_0_wr_clk (net)
                      0.062088    0.000234    0.330897 ^ _735_/CLK (sky130_fd_sc_hd__dfxtp_1)
     2    0.005040    0.043794    0.204244    0.535141 ^ _735_/Q (sky130_fd_sc_hd__dfxtp_1)
                                                         mem[3][7] (net)
                      0.043794    0.000054    0.535195 ^ hold111/A (sky130_fd_sc_hd__dlygate4sd3_1)
     1    0.002481    0.035435    0.371498    0.906693 ^ hold111/X (sky130_fd_sc_hd__dlygate4sd3_1)
                                                         net187 (net)
                      0.035435    0.000023    0.906716 ^ _596_/A1 (sky130_fd_sc_hd__mux2_1)
     1    0.002717    0.028387    0.073577    0.980293 ^ _596_/X (sky130_fd_sc_hd__mux2_1)
                                                         _103_ (net)
                      0.028387    0.000030    0.980323 ^ _735_/D (sky130_fd_sc_hd__dfxtp_1)
                                              0.980323   data arrival time

                                  0.000000    0.000000   clock wr_clk (rise edge)
                                  0.000000    0.000000   clock source latency
     1    0.023866    0.084296    0.058566    0.058566 ^ wr_clk (in)
                                                         wr_clk (net)
                      0.084348    0.000000    0.058566 ^ clkbuf_0_wr_clk/A (sky130_fd_sc_hd__clkbuf_16)
    16    0.103559    0.091422    0.146129    0.204695 ^ clkbuf_0_wr_clk/X (sky130_fd_sc_hd__clkbuf_16)
                                                         clknet_0_wr_clk (net)
                      0.091561    0.002391    0.207086 ^ clkbuf_4_1_0_wr_clk/A (sky130_fd_sc_hd__clkbuf_8)
    14    0.040328    0.062088    0.123577    0.330663 ^ clkbuf_4_1_0_wr_clk/X (sky130_fd_sc_hd__clkbuf_8)
                                                         clknet_4_1_0_wr_clk (net)
                      0.062088    0.000234    0.330897 ^ _735_/CLK (sky130_fd_sc_hd__dfxtp_1)
                                  0.250000    0.580897   clock uncertainty
                                  0.000000    0.580897   clock reconvergence pessimism
                                 -0.016374    0.564523   library hold time
                                              0.564523   data required time
---------------------------------------------------------------------------------------------
                                              0.564523   data required time
                                             -0.980323   data arrival time
---------------------------------------------------------------------------------------------
                                              0.415800   slack (MET)


Startpoint: _643_ (rising edge-triggered flip-flop clocked by wr_clk)
Endpoint: _643_ (rising edge-triggered flip-flop clocked by wr_clk)
Path Group: wr_clk
Path Type: min

Fanout         Cap        Slew       Delay        Time   Description
---------------------------------------------------------------------------------------------
                                  0.000000    0.000000   clock wr_clk (rise edge)
                                  0.000000    0.000000   clock source latency
     1    0.023866    0.084296    0.058566    0.058566 ^ wr_clk (in)
                                                         wr_clk (net)
                      0.084348    0.000000    0.058566 ^ clkbuf_0_wr_clk/A (sky130_fd_sc_hd__clkbuf_16)
    16    0.103559    0.091422    0.146129    0.204695 ^ clkbuf_0_wr_clk/X (sky130_fd_sc_hd__clkbuf_16)
                                                         clknet_0_wr_clk (net)
                      0.091540    0.002120    0.206815 ^ clkbuf_4_3_0_wr_clk/A (sky130_fd_sc_hd__clkbuf_8)
     9    0.034848    0.055467    0.118753    0.325568 ^ clkbuf_4_3_0_wr_clk/X (sky130_fd_sc_hd__clkbuf_8)
                                                         clknet_4_3_0_wr_clk (net)
                      0.055468    0.000353    0.325921 ^ _643_/CLK (sky130_fd_sc_hd__dfxtp_1)
     2    0.006100    0.050818    0.207605    0.533526 ^ _643_/Q (sky130_fd_sc_hd__dfxtp_1)
                                                         mem[14][3] (net)
                      0.050818    0.000078    0.533603 ^ hold63/A (sky130_fd_sc_hd__dlygate4sd3_1)
     1    0.002112    0.033388    0.370643    0.904247 ^ hold63/X (sky130_fd_sc_hd__dlygate4sd3_1)
                                                         net139 (net)
                      0.033388    0.000018    0.904265 ^ _488_/A0 (sky130_fd_sc_hd__mux2_1)
     1    0.002610    0.027609    0.070995    0.975260 ^ _488_/X (sky130_fd_sc_hd__mux2_1)
                                                         _011_ (net)
                      0.027609    0.000029    0.975288 ^ _643_/D (sky130_fd_sc_hd__dfxtp_1)
                                              0.975288   data arrival time

                                  0.000000    0.000000   clock wr_clk (rise edge)
                                  0.000000    0.000000   clock source latency
     1    0.023866    0.084296    0.058566    0.058566 ^ wr_clk (in)
                                                         wr_clk (net)
                      0.084348    0.000000    0.058566 ^ clkbuf_0_wr_clk/A (sky130_fd_sc_hd__clkbuf_16)
    16    0.103559    0.091422    0.146129    0.204695 ^ clkbuf_0_wr_clk/X (sky130_fd_sc_hd__clkbuf_16)
                                                         clknet_0_wr_clk (net)
                      0.091540    0.002120    0.206815 ^ clkbuf_4_3_0_wr_clk/A (sky130_fd_sc_hd__clkbuf_8)
     9    0.034848    0.055467    0.118753    0.325568 ^ clkbuf_4_3_0_wr_clk/X (sky130_fd_sc_hd__clkbuf_8)
                                                         clknet_4_3_0_wr_clk (net)
                      0.055468    0.000353    0.325921 ^ _643_/CLK (sky130_fd_sc_hd__dfxtp_1)
                                  0.250000    0.575921   clock uncertainty
                                  0.000000    0.575921   clock reconvergence pessimism
                                 -0.016477    0.559444   library hold time
                                              0.559444   data required time
---------------------------------------------------------------------------------------------
                                              0.559444   data required time
                                             -0.975288   data arrival time
---------------------------------------------------------------------------------------------
                                              0.415844   slack (MET)


Startpoint: _738_ (rising edge-triggered flip-flop clocked by wr_clk)
Endpoint: _738_ (rising edge-triggered flip-flop clocked by wr_clk)
Path Group: wr_clk
Path Type: min

Fanout         Cap        Slew       Delay        Time   Description
---------------------------------------------------------------------------------------------
                                  0.000000    0.000000   clock wr_clk (rise edge)
                                  0.000000    0.000000   clock source latency
     1    0.023866    0.084296    0.058566    0.058566 ^ wr_clk (in)
                                                         wr_clk (net)
                      0.084348    0.000000    0.058566 ^ clkbuf_0_wr_clk/A (sky130_fd_sc_hd__clkbuf_16)
    16    0.103559    0.091422    0.146129    0.204695 ^ clkbuf_0_wr_clk/X (sky130_fd_sc_hd__clkbuf_16)
                                                         clknet_0_wr_clk (net)
                      0.091479    0.000935    0.205630 ^ clkbuf_4_8_0_wr_clk/A (sky130_fd_sc_hd__clkbuf_8)
     7    0.033886    0.054248    0.117799    0.323429 ^ clkbuf_4_8_0_wr_clk/X (sky130_fd_sc_hd__clkbuf_8)
                                                         clknet_4_8_0_wr_clk (net)
                      0.054250    0.000392    0.323821 ^ _738_/CLK (sky130_fd_sc_hd__dfxtp_1)
     2    0.005363    0.045935    0.203756    0.527577 ^ _738_/Q (sky130_fd_sc_hd__dfxtp_1)
                                                         mem[5][1] (net)
                      0.045935    0.000068    0.527645 ^ hold89/A (sky130_fd_sc_hd__dlygate4sd3_1)
     1    0.002058    0.033100    0.369253    0.896898 ^ hold89/X (sky130_fd_sc_hd__dlygate4sd3_1)
                                                         net165 (net)
                      0.033100    0.000010    0.896908 ^ _599_/A0 (sky130_fd_sc_hd__mux2_1)
     1    0.003589    0.033230    0.076022    0.972930 ^ _599_/X (sky130_fd_sc_hd__mux2_1)
                                                         _105_ (net)
                      0.033230    0.000056    0.972986 ^ _738_/D (sky130_fd_sc_hd__dfxtp_1)
                                              0.972986   data arrival time

                                  0.000000    0.000000   clock wr_clk (rise edge)
                                  0.000000    0.000000   clock source latency
     1    0.023866    0.084296    0.058566    0.058566 ^ wr_clk (in)
                                                         wr_clk (net)
                      0.084348    0.000000    0.058566 ^ clkbuf_0_wr_clk/A (sky130_fd_sc_hd__clkbuf_16)
    16    0.103559    0.091422    0.146129    0.204695 ^ clkbuf_0_wr_clk/X (sky130_fd_sc_hd__clkbuf_16)
                                                         clknet_0_wr_clk (net)
                      0.091479    0.000935    0.205630 ^ clkbuf_4_8_0_wr_clk/A (sky130_fd_sc_hd__clkbuf_8)
     7    0.033886    0.054248    0.117799    0.323429 ^ clkbuf_4_8_0_wr_clk/X (sky130_fd_sc_hd__clkbuf_8)
                                                         clknet_4_8_0_wr_clk (net)
                      0.054250    0.000392    0.323821 ^ _738_/CLK (sky130_fd_sc_hd__dfxtp_1)
                                  0.250000    0.573821   clock uncertainty
                                  0.000000    0.573821   clock reconvergence pessimism
                                 -0.016902    0.556918   library hold time
                                              0.556918   data required time
---------------------------------------------------------------------------------------------
                                              0.556918   data required time
                                             -0.972986   data arrival time
---------------------------------------------------------------------------------------------
                                              0.416068   slack (MET)


Startpoint: _644_ (rising edge-triggered flip-flop clocked by wr_clk)
Endpoint: _644_ (rising edge-triggered flip-flop clocked by wr_clk)
Path Group: wr_clk
Path Type: min

Fanout         Cap        Slew       Delay        Time   Description
---------------------------------------------------------------------------------------------
                                  0.000000    0.000000   clock wr_clk (rise edge)
                                  0.000000    0.000000   clock source latency
     1    0.023866    0.084296    0.058566    0.058566 ^ wr_clk (in)
                                                         wr_clk (net)
                      0.084348    0.000000    0.058566 ^ clkbuf_0_wr_clk/A (sky130_fd_sc_hd__clkbuf_16)
    16    0.103559    0.091422    0.146129    0.204695 ^ clkbuf_0_wr_clk/X (sky130_fd_sc_hd__clkbuf_16)
                                                         clknet_0_wr_clk (net)
                      0.091477    0.000841    0.205536 ^ clkbuf_4_11_0_wr_clk/A (sky130_fd_sc_hd__clkbuf_8)
     8    0.037940    0.059193    0.121489    0.327025 ^ clkbuf_4_11_0_wr_clk/X (sky130_fd_sc_hd__clkbuf_8)
                                                         clknet_4_11_0_wr_clk (net)
                      0.059194    0.000326    0.327351 ^ _644_/CLK (sky130_fd_sc_hd__dfxtp_1)
     2    0.006366    0.052577    0.209863    0.537214 ^ _644_/Q (sky130_fd_sc_hd__dfxtp_1)
                                                         mem[14][4] (net)
                      0.052577    0.000088    0.537302 ^ hold62/A (sky130_fd_sc_hd__dlygate4sd3_1)
     1    0.002097    0.033313    0.370931    0.908232 ^ hold62/X (sky130_fd_sc_hd__dlygate4sd3_1)
                                                         net138 (net)
                      0.033313    0.000018    0.908251 ^ _489_/A0 (sky130_fd_sc_hd__mux2_1)
     1    0.002256    0.025648    0.069126    0.977376 ^ _489_/X (sky130_fd_sc_hd__mux2_1)
                                                         _012_ (net)
                      0.025648    0.000021    0.977397 ^ _644_/D (sky130_fd_sc_hd__dfxtp_1)
                                              0.977397   data arrival time

                                  0.000000    0.000000   clock wr_clk (rise edge)
                                  0.000000    0.000000   clock source latency
     1    0.023866    0.084296    0.058566    0.058566 ^ wr_clk (in)
                                                         wr_clk (net)
                      0.084348    0.000000    0.058566 ^ clkbuf_0_wr_clk/A (sky130_fd_sc_hd__clkbuf_16)
    16    0.103559    0.091422    0.146129    0.204695 ^ clkbuf_0_wr_clk/X (sky130_fd_sc_hd__clkbuf_16)
                                                         clknet_0_wr_clk (net)
                      0.091477    0.000841    0.205536 ^ clkbuf_4_11_0_wr_clk/A (sky130_fd_sc_hd__clkbuf_8)
     8    0.037940    0.059193    0.121489    0.327025 ^ clkbuf_4_11_0_wr_clk/X (sky130_fd_sc_hd__clkbuf_8)
                                                         clknet_4_11_0_wr_clk (net)
                      0.059194    0.000326    0.327351 ^ _644_/CLK (sky130_fd_sc_hd__dfxtp_1)
                                  0.250000    0.577350   clock uncertainty
                                  0.000000    0.577350   clock reconvergence pessimism
                                 -0.016250    0.561101   library hold time
                                              0.561101   data required time
---------------------------------------------------------------------------------------------
                                              0.561101   data required time
                                             -0.977397   data arrival time
---------------------------------------------------------------------------------------------
                                              0.416297   slack (MET)


Startpoint: _797_ (rising edge-triggered flip-flop clocked by wr_clk)
Endpoint: _797_ (rising edge-triggered flip-flop clocked by wr_clk)
Path Group: wr_clk
Path Type: min

Fanout         Cap        Slew       Delay        Time   Description
---------------------------------------------------------------------------------------------
                                  0.000000    0.000000   clock wr_clk (rise edge)
                                  0.000000    0.000000   clock source latency
     1    0.023866    0.084296    0.058566    0.058566 ^ wr_clk (in)
                                                         wr_clk (net)
                      0.084348    0.000000    0.058566 ^ clkbuf_0_wr_clk/A (sky130_fd_sc_hd__clkbuf_16)
    16    0.103559    0.091422    0.146129    0.204695 ^ clkbuf_0_wr_clk/X (sky130_fd_sc_hd__clkbuf_16)
                                                         clknet_0_wr_clk (net)
                      0.091540    0.002120    0.206815 ^ clkbuf_4_3_0_wr_clk/A (sky130_fd_sc_hd__clkbuf_8)
     9    0.034848    0.055467    0.118753    0.325568 ^ clkbuf_4_3_0_wr_clk/X (sky130_fd_sc_hd__clkbuf_8)
                                                         clknet_4_3_0_wr_clk (net)
                      0.055468    0.000310    0.325878 ^ _797_/CLK (sky130_fd_sc_hd__dfxtp_1)
     2    0.005242    0.045134    0.203492    0.529370 ^ _797_/Q (sky130_fd_sc_hd__dfxtp_1)
                                                         mem[15][3] (net)
                      0.045134    0.000062    0.529431 ^ hold75/A (sky130_fd_sc_hd__dlygate4sd3_1)
     1    0.002462    0.035326    0.371661    0.901092 ^ hold75/X (sky130_fd_sc_hd__dlygate4sd3_1)
                                                         net151 (net)
                      0.035326    0.000022    0.901114 ^ _618_/A1 (sky130_fd_sc_hd__mux2_1)
     1    0.002892    0.029399    0.074444    0.975558 ^ _618_/X (sky130_fd_sc_hd__mux2_1)
                                                         _123_ (net)
                      0.029399    0.000033    0.975591 ^ _797_/D (sky130_fd_sc_hd__dfxtp_1)
                                              0.975591   data arrival time

                                  0.000000    0.000000   clock wr_clk (rise edge)
                                  0.000000    0.000000   clock source latency
     1    0.023866    0.084296    0.058566    0.058566 ^ wr_clk (in)
                                                         wr_clk (net)
                      0.084348    0.000000    0.058566 ^ clkbuf_0_wr_clk/A (sky130_fd_sc_hd__clkbuf_16)
    16    0.103559    0.091422    0.146129    0.204695 ^ clkbuf_0_wr_clk/X (sky130_fd_sc_hd__clkbuf_16)
                                                         clknet_0_wr_clk (net)
                      0.091540    0.002120    0.206815 ^ clkbuf_4_3_0_wr_clk/A (sky130_fd_sc_hd__clkbuf_8)
     9    0.034848    0.055467    0.118753    0.325568 ^ clkbuf_4_3_0_wr_clk/X (sky130_fd_sc_hd__clkbuf_8)
                                                         clknet_4_3_0_wr_clk (net)
                      0.055468    0.000310    0.325878 ^ _797_/CLK (sky130_fd_sc_hd__dfxtp_1)
                                  0.250000    0.575878   clock uncertainty
                                  0.000000    0.575878   clock reconvergence pessimism
                                 -0.016603    0.559275   library hold time
                                              0.559275   data required time
---------------------------------------------------------------------------------------------
                                              0.559275   data required time
                                             -0.975591   data arrival time
---------------------------------------------------------------------------------------------
                                              0.416316   slack (MET)


Startpoint: _708_ (rising edge-triggered flip-flop clocked by wr_clk)
Endpoint: _708_ (rising edge-triggered flip-flop clocked by wr_clk)
Path Group: wr_clk
Path Type: min

Fanout         Cap        Slew       Delay        Time   Description
---------------------------------------------------------------------------------------------
                                  0.000000    0.000000   clock wr_clk (rise edge)
                                  0.000000    0.000000   clock source latency
     1    0.023866    0.084296    0.058566    0.058566 ^ wr_clk (in)
                                                         wr_clk (net)
                      0.084348    0.000000    0.058566 ^ clkbuf_0_wr_clk/A (sky130_fd_sc_hd__clkbuf_16)
    16    0.103559    0.091422    0.146129    0.204695 ^ clkbuf_0_wr_clk/X (sky130_fd_sc_hd__clkbuf_16)
                                                         clknet_0_wr_clk (net)
                      0.091476    0.000811    0.205506 ^ clkbuf_4_10_0_wr_clk/A (sky130_fd_sc_hd__clkbuf_8)
    13    0.041068    0.062866    0.124097    0.329603 ^ clkbuf_4_10_0_wr_clk/X (sky130_fd_sc_hd__clkbuf_8)
                                                         clknet_4_10_0_wr_clk (net)
                      0.062866    0.000233    0.329837 ^ _708_/CLK (sky130_fd_sc_hd__dfxtp_1)
     2    0.004536    0.040483    0.202028    0.531865 ^ _708_/Q (sky130_fd_sc_hd__dfxtp_1)
                                                         mem[7][4] (net)
                      0.040483    0.000023    0.531888 ^ hold129/A (sky130_fd_sc_hd__dlygate4sd3_1)
     1    0.003026    0.038787    0.374268    0.906156 ^ hold129/X (sky130_fd_sc_hd__dlygate4sd3_1)
                                                         net205 (net)
                      0.038787    0.000035    0.906191 ^ _566_/A1 (sky130_fd_sc_hd__mux2_1)
     1    0.002553    0.027475    0.073669    0.979860 ^ _566_/X (sky130_fd_sc_hd__mux2_1)
                                                         _076_ (net)
                      0.027475    0.000028    0.979889 ^ _708_/D (sky130_fd_sc_hd__dfxtp_1)
                                              0.979889   data arrival time

                                  0.000000    0.000000   clock wr_clk (rise edge)
                                  0.000000    0.000000   clock source latency
     1    0.023866    0.084296    0.058566    0.058566 ^ wr_clk (in)
                                                         wr_clk (net)
                      0.084348    0.000000    0.058566 ^ clkbuf_0_wr_clk/A (sky130_fd_sc_hd__clkbuf_16)
    16    0.103559    0.091422    0.146129    0.204695 ^ clkbuf_0_wr_clk/X (sky130_fd_sc_hd__clkbuf_16)
                                                         clknet_0_wr_clk (net)
                      0.091476    0.000811    0.205506 ^ clkbuf_4_10_0_wr_clk/A (sky130_fd_sc_hd__clkbuf_8)
    13    0.041068    0.062866    0.124097    0.329603 ^ clkbuf_4_10_0_wr_clk/X (sky130_fd_sc_hd__clkbuf_8)
                                                         clknet_4_10_0_wr_clk (net)
                      0.062866    0.000233    0.329837 ^ _708_/CLK (sky130_fd_sc_hd__dfxtp_1)
                                  0.250000    0.579837   clock uncertainty
                                  0.000000    0.579837   clock reconvergence pessimism
                                 -0.016291    0.563545   library hold time
                                              0.563545   data required time
---------------------------------------------------------------------------------------------
                                              0.563545   data required time
                                             -0.979889   data arrival time
---------------------------------------------------------------------------------------------
                                              0.416343   slack (MET)


Startpoint: _758_ (rising edge-triggered flip-flop clocked by wr_clk)
Endpoint: _677_ (rising edge-triggered flip-flop clocked by wr_clk)
Path Group: wr_clk
Path Type: min

Fanout         Cap        Slew       Delay        Time   Description
---------------------------------------------------------------------------------------------
                                  0.000000    0.000000   clock wr_clk (rise edge)
                                  0.000000    0.000000   clock source latency
     1    0.023866    0.084296    0.058566    0.058566 ^ wr_clk (in)
                                                         wr_clk (net)
                      0.084348    0.000000    0.058566 ^ clkbuf_0_wr_clk/A (sky130_fd_sc_hd__clkbuf_16)
    16    0.103559    0.091422    0.146129    0.204695 ^ clkbuf_0_wr_clk/X (sky130_fd_sc_hd__clkbuf_16)
                                                         clknet_0_wr_clk (net)
                      0.091488    0.001187    0.205883 ^ clkbuf_4_13_0_wr_clk/A (sky130_fd_sc_hd__clkbuf_8)
     8    0.041541    0.063558    0.124623    0.330506 ^ clkbuf_4_13_0_wr_clk/X (sky130_fd_sc_hd__clkbuf_8)
                                                         clknet_4_13_0_wr_clk (net)
                      0.063568    0.000788    0.331294 ^ _758_/CLK (sky130_fd_sc_hd__dfrtp_1)
     5    0.018062    0.124814    0.278254    0.609548 ^ _758_/Q (sky130_fd_sc_hd__dfrtp_1)
                                                         wr_bin[1] (net)
                      0.124814    0.000226    0.609774 ^ _306_/A (sky130_fd_sc_hd__inv_2)
     4    0.021039    0.053497    0.054238    0.664013 v _306_/Y (sky130_fd_sc_hd__inv_2)
                                                         _137_ (net)
                      0.053497    0.000163    0.664176 v _493_/A (sky130_fd_sc_hd__nand2_4)
     4    0.042233    0.098002    0.098268    0.762444 ^ _493_/Y (sky130_fd_sc_hd__nand2_4)
                                                         _286_ (net)
                      0.098018    0.001046    0.763490 ^ _524_/A (sky130_fd_sc_hd__nor2_4)
     8    0.066210    0.073397    0.075674    0.839163 v _524_/Y (sky130_fd_sc_hd__nor2_4)
                                                         _293_ (net)
                      0.073583    0.002937    0.842101 v _530_/S (sky130_fd_sc_hd__mux2_1)
     1    0.002776    0.028552    0.139239    0.981340 ^ _530_/X (sky130_fd_sc_hd__mux2_1)
                                                         _045_ (net)
                      0.028552    0.000033    0.981373 ^ _677_/D (sky130_fd_sc_hd__dfxtp_1)
                                              0.981373   data arrival time

                                  0.000000    0.000000   clock wr_clk (rise edge)
                                  0.000000    0.000000   clock source latency
     1    0.023866    0.084296    0.058566    0.058566 ^ wr_clk (in)
                                                         wr_clk (net)
                      0.084348    0.000000    0.058566 ^ clkbuf_0_wr_clk/A (sky130_fd_sc_hd__clkbuf_16)
    16    0.103559    0.091422    0.146129    0.204695 ^ clkbuf_0_wr_clk/X (sky130_fd_sc_hd__clkbuf_16)
                                                         clknet_0_wr_clk (net)
                      0.091542    0.002149    0.206845 ^ clkbuf_4_2_0_wr_clk/A (sky130_fd_sc_hd__clkbuf_8)
    13    0.039895    0.061436    0.122891    0.329735 ^ clkbuf_4_2_0_wr_clk/X (sky130_fd_sc_hd__clkbuf_8)
                                                         clknet_4_2_0_wr_clk (net)
                      0.061460    0.001133    0.330868 ^ _677_/CLK (sky130_fd_sc_hd__dfxtp_1)
                                  0.250000    0.580868   clock uncertainty
                                  0.000000    0.580868   clock reconvergence pessimism
                                 -0.016401    0.564468   library hold time
                                              0.564468   data required time
---------------------------------------------------------------------------------------------
                                              0.564468   data required time
                                             -0.981373   data arrival time
---------------------------------------------------------------------------------------------
                                              0.416905   slack (MET)


Startpoint: _794_ (rising edge-triggered flip-flop clocked by wr_clk)
Endpoint: _794_ (rising edge-triggered flip-flop clocked by wr_clk)
Path Group: wr_clk
Path Type: min

Fanout         Cap        Slew       Delay        Time   Description
---------------------------------------------------------------------------------------------
                                  0.000000    0.000000   clock wr_clk (rise edge)
                                  0.000000    0.000000   clock source latency
     1    0.023866    0.084296    0.058566    0.058566 ^ wr_clk (in)
                                                         wr_clk (net)
                      0.084348    0.000000    0.058566 ^ clkbuf_0_wr_clk/A (sky130_fd_sc_hd__clkbuf_16)
    16    0.103559    0.091422    0.146129    0.204695 ^ clkbuf_0_wr_clk/X (sky130_fd_sc_hd__clkbuf_16)
                                                         clknet_0_wr_clk (net)
                      0.091552    0.002278    0.206973 ^ clkbuf_4_7_0_wr_clk/A (sky130_fd_sc_hd__clkbuf_8)
    11    0.039392    0.060858    0.122715    0.329688 ^ clkbuf_4_7_0_wr_clk/X (sky130_fd_sc_hd__clkbuf_8)
                                                         clknet_4_7_0_wr_clk (net)
                      0.060867    0.000758    0.330446 ^ _794_/CLK (sky130_fd_sc_hd__dfxtp_1)
     2    0.005093    0.044144    0.204183    0.534629 ^ _794_/Q (sky130_fd_sc_hd__dfxtp_1)
                                                         mem[15][0] (net)
                      0.044144    0.000056    0.534685 ^ hold122/A (sky130_fd_sc_hd__dlygate4sd3_1)
     1    0.002569    0.035937    0.372132    0.906816 ^ hold122/X (sky130_fd_sc_hd__dlygate4sd3_1)
                                                         net198 (net)
                      0.035937    0.000023    0.906839 ^ _615_/A1 (sky130_fd_sc_hd__mux2_1)
     1    0.002803    0.028875    0.074157    0.980996 ^ _615_/X (sky130_fd_sc_hd__mux2_1)
                                                         _120_ (net)
                      0.028875    0.000034    0.981030 ^ _794_/D (sky130_fd_sc_hd__dfxtp_1)
                                              0.981030   data arrival time

                                  0.000000    0.000000   clock wr_clk (rise edge)
                                  0.000000    0.000000   clock source latency
     1    0.023866    0.084296    0.058566    0.058566 ^ wr_clk (in)
                                                         wr_clk (net)
                      0.084348    0.000000    0.058566 ^ clkbuf_0_wr_clk/A (sky130_fd_sc_hd__clkbuf_16)
    16    0.103559    0.091422    0.146129    0.204695 ^ clkbuf_0_wr_clk/X (sky130_fd_sc_hd__clkbuf_16)
                                                         clknet_0_wr_clk (net)
                      0.091552    0.002278    0.206973 ^ clkbuf_4_7_0_wr_clk/A (sky130_fd_sc_hd__clkbuf_8)
    11    0.039392    0.060858    0.122715    0.329688 ^ clkbuf_4_7_0_wr_clk/X (sky130_fd_sc_hd__clkbuf_8)
                                                         clknet_4_7_0_wr_clk (net)
                      0.060867    0.000758    0.330446 ^ _794_/CLK (sky130_fd_sc_hd__dfxtp_1)
                                  0.250000    0.580446   clock uncertainty
                                  0.000000    0.580446   clock reconvergence pessimism
                                 -0.016438    0.564008   library hold time
                                              0.564008   data required time
---------------------------------------------------------------------------------------------
                                              0.564008   data required time
                                             -0.981030   data arrival time
---------------------------------------------------------------------------------------------
                                              0.417022   slack (MET)


Startpoint: _669_ (rising edge-triggered flip-flop clocked by wr_clk)
Endpoint: _669_ (rising edge-triggered flip-flop clocked by wr_clk)
Path Group: wr_clk
Path Type: min

Fanout         Cap        Slew       Delay        Time   Description
---------------------------------------------------------------------------------------------
                                  0.000000    0.000000   clock wr_clk (rise edge)
                                  0.000000    0.000000   clock source latency
     1    0.023866    0.084296    0.058566    0.058566 ^ wr_clk (in)
                                                         wr_clk (net)
                      0.084348    0.000000    0.058566 ^ clkbuf_0_wr_clk/A (sky130_fd_sc_hd__clkbuf_16)
    16    0.103559    0.091422    0.146129    0.204695 ^ clkbuf_0_wr_clk/X (sky130_fd_sc_hd__clkbuf_16)
                                                         clknet_0_wr_clk (net)
                      0.091558    0.002356    0.207051 ^ clkbuf_4_0_0_wr_clk/A (sky130_fd_sc_hd__clkbuf_8)
    14    0.040703    0.062407    0.123583    0.330634 ^ clkbuf_4_0_0_wr_clk/X (sky130_fd_sc_hd__clkbuf_8)
                                                         clknet_4_0_0_wr_clk (net)
                      0.062442    0.001366    0.332000 ^ _669_/CLK (sky130_fd_sc_hd__dfxtp_1)
     2    0.005386    0.046075    0.206000    0.538000 ^ _669_/Q (sky130_fd_sc_hd__dfxtp_1)
                                                         mem[11][5] (net)
                      0.046075    0.000053    0.538053 ^ hold91/A (sky130_fd_sc_hd__dlygate4sd3_1)
     1    0.002362    0.034763    0.371226    0.909280 ^ hold91/X (sky130_fd_sc_hd__dlygate4sd3_1)
                                                         net167 (net)
                      0.034763    0.000019    0.909299 ^ _520_/A1 (sky130_fd_sc_hd__mux2_1)
     1    0.002712    0.028385    0.073368    0.982667 ^ _520_/X (sky130_fd_sc_hd__mux2_1)
                                                         _037_ (net)
                      0.028385    0.000020    0.982686 ^ _669_/D (sky130_fd_sc_hd__dfxtp_1)
                                              0.982686   data arrival time

                                  0.000000    0.000000   clock wr_clk (rise edge)
                                  0.000000    0.000000   clock source latency
     1    0.023866    0.084296    0.058566    0.058566 ^ wr_clk (in)
                                                         wr_clk (net)
                      0.084348    0.000000    0.058566 ^ clkbuf_0_wr_clk/A (sky130_fd_sc_hd__clkbuf_16)
    16    0.103559    0.091422    0.146129    0.204695 ^ clkbuf_0_wr_clk/X (sky130_fd_sc_hd__clkbuf_16)
                                                         clknet_0_wr_clk (net)
                      0.091558    0.002356    0.207051 ^ clkbuf_4_0_0_wr_clk/A (sky130_fd_sc_hd__clkbuf_8)
    14    0.040703    0.062407    0.123583    0.330634 ^ clkbuf_4_0_0_wr_clk/X (sky130_fd_sc_hd__clkbuf_8)
                                                         clknet_4_0_0_wr_clk (net)
                      0.062442    0.001366    0.332000 ^ _669_/CLK (sky130_fd_sc_hd__dfxtp_1)
                                  0.250000    0.582000   clock uncertainty
                                  0.000000    0.582000   clock reconvergence pessimism
                                 -0.016366    0.565634   library hold time
                                              0.565634   data required time
---------------------------------------------------------------------------------------------
                                              0.565634   data required time
                                             -0.982686   data arrival time
---------------------------------------------------------------------------------------------
                                              0.417052   slack (MET)


Startpoint: _667_ (rising edge-triggered flip-flop clocked by wr_clk)
Endpoint: _667_ (rising edge-triggered flip-flop clocked by wr_clk)
Path Group: wr_clk
Path Type: min

Fanout         Cap        Slew       Delay        Time   Description
---------------------------------------------------------------------------------------------
                                  0.000000    0.000000   clock wr_clk (rise edge)
                                  0.000000    0.000000   clock source latency
     1    0.023866    0.084296    0.058566    0.058566 ^ wr_clk (in)
                                                         wr_clk (net)
                      0.084348    0.000000    0.058566 ^ clkbuf_0_wr_clk/A (sky130_fd_sc_hd__clkbuf_16)
    16    0.103559    0.091422    0.146129    0.204695 ^ clkbuf_0_wr_clk/X (sky130_fd_sc_hd__clkbuf_16)
                                                         clknet_0_wr_clk (net)
                      0.091542    0.002149    0.206845 ^ clkbuf_4_2_0_wr_clk/A (sky130_fd_sc_hd__clkbuf_8)
    13    0.039895    0.061436    0.122891    0.329735 ^ clkbuf_4_2_0_wr_clk/X (sky130_fd_sc_hd__clkbuf_8)
                                                         clknet_4_2_0_wr_clk (net)
                      0.061465    0.001233    0.330969 ^ _667_/CLK (sky130_fd_sc_hd__dfxtp_1)
     2    0.005213    0.044934    0.204911    0.535879 ^ _667_/Q (sky130_fd_sc_hd__dfxtp_1)
                                                         mem[11][3] (net)
                      0.044934    0.000064    0.535943 ^ hold119/A (sky130_fd_sc_hd__dlygate4sd3_1)
     1    0.002578    0.035991    0.372360    0.908304 ^ hold119/X (sky130_fd_sc_hd__dlygate4sd3_1)
                                                         net195 (net)
                      0.035991    0.000023    0.908327 ^ _518_/A1 (sky130_fd_sc_hd__mux2_1)
     1    0.002644    0.028005    0.073356    0.981683 ^ _518_/X (sky130_fd_sc_hd__mux2_1)
                                                         _035_ (net)
                      0.028005    0.000029    0.981712 ^ _667_/D (sky130_fd_sc_hd__dfxtp_1)
                                              0.981712   data arrival time

                                  0.000000    0.000000   clock wr_clk (rise edge)
                                  0.000000    0.000000   clock source latency
     1    0.023866    0.084296    0.058566    0.058566 ^ wr_clk (in)
                                                         wr_clk (net)
                      0.084348    0.000000    0.058566 ^ clkbuf_0_wr_clk/A (sky130_fd_sc_hd__clkbuf_16)
    16    0.103559    0.091422    0.146129    0.204695 ^ clkbuf_0_wr_clk/X (sky130_fd_sc_hd__clkbuf_16)
                                                         clknet_0_wr_clk (net)
                      0.091542    0.002149    0.206845 ^ clkbuf_4_2_0_wr_clk/A (sky130_fd_sc_hd__clkbuf_8)
    13    0.039895    0.061436    0.122891    0.329735 ^ clkbuf_4_2_0_wr_clk/X (sky130_fd_sc_hd__clkbuf_8)
                                                         clknet_4_2_0_wr_clk (net)
                      0.061465    0.001233    0.330969 ^ _667_/CLK (sky130_fd_sc_hd__dfxtp_1)
                                  0.250000    0.580969   clock uncertainty
                                  0.000000    0.580969   clock reconvergence pessimism
                                 -0.016362    0.564607   library hold time
                                              0.564607   data required time
---------------------------------------------------------------------------------------------
                                              0.564607   data required time
                                             -0.981712   data arrival time
---------------------------------------------------------------------------------------------
                                              0.417105   slack (MET)


Startpoint: _682_ (rising edge-triggered flip-flop clocked by wr_clk)
Endpoint: _682_ (rising edge-triggered flip-flop clocked by wr_clk)
Path Group: wr_clk
Path Type: min

Fanout         Cap        Slew       Delay        Time   Description
---------------------------------------------------------------------------------------------
                                  0.000000    0.000000   clock wr_clk (rise edge)
                                  0.000000    0.000000   clock source latency
     1    0.023866    0.084296    0.058566    0.058566 ^ wr_clk (in)
                                                         wr_clk (net)
                      0.084348    0.000000    0.058566 ^ clkbuf_0_wr_clk/A (sky130_fd_sc_hd__clkbuf_16)
    16    0.103559    0.091422    0.146129    0.204695 ^ clkbuf_0_wr_clk/X (sky130_fd_sc_hd__clkbuf_16)
                                                         clknet_0_wr_clk (net)
                      0.091564    0.002429    0.207124 ^ clkbuf_4_4_0_wr_clk/A (sky130_fd_sc_hd__clkbuf_8)
    13    0.041993    0.063991    0.124944    0.332068 ^ clkbuf_4_4_0_wr_clk/X (sky130_fd_sc_hd__clkbuf_8)
                                                         clknet_4_4_0_wr_clk (net)
                      0.064007    0.000978    0.333046 ^ _682_/CLK (sky130_fd_sc_hd__dfxtp_1)
     2    0.006005    0.050174    0.209395    0.542441 ^ _682_/Q (sky130_fd_sc_hd__dfxtp_1)
                                                         mem[10][2] (net)
                      0.050174    0.000045    0.542486 ^ hold112/A (sky130_fd_sc_hd__dlygate4sd3_1)
     1    0.002076    0.033198    0.370277    0.912764 ^ hold112/X (sky130_fd_sc_hd__dlygate4sd3_1)
                                                         net188 (net)
                      0.033198    0.000010    0.912773 ^ _536_/A0 (sky130_fd_sc_hd__mux2_1)
     1    0.002701    0.028124    0.071417    0.984191 ^ _536_/X (sky130_fd_sc_hd__mux2_1)
                                                         _050_ (net)
                      0.028124    0.000031    0.984222 ^ _682_/D (sky130_fd_sc_hd__dfxtp_1)
                                              0.984222   data arrival time

                                  0.000000    0.000000   clock wr_clk (rise edge)
                                  0.000000    0.000000   clock source latency
     1    0.023866    0.084296    0.058566    0.058566 ^ wr_clk (in)
                                                         wr_clk (net)
                      0.084348    0.000000    0.058566 ^ clkbuf_0_wr_clk/A (sky130_fd_sc_hd__clkbuf_16)
    16    0.103559    0.091422    0.146129    0.204695 ^ clkbuf_0_wr_clk/X (sky130_fd_sc_hd__clkbuf_16)
                                                         clknet_0_wr_clk (net)
                      0.091564    0.002429    0.207124 ^ clkbuf_4_4_0_wr_clk/A (sky130_fd_sc_hd__clkbuf_8)
    13    0.041993    0.063991    0.124944    0.332068 ^ clkbuf_4_4_0_wr_clk/X (sky130_fd_sc_hd__clkbuf_8)
                                                         clknet_4_4_0_wr_clk (net)
                      0.064007    0.000978    0.333046 ^ _682_/CLK (sky130_fd_sc_hd__dfxtp_1)
                                  0.250000    0.583046   clock uncertainty
                                  0.000000    0.583046   clock reconvergence pessimism
                                 -0.016310    0.566736   library hold time
                                              0.566736   data required time
---------------------------------------------------------------------------------------------
                                              0.566736   data required time
                                             -0.984222   data arrival time
---------------------------------------------------------------------------------------------
                                              0.417485   slack (MET)


Startpoint: _657_ (rising edge-triggered flip-flop clocked by wr_clk)
Endpoint: _657_ (rising edge-triggered flip-flop clocked by wr_clk)
Path Group: wr_clk
Path Type: min

Fanout         Cap        Slew       Delay        Time   Description
---------------------------------------------------------------------------------------------
                                  0.000000    0.000000   clock wr_clk (rise edge)
                                  0.000000    0.000000   clock source latency
     1    0.023866    0.084296    0.058566    0.058566 ^ wr_clk (in)
                                                         wr_clk (net)
                      0.084348    0.000000    0.058566 ^ clkbuf_0_wr_clk/A (sky130_fd_sc_hd__clkbuf_16)
    16    0.103559    0.091422    0.146129    0.204695 ^ clkbuf_0_wr_clk/X (sky130_fd_sc_hd__clkbuf_16)
                                                         clknet_0_wr_clk (net)
                      0.091498    0.001409    0.206104 ^ clkbuf_4_14_0_wr_clk/A (sky130_fd_sc_hd__clkbuf_8)
     6    0.035733    0.056433    0.119241    0.325345 ^ clkbuf_4_14_0_wr_clk/X (sky130_fd_sc_hd__clkbuf_8)
                                                         clknet_4_14_0_wr_clk (net)
                      0.056448    0.000879    0.326223 ^ _657_/CLK (sky130_fd_sc_hd__dfxtp_1)
     2    0.005412    0.046256    0.204580    0.530803 ^ _657_/Q (sky130_fd_sc_hd__dfxtp_1)
                                                         mem[12][1] (net)
                      0.046256    0.000038    0.530841 ^ hold8/A (sky130_fd_sc_hd__dlygate4sd3_1)
     1    0.002928    0.038161    0.374885    0.905726 ^ hold8/X (sky130_fd_sc_hd__dlygate4sd3_1)
                                                         net84 (net)
                      0.038161    0.000035    0.905762 ^ _506_/A0 (sky130_fd_sc_hd__mux2_1)
     1    0.002489    0.026930    0.071700    0.977461 ^ _506_/X (sky130_fd_sc_hd__mux2_1)
                                                         _025_ (net)
                      0.026930    0.000027    0.977488 ^ _657_/D (sky130_fd_sc_hd__dfxtp_1)
                                              0.977488   data arrival time

                                  0.000000    0.000000   clock wr_clk (rise edge)
                                  0.000000    0.000000   clock source latency
     1    0.023866    0.084296    0.058566    0.058566 ^ wr_clk (in)
                                                         wr_clk (net)
                      0.084348    0.000000    0.058566 ^ clkbuf_0_wr_clk/A (sky130_fd_sc_hd__clkbuf_16)
    16    0.103559    0.091422    0.146129    0.204695 ^ clkbuf_0_wr_clk/X (sky130_fd_sc_hd__clkbuf_16)
                                                         clknet_0_wr_clk (net)
                      0.091498    0.001409    0.206104 ^ clkbuf_4_14_0_wr_clk/A (sky130_fd_sc_hd__clkbuf_8)
     6    0.035733    0.056433    0.119241    0.325345 ^ clkbuf_4_14_0_wr_clk/X (sky130_fd_sc_hd__clkbuf_8)
                                                         clknet_4_14_0_wr_clk (net)
                      0.056448    0.000879    0.326223 ^ _657_/CLK (sky130_fd_sc_hd__dfxtp_1)
                                  0.250000    0.576223   clock uncertainty
                                  0.000000    0.576223   clock reconvergence pessimism
                                 -0.016406    0.559818   library hold time
                                              0.559818   data required time
---------------------------------------------------------------------------------------------
                                              0.559818   data required time
                                             -0.977488   data arrival time
---------------------------------------------------------------------------------------------
                                              0.417670   slack (MET)


Startpoint: _766_ (rising edge-triggered flip-flop clocked by wr_clk)
Endpoint: _766_ (rising edge-triggered flip-flop clocked by wr_clk)
Path Group: wr_clk
Path Type: min

Fanout         Cap        Slew       Delay        Time   Description
---------------------------------------------------------------------------------------------
                                  0.000000    0.000000   clock wr_clk (rise edge)
                                  0.000000    0.000000   clock source latency
     1    0.023866    0.084296    0.058566    0.058566 ^ wr_clk (in)
                                                         wr_clk (net)
                      0.084348    0.000000    0.058566 ^ clkbuf_0_wr_clk/A (sky130_fd_sc_hd__clkbuf_16)
    16    0.103559    0.091422    0.146129    0.204695 ^ clkbuf_0_wr_clk/X (sky130_fd_sc_hd__clkbuf_16)
                                                         clknet_0_wr_clk (net)
                      0.091476    0.000811    0.205506 ^ clkbuf_4_10_0_wr_clk/A (sky130_fd_sc_hd__clkbuf_8)
    13    0.041068    0.062866    0.124097    0.329603 ^ clkbuf_4_10_0_wr_clk/X (sky130_fd_sc_hd__clkbuf_8)
                                                         clknet_4_10_0_wr_clk (net)
                      0.062867    0.000492    0.330095 ^ _766_/CLK (sky130_fd_sc_hd__dfxtp_1)
     2    0.005631    0.047695    0.207302    0.537397 ^ _766_/Q (sky130_fd_sc_hd__dfxtp_1)
                                                         mem[4][4] (net)
                      0.047695    0.000019    0.537416 ^ hold81/A (sky130_fd_sc_hd__dlygate4sd3_1)
     1    0.002820    0.037471    0.374500    0.911916 ^ hold81/X (sky130_fd_sc_hd__dlygate4sd3_1)
                                                         net157 (net)
                      0.037471    0.000034    0.911951 ^ _611_/A0 (sky130_fd_sc_hd__mux2_1)
     1    0.002144    0.025032    0.069705    0.981656 ^ _611_/X (sky130_fd_sc_hd__mux2_1)
                                                         _116_ (net)
                      0.025032    0.000020    0.981675 ^ _766_/D (sky130_fd_sc_hd__dfxtp_1)
                                              0.981675   data arrival time

                                  0.000000    0.000000   clock wr_clk (rise edge)
                                  0.000000    0.000000   clock source latency
     1    0.023866    0.084296    0.058566    0.058566 ^ wr_clk (in)
                                                         wr_clk (net)
                      0.084348    0.000000    0.058566 ^ clkbuf_0_wr_clk/A (sky130_fd_sc_hd__clkbuf_16)
    16    0.103559    0.091422    0.146129    0.204695 ^ clkbuf_0_wr_clk/X (sky130_fd_sc_hd__clkbuf_16)
                                                         clknet_0_wr_clk (net)
                      0.091476    0.000811    0.205506 ^ clkbuf_4_10_0_wr_clk/A (sky130_fd_sc_hd__clkbuf_8)
    13    0.041068    0.062866    0.124097    0.329603 ^ clkbuf_4_10_0_wr_clk/X (sky130_fd_sc_hd__clkbuf_8)
                                                         clknet_4_10_0_wr_clk (net)
                      0.062867    0.000492    0.330095 ^ _766_/CLK (sky130_fd_sc_hd__dfxtp_1)
                                  0.250000    0.580095   clock uncertainty
                                  0.000000    0.580095   clock reconvergence pessimism
                                 -0.016119    0.563976   library hold time
                                              0.563976   data required time
---------------------------------------------------------------------------------------------
                                              0.563976   data required time
                                             -0.981675   data arrival time
---------------------------------------------------------------------------------------------
                                              0.417699   slack (MET)


Startpoint: _719_ (rising edge-triggered flip-flop clocked by wr_clk)
Endpoint: _719_ (rising edge-triggered flip-flop clocked by wr_clk)
Path Group: wr_clk
Path Type: min

Fanout         Cap        Slew       Delay        Time   Description
---------------------------------------------------------------------------------------------
                                  0.000000    0.000000   clock wr_clk (rise edge)
                                  0.000000    0.000000   clock source latency
     1    0.023866    0.084296    0.058566    0.058566 ^ wr_clk (in)
                                                         wr_clk (net)
                      0.084348    0.000000    0.058566 ^ clkbuf_0_wr_clk/A (sky130_fd_sc_hd__clkbuf_16)
    16    0.103559    0.091422    0.146129    0.204695 ^ clkbuf_0_wr_clk/X (sky130_fd_sc_hd__clkbuf_16)
                                                         clknet_0_wr_clk (net)
                      0.091561    0.002391    0.207086 ^ clkbuf_4_1_0_wr_clk/A (sky130_fd_sc_hd__clkbuf_8)
    14    0.040328    0.062088    0.123577    0.330663 ^ clkbuf_4_1_0_wr_clk/X (sky130_fd_sc_hd__clkbuf_8)
                                                         clknet_4_1_0_wr_clk (net)
                      0.062093    0.000642    0.331306 ^ _719_/CLK (sky130_fd_sc_hd__dfxtp_1)
     2    0.005760    0.048550    0.207708    0.539014 ^ _719_/Q (sky130_fd_sc_hd__dfxtp_1)
                                                         mem[6][7] (net)
                      0.048550    0.000043    0.539057 ^ hold79/A (sky130_fd_sc_hd__dlygate4sd3_1)
     1    0.002705    0.036738    0.373948    0.913004 ^ hold79/X (sky130_fd_sc_hd__dlygate4sd3_1)
                                                         net155 (net)
                      0.036738    0.000030    0.913034 ^ _578_/A0 (sky130_fd_sc_hd__mux2_1)
     1    0.002235    0.025529    0.069974    0.983008 ^ _578_/X (sky130_fd_sc_hd__mux2_1)
                                                         _087_ (net)
                      0.025529    0.000021    0.983029 ^ _719_/D (sky130_fd_sc_hd__dfxtp_1)
                                              0.983029   data arrival time

                                  0.000000    0.000000   clock wr_clk (rise edge)
                                  0.000000    0.000000   clock source latency
     1    0.023866    0.084296    0.058566    0.058566 ^ wr_clk (in)
                                                         wr_clk (net)
                      0.084348    0.000000    0.058566 ^ clkbuf_0_wr_clk/A (sky130_fd_sc_hd__clkbuf_16)
    16    0.103559    0.091422    0.146129    0.204695 ^ clkbuf_0_wr_clk/X (sky130_fd_sc_hd__clkbuf_16)
                                                         clknet_0_wr_clk (net)
                      0.091561    0.002391    0.207086 ^ clkbuf_4_1_0_wr_clk/A (sky130_fd_sc_hd__clkbuf_8)
    14    0.040328    0.062088    0.123577    0.330663 ^ clkbuf_4_1_0_wr_clk/X (sky130_fd_sc_hd__clkbuf_8)
                                                         clknet_4_1_0_wr_clk (net)
                      0.062093    0.000642    0.331306 ^ _719_/CLK (sky130_fd_sc_hd__dfxtp_1)
                                  0.250000    0.581306   clock uncertainty
                                  0.000000    0.581306   clock reconvergence pessimism
                                 -0.016173    0.565133   library hold time
                                              0.565133   data required time
---------------------------------------------------------------------------------------------
                                              0.565133   data required time
                                             -0.983029   data arrival time
---------------------------------------------------------------------------------------------
                                              0.417896   slack (MET)


Startpoint: _703_ (rising edge-triggered flip-flop clocked by wr_clk)
Endpoint: _703_ (rising edge-triggered flip-flop clocked by wr_clk)
Path Group: wr_clk
Path Type: min

Fanout         Cap        Slew       Delay        Time   Description
---------------------------------------------------------------------------------------------
                                  0.000000    0.000000   clock wr_clk (rise edge)
                                  0.000000    0.000000   clock source latency
     1    0.023866    0.084296    0.058566    0.058566 ^ wr_clk (in)
                                                         wr_clk (net)
                      0.084348    0.000000    0.058566 ^ clkbuf_0_wr_clk/A (sky130_fd_sc_hd__clkbuf_16)
    16    0.103559    0.091422    0.146129    0.204695 ^ clkbuf_0_wr_clk/X (sky130_fd_sc_hd__clkbuf_16)
                                                         clknet_0_wr_clk (net)
                      0.091561    0.002391    0.207086 ^ clkbuf_4_1_0_wr_clk/A (sky130_fd_sc_hd__clkbuf_8)
    14    0.040328    0.062088    0.123577    0.330663 ^ clkbuf_4_1_0_wr_clk/X (sky130_fd_sc_hd__clkbuf_8)
                                                         clknet_4_1_0_wr_clk (net)
                      0.062089    0.000398    0.331061 ^ _703_/CLK (sky130_fd_sc_hd__dfxtp_1)
     2    0.004728    0.041739    0.202749    0.533811 ^ _703_/Q (sky130_fd_sc_hd__dfxtp_1)
                                                         mem[8][7] (net)
                      0.041739    0.000027    0.533838 ^ hold57/A (sky130_fd_sc_hd__dlygate4sd3_1)
     1    0.003241    0.040185    0.375915    0.909753 ^ hold57/X (sky130_fd_sc_hd__dlygate4sd3_1)
                                                         net133 (net)
                      0.040185    0.000043    0.909797 ^ _559_/A0 (sky130_fd_sc_hd__mux2_1)
     1    0.002599    0.027540    0.072836    0.982632 ^ _559_/X (sky130_fd_sc_hd__mux2_1)
                                                         _071_ (net)
                      0.027540    0.000029    0.982661 ^ _703_/D (sky130_fd_sc_hd__dfxtp_1)
                                              0.982661   data arrival time

                                  0.000000    0.000000   clock wr_clk (rise edge)
                                  0.000000    0.000000   clock source latency
     1    0.023866    0.084296    0.058566    0.058566 ^ wr_clk (in)
                                                         wr_clk (net)
                      0.084348    0.000000    0.058566 ^ clkbuf_0_wr_clk/A (sky130_fd_sc_hd__clkbuf_16)
    16    0.103559    0.091422    0.146129    0.204695 ^ clkbuf_0_wr_clk/X (sky130_fd_sc_hd__clkbuf_16)
                                                         clknet_0_wr_clk (net)
                      0.091561    0.002391    0.207086 ^ clkbuf_4_1_0_wr_clk/A (sky130_fd_sc_hd__clkbuf_8)
    14    0.040328    0.062088    0.123577    0.330663 ^ clkbuf_4_1_0_wr_clk/X (sky130_fd_sc_hd__clkbuf_8)
                                                         clknet_4_1_0_wr_clk (net)
                      0.062089    0.000398    0.331061 ^ _703_/CLK (sky130_fd_sc_hd__dfxtp_1)
                                  0.250000    0.581061   clock uncertainty
                                  0.000000    0.581061   clock reconvergence pessimism
                                 -0.016314    0.564747   library hold time
                                              0.564747   data required time
---------------------------------------------------------------------------------------------
                                              0.564747   data required time
                                             -0.982661   data arrival time
---------------------------------------------------------------------------------------------
                                              0.417914   slack (MET)


Startpoint: _641_ (rising edge-triggered flip-flop clocked by wr_clk)
Endpoint: _641_ (rising edge-triggered flip-flop clocked by wr_clk)
Path Group: wr_clk
Path Type: min

Fanout         Cap        Slew       Delay        Time   Description
---------------------------------------------------------------------------------------------
                                  0.000000    0.000000   clock wr_clk (rise edge)
                                  0.000000    0.000000   clock source latency
     1    0.023866    0.084296    0.058566    0.058566 ^ wr_clk (in)
                                                         wr_clk (net)
                      0.084348    0.000000    0.058566 ^ clkbuf_0_wr_clk/A (sky130_fd_sc_hd__clkbuf_16)
    16    0.103559    0.091422    0.146129    0.204695 ^ clkbuf_0_wr_clk/X (sky130_fd_sc_hd__clkbuf_16)
                                                         clknet_0_wr_clk (net)
                      0.091485    0.001100    0.205796 ^ clkbuf_4_12_0_wr_clk/A (sky130_fd_sc_hd__clkbuf_8)
     8    0.036073    0.056935    0.119879    0.325675 ^ clkbuf_4_12_0_wr_clk/X (sky130_fd_sc_hd__clkbuf_8)
                                                         clknet_4_12_0_wr_clk (net)
                      0.056936    0.000277    0.325951 ^ _641_/CLK (sky130_fd_sc_hd__dfxtp_1)
     2    0.005886    0.049392    0.206980    0.532932 ^ _641_/Q (sky130_fd_sc_hd__dfxtp_1)
                                                         mem[14][1] (net)
                      0.049392    0.000047    0.532978 ^ hold7/A (sky130_fd_sc_hd__dlygate4sd3_1)
     1    0.002561    0.035901    0.373215    0.906193 ^ hold7/X (sky130_fd_sc_hd__dlygate4sd3_1)
                                                         net83 (net)
                      0.035901    0.000017    0.906211 ^ _486_/A0 (sky130_fd_sc_hd__mux2_1)
     1    0.002561    0.027331    0.071444    0.977654 ^ _486_/X (sky130_fd_sc_hd__mux2_1)
                                                         _009_ (net)
                      0.027331    0.000019    0.977673 ^ _641_/D (sky130_fd_sc_hd__dfxtp_1)
                                              0.977673   data arrival time

                                  0.000000    0.000000   clock wr_clk (rise edge)
                                  0.000000    0.000000   clock source latency
     1    0.023866    0.084296    0.058566    0.058566 ^ wr_clk (in)
                                                         wr_clk (net)
                      0.084348    0.000000    0.058566 ^ clkbuf_0_wr_clk/A (sky130_fd_sc_hd__clkbuf_16)
    16    0.103559    0.091422    0.146129    0.204695 ^ clkbuf_0_wr_clk/X (sky130_fd_sc_hd__clkbuf_16)
                                                         clknet_0_wr_clk (net)
                      0.091485    0.001100    0.205796 ^ clkbuf_4_12_0_wr_clk/A (sky130_fd_sc_hd__clkbuf_8)
     8    0.036073    0.056935    0.119879    0.325675 ^ clkbuf_4_12_0_wr_clk/X (sky130_fd_sc_hd__clkbuf_8)
                                                         clknet_4_12_0_wr_clk (net)
                      0.056936    0.000277    0.325951 ^ _641_/CLK (sky130_fd_sc_hd__dfxtp_1)
                                  0.250000    0.575952   clock uncertainty
                                  0.000000    0.575952   clock reconvergence pessimism
                                 -0.016422    0.559529   library hold time
                                              0.559529   data required time
---------------------------------------------------------------------------------------------
                                              0.559529   data required time
                                             -0.977673   data arrival time
---------------------------------------------------------------------------------------------
                                              0.418144   slack (MET)


Startpoint: _647_ (rising edge-triggered flip-flop clocked by wr_clk)
Endpoint: _647_ (rising edge-triggered flip-flop clocked by wr_clk)
Path Group: wr_clk
Path Type: min

Fanout         Cap        Slew       Delay        Time   Description
---------------------------------------------------------------------------------------------
                                  0.000000    0.000000   clock wr_clk (rise edge)
                                  0.000000    0.000000   clock source latency
     1    0.023866    0.084296    0.058566    0.058566 ^ wr_clk (in)
                                                         wr_clk (net)
                      0.084348    0.000000    0.058566 ^ clkbuf_0_wr_clk/A (sky130_fd_sc_hd__clkbuf_16)
    16    0.103559    0.091422    0.146129    0.204695 ^ clkbuf_0_wr_clk/X (sky130_fd_sc_hd__clkbuf_16)
                                                         clknet_0_wr_clk (net)
                      0.091561    0.002391    0.207086 ^ clkbuf_4_1_0_wr_clk/A (sky130_fd_sc_hd__clkbuf_8)
    14    0.040328    0.062088    0.123577    0.330663 ^ clkbuf_4_1_0_wr_clk/X (sky130_fd_sc_hd__clkbuf_8)
                                                         clknet_4_1_0_wr_clk (net)
                      0.062090    0.000497    0.331160 ^ _647_/CLK (sky130_fd_sc_hd__dfxtp_1)
     2    0.005431    0.046372    0.206130    0.537291 ^ _647_/Q (sky130_fd_sc_hd__dfxtp_1)
                                                         mem[14][7] (net)
                      0.046372    0.000045    0.537335 ^ hold87/A (sky130_fd_sc_hd__dlygate4sd3_1)
     1    0.002713    0.036789    0.373532    0.910868 ^ hold87/X (sky130_fd_sc_hd__dlygate4sd3_1)
                                                         net163 (net)
                      0.036789    0.000032    0.910900 ^ _492_/A0 (sky130_fd_sc_hd__mux2_1)
     1    0.002643    0.027791    0.072116    0.983016 ^ _492_/X (sky130_fd_sc_hd__mux2_1)
                                                         _015_ (net)
                      0.027791    0.000029    0.983045 ^ _647_/D (sky130_fd_sc_hd__dfxtp_1)
                                              0.983045   data arrival time

                                  0.000000    0.000000   clock wr_clk (rise edge)
                                  0.000000    0.000000   clock source latency
     1    0.023866    0.084296    0.058566    0.058566 ^ wr_clk (in)
                                                         wr_clk (net)
                      0.084348    0.000000    0.058566 ^ clkbuf_0_wr_clk/A (sky130_fd_sc_hd__clkbuf_16)
    16    0.103559    0.091422    0.146129    0.204695 ^ clkbuf_0_wr_clk/X (sky130_fd_sc_hd__clkbuf_16)
                                                         clknet_0_wr_clk (net)
                      0.091561    0.002391    0.207086 ^ clkbuf_4_1_0_wr_clk/A (sky130_fd_sc_hd__clkbuf_8)
    14    0.040328    0.062088    0.123577    0.330663 ^ clkbuf_4_1_0_wr_clk/X (sky130_fd_sc_hd__clkbuf_8)
                                                         clknet_4_1_0_wr_clk (net)
                      0.062090    0.000497    0.331160 ^ _647_/CLK (sky130_fd_sc_hd__dfxtp_1)
                                  0.250000    0.581160   clock uncertainty
                                  0.000000    0.581160   clock reconvergence pessimism
                                 -0.016332    0.564828   library hold time
                                              0.564828   data required time
---------------------------------------------------------------------------------------------
                                              0.564828   data required time
                                             -0.983045   data arrival time
---------------------------------------------------------------------------------------------
                                              0.418216   slack (MET)


Startpoint: _658_ (rising edge-triggered flip-flop clocked by wr_clk)
Endpoint: _658_ (rising edge-triggered flip-flop clocked by wr_clk)
Path Group: wr_clk
Path Type: min

Fanout         Cap        Slew       Delay        Time   Description
---------------------------------------------------------------------------------------------
                                  0.000000    0.000000   clock wr_clk (rise edge)
                                  0.000000    0.000000   clock source latency
     1    0.023866    0.084296    0.058566    0.058566 ^ wr_clk (in)
                                                         wr_clk (net)
                      0.084348    0.000000    0.058566 ^ clkbuf_0_wr_clk/A (sky130_fd_sc_hd__clkbuf_16)
    16    0.103559    0.091422    0.146129    0.204695 ^ clkbuf_0_wr_clk/X (sky130_fd_sc_hd__clkbuf_16)
                                                         clknet_0_wr_clk (net)
                      0.091550    0.002254    0.206949 ^ clkbuf_4_6_0_wr_clk/A (sky130_fd_sc_hd__clkbuf_8)
     9    0.034708    0.055227    0.118520    0.325469 ^ clkbuf_4_6_0_wr_clk/X (sky130_fd_sc_hd__clkbuf_8)
                                                         clknet_4_6_0_wr_clk (net)
                      0.055232    0.000558    0.326027 ^ _658_/CLK (sky130_fd_sc_hd__dfxtp_1)
     2    0.006634    0.054364    0.210120    0.536147 ^ _658_/Q (sky130_fd_sc_hd__dfxtp_1)
                                                         mem[12][2] (net)
                      0.054364    0.000058    0.536206 ^ hold34/A (sky130_fd_sc_hd__dlygate4sd3_1)
     1    0.002068    0.033155    0.371054    0.907260 ^ hold34/X (sky130_fd_sc_hd__dlygate4sd3_1)
                                                         net110 (net)
                      0.033155    0.000018    0.907278 ^ _507_/A0 (sky130_fd_sc_hd__mux2_1)
     1    0.002596    0.027531    0.070857    0.978135 ^ _507_/X (sky130_fd_sc_hd__mux2_1)
                                                         _026_ (net)
                      0.027531    0.000028    0.978163 ^ _658_/D (sky130_fd_sc_hd__dfxtp_1)
                                              0.978163   data arrival time

                                  0.000000    0.000000   clock wr_clk (rise edge)
                                  0.000000    0.000000   clock source latency
     1    0.023866    0.084296    0.058566    0.058566 ^ wr_clk (in)
                                                         wr_clk (net)
                      0.084348    0.000000    0.058566 ^ clkbuf_0_wr_clk/A (sky130_fd_sc_hd__clkbuf_16)
    16    0.103559    0.091422    0.146129    0.204695 ^ clkbuf_0_wr_clk/X (sky130_fd_sc_hd__clkbuf_16)
                                                         clknet_0_wr_clk (net)
                      0.091550    0.002254    0.206949 ^ clkbuf_4_6_0_wr_clk/A (sky130_fd_sc_hd__clkbuf_8)
     9    0.034708    0.055227    0.118520    0.325469 ^ clkbuf_4_6_0_wr_clk/X (sky130_fd_sc_hd__clkbuf_8)
                                                         clknet_4_6_0_wr_clk (net)
                      0.055232    0.000558    0.326027 ^ _658_/CLK (sky130_fd_sc_hd__dfxtp_1)
                                  0.250000    0.576027   clock uncertainty
                                  0.000000    0.576027   clock reconvergence pessimism
                                 -0.016477    0.559550   library hold time
                                              0.559550   data required time
---------------------------------------------------------------------------------------------
                                              0.559550   data required time
                                             -0.978163   data arrival time
---------------------------------------------------------------------------------------------
                                              0.418613   slack (MET)


Startpoint: _700_ (rising edge-triggered flip-flop clocked by wr_clk)
Endpoint: _700_ (rising edge-triggered flip-flop clocked by wr_clk)
Path Group: wr_clk
Path Type: min

Fanout         Cap        Slew       Delay        Time   Description
---------------------------------------------------------------------------------------------
                                  0.000000    0.000000   clock wr_clk (rise edge)
                                  0.000000    0.000000   clock source latency
     1    0.023866    0.084296    0.058566    0.058566 ^ wr_clk (in)
                                                         wr_clk (net)
                      0.084348    0.000000    0.058566 ^ clkbuf_0_wr_clk/A (sky130_fd_sc_hd__clkbuf_16)
    16    0.103559    0.091422    0.146129    0.204695 ^ clkbuf_0_wr_clk/X (sky130_fd_sc_hd__clkbuf_16)
                                                         clknet_0_wr_clk (net)
                      0.091476    0.000811    0.205506 ^ clkbuf_4_10_0_wr_clk/A (sky130_fd_sc_hd__clkbuf_8)
    13    0.041068    0.062866    0.124097    0.329603 ^ clkbuf_4_10_0_wr_clk/X (sky130_fd_sc_hd__clkbuf_8)
                                                         clknet_4_10_0_wr_clk (net)
                      0.062882    0.000996    0.330599 ^ _700_/CLK (sky130_fd_sc_hd__dfxtp_1)
     2    0.005972    0.049952    0.208944    0.539543 ^ _700_/Q (sky130_fd_sc_hd__dfxtp_1)
                                                         mem[8][4] (net)
                      0.049952    0.000019    0.539562 ^ hold72/A (sky130_fd_sc_hd__dlygate4sd3_1)
     1    0.002620    0.036236    0.373707    0.913269 ^ hold72/X (sky130_fd_sc_hd__dlygate4sd3_1)
                                                         net148 (net)
                      0.036236    0.000031    0.913300 ^ _556_/A0 (sky130_fd_sc_hd__mux2_1)
     1    0.002223    0.025465    0.069771    0.983071 ^ _556_/X (sky130_fd_sc_hd__mux2_1)
                                                         _068_ (net)
                      0.025465    0.000020    0.983092 ^ _700_/D (sky130_fd_sc_hd__dfxtp_1)
                                              0.983092   data arrival time

                                  0.000000    0.000000   clock wr_clk (rise edge)
                                  0.000000    0.000000   clock source latency
     1    0.023866    0.084296    0.058566    0.058566 ^ wr_clk (in)
                                                         wr_clk (net)
                      0.084348    0.000000    0.058566 ^ clkbuf_0_wr_clk/A (sky130_fd_sc_hd__clkbuf_16)
    16    0.103559    0.091422    0.146129    0.204695 ^ clkbuf_0_wr_clk/X (sky130_fd_sc_hd__clkbuf_16)
                                                         clknet_0_wr_clk (net)
                      0.091476    0.000811    0.205506 ^ clkbuf_4_10_0_wr_clk/A (sky130_fd_sc_hd__clkbuf_8)
    13    0.041068    0.062866    0.124097    0.329603 ^ clkbuf_4_10_0_wr_clk/X (sky130_fd_sc_hd__clkbuf_8)
                                                         clknet_4_10_0_wr_clk (net)
                      0.062882    0.000996    0.330599 ^ _700_/CLK (sky130_fd_sc_hd__dfxtp_1)
                                  0.250000    0.580599   clock uncertainty
                                  0.000000    0.580599   clock reconvergence pessimism
                                 -0.016149    0.564450   library hold time
                                              0.564450   data required time
---------------------------------------------------------------------------------------------
                                              0.564450   data required time
                                             -0.983092   data arrival time
---------------------------------------------------------------------------------------------
                                              0.418642   slack (MET)


Startpoint: _670_ (rising edge-triggered flip-flop clocked by wr_clk)
Endpoint: _670_ (rising edge-triggered flip-flop clocked by wr_clk)
Path Group: wr_clk
Path Type: min

Fanout         Cap        Slew       Delay        Time   Description
---------------------------------------------------------------------------------------------
                                  0.000000    0.000000   clock wr_clk (rise edge)
                                  0.000000    0.000000   clock source latency
     1    0.023866    0.084296    0.058566    0.058566 ^ wr_clk (in)
                                                         wr_clk (net)
                      0.084348    0.000000    0.058566 ^ clkbuf_0_wr_clk/A (sky130_fd_sc_hd__clkbuf_16)
    16    0.103559    0.091422    0.146129    0.204695 ^ clkbuf_0_wr_clk/X (sky130_fd_sc_hd__clkbuf_16)
                                                         clknet_0_wr_clk (net)
                      0.091562    0.002410    0.207105 ^ clkbuf_4_5_0_wr_clk/A (sky130_fd_sc_hd__clkbuf_8)
    14    0.040239    0.061867    0.123319    0.330424 ^ clkbuf_4_5_0_wr_clk/X (sky130_fd_sc_hd__clkbuf_8)
                                                         clknet_4_5_0_wr_clk (net)
                      0.061882    0.000927    0.331351 ^ _670_/CLK (sky130_fd_sc_hd__dfxtp_1)
     2    0.005690    0.048085    0.207313    0.538664 ^ _670_/Q (sky130_fd_sc_hd__dfxtp_1)
                                                         mem[11][6] (net)
                      0.048085    0.000066    0.538730 ^ hold120/A (sky130_fd_sc_hd__dlygate4sd3_1)
     1    0.002498    0.035536    0.372529    0.911259 ^ hold120/X (sky130_fd_sc_hd__dlygate4sd3_1)
                                                         net196 (net)
                      0.035536    0.000023    0.911281 ^ _521_/A1 (sky130_fd_sc_hd__mux2_1)
     1    0.002519    0.027315    0.072592    0.983873 ^ _521_/X (sky130_fd_sc_hd__mux2_1)
                                                         _038_ (net)
                      0.027315    0.000019    0.983892 ^ _670_/D (sky130_fd_sc_hd__dfxtp_1)
                                              0.983892   data arrival time

                                  0.000000    0.000000   clock wr_clk (rise edge)
                                  0.000000    0.000000   clock source latency
     1    0.023866    0.084296    0.058566    0.058566 ^ wr_clk (in)
                                                         wr_clk (net)
                      0.084348    0.000000    0.058566 ^ clkbuf_0_wr_clk/A (sky130_fd_sc_hd__clkbuf_16)
    16    0.103559    0.091422    0.146129    0.204695 ^ clkbuf_0_wr_clk/X (sky130_fd_sc_hd__clkbuf_16)
                                                         clknet_0_wr_clk (net)
                      0.091562    0.002410    0.207105 ^ clkbuf_4_5_0_wr_clk/A (sky130_fd_sc_hd__clkbuf_8)
    14    0.040239    0.061867    0.123319    0.330424 ^ clkbuf_4_5_0_wr_clk/X (sky130_fd_sc_hd__clkbuf_8)
                                                         clknet_4_5_0_wr_clk (net)
                      0.061882    0.000927    0.331351 ^ _670_/CLK (sky130_fd_sc_hd__dfxtp_1)
                                  0.250000    0.581351   clock uncertainty
                                  0.000000    0.581351   clock reconvergence pessimism
                                 -0.016303    0.565048   library hold time
                                              0.565048   data required time
---------------------------------------------------------------------------------------------
                                              0.565048   data required time
                                             -0.983892   data arrival time
---------------------------------------------------------------------------------------------
                                              0.418844   slack (MET)


Startpoint: _758_ (rising edge-triggered flip-flop clocked by wr_clk)
Endpoint: _675_ (rising edge-triggered flip-flop clocked by wr_clk)
Path Group: wr_clk
Path Type: min

Fanout         Cap        Slew       Delay        Time   Description
---------------------------------------------------------------------------------------------
                                  0.000000    0.000000   clock wr_clk (rise edge)
                                  0.000000    0.000000   clock source latency
     1    0.023866    0.084296    0.058566    0.058566 ^ wr_clk (in)
                                                         wr_clk (net)
                      0.084348    0.000000    0.058566 ^ clkbuf_0_wr_clk/A (sky130_fd_sc_hd__clkbuf_16)
    16    0.103559    0.091422    0.146129    0.204695 ^ clkbuf_0_wr_clk/X (sky130_fd_sc_hd__clkbuf_16)
                                                         clknet_0_wr_clk (net)
                      0.091488    0.001187    0.205883 ^ clkbuf_4_13_0_wr_clk/A (sky130_fd_sc_hd__clkbuf_8)
     8    0.041541    0.063558    0.124623    0.330506 ^ clkbuf_4_13_0_wr_clk/X (sky130_fd_sc_hd__clkbuf_8)
                                                         clknet_4_13_0_wr_clk (net)
                      0.063568    0.000788    0.331294 ^ _758_/CLK (sky130_fd_sc_hd__dfrtp_1)
     5    0.018062    0.124814    0.278254    0.609548 ^ _758_/Q (sky130_fd_sc_hd__dfrtp_1)
                                                         wr_bin[1] (net)
                      0.124814    0.000226    0.609774 ^ _306_/A (sky130_fd_sc_hd__inv_2)
     4    0.021039    0.053497    0.054238    0.664013 v _306_/Y (sky130_fd_sc_hd__inv_2)
                                                         _137_ (net)
                      0.053497    0.000163    0.664176 v _493_/A (sky130_fd_sc_hd__nand2_4)
     4    0.042233    0.098002    0.098268    0.762444 ^ _493_/Y (sky130_fd_sc_hd__nand2_4)
                                                         _286_ (net)
                      0.098018    0.001046    0.763490 ^ _524_/A (sky130_fd_sc_hd__nor2_4)
     8    0.066210    0.073397    0.075674    0.839163 v _524_/Y (sky130_fd_sc_hd__nor2_4)
                                                         _293_ (net)
                      0.073568    0.002818    0.841981 v _528_/S (sky130_fd_sc_hd__mux2_1)
     1    0.003086    0.030332    0.140863    0.982845 ^ _528_/X (sky130_fd_sc_hd__mux2_1)
                                                         _043_ (net)
                      0.030332    0.000039    0.982884 ^ _675_/D (sky130_fd_sc_hd__dfxtp_1)
                                              0.982884   data arrival time

                                  0.000000    0.000000   clock wr_clk (rise edge)
                                  0.000000    0.000000   clock source latency
     1    0.023866    0.084296    0.058566    0.058566 ^ wr_clk (in)
                                                         wr_clk (net)
                      0.084348    0.000000    0.058566 ^ clkbuf_0_wr_clk/A (sky130_fd_sc_hd__clkbuf_16)
    16    0.103559    0.091422    0.146129    0.204695 ^ clkbuf_0_wr_clk/X (sky130_fd_sc_hd__clkbuf_16)
                                                         clknet_0_wr_clk (net)
                      0.091476    0.000811    0.205506 ^ clkbuf_4_10_0_wr_clk/A (sky130_fd_sc_hd__clkbuf_8)
    13    0.041068    0.062866    0.124097    0.329603 ^ clkbuf_4_10_0_wr_clk/X (sky130_fd_sc_hd__clkbuf_8)
                                                         clknet_4_10_0_wr_clk (net)
                      0.062878    0.000899    0.330502 ^ _675_/CLK (sky130_fd_sc_hd__dfxtp_1)
                                  0.250000    0.580502   clock uncertainty
                                  0.000000    0.580502   clock reconvergence pessimism
                                 -0.016492    0.564010   library hold time
                                              0.564010   data required time
---------------------------------------------------------------------------------------------
                                              0.564010   data required time
                                             -0.982884   data arrival time
---------------------------------------------------------------------------------------------
                                              0.418874   slack (MET)


Startpoint: _656_ (rising edge-triggered flip-flop clocked by wr_clk)
Endpoint: _656_ (rising edge-triggered flip-flop clocked by wr_clk)
Path Group: wr_clk
Path Type: min

Fanout         Cap        Slew       Delay        Time   Description
---------------------------------------------------------------------------------------------
                                  0.000000    0.000000   clock wr_clk (rise edge)
                                  0.000000    0.000000   clock source latency
     1    0.023866    0.084296    0.058566    0.058566 ^ wr_clk (in)
                                                         wr_clk (net)
                      0.084348    0.000000    0.058566 ^ clkbuf_0_wr_clk/A (sky130_fd_sc_hd__clkbuf_16)
    16    0.103559    0.091422    0.146129    0.204695 ^ clkbuf_0_wr_clk/X (sky130_fd_sc_hd__clkbuf_16)
                                                         clknet_0_wr_clk (net)
                      0.091552    0.002278    0.206973 ^ clkbuf_4_7_0_wr_clk/A (sky130_fd_sc_hd__clkbuf_8)
    11    0.039392    0.060858    0.122715    0.329688 ^ clkbuf_4_7_0_wr_clk/X (sky130_fd_sc_hd__clkbuf_8)
                                                         clknet_4_7_0_wr_clk (net)
                      0.060864    0.000631    0.330319 ^ _656_/CLK (sky130_fd_sc_hd__dfxtp_1)
     2    0.005426    0.046341    0.205781    0.536100 ^ _656_/Q (sky130_fd_sc_hd__dfxtp_1)
                                                         mem[12][0] (net)
                      0.046341    0.000063    0.536162 ^ hold76/A (sky130_fd_sc_hd__dlygate4sd3_1)
     1    0.002401    0.034981    0.371531    0.907693 ^ hold76/X (sky130_fd_sc_hd__dlygate4sd3_1)
                                                         net152 (net)
                      0.034981    0.000023    0.907716 ^ _505_/A0 (sky130_fd_sc_hd__mux2_1)
     1    0.003312    0.031636    0.075108    0.982823 ^ _505_/X (sky130_fd_sc_hd__mux2_1)
                                                         _024_ (net)
                      0.031636    0.000042    0.982865 ^ _656_/D (sky130_fd_sc_hd__dfxtp_1)
                                              0.982865   data arrival time

                                  0.000000    0.000000   clock wr_clk (rise edge)
                                  0.000000    0.000000   clock source latency
     1    0.023866    0.084296    0.058566    0.058566 ^ wr_clk (in)
                                                         wr_clk (net)
                      0.084348    0.000000    0.058566 ^ clkbuf_0_wr_clk/A (sky130_fd_sc_hd__clkbuf_16)
    16    0.103559    0.091422    0.146129    0.204695 ^ clkbuf_0_wr_clk/X (sky130_fd_sc_hd__clkbuf_16)
                                                         clknet_0_wr_clk (net)
                      0.091552    0.002278    0.206973 ^ clkbuf_4_7_0_wr_clk/A (sky130_fd_sc_hd__clkbuf_8)
    11    0.039392    0.060858    0.122715    0.329688 ^ clkbuf_4_7_0_wr_clk/X (sky130_fd_sc_hd__clkbuf_8)
                                                         clknet_4_7_0_wr_clk (net)
                      0.060864    0.000631    0.330319 ^ _656_/CLK (sky130_fd_sc_hd__dfxtp_1)
                                  0.250000    0.580319   clock uncertainty
                                  0.000000    0.580319   clock reconvergence pessimism
                                 -0.016632    0.563687   library hold time
                                              0.563687   data required time
---------------------------------------------------------------------------------------------
                                              0.563687   data required time
                                             -0.982865   data arrival time
---------------------------------------------------------------------------------------------
                                              0.419179   slack (MET)


Startpoint: _681_ (rising edge-triggered flip-flop clocked by wr_clk)
Endpoint: _681_ (rising edge-triggered flip-flop clocked by wr_clk)
Path Group: wr_clk
Path Type: min

Fanout         Cap        Slew       Delay        Time   Description
---------------------------------------------------------------------------------------------
                                  0.000000    0.000000   clock wr_clk (rise edge)
                                  0.000000    0.000000   clock source latency
     1    0.023866    0.084296    0.058566    0.058566 ^ wr_clk (in)
                                                         wr_clk (net)
                      0.084348    0.000000    0.058566 ^ clkbuf_0_wr_clk/A (sky130_fd_sc_hd__clkbuf_16)
    16    0.103559    0.091422    0.146129    0.204695 ^ clkbuf_0_wr_clk/X (sky130_fd_sc_hd__clkbuf_16)
                                                         clknet_0_wr_clk (net)
                      0.091478    0.000895    0.205590 ^ clkbuf_4_9_0_wr_clk/A (sky130_fd_sc_hd__clkbuf_8)
    10    0.037676    0.058871    0.121252    0.326843 ^ clkbuf_4_9_0_wr_clk/X (sky130_fd_sc_hd__clkbuf_8)
                                                         clknet_4_9_0_wr_clk (net)
                      0.058874    0.000520    0.327363 ^ _681_/CLK (sky130_fd_sc_hd__dfxtp_1)
     2    0.006365    0.052568    0.209788    0.537151 ^ _681_/Q (sky130_fd_sc_hd__dfxtp_1)
                                                         mem[10][1] (net)
                      0.052568    0.000060    0.537210 ^ hold59/A (sky130_fd_sc_hd__dlygate4sd3_1)
     1    0.002482    0.035441    0.373383    0.910594 ^ hold59/X (sky130_fd_sc_hd__dlygate4sd3_1)
                                                         net135 (net)
                      0.035441    0.000026    0.910620 ^ _535_/A0 (sky130_fd_sc_hd__mux2_1)
     1    0.002267    0.025705    0.069777    0.980397 ^ _535_/X (sky130_fd_sc_hd__mux2_1)
                                                         _049_ (net)
                      0.025705    0.000022    0.980419 ^ _681_/D (sky130_fd_sc_hd__dfxtp_1)
                                              0.980419   data arrival time

                                  0.000000    0.000000   clock wr_clk (rise edge)
                                  0.000000    0.000000   clock source latency
     1    0.023866    0.084296    0.058566    0.058566 ^ wr_clk (in)
                                                         wr_clk (net)
                      0.084348    0.000000    0.058566 ^ clkbuf_0_wr_clk/A (sky130_fd_sc_hd__clkbuf_16)
    16    0.103559    0.091422    0.146129    0.204695 ^ clkbuf_0_wr_clk/X (sky130_fd_sc_hd__clkbuf_16)
                                                         clknet_0_wr_clk (net)
                      0.091478    0.000895    0.205590 ^ clkbuf_4_9_0_wr_clk/A (sky130_fd_sc_hd__clkbuf_8)
    10    0.037676    0.058871    0.121252    0.326843 ^ clkbuf_4_9_0_wr_clk/X (sky130_fd_sc_hd__clkbuf_8)
                                                         clknet_4_9_0_wr_clk (net)
                      0.058874    0.000520    0.327363 ^ _681_/CLK (sky130_fd_sc_hd__dfxtp_1)
                                  0.250000    0.577363   clock uncertainty
                                  0.000000    0.577363   clock reconvergence pessimism
                                 -0.016262    0.561101   library hold time
                                              0.561101   data required time
---------------------------------------------------------------------------------------------
                                              0.561101   data required time
                                             -0.980419   data arrival time
---------------------------------------------------------------------------------------------
                                              0.419318   slack (MET)


Startpoint: _707_ (rising edge-triggered flip-flop clocked by wr_clk)
Endpoint: _707_ (rising edge-triggered flip-flop clocked by wr_clk)
Path Group: wr_clk
Path Type: min

Fanout         Cap        Slew       Delay        Time   Description
---------------------------------------------------------------------------------------------
                                  0.000000    0.000000   clock wr_clk (rise edge)
                                  0.000000    0.000000   clock source latency
     1    0.023866    0.084296    0.058566    0.058566 ^ wr_clk (in)
                                                         wr_clk (net)
                      0.084348    0.000000    0.058566 ^ clkbuf_0_wr_clk/A (sky130_fd_sc_hd__clkbuf_16)
    16    0.103559    0.091422    0.146129    0.204695 ^ clkbuf_0_wr_clk/X (sky130_fd_sc_hd__clkbuf_16)
                                                         clknet_0_wr_clk (net)
                      0.091540    0.002120    0.206815 ^ clkbuf_4_3_0_wr_clk/A (sky130_fd_sc_hd__clkbuf_8)
     9    0.034848    0.055467    0.118753    0.325568 ^ clkbuf_4_3_0_wr_clk/X (sky130_fd_sc_hd__clkbuf_8)
                                                         clknet_4_3_0_wr_clk (net)
                      0.055467    0.000191    0.325759 ^ _707_/CLK (sky130_fd_sc_hd__dfxtp_1)
     2    0.005633    0.047715    0.205382    0.531140 ^ _707_/Q (sky130_fd_sc_hd__dfxtp_1)
                                                         mem[7][3] (net)
                      0.047715    0.000034    0.531174 ^ hold82/A (sky130_fd_sc_hd__dlygate4sd3_1)
     1    0.002845    0.037629    0.374665    0.905839 ^ hold82/X (sky130_fd_sc_hd__dlygate4sd3_1)
                                                         net158 (net)
                      0.037629    0.000029    0.905868 ^ _565_/A1 (sky130_fd_sc_hd__mux2_1)
     1    0.002445    0.026885    0.072797    0.978665 ^ _565_/X (sky130_fd_sc_hd__mux2_1)
                                                         _075_ (net)
                      0.026885    0.000024    0.978689 ^ _707_/D (sky130_fd_sc_hd__dfxtp_1)
                                              0.978689   data arrival time

                                  0.000000    0.000000   clock wr_clk (rise edge)
                                  0.000000    0.000000   clock source latency
     1    0.023866    0.084296    0.058566    0.058566 ^ wr_clk (in)
                                                         wr_clk (net)
                      0.084348    0.000000    0.058566 ^ clkbuf_0_wr_clk/A (sky130_fd_sc_hd__clkbuf_16)
    16    0.103559    0.091422    0.146129    0.204695 ^ clkbuf_0_wr_clk/X (sky130_fd_sc_hd__clkbuf_16)
                                                         clknet_0_wr_clk (net)
                      0.091540    0.002120    0.206815 ^ clkbuf_4_3_0_wr_clk/A (sky130_fd_sc_hd__clkbuf_8)
     9    0.034848    0.055467    0.118753    0.325568 ^ clkbuf_4_3_0_wr_clk/X (sky130_fd_sc_hd__clkbuf_8)
                                                         clknet_4_3_0_wr_clk (net)
                      0.055467    0.000191    0.325759 ^ _707_/CLK (sky130_fd_sc_hd__dfxtp_1)
                                  0.250000    0.575759   clock uncertainty
                                  0.000000    0.575759   clock reconvergence pessimism
                                 -0.016426    0.559333   library hold time
                                              0.559333   data required time
---------------------------------------------------------------------------------------------
                                              0.559333   data required time
                                             -0.978689   data arrival time
---------------------------------------------------------------------------------------------
                                              0.419356   slack (MET)


Startpoint: _665_ (rising edge-triggered flip-flop clocked by wr_clk)
Endpoint: _665_ (rising edge-triggered flip-flop clocked by wr_clk)
Path Group: wr_clk
Path Type: min

Fanout         Cap        Slew       Delay        Time   Description
---------------------------------------------------------------------------------------------
                                  0.000000    0.000000   clock wr_clk (rise edge)
                                  0.000000    0.000000   clock source latency
     1    0.023866    0.084296    0.058566    0.058566 ^ wr_clk (in)
                                                         wr_clk (net)
                      0.084348    0.000000    0.058566 ^ clkbuf_0_wr_clk/A (sky130_fd_sc_hd__clkbuf_16)
    16    0.103559    0.091422    0.146129    0.204695 ^ clkbuf_0_wr_clk/X (sky130_fd_sc_hd__clkbuf_16)
                                                         clknet_0_wr_clk (net)
                      0.091478    0.000895    0.205590 ^ clkbuf_4_9_0_wr_clk/A (sky130_fd_sc_hd__clkbuf_8)
    10    0.037676    0.058871    0.121252    0.326843 ^ clkbuf_4_9_0_wr_clk/X (sky130_fd_sc_hd__clkbuf_8)
                                                         clknet_4_9_0_wr_clk (net)
                      0.058873    0.000473    0.327315 ^ _665_/CLK (sky130_fd_sc_hd__dfxtp_1)
     2    0.005612    0.047574    0.206152    0.533468 ^ _665_/Q (sky130_fd_sc_hd__dfxtp_1)
                                                         mem[11][1] (net)
                      0.047574    0.000078    0.533545 ^ hold125/A (sky130_fd_sc_hd__dlygate4sd3_1)
     1    0.002423    0.035105    0.371935    0.905480 ^ hold125/X (sky130_fd_sc_hd__dlygate4sd3_1)
                                                         net201 (net)
                      0.035105    0.000021    0.905501 ^ _516_/A1 (sky130_fd_sc_hd__mux2_1)
     1    0.002995    0.029988    0.074908    0.980409 ^ _516_/X (sky130_fd_sc_hd__mux2_1)
                                                         _033_ (net)
                      0.029988    0.000040    0.980448 ^ _665_/D (sky130_fd_sc_hd__dfxtp_1)
                                              0.980448   data arrival time

                                  0.000000    0.000000   clock wr_clk (rise edge)
                                  0.000000    0.000000   clock source latency
     1    0.023866    0.084296    0.058566    0.058566 ^ wr_clk (in)
                                                         wr_clk (net)
                      0.084348    0.000000    0.058566 ^ clkbuf_0_wr_clk/A (sky130_fd_sc_hd__clkbuf_16)
    16    0.103559    0.091422    0.146129    0.204695 ^ clkbuf_0_wr_clk/X (sky130_fd_sc_hd__clkbuf_16)
                                                         clknet_0_wr_clk (net)
                      0.091478    0.000895    0.205590 ^ clkbuf_4_9_0_wr_clk/A (sky130_fd_sc_hd__clkbuf_8)
    10    0.037676    0.058871    0.121252    0.326843 ^ clkbuf_4_9_0_wr_clk/X (sky130_fd_sc_hd__clkbuf_8)
                                                         clknet_4_9_0_wr_clk (net)
                      0.058873    0.000473    0.327315 ^ _665_/CLK (sky130_fd_sc_hd__dfxtp_1)
                                  0.250000    0.577315   clock uncertainty
                                  0.000000    0.577315   clock reconvergence pessimism
                                 -0.016564    0.560752   library hold time
                                              0.560752   data required time
---------------------------------------------------------------------------------------------
                                              0.560752   data required time
                                             -0.980448   data arrival time
---------------------------------------------------------------------------------------------
                                              0.419697   slack (MET)


Startpoint: _711_ (rising edge-triggered flip-flop clocked by wr_clk)
Endpoint: _711_ (rising edge-triggered flip-flop clocked by wr_clk)
Path Group: wr_clk
Path Type: min

Fanout         Cap        Slew       Delay        Time   Description
---------------------------------------------------------------------------------------------
                                  0.000000    0.000000   clock wr_clk (rise edge)
                                  0.000000    0.000000   clock source latency
     1    0.023866    0.084296    0.058566    0.058566 ^ wr_clk (in)
                                                         wr_clk (net)
                      0.084348    0.000000    0.058566 ^ clkbuf_0_wr_clk/A (sky130_fd_sc_hd__clkbuf_16)
    16    0.103559    0.091422    0.146129    0.204695 ^ clkbuf_0_wr_clk/X (sky130_fd_sc_hd__clkbuf_16)
                                                         clknet_0_wr_clk (net)
                      0.091561    0.002391    0.207086 ^ clkbuf_4_1_0_wr_clk/A (sky130_fd_sc_hd__clkbuf_8)
    14    0.040328    0.062088    0.123577    0.330663 ^ clkbuf_4_1_0_wr_clk/X (sky130_fd_sc_hd__clkbuf_8)
                                                         clknet_4_1_0_wr_clk (net)
                      0.062093    0.000639    0.331302 ^ _711_/CLK (sky130_fd_sc_hd__dfxtp_1)
     2    0.006237    0.051712    0.210007    0.541309 ^ _711_/Q (sky130_fd_sc_hd__dfxtp_1)
                                                         mem[7][7] (net)
                      0.051712    0.000050    0.541359 ^ hold126/A (sky130_fd_sc_hd__dlygate4sd3_1)
     1    0.002303    0.034437    0.372060    0.913419 ^ hold126/X (sky130_fd_sc_hd__dlygate4sd3_1)
                                                         net202 (net)
                      0.034437    0.000019    0.913438 ^ _569_/A1 (sky130_fd_sc_hd__mux2_1)
     1    0.002384    0.026554    0.071593    0.985031 ^ _569_/X (sky130_fd_sc_hd__mux2_1)
                                                         _079_ (net)
                      0.026554    0.000024    0.985055 ^ _711_/D (sky130_fd_sc_hd__dfxtp_1)
                                              0.985055   data arrival time

                                  0.000000    0.000000   clock wr_clk (rise edge)
                                  0.000000    0.000000   clock source latency
     1    0.023866    0.084296    0.058566    0.058566 ^ wr_clk (in)
                                                         wr_clk (net)
                      0.084348    0.000000    0.058566 ^ clkbuf_0_wr_clk/A (sky130_fd_sc_hd__clkbuf_16)
    16    0.103559    0.091422    0.146129    0.204695 ^ clkbuf_0_wr_clk/X (sky130_fd_sc_hd__clkbuf_16)
                                                         clknet_0_wr_clk (net)
                      0.091561    0.002391    0.207086 ^ clkbuf_4_1_0_wr_clk/A (sky130_fd_sc_hd__clkbuf_8)
    14    0.040328    0.062088    0.123577    0.330663 ^ clkbuf_4_1_0_wr_clk/X (sky130_fd_sc_hd__clkbuf_8)
                                                         clknet_4_1_0_wr_clk (net)
                      0.062093    0.000639    0.331302 ^ _711_/CLK (sky130_fd_sc_hd__dfxtp_1)
                                  0.250000    0.581302   clock uncertainty
                                  0.000000    0.581302   clock reconvergence pessimism
                                 -0.016245    0.565057   library hold time
                                              0.565057   data required time
---------------------------------------------------------------------------------------------
                                              0.565057   data required time
                                             -0.985055   data arrival time
---------------------------------------------------------------------------------------------
                                              0.419998   slack (MET)


Startpoint: _716_ (rising edge-triggered flip-flop clocked by wr_clk)
Endpoint: _716_ (rising edge-triggered flip-flop clocked by wr_clk)
Path Group: wr_clk
Path Type: min

Fanout         Cap        Slew       Delay        Time   Description
---------------------------------------------------------------------------------------------
                                  0.000000    0.000000   clock wr_clk (rise edge)
                                  0.000000    0.000000   clock source latency
     1    0.023866    0.084296    0.058566    0.058566 ^ wr_clk (in)
                                                         wr_clk (net)
                      0.084348    0.000000    0.058566 ^ clkbuf_0_wr_clk/A (sky130_fd_sc_hd__clkbuf_16)
    16    0.103559    0.091422    0.146129    0.204695 ^ clkbuf_0_wr_clk/X (sky130_fd_sc_hd__clkbuf_16)
                                                         clknet_0_wr_clk (net)
                      0.091476    0.000811    0.205506 ^ clkbuf_4_10_0_wr_clk/A (sky130_fd_sc_hd__clkbuf_8)
    13    0.041068    0.062866    0.124097    0.329603 ^ clkbuf_4_10_0_wr_clk/X (sky130_fd_sc_hd__clkbuf_8)
                                                         clknet_4_10_0_wr_clk (net)
                      0.062866    0.000260    0.329863 ^ _716_/CLK (sky130_fd_sc_hd__dfxtp_1)
     2    0.005993    0.050094    0.209025    0.538888 ^ _716_/Q (sky130_fd_sc_hd__dfxtp_1)
                                                         mem[6][4] (net)
                      0.050094    0.000070    0.538958 ^ hold64/A (sky130_fd_sc_hd__dlygate4sd3_1)
     1    0.002804    0.037369    0.374914    0.913872 ^ hold64/X (sky130_fd_sc_hd__dlygate4sd3_1)
                                                         net140 (net)
                      0.037369    0.000022    0.913894 ^ _575_/A0 (sky130_fd_sc_hd__mux2_1)
     1    0.002231    0.025505    0.070127    0.984021 ^ _575_/X (sky130_fd_sc_hd__mux2_1)
                                                         _084_ (net)
                      0.025505    0.000022    0.984043 ^ _716_/D (sky130_fd_sc_hd__dfxtp_1)
                                              0.984043   data arrival time

                                  0.000000    0.000000   clock wr_clk (rise edge)
                                  0.000000    0.000000   clock source latency
     1    0.023866    0.084296    0.058566    0.058566 ^ wr_clk (in)
                                                         wr_clk (net)
                      0.084348    0.000000    0.058566 ^ clkbuf_0_wr_clk/A (sky130_fd_sc_hd__clkbuf_16)
    16    0.103559    0.091422    0.146129    0.204695 ^ clkbuf_0_wr_clk/X (sky130_fd_sc_hd__clkbuf_16)
                                                         clknet_0_wr_clk (net)
                      0.091476    0.000811    0.205506 ^ clkbuf_4_10_0_wr_clk/A (sky130_fd_sc_hd__clkbuf_8)
    13    0.041068    0.062866    0.124097    0.329603 ^ clkbuf_4_10_0_wr_clk/X (sky130_fd_sc_hd__clkbuf_8)
                                                         clknet_4_10_0_wr_clk (net)
                      0.062866    0.000260    0.329863 ^ _716_/CLK (sky130_fd_sc_hd__dfxtp_1)
                                  0.250000    0.579863   clock uncertainty
                                  0.000000    0.579863   clock reconvergence pessimism
                                 -0.016152    0.563710   library hold time
                                              0.563710   data required time
---------------------------------------------------------------------------------------------
                                              0.563710   data required time
                                             -0.984043   data arrival time
---------------------------------------------------------------------------------------------
                                              0.420333   slack (MET)


Startpoint: _664_ (rising edge-triggered flip-flop clocked by wr_clk)
Endpoint: _664_ (rising edge-triggered flip-flop clocked by wr_clk)
Path Group: wr_clk
Path Type: min

Fanout         Cap        Slew       Delay        Time   Description
---------------------------------------------------------------------------------------------
                                  0.000000    0.000000   clock wr_clk (rise edge)
                                  0.000000    0.000000   clock source latency
     1    0.023866    0.084296    0.058566    0.058566 ^ wr_clk (in)
                                                         wr_clk (net)
                      0.084348    0.000000    0.058566 ^ clkbuf_0_wr_clk/A (sky130_fd_sc_hd__clkbuf_16)
    16    0.103559    0.091422    0.146129    0.204695 ^ clkbuf_0_wr_clk/X (sky130_fd_sc_hd__clkbuf_16)
                                                         clknet_0_wr_clk (net)
                      0.091552    0.002278    0.206973 ^ clkbuf_4_7_0_wr_clk/A (sky130_fd_sc_hd__clkbuf_8)
    11    0.039392    0.060858    0.122715    0.329688 ^ clkbuf_4_7_0_wr_clk/X (sky130_fd_sc_hd__clkbuf_8)
                                                         clknet_4_7_0_wr_clk (net)
                      0.060865    0.000691    0.330379 ^ _664_/CLK (sky130_fd_sc_hd__dfxtp_1)
     2    0.005007    0.043576    0.203774    0.534153 ^ _664_/Q (sky130_fd_sc_hd__dfxtp_1)
                                                         mem[11][0] (net)
                      0.043576    0.000033    0.534186 ^ hold106/A (sky130_fd_sc_hd__dlygate4sd3_1)
     1    0.003468    0.041675    0.377761    0.911947 ^ hold106/X (sky130_fd_sc_hd__dlygate4sd3_1)
                                                         net182 (net)
                      0.041675    0.000048    0.911995 ^ _515_/A1 (sky130_fd_sc_hd__mux2_1)
     1    0.002256    0.025890    0.072954    0.984948 ^ _515_/X (sky130_fd_sc_hd__mux2_1)
                                                         _032_ (net)
                      0.025890    0.000021    0.984969 ^ _664_/D (sky130_fd_sc_hd__dfxtp_1)
                                              0.984969   data arrival time

                                  0.000000    0.000000   clock wr_clk (rise edge)
                                  0.000000    0.000000   clock source latency
     1    0.023866    0.084296    0.058566    0.058566 ^ wr_clk (in)
                                                         wr_clk (net)
                      0.084348    0.000000    0.058566 ^ clkbuf_0_wr_clk/A (sky130_fd_sc_hd__clkbuf_16)
    16    0.103559    0.091422    0.146129    0.204695 ^ clkbuf_0_wr_clk/X (sky130_fd_sc_hd__clkbuf_16)
                                                         clknet_0_wr_clk (net)
                      0.091552    0.002278    0.206973 ^ clkbuf_4_7_0_wr_clk/A (sky130_fd_sc_hd__clkbuf_8)
    11    0.039392    0.060858    0.122715    0.329688 ^ clkbuf_4_7_0_wr_clk/X (sky130_fd_sc_hd__clkbuf_8)
                                                         clknet_4_7_0_wr_clk (net)
                      0.060865    0.000691    0.330379 ^ _664_/CLK (sky130_fd_sc_hd__dfxtp_1)
                                  0.250000    0.580379   clock uncertainty
                                  0.000000    0.580379   clock reconvergence pessimism
                                 -0.016227    0.564152   library hold time
                                              0.564152   data required time
---------------------------------------------------------------------------------------------
                                              0.564152   data required time
                                             -0.984969   data arrival time
---------------------------------------------------------------------------------------------
                                              0.420817   slack (MET)


Startpoint: _765_ (rising edge-triggered flip-flop clocked by wr_clk)
Endpoint: _765_ (rising edge-triggered flip-flop clocked by wr_clk)
Path Group: wr_clk
Path Type: min

Fanout         Cap        Slew       Delay        Time   Description
---------------------------------------------------------------------------------------------
                                  0.000000    0.000000   clock wr_clk (rise edge)
                                  0.000000    0.000000   clock source latency
     1    0.023866    0.084296    0.058566    0.058566 ^ wr_clk (in)
                                                         wr_clk (net)
                      0.084348    0.000000    0.058566 ^ clkbuf_0_wr_clk/A (sky130_fd_sc_hd__clkbuf_16)
    16    0.103559    0.091422    0.146129    0.204695 ^ clkbuf_0_wr_clk/X (sky130_fd_sc_hd__clkbuf_16)
                                                         clknet_0_wr_clk (net)
                      0.091540    0.002120    0.206815 ^ clkbuf_4_3_0_wr_clk/A (sky130_fd_sc_hd__clkbuf_8)
     9    0.034848    0.055467    0.118753    0.325568 ^ clkbuf_4_3_0_wr_clk/X (sky130_fd_sc_hd__clkbuf_8)
                                                         clknet_4_3_0_wr_clk (net)
                      0.055467    0.000167    0.325735 ^ _765_/CLK (sky130_fd_sc_hd__dfxtp_1)
     2    0.005854    0.049184    0.206434    0.532168 ^ _765_/Q (sky130_fd_sc_hd__dfxtp_1)
                                                         mem[4][3] (net)
                      0.049184    0.000076    0.532245 ^ hold19/A (sky130_fd_sc_hd__dlygate4sd3_1)
     1    0.002673    0.036550    0.373885    0.906129 ^ hold19/X (sky130_fd_sc_hd__dlygate4sd3_1)
                                                         net95 (net)
                      0.036550    0.000020    0.906150 ^ _610_/A0 (sky130_fd_sc_hd__mux2_1)
     1    0.002972    0.029675    0.073764    0.979914 ^ _610_/X (sky130_fd_sc_hd__mux2_1)
                                                         _115_ (net)
                      0.029675    0.000037    0.979951 ^ _765_/D (sky130_fd_sc_hd__dfxtp_1)
                                              0.979951   data arrival time

                                  0.000000    0.000000   clock wr_clk (rise edge)
                                  0.000000    0.000000   clock source latency
     1    0.023866    0.084296    0.058566    0.058566 ^ wr_clk (in)
                                                         wr_clk (net)
                      0.084348    0.000000    0.058566 ^ clkbuf_0_wr_clk/A (sky130_fd_sc_hd__clkbuf_16)
    16    0.103559    0.091422    0.146129    0.204695 ^ clkbuf_0_wr_clk/X (sky130_fd_sc_hd__clkbuf_16)
                                                         clknet_0_wr_clk (net)
                      0.091540    0.002120    0.206815 ^ clkbuf_4_3_0_wr_clk/A (sky130_fd_sc_hd__clkbuf_8)
     9    0.034848    0.055467    0.118753    0.325568 ^ clkbuf_4_3_0_wr_clk/X (sky130_fd_sc_hd__clkbuf_8)
                                                         clknet_4_3_0_wr_clk (net)
                      0.055467    0.000167    0.325735 ^ _765_/CLK (sky130_fd_sc_hd__dfxtp_1)
                                  0.250000    0.575735   clock uncertainty
                                  0.000000    0.575735   clock reconvergence pessimism
                                 -0.016623    0.559112   library hold time
                                              0.559112   data required time
---------------------------------------------------------------------------------------------
                                              0.559112   data required time
                                             -0.979951   data arrival time
---------------------------------------------------------------------------------------------
                                              0.420839   slack (MET)


Startpoint: _809_ (rising edge-triggered flip-flop clocked by wr_clk)
Endpoint: _809_ (rising edge-triggered flip-flop clocked by wr_clk)
Path Group: wr_clk
Path Type: min

Fanout         Cap        Slew       Delay        Time   Description
---------------------------------------------------------------------------------------------
                                  0.000000    0.000000   clock wr_clk (rise edge)
                                  0.000000    0.000000   clock source latency
     1    0.023866    0.084296    0.058566    0.058566 ^ wr_clk (in)
                                                         wr_clk (net)
                      0.084348    0.000000    0.058566 ^ clkbuf_0_wr_clk/A (sky130_fd_sc_hd__clkbuf_16)
    16    0.103559    0.091422    0.146129    0.204695 ^ clkbuf_0_wr_clk/X (sky130_fd_sc_hd__clkbuf_16)
                                                         clknet_0_wr_clk (net)
                      0.091558    0.002356    0.207051 ^ clkbuf_4_0_0_wr_clk/A (sky130_fd_sc_hd__clkbuf_8)
    14    0.040703    0.062407    0.123583    0.330634 ^ clkbuf_4_0_0_wr_clk/X (sky130_fd_sc_hd__clkbuf_8)
                                                         clknet_4_0_0_wr_clk (net)
                      0.062418    0.000881    0.331516 ^ _809_/CLK (sky130_fd_sc_hd__dfxtp_1)
     2    0.005602    0.047502    0.207021    0.538537 ^ _809_/Q (sky130_fd_sc_hd__dfxtp_1)
                                                         mem[9][7] (net)
                      0.047502    0.000091    0.538628 ^ hold116/A (sky130_fd_sc_hd__dlygate4sd3_1)
     1    0.002232    0.034039    0.370698    0.909326 ^ hold116/X (sky130_fd_sc_hd__dlygate4sd3_1)
                                                         net192 (net)
                      0.034039    0.000021    0.909347 ^ _631_/A0 (sky130_fd_sc_hd__mux2_1)
     1    0.003588    0.033226    0.076284    0.985631 ^ _631_/X (sky130_fd_sc_hd__mux2_1)
                                                         _135_ (net)
                      0.033226    0.000054    0.985685 ^ _809_/D (sky130_fd_sc_hd__dfxtp_1)
                                              0.985685   data arrival time

                                  0.000000    0.000000   clock wr_clk (rise edge)
                                  0.000000    0.000000   clock source latency
     1    0.023866    0.084296    0.058566    0.058566 ^ wr_clk (in)
                                                         wr_clk (net)
                      0.084348    0.000000    0.058566 ^ clkbuf_0_wr_clk/A (sky130_fd_sc_hd__clkbuf_16)
    16    0.103559    0.091422    0.146129    0.204695 ^ clkbuf_0_wr_clk/X (sky130_fd_sc_hd__clkbuf_16)
                                                         clknet_0_wr_clk (net)
                      0.091558    0.002356    0.207051 ^ clkbuf_4_0_0_wr_clk/A (sky130_fd_sc_hd__clkbuf_8)
    14    0.040703    0.062407    0.123583    0.330634 ^ clkbuf_4_0_0_wr_clk/X (sky130_fd_sc_hd__clkbuf_8)
                                                         clknet_4_0_0_wr_clk (net)
                      0.062418    0.000881    0.331516 ^ _809_/CLK (sky130_fd_sc_hd__dfxtp_1)
                                  0.250000    0.581516   clock uncertainty
                                  0.000000    0.581516   clock reconvergence pessimism
                                 -0.016707    0.564809   library hold time
                                              0.564809   data required time
---------------------------------------------------------------------------------------------
                                              0.564809   data required time
                                             -0.985685   data arrival time
---------------------------------------------------------------------------------------------
                                              0.420877   slack (MET)


Startpoint: _688_ (rising edge-triggered flip-flop clocked by wr_clk)
Endpoint: _688_ (rising edge-triggered flip-flop clocked by wr_clk)
Path Group: wr_clk
Path Type: min

Fanout         Cap        Slew       Delay        Time   Description
---------------------------------------------------------------------------------------------
                                  0.000000    0.000000   clock wr_clk (rise edge)
                                  0.000000    0.000000   clock source latency
     1    0.023866    0.084296    0.058566    0.058566 ^ wr_clk (in)
                                                         wr_clk (net)
                      0.084348    0.000000    0.058566 ^ clkbuf_0_wr_clk/A (sky130_fd_sc_hd__clkbuf_16)
    16    0.103559    0.091422    0.146129    0.204695 ^ clkbuf_0_wr_clk/X (sky130_fd_sc_hd__clkbuf_16)
                                                         clknet_0_wr_clk (net)
                      0.091485    0.001100    0.205796 ^ clkbuf_4_12_0_wr_clk/A (sky130_fd_sc_hd__clkbuf_8)
     8    0.036073    0.056935    0.119879    0.325675 ^ clkbuf_4_12_0_wr_clk/X (sky130_fd_sc_hd__clkbuf_8)
                                                         clknet_4_12_0_wr_clk (net)
                      0.056935    0.000235    0.325910 ^ _688_/CLK (sky130_fd_sc_hd__dfxtp_1)
     2    0.006378    0.052654    0.209352    0.535262 ^ _688_/Q (sky130_fd_sc_hd__dfxtp_1)
                                                         mem[0][0] (net)
                      0.052654    0.000041    0.535303 ^ hold43/A (sky130_fd_sc_hd__dlygate4sd3_1)
     1    0.002440    0.035204    0.373135    0.908438 ^ hold43/X (sky130_fd_sc_hd__dlygate4sd3_1)
                                                         net119 (net)
                      0.035204    0.000024    0.908463 ^ _543_/A0 (sky130_fd_sc_hd__mux2_1)
     1    0.002718    0.028218    0.072066    0.980529 ^ _543_/X (sky130_fd_sc_hd__mux2_1)
                                                         _056_ (net)
                      0.028218    0.000030    0.980558 ^ _688_/D (sky130_fd_sc_hd__dfxtp_1)
                                              0.980558   data arrival time

                                  0.000000    0.000000   clock wr_clk (rise edge)
                                  0.000000    0.000000   clock source latency
     1    0.023866    0.084296    0.058566    0.058566 ^ wr_clk (in)
                                                         wr_clk (net)
                      0.084348    0.000000    0.058566 ^ clkbuf_0_wr_clk/A (sky130_fd_sc_hd__clkbuf_16)
    16    0.103559    0.091422    0.146129    0.204695 ^ clkbuf_0_wr_clk/X (sky130_fd_sc_hd__clkbuf_16)
                                                         clknet_0_wr_clk (net)
                      0.091485    0.001100    0.205796 ^ clkbuf_4_12_0_wr_clk/A (sky130_fd_sc_hd__clkbuf_8)
     8    0.036073    0.056935    0.119879    0.325675 ^ clkbuf_4_12_0_wr_clk/X (sky130_fd_sc_hd__clkbuf_8)
                                                         clknet_4_12_0_wr_clk (net)
                      0.056935    0.000235    0.325910 ^ _688_/CLK (sky130_fd_sc_hd__dfxtp_1)
                                  0.250000    0.575910   clock uncertainty
                                  0.000000    0.575910   clock reconvergence pessimism
                                 -0.016485    0.559425   library hold time
                                              0.559425   data required time
---------------------------------------------------------------------------------------------
                                              0.559425   data required time
                                             -0.980558   data arrival time
---------------------------------------------------------------------------------------------
                                              0.421133   slack (MET)


Startpoint: _801_ (rising edge-triggered flip-flop clocked by wr_clk)
Endpoint: _801_ (rising edge-triggered flip-flop clocked by wr_clk)
Path Group: wr_clk
Path Type: min

Fanout         Cap        Slew       Delay        Time   Description
---------------------------------------------------------------------------------------------
                                  0.000000    0.000000   clock wr_clk (rise edge)
                                  0.000000    0.000000   clock source latency
     1    0.023866    0.084296    0.058566    0.058566 ^ wr_clk (in)
                                                         wr_clk (net)
                      0.084348    0.000000    0.058566 ^ clkbuf_0_wr_clk/A (sky130_fd_sc_hd__clkbuf_16)
    16    0.103559    0.091422    0.146129    0.204695 ^ clkbuf_0_wr_clk/X (sky130_fd_sc_hd__clkbuf_16)
                                                         clknet_0_wr_clk (net)
                      0.091561    0.002391    0.207086 ^ clkbuf_4_1_0_wr_clk/A (sky130_fd_sc_hd__clkbuf_8)
    14    0.040328    0.062088    0.123577    0.330663 ^ clkbuf_4_1_0_wr_clk/X (sky130_fd_sc_hd__clkbuf_8)
                                                         clknet_4_1_0_wr_clk (net)
                      0.062090    0.000481    0.331144 ^ _801_/CLK (sky130_fd_sc_hd__dfxtp_1)
     2    0.005972    0.049953    0.208728    0.539871 ^ _801_/Q (sky130_fd_sc_hd__dfxtp_1)
                                                         mem[15][7] (net)
                      0.049953    0.000062    0.539933 ^ hold128/A (sky130_fd_sc_hd__dlygate4sd3_1)
     1    0.002389    0.034919    0.372234    0.912167 ^ hold128/X (sky130_fd_sc_hd__dlygate4sd3_1)
                                                         net204 (net)
                      0.034919    0.000021    0.912187 ^ _622_/A1 (sky130_fd_sc_hd__mux2_1)
     1    0.002797    0.028840    0.073840    0.986027 ^ _622_/X (sky130_fd_sc_hd__mux2_1)
                                                         _127_ (net)
                      0.028840    0.000034    0.986061 ^ _801_/D (sky130_fd_sc_hd__dfxtp_1)
                                              0.986061   data arrival time

                                  0.000000    0.000000   clock wr_clk (rise edge)
                                  0.000000    0.000000   clock source latency
     1    0.023866    0.084296    0.058566    0.058566 ^ wr_clk (in)
                                                         wr_clk (net)
                      0.084348    0.000000    0.058566 ^ clkbuf_0_wr_clk/A (sky130_fd_sc_hd__clkbuf_16)
    16    0.103559    0.091422    0.146129    0.204695 ^ clkbuf_0_wr_clk/X (sky130_fd_sc_hd__clkbuf_16)
                                                         clknet_0_wr_clk (net)
                      0.091561    0.002391    0.207086 ^ clkbuf_4_1_0_wr_clk/A (sky130_fd_sc_hd__clkbuf_8)
    14    0.040328    0.062088    0.123577    0.330663 ^ clkbuf_4_1_0_wr_clk/X (sky130_fd_sc_hd__clkbuf_8)
                                                         clknet_4_1_0_wr_clk (net)
                      0.062090    0.000481    0.331144 ^ _801_/CLK (sky130_fd_sc_hd__dfxtp_1)
                                  0.250000    0.581144   clock uncertainty
                                  0.000000    0.581144   clock reconvergence pessimism
                                 -0.016406    0.564738   library hold time
                                              0.564738   data required time
---------------------------------------------------------------------------------------------
                                              0.564738   data required time
                                             -0.986061   data arrival time
---------------------------------------------------------------------------------------------
                                              0.421323   slack (MET)


Startpoint: _710_ (rising edge-triggered flip-flop clocked by wr_clk)
Endpoint: _710_ (rising edge-triggered flip-flop clocked by wr_clk)
Path Group: wr_clk
Path Type: min

Fanout         Cap        Slew       Delay        Time   Description
---------------------------------------------------------------------------------------------
                                  0.000000    0.000000   clock wr_clk (rise edge)
                                  0.000000    0.000000   clock source latency
     1    0.023866    0.084296    0.058566    0.058566 ^ wr_clk (in)
                                                         wr_clk (net)
                      0.084348    0.000000    0.058566 ^ clkbuf_0_wr_clk/A (sky130_fd_sc_hd__clkbuf_16)
    16    0.103559    0.091422    0.146129    0.204695 ^ clkbuf_0_wr_clk/X (sky130_fd_sc_hd__clkbuf_16)
                                                         clknet_0_wr_clk (net)
                      0.091562    0.002410    0.207105 ^ clkbuf_4_5_0_wr_clk/A (sky130_fd_sc_hd__clkbuf_8)
    14    0.040239    0.061867    0.123319    0.330424 ^ clkbuf_4_5_0_wr_clk/X (sky130_fd_sc_hd__clkbuf_8)
                                                         clknet_4_5_0_wr_clk (net)
                      0.061879    0.000856    0.331280 ^ _710_/CLK (sky130_fd_sc_hd__dfxtp_1)
     2    0.006579    0.053990    0.211588    0.542868 ^ _710_/Q (sky130_fd_sc_hd__dfxtp_1)
                                                         mem[7][6] (net)
                      0.053990    0.000084    0.542953 ^ hold131/A (sky130_fd_sc_hd__dlygate4sd3_1)
     1    0.002299    0.034417    0.372475    0.915428 ^ hold131/X (sky130_fd_sc_hd__dlygate4sd3_1)
                                                         net207 (net)
                      0.034417    0.000010    0.915438 ^ _568_/A1 (sky130_fd_sc_hd__mux2_1)
     1    0.002306    0.026130    0.071184    0.986622 ^ _568_/X (sky130_fd_sc_hd__mux2_1)
                                                         _078_ (net)
                      0.026130    0.000022    0.986644 ^ _710_/D (sky130_fd_sc_hd__dfxtp_1)
                                              0.986644   data arrival time

                                  0.000000    0.000000   clock wr_clk (rise edge)
                                  0.000000    0.000000   clock source latency
     1    0.023866    0.084296    0.058566    0.058566 ^ wr_clk (in)
                                                         wr_clk (net)
                      0.084348    0.000000    0.058566 ^ clkbuf_0_wr_clk/A (sky130_fd_sc_hd__clkbuf_16)
    16    0.103559    0.091422    0.146129    0.204695 ^ clkbuf_0_wr_clk/X (sky130_fd_sc_hd__clkbuf_16)
                                                         clknet_0_wr_clk (net)
                      0.091562    0.002410    0.207105 ^ clkbuf_4_5_0_wr_clk/A (sky130_fd_sc_hd__clkbuf_8)
    14    0.040239    0.061867    0.123319    0.330424 ^ clkbuf_4_5_0_wr_clk/X (sky130_fd_sc_hd__clkbuf_8)
                                                         clknet_4_5_0_wr_clk (net)
                      0.061879    0.000856    0.331280 ^ _710_/CLK (sky130_fd_sc_hd__dfxtp_1)
                                  0.250000    0.581280   clock uncertainty
                                  0.000000    0.581280   clock reconvergence pessimism
                                 -0.016220    0.565060   library hold time
                                              0.565060   data required time
---------------------------------------------------------------------------------------------
                                              0.565060   data required time
                                             -0.986644   data arrival time
---------------------------------------------------------------------------------------------
                                              0.421584   slack (MET)


Startpoint: _709_ (rising edge-triggered flip-flop clocked by wr_clk)
Endpoint: _709_ (rising edge-triggered flip-flop clocked by wr_clk)
Path Group: wr_clk
Path Type: min

Fanout         Cap        Slew       Delay        Time   Description
---------------------------------------------------------------------------------------------
                                  0.000000    0.000000   clock wr_clk (rise edge)
                                  0.000000    0.000000   clock source latency
     1    0.023866    0.084296    0.058566    0.058566 ^ wr_clk (in)
                                                         wr_clk (net)
                      0.084348    0.000000    0.058566 ^ clkbuf_0_wr_clk/A (sky130_fd_sc_hd__clkbuf_16)
    16    0.103559    0.091422    0.146129    0.204695 ^ clkbuf_0_wr_clk/X (sky130_fd_sc_hd__clkbuf_16)
                                                         clknet_0_wr_clk (net)
                      0.091558    0.002356    0.207051 ^ clkbuf_4_0_0_wr_clk/A (sky130_fd_sc_hd__clkbuf_8)
    14    0.040703    0.062407    0.123583    0.330634 ^ clkbuf_4_0_0_wr_clk/X (sky130_fd_sc_hd__clkbuf_8)
                                                         clknet_4_0_0_wr_clk (net)
                      0.062423    0.001014    0.331648 ^ _709_/CLK (sky130_fd_sc_hd__dfxtp_1)
     2    0.005629    0.047682    0.207163    0.538811 ^ _709_/Q (sky130_fd_sc_hd__dfxtp_1)
                                                         mem[7][5] (net)
                      0.047682    0.000066    0.538877 ^ hold118/A (sky130_fd_sc_hd__dlygate4sd3_1)
     1    0.002864    0.037748    0.374777    0.913654 ^ hold118/X (sky130_fd_sc_hd__dlygate4sd3_1)
                                                         net194 (net)
                      0.037748    0.000028    0.913682 ^ _567_/A1 (sky130_fd_sc_hd__mux2_1)
     1    0.002546    0.027441    0.073348    0.987030 ^ _567_/X (sky130_fd_sc_hd__mux2_1)
                                                         _077_ (net)
                      0.027441    0.000026    0.987056 ^ _709_/D (sky130_fd_sc_hd__dfxtp_1)
                                              0.987056   data arrival time

                                  0.000000    0.000000   clock wr_clk (rise edge)
                                  0.000000    0.000000   clock source latency
     1    0.023866    0.084296    0.058566    0.058566 ^ wr_clk (in)
                                                         wr_clk (net)
                      0.084348    0.000000    0.058566 ^ clkbuf_0_wr_clk/A (sky130_fd_sc_hd__clkbuf_16)
    16    0.103559    0.091422    0.146129    0.204695 ^ clkbuf_0_wr_clk/X (sky130_fd_sc_hd__clkbuf_16)
                                                         clknet_0_wr_clk (net)
                      0.091558    0.002356    0.207051 ^ clkbuf_4_0_0_wr_clk/A (sky130_fd_sc_hd__clkbuf_8)
    14    0.040703    0.062407    0.123583    0.330634 ^ clkbuf_4_0_0_wr_clk/X (sky130_fd_sc_hd__clkbuf_8)
                                                         clknet_4_0_0_wr_clk (net)
                      0.062423    0.001014    0.331648 ^ _709_/CLK (sky130_fd_sc_hd__dfxtp_1)
                                  0.250000    0.581648   clock uncertainty
                                  0.000000    0.581648   clock reconvergence pessimism
                                 -0.016299    0.565349   library hold time
                                              0.565349   data required time
---------------------------------------------------------------------------------------------
                                              0.565349   data required time
                                             -0.987056   data arrival time
---------------------------------------------------------------------------------------------
                                              0.421707   slack (MET)


Startpoint: _712_ (rising edge-triggered flip-flop clocked by wr_clk)
Endpoint: _712_ (rising edge-triggered flip-flop clocked by wr_clk)
Path Group: wr_clk
Path Type: min

Fanout         Cap        Slew       Delay        Time   Description
---------------------------------------------------------------------------------------------
                                  0.000000    0.000000   clock wr_clk (rise edge)
                                  0.000000    0.000000   clock source latency
     1    0.023866    0.084296    0.058566    0.058566 ^ wr_clk (in)
                                                         wr_clk (net)
                      0.084348    0.000000    0.058566 ^ clkbuf_0_wr_clk/A (sky130_fd_sc_hd__clkbuf_16)
    16    0.103559    0.091422    0.146129    0.204695 ^ clkbuf_0_wr_clk/X (sky130_fd_sc_hd__clkbuf_16)
                                                         clknet_0_wr_clk (net)
                      0.091550    0.002254    0.206949 ^ clkbuf_4_6_0_wr_clk/A (sky130_fd_sc_hd__clkbuf_8)
     9    0.034708    0.055227    0.118520    0.325469 ^ clkbuf_4_6_0_wr_clk/X (sky130_fd_sc_hd__clkbuf_8)
                                                         clknet_4_6_0_wr_clk (net)
                      0.055232    0.000562    0.326031 ^ _712_/CLK (sky130_fd_sc_hd__dfxtp_1)
     2    0.005705    0.048192    0.205666    0.531697 ^ _712_/Q (sky130_fd_sc_hd__dfxtp_1)
                                                         mem[6][0] (net)
                      0.048192    0.000045    0.531743 ^ hold42/A (sky130_fd_sc_hd__dlygate4sd3_1)
     1    0.003488    0.041802    0.378873    0.910616 ^ hold42/X (sky130_fd_sc_hd__dlygate4sd3_1)
                                                         net118 (net)
                      0.041802    0.000052    0.910667 ^ _571_/A0 (sky130_fd_sc_hd__mux2_1)
     1    0.002136    0.024985    0.070876    0.981544 ^ _571_/X (sky130_fd_sc_hd__mux2_1)
                                                         _080_ (net)
                      0.024985    0.000019    0.981562 ^ _712_/D (sky130_fd_sc_hd__dfxtp_1)
                                              0.981562   data arrival time

                                  0.000000    0.000000   clock wr_clk (rise edge)
                                  0.000000    0.000000   clock source latency
     1    0.023866    0.084296    0.058566    0.058566 ^ wr_clk (in)
                                                         wr_clk (net)
                      0.084348    0.000000    0.058566 ^ clkbuf_0_wr_clk/A (sky130_fd_sc_hd__clkbuf_16)
    16    0.103559    0.091422    0.146129    0.204695 ^ clkbuf_0_wr_clk/X (sky130_fd_sc_hd__clkbuf_16)
                                                         clknet_0_wr_clk (net)
                      0.091550    0.002254    0.206949 ^ clkbuf_4_6_0_wr_clk/A (sky130_fd_sc_hd__clkbuf_8)
     9    0.034708    0.055227    0.118520    0.325469 ^ clkbuf_4_6_0_wr_clk/X (sky130_fd_sc_hd__clkbuf_8)
                                                         clknet_4_6_0_wr_clk (net)
                      0.055232    0.000562    0.326031 ^ _712_/CLK (sky130_fd_sc_hd__dfxtp_1)
                                  0.250000    0.576031   clock uncertainty
                                  0.000000    0.576031   clock reconvergence pessimism
                                 -0.016298    0.559734   library hold time
                                              0.559734   data required time
---------------------------------------------------------------------------------------------
                                              0.559734   data required time
                                             -0.981562   data arrival time
---------------------------------------------------------------------------------------------
                                              0.421829   slack (MET)


Startpoint: _730_ (rising edge-triggered flip-flop clocked by wr_clk)
Endpoint: _730_ (rising edge-triggered flip-flop clocked by wr_clk)
Path Group: wr_clk
Path Type: min

Fanout         Cap        Slew       Delay        Time   Description
---------------------------------------------------------------------------------------------
                                  0.000000    0.000000   clock wr_clk (rise edge)
                                  0.000000    0.000000   clock source latency
     1    0.023866    0.084296    0.058566    0.058566 ^ wr_clk (in)
                                                         wr_clk (net)
                      0.084348    0.000000    0.058566 ^ clkbuf_0_wr_clk/A (sky130_fd_sc_hd__clkbuf_16)
    16    0.103559    0.091422    0.146129    0.204695 ^ clkbuf_0_wr_clk/X (sky130_fd_sc_hd__clkbuf_16)
                                                         clknet_0_wr_clk (net)
                      0.091550    0.002254    0.206949 ^ clkbuf_4_6_0_wr_clk/A (sky130_fd_sc_hd__clkbuf_8)
     9    0.034708    0.055227    0.118520    0.325469 ^ clkbuf_4_6_0_wr_clk/X (sky130_fd_sc_hd__clkbuf_8)
                                                         clknet_4_6_0_wr_clk (net)
                      0.055234    0.000620    0.326089 ^ _730_/CLK (sky130_fd_sc_hd__dfxtp_1)
     2    0.006579    0.054000    0.209847    0.535936 ^ _730_/Q (sky130_fd_sc_hd__dfxtp_1)
                                                         mem[3][2] (net)
                      0.054000    0.000074    0.536011 ^ hold115/A (sky130_fd_sc_hd__dlygate4sd3_1)
     1    0.002580    0.036011    0.374275    0.910286 ^ hold115/X (sky130_fd_sc_hd__dlygate4sd3_1)
                                                         net191 (net)
                      0.036011    0.000013    0.910300 ^ _591_/A1 (sky130_fd_sc_hd__mux2_1)
     1    0.002368    0.026465    0.071948    0.982247 ^ _591_/X (sky130_fd_sc_hd__mux2_1)
                                                         _098_ (net)
                      0.026465    0.000023    0.982270 ^ _730_/D (sky130_fd_sc_hd__dfxtp_1)
                                              0.982270   data arrival time

                                  0.000000    0.000000   clock wr_clk (rise edge)
                                  0.000000    0.000000   clock source latency
     1    0.023866    0.084296    0.058566    0.058566 ^ wr_clk (in)
                                                         wr_clk (net)
                      0.084348    0.000000    0.058566 ^ clkbuf_0_wr_clk/A (sky130_fd_sc_hd__clkbuf_16)
    16    0.103559    0.091422    0.146129    0.204695 ^ clkbuf_0_wr_clk/X (sky130_fd_sc_hd__clkbuf_16)
                                                         clknet_0_wr_clk (net)
                      0.091550    0.002254    0.206949 ^ clkbuf_4_6_0_wr_clk/A (sky130_fd_sc_hd__clkbuf_8)
     9    0.034708    0.055227    0.118520    0.325469 ^ clkbuf_4_6_0_wr_clk/X (sky130_fd_sc_hd__clkbuf_8)
                                                         clknet_4_6_0_wr_clk (net)
                      0.055234    0.000620    0.326089 ^ _730_/CLK (sky130_fd_sc_hd__dfxtp_1)
                                  0.250000    0.576089   clock uncertainty
                                  0.000000    0.576089   clock reconvergence pessimism
                                 -0.016402    0.559687   library hold time
                                              0.559687   data required time
---------------------------------------------------------------------------------------------
                                              0.559687   data required time
                                             -0.982270   data arrival time
---------------------------------------------------------------------------------------------
                                              0.422583   slack (MET)


Startpoint: _721_ (rising edge-triggered flip-flop clocked by wr_clk)
Endpoint: _721_ (rising edge-triggered flip-flop clocked by wr_clk)
Path Group: wr_clk
Path Type: min

Fanout         Cap        Slew       Delay        Time   Description
---------------------------------------------------------------------------------------------
                                  0.000000    0.000000   clock wr_clk (rise edge)
                                  0.000000    0.000000   clock source latency
     1    0.023866    0.084296    0.058566    0.058566 ^ wr_clk (in)
                                                         wr_clk (net)
                      0.084348    0.000000    0.058566 ^ clkbuf_0_wr_clk/A (sky130_fd_sc_hd__clkbuf_16)
    16    0.103559    0.091422    0.146129    0.204695 ^ clkbuf_0_wr_clk/X (sky130_fd_sc_hd__clkbuf_16)
                                                         clknet_0_wr_clk (net)
                      0.091479    0.000935    0.205630 ^ clkbuf_4_8_0_wr_clk/A (sky130_fd_sc_hd__clkbuf_8)
     7    0.033886    0.054248    0.117799    0.323429 ^ clkbuf_4_8_0_wr_clk/X (sky130_fd_sc_hd__clkbuf_8)
                                                         clknet_4_8_0_wr_clk (net)
                      0.054253    0.000523    0.323952 ^ _721_/CLK (sky130_fd_sc_hd__dfxtp_1)
     2    0.006066    0.050586    0.207145    0.531097 ^ _721_/Q (sky130_fd_sc_hd__dfxtp_1)
                                                         mem[2][1] (net)
                      0.050586    0.000051    0.531148 ^ hold6/A (sky130_fd_sc_hd__dlygate4sd3_1)
     1    0.002950    0.038303    0.375953    0.907101 ^ hold6/X (sky130_fd_sc_hd__dlygate4sd3_1)
                                                         net82 (net)
                      0.038303    0.000023    0.907124 ^ _581_/A0 (sky130_fd_sc_hd__mux2_1)
     1    0.002781    0.028581    0.073267    0.980391 ^ _581_/X (sky130_fd_sc_hd__mux2_1)
                                                         _089_ (net)
                      0.028581    0.000021    0.980412 ^ _721_/D (sky130_fd_sc_hd__dfxtp_1)
                                              0.980412   data arrival time

                                  0.000000    0.000000   clock wr_clk (rise edge)
                                  0.000000    0.000000   clock source latency
     1    0.023866    0.084296    0.058566    0.058566 ^ wr_clk (in)
                                                         wr_clk (net)
                      0.084348    0.000000    0.058566 ^ clkbuf_0_wr_clk/A (sky130_fd_sc_hd__clkbuf_16)
    16    0.103559    0.091422    0.146129    0.204695 ^ clkbuf_0_wr_clk/X (sky130_fd_sc_hd__clkbuf_16)
                                                         clknet_0_wr_clk (net)
                      0.091479    0.000935    0.205630 ^ clkbuf_4_8_0_wr_clk/A (sky130_fd_sc_hd__clkbuf_8)
     7    0.033886    0.054248    0.117799    0.323429 ^ clkbuf_4_8_0_wr_clk/X (sky130_fd_sc_hd__clkbuf_8)
                                                         clknet_4_8_0_wr_clk (net)
                      0.054253    0.000523    0.323952 ^ _721_/CLK (sky130_fd_sc_hd__dfxtp_1)
                                  0.250000    0.573952   clock uncertainty
                                  0.000000    0.573952   clock reconvergence pessimism
                                 -0.016575    0.557377   library hold time
                                              0.557377   data required time
---------------------------------------------------------------------------------------------
                                              0.557377   data required time
                                             -0.980412   data arrival time
---------------------------------------------------------------------------------------------
                                              0.423034   slack (MET)


Startpoint: _796_ (rising edge-triggered flip-flop clocked by wr_clk)
Endpoint: _796_ (rising edge-triggered flip-flop clocked by wr_clk)
Path Group: wr_clk
Path Type: min

Fanout         Cap        Slew       Delay        Time   Description
---------------------------------------------------------------------------------------------
                                  0.000000    0.000000   clock wr_clk (rise edge)
                                  0.000000    0.000000   clock source latency
     1    0.023866    0.084296    0.058566    0.058566 ^ wr_clk (in)
                                                         wr_clk (net)
                      0.084348    0.000000    0.058566 ^ clkbuf_0_wr_clk/A (sky130_fd_sc_hd__clkbuf_16)
    16    0.103559    0.091422    0.146129    0.204695 ^ clkbuf_0_wr_clk/X (sky130_fd_sc_hd__clkbuf_16)
                                                         clknet_0_wr_clk (net)
                      0.091564    0.002429    0.207124 ^ clkbuf_4_4_0_wr_clk/A (sky130_fd_sc_hd__clkbuf_8)
    13    0.041993    0.063991    0.124944    0.332068 ^ clkbuf_4_4_0_wr_clk/X (sky130_fd_sc_hd__clkbuf_8)
                                                         clknet_4_4_0_wr_clk (net)
                      0.063994    0.000583    0.332652 ^ _796_/CLK (sky130_fd_sc_hd__dfxtp_1)
     2    0.004995    0.043493    0.204528    0.537179 ^ _796_/Q (sky130_fd_sc_hd__dfxtp_1)
                                                         mem[15][2] (net)
                      0.043493    0.000039    0.537219 ^ hold121/A (sky130_fd_sc_hd__dlygate4sd3_1)
     1    0.003388    0.041147    0.377230    0.914448 ^ hold121/X (sky130_fd_sc_hd__dlygate4sd3_1)
                                                         net197 (net)
                      0.041147    0.000045    0.914493 ^ _617_/A1 (sky130_fd_sc_hd__mux2_1)
     1    0.002690    0.028239    0.075033    0.989526 ^ _617_/X (sky130_fd_sc_hd__mux2_1)
                                                         _122_ (net)
                      0.028239    0.000031    0.989557 ^ _796_/D (sky130_fd_sc_hd__dfxtp_1)
                                              0.989557   data arrival time

                                  0.000000    0.000000   clock wr_clk (rise edge)
                                  0.000000    0.000000   clock source latency
     1    0.023866    0.084296    0.058566    0.058566 ^ wr_clk (in)
                                                         wr_clk (net)
                      0.084348    0.000000    0.058566 ^ clkbuf_0_wr_clk/A (sky130_fd_sc_hd__clkbuf_16)
    16    0.103559    0.091422    0.146129    0.204695 ^ clkbuf_0_wr_clk/X (sky130_fd_sc_hd__clkbuf_16)
                                                         clknet_0_wr_clk (net)
                      0.091564    0.002429    0.207124 ^ clkbuf_4_4_0_wr_clk/A (sky130_fd_sc_hd__clkbuf_8)
    13    0.041993    0.063991    0.124944    0.332068 ^ clkbuf_4_4_0_wr_clk/X (sky130_fd_sc_hd__clkbuf_8)
                                                         clknet_4_4_0_wr_clk (net)
                      0.063994    0.000583    0.332652 ^ _796_/CLK (sky130_fd_sc_hd__dfxtp_1)
                                  0.250000    0.582652   clock uncertainty
                                  0.000000    0.582652   clock reconvergence pessimism
                                 -0.016318    0.566333   library hold time
                                              0.566333   data required time
---------------------------------------------------------------------------------------------
                                              0.566333   data required time
                                             -0.989557   data arrival time
---------------------------------------------------------------------------------------------
                                              0.423224   slack (MET)


Startpoint: _642_ (rising edge-triggered flip-flop clocked by wr_clk)
Endpoint: _642_ (rising edge-triggered flip-flop clocked by wr_clk)
Path Group: wr_clk
Path Type: min

Fanout         Cap        Slew       Delay        Time   Description
---------------------------------------------------------------------------------------------
                                  0.000000    0.000000   clock wr_clk (rise edge)
                                  0.000000    0.000000   clock source latency
     1    0.023866    0.084296    0.058566    0.058566 ^ wr_clk (in)
                                                         wr_clk (net)
                      0.084348    0.000000    0.058566 ^ clkbuf_0_wr_clk/A (sky130_fd_sc_hd__clkbuf_16)
    16    0.103559    0.091422    0.146129    0.204695 ^ clkbuf_0_wr_clk/X (sky130_fd_sc_hd__clkbuf_16)
                                                         clknet_0_wr_clk (net)
                      0.091564    0.002429    0.207124 ^ clkbuf_4_4_0_wr_clk/A (sky130_fd_sc_hd__clkbuf_8)
    13    0.041993    0.063991    0.124944    0.332068 ^ clkbuf_4_4_0_wr_clk/X (sky130_fd_sc_hd__clkbuf_8)
                                                         clknet_4_4_0_wr_clk (net)
                      0.063993    0.000507    0.332575 ^ _642_/CLK (sky130_fd_sc_hd__dfxtp_1)
     2    0.006148    0.051120    0.210070    0.542646 ^ _642_/Q (sky130_fd_sc_hd__dfxtp_1)
                                                         mem[14][2] (net)
                      0.051120    0.000064    0.542710 ^ hold108/A (sky130_fd_sc_hd__dlygate4sd3_1)
     1    0.002775    0.037184    0.374947    0.917657 ^ hold108/X (sky130_fd_sc_hd__dlygate4sd3_1)
                                                         net184 (net)
                      0.037184    0.000031    0.917688 ^ _487_/A0 (sky130_fd_sc_hd__mux2_1)
     1    0.002569    0.027376    0.071842    0.989530 ^ _487_/X (sky130_fd_sc_hd__mux2_1)
                                                         _010_ (net)
                      0.027376    0.000027    0.989557 ^ _642_/D (sky130_fd_sc_hd__dfxtp_1)
                                              0.989557   data arrival time

                                  0.000000    0.000000   clock wr_clk (rise edge)
                                  0.000000    0.000000   clock source latency
     1    0.023866    0.084296    0.058566    0.058566 ^ wr_clk (in)
                                                         wr_clk (net)
                      0.084348    0.000000    0.058566 ^ clkbuf_0_wr_clk/A (sky130_fd_sc_hd__clkbuf_16)
    16    0.103559    0.091422    0.146129    0.204695 ^ clkbuf_0_wr_clk/X (sky130_fd_sc_hd__clkbuf_16)
                                                         clknet_0_wr_clk (net)
                      0.091564    0.002429    0.207124 ^ clkbuf_4_4_0_wr_clk/A (sky130_fd_sc_hd__clkbuf_8)
    13    0.041993    0.063991    0.124944    0.332068 ^ clkbuf_4_4_0_wr_clk/X (sky130_fd_sc_hd__clkbuf_8)
                                                         clknet_4_4_0_wr_clk (net)
                      0.063993    0.000507    0.332575 ^ _642_/CLK (sky130_fd_sc_hd__dfxtp_1)
                                  0.250000    0.582575   clock uncertainty
                                  0.000000    0.582575   clock reconvergence pessimism
                                 -0.016257    0.566318   library hold time
                                              0.566318   data required time
---------------------------------------------------------------------------------------------
                                              0.566318   data required time
                                             -0.989557   data arrival time
---------------------------------------------------------------------------------------------
                                              0.423239   slack (MET)


Startpoint: _714_ (rising edge-triggered flip-flop clocked by wr_clk)
Endpoint: _714_ (rising edge-triggered flip-flop clocked by wr_clk)
Path Group: wr_clk
Path Type: min

Fanout         Cap        Slew       Delay        Time   Description
---------------------------------------------------------------------------------------------
                                  0.000000    0.000000   clock wr_clk (rise edge)
                                  0.000000    0.000000   clock source latency
     1    0.023866    0.084296    0.058566    0.058566 ^ wr_clk (in)
                                                         wr_clk (net)
                      0.084348    0.000000    0.058566 ^ clkbuf_0_wr_clk/A (sky130_fd_sc_hd__clkbuf_16)
    16    0.103559    0.091422    0.146129    0.204695 ^ clkbuf_0_wr_clk/X (sky130_fd_sc_hd__clkbuf_16)
                                                         clknet_0_wr_clk (net)
                      0.091564    0.002429    0.207124 ^ clkbuf_4_4_0_wr_clk/A (sky130_fd_sc_hd__clkbuf_8)
    13    0.041993    0.063991    0.124944    0.332068 ^ clkbuf_4_4_0_wr_clk/X (sky130_fd_sc_hd__clkbuf_8)
                                                         clknet_4_4_0_wr_clk (net)
                      0.063998    0.000728    0.332796 ^ _714_/CLK (sky130_fd_sc_hd__dfxtp_1)
     2    0.005797    0.048795    0.208387    0.541184 ^ _714_/Q (sky130_fd_sc_hd__dfxtp_1)
                                                         mem[6][2] (net)
                      0.048795    0.000064    0.541248 ^ hold52/A (sky130_fd_sc_hd__dlygate4sd3_1)
     1    0.002980    0.038495    0.375759    0.917007 ^ hold52/X (sky130_fd_sc_hd__dlygate4sd3_1)
                                                         net128 (net)
                      0.038495    0.000037    0.917044 ^ _573_/A0 (sky130_fd_sc_hd__mux2_1)
     1    0.002687    0.028041    0.072828    0.989872 ^ _573_/X (sky130_fd_sc_hd__mux2_1)
                                                         _082_ (net)
                      0.028041    0.000021    0.989893 ^ _714_/D (sky130_fd_sc_hd__dfxtp_1)
                                              0.989893   data arrival time

                                  0.000000    0.000000   clock wr_clk (rise edge)
                                  0.000000    0.000000   clock source latency
     1    0.023866    0.084296    0.058566    0.058566 ^ wr_clk (in)
                                                         wr_clk (net)
                      0.084348    0.000000    0.058566 ^ clkbuf_0_wr_clk/A (sky130_fd_sc_hd__clkbuf_16)
    16    0.103559    0.091422    0.146129    0.204695 ^ clkbuf_0_wr_clk/X (sky130_fd_sc_hd__clkbuf_16)
                                                         clknet_0_wr_clk (net)
                      0.091564    0.002429    0.207124 ^ clkbuf_4_4_0_wr_clk/A (sky130_fd_sc_hd__clkbuf_8)
    13    0.041993    0.063991    0.124944    0.332068 ^ clkbuf_4_4_0_wr_clk/X (sky130_fd_sc_hd__clkbuf_8)
                                                         clknet_4_4_0_wr_clk (net)
                      0.063998    0.000728    0.332796 ^ _714_/CLK (sky130_fd_sc_hd__dfxtp_1)
                                  0.250000    0.582797   clock uncertainty
                                  0.000000    0.582797   clock reconvergence pessimism
                                 -0.016304    0.566492   library hold time
                                              0.566492   data required time
---------------------------------------------------------------------------------------------
                                              0.566492   data required time
                                             -0.989893   data arrival time
---------------------------------------------------------------------------------------------
                                              0.423401   slack (MET)


Startpoint: _728_ (rising edge-triggered flip-flop clocked by wr_clk)
Endpoint: _728_ (rising edge-triggered flip-flop clocked by wr_clk)
Path Group: wr_clk
Path Type: min

Fanout         Cap        Slew       Delay        Time   Description
---------------------------------------------------------------------------------------------
                                  0.000000    0.000000   clock wr_clk (rise edge)
                                  0.000000    0.000000   clock source latency
     1    0.023866    0.084296    0.058566    0.058566 ^ wr_clk (in)
                                                         wr_clk (net)
                      0.084348    0.000000    0.058566 ^ clkbuf_0_wr_clk/A (sky130_fd_sc_hd__clkbuf_16)
    16    0.103559    0.091422    0.146129    0.204695 ^ clkbuf_0_wr_clk/X (sky130_fd_sc_hd__clkbuf_16)
                                                         clknet_0_wr_clk (net)
                      0.091550    0.002254    0.206949 ^ clkbuf_4_6_0_wr_clk/A (sky130_fd_sc_hd__clkbuf_8)
     9    0.034708    0.055227    0.118520    0.325469 ^ clkbuf_4_6_0_wr_clk/X (sky130_fd_sc_hd__clkbuf_8)
                                                         clknet_4_6_0_wr_clk (net)
                      0.055227    0.000065    0.325534 ^ _728_/CLK (sky130_fd_sc_hd__dfxtp_1)
     2    0.005607    0.047544    0.205169    0.530703 ^ _728_/Q (sky130_fd_sc_hd__dfxtp_1)
                                                         mem[3][0] (net)
                      0.047544    0.000090    0.530794 ^ hold97/A (sky130_fd_sc_hd__dlygate4sd3_1)
     1    0.003235    0.040143    0.377116    0.907910 ^ hold97/X (sky130_fd_sc_hd__dlygate4sd3_1)
                                                         net173 (net)
                      0.040143    0.000041    0.907951 ^ _589_/A1 (sky130_fd_sc_hd__mux2_1)
     1    0.002637    0.027943    0.074481    0.982432 ^ _589_/X (sky130_fd_sc_hd__mux2_1)
                                                         _096_ (net)
                      0.027943    0.000030    0.982462 ^ _728_/D (sky130_fd_sc_hd__dfxtp_1)
                                              0.982462   data arrival time

                                  0.000000    0.000000   clock wr_clk (rise edge)
                                  0.000000    0.000000   clock source latency
     1    0.023866    0.084296    0.058566    0.058566 ^ wr_clk (in)
                                                         wr_clk (net)
                      0.084348    0.000000    0.058566 ^ clkbuf_0_wr_clk/A (sky130_fd_sc_hd__clkbuf_16)
    16    0.103559    0.091422    0.146129    0.204695 ^ clkbuf_0_wr_clk/X (sky130_fd_sc_hd__clkbuf_16)
                                                         clknet_0_wr_clk (net)
                      0.091550    0.002254    0.206949 ^ clkbuf_4_6_0_wr_clk/A (sky130_fd_sc_hd__clkbuf_8)
     9    0.034708    0.055227    0.118520    0.325469 ^ clkbuf_4_6_0_wr_clk/X (sky130_fd_sc_hd__clkbuf_8)
                                                         clknet_4_6_0_wr_clk (net)
                      0.055227    0.000065    0.325534 ^ _728_/CLK (sky130_fd_sc_hd__dfxtp_1)
                                  0.250000    0.575534   clock uncertainty
                                  0.000000    0.575534   clock reconvergence pessimism
                                 -0.016506    0.559028   library hold time
                                              0.559028   data required time
---------------------------------------------------------------------------------------------
                                              0.559028   data required time
                                             -0.982462   data arrival time
---------------------------------------------------------------------------------------------
                                              0.423434   slack (MET)


Startpoint: _726_ (rising edge-triggered flip-flop clocked by wr_clk)
Endpoint: _726_ (rising edge-triggered flip-flop clocked by wr_clk)
Path Group: wr_clk
Path Type: min

Fanout         Cap        Slew       Delay        Time   Description
---------------------------------------------------------------------------------------------
                                  0.000000    0.000000   clock wr_clk (rise edge)
                                  0.000000    0.000000   clock source latency
     1    0.023866    0.084296    0.058566    0.058566 ^ wr_clk (in)
                                                         wr_clk (net)
                      0.084348    0.000000    0.058566 ^ clkbuf_0_wr_clk/A (sky130_fd_sc_hd__clkbuf_16)
    16    0.103559    0.091422    0.146129    0.204695 ^ clkbuf_0_wr_clk/X (sky130_fd_sc_hd__clkbuf_16)
                                                         clknet_0_wr_clk (net)
                      0.091562    0.002410    0.207105 ^ clkbuf_4_5_0_wr_clk/A (sky130_fd_sc_hd__clkbuf_8)
    14    0.040239    0.061867    0.123319    0.330424 ^ clkbuf_4_5_0_wr_clk/X (sky130_fd_sc_hd__clkbuf_8)
                                                         clknet_4_5_0_wr_clk (net)
                      0.061869    0.000470    0.330894 ^ _726_/CLK (sky130_fd_sc_hd__dfxtp_1)
     2    0.005606    0.047532    0.206897    0.537791 ^ _726_/Q (sky130_fd_sc_hd__dfxtp_1)
                                                         mem[2][6] (net)
                      0.047532    0.000075    0.537866 ^ hold37/A (sky130_fd_sc_hd__dlygate4sd3_1)
     1    0.003459    0.041615    0.378551    0.916416 ^ hold37/X (sky130_fd_sc_hd__dlygate4sd3_1)
                                                         net113 (net)
                      0.041615    0.000048    0.916464 ^ _586_/A0 (sky130_fd_sc_hd__mux2_1)
     1    0.002360    0.026213    0.071993    0.988457 ^ _586_/X (sky130_fd_sc_hd__mux2_1)
                                                         _094_ (net)
                      0.026213    0.000023    0.988480 ^ _726_/D (sky130_fd_sc_hd__dfxtp_1)
                                              0.988480   data arrival time

                                  0.000000    0.000000   clock wr_clk (rise edge)
                                  0.000000    0.000000   clock source latency
     1    0.023866    0.084296    0.058566    0.058566 ^ wr_clk (in)
                                                         wr_clk (net)
                      0.084348    0.000000    0.058566 ^ clkbuf_0_wr_clk/A (sky130_fd_sc_hd__clkbuf_16)
    16    0.103559    0.091422    0.146129    0.204695 ^ clkbuf_0_wr_clk/X (sky130_fd_sc_hd__clkbuf_16)
                                                         clknet_0_wr_clk (net)
                      0.091562    0.002410    0.207105 ^ clkbuf_4_5_0_wr_clk/A (sky130_fd_sc_hd__clkbuf_8)
    14    0.040239    0.061867    0.123319    0.330424 ^ clkbuf_4_5_0_wr_clk/X (sky130_fd_sc_hd__clkbuf_8)
                                                         clknet_4_5_0_wr_clk (net)
                      0.061869    0.000470    0.330894 ^ _726_/CLK (sky130_fd_sc_hd__dfxtp_1)
                                  0.250000    0.580894   clock uncertainty
                                  0.000000    0.580894   clock reconvergence pessimism
                                 -0.016226    0.564668   library hold time
                                              0.564668   data required time
---------------------------------------------------------------------------------------------
                                              0.564668   data required time
                                             -0.988480   data arrival time
---------------------------------------------------------------------------------------------
                                              0.423812   slack (MET)


Startpoint: _702_ (rising edge-triggered flip-flop clocked by wr_clk)
Endpoint: _702_ (rising edge-triggered flip-flop clocked by wr_clk)
Path Group: wr_clk
Path Type: min

Fanout         Cap        Slew       Delay        Time   Description
---------------------------------------------------------------------------------------------
                                  0.000000    0.000000   clock wr_clk (rise edge)
                                  0.000000    0.000000   clock source latency
     1    0.023866    0.084296    0.058566    0.058566 ^ wr_clk (in)
                                                         wr_clk (net)
                      0.084348    0.000000    0.058566 ^ clkbuf_0_wr_clk/A (sky130_fd_sc_hd__clkbuf_16)
    16    0.103559    0.091422    0.146129    0.204695 ^ clkbuf_0_wr_clk/X (sky130_fd_sc_hd__clkbuf_16)
                                                         clknet_0_wr_clk (net)
                      0.091562    0.002410    0.207105 ^ clkbuf_4_5_0_wr_clk/A (sky130_fd_sc_hd__clkbuf_8)
    14    0.040239    0.061867    0.123319    0.330424 ^ clkbuf_4_5_0_wr_clk/X (sky130_fd_sc_hd__clkbuf_8)
                                                         clknet_4_5_0_wr_clk (net)
                      0.061881    0.000901    0.331325 ^ _702_/CLK (sky130_fd_sc_hd__dfxtp_1)
     2    0.005824    0.048970    0.207969    0.539294 ^ _702_/Q (sky130_fd_sc_hd__dfxtp_1)
                                                         mem[8][6] (net)
                      0.048970    0.000041    0.539335 ^ hold61/A (sky130_fd_sc_hd__dlygate4sd3_1)
     1    0.003150    0.039589    0.376879    0.916214 ^ hold61/X (sky130_fd_sc_hd__dlygate4sd3_1)
                                                         net137 (net)
                      0.039589    0.000042    0.916256 ^ _558_/A0 (sky130_fd_sc_hd__mux2_1)
     1    0.002664    0.027908    0.073008    0.989265 ^ _558_/X (sky130_fd_sc_hd__mux2_1)
                                                         _070_ (net)
                      0.027908    0.000031    0.989296 ^ _702_/D (sky130_fd_sc_hd__dfxtp_1)
                                              0.989296   data arrival time

                                  0.000000    0.000000   clock wr_clk (rise edge)
                                  0.000000    0.000000   clock source latency
     1    0.023866    0.084296    0.058566    0.058566 ^ wr_clk (in)
                                                         wr_clk (net)
                      0.084348    0.000000    0.058566 ^ clkbuf_0_wr_clk/A (sky130_fd_sc_hd__clkbuf_16)
    16    0.103559    0.091422    0.146129    0.204695 ^ clkbuf_0_wr_clk/X (sky130_fd_sc_hd__clkbuf_16)
                                                         clknet_0_wr_clk (net)
                      0.091562    0.002410    0.207105 ^ clkbuf_4_5_0_wr_clk/A (sky130_fd_sc_hd__clkbuf_8)
    14    0.040239    0.061867    0.123319    0.330424 ^ clkbuf_4_5_0_wr_clk/X (sky130_fd_sc_hd__clkbuf_8)
                                                         clknet_4_5_0_wr_clk (net)
                      0.061881    0.000901    0.331325 ^ _702_/CLK (sky130_fd_sc_hd__dfxtp_1)
                                  0.250000    0.581325   clock uncertainty
                                  0.000000    0.581325   clock reconvergence pessimism
                                 -0.016345    0.564980   library hold time
                                              0.564980   data required time
---------------------------------------------------------------------------------------------
                                              0.564980   data required time
                                             -0.989296   data arrival time
---------------------------------------------------------------------------------------------
                                              0.424316   slack (MET)


Startpoint: _671_ (rising edge-triggered flip-flop clocked by wr_clk)
Endpoint: _671_ (rising edge-triggered flip-flop clocked by wr_clk)
Path Group: wr_clk
Path Type: min

Fanout         Cap        Slew       Delay        Time   Description
---------------------------------------------------------------------------------------------
                                  0.000000    0.000000   clock wr_clk (rise edge)
                                  0.000000    0.000000   clock source latency
     1    0.023866    0.084296    0.058566    0.058566 ^ wr_clk (in)
                                                         wr_clk (net)
                      0.084348    0.000000    0.058566 ^ clkbuf_0_wr_clk/A (sky130_fd_sc_hd__clkbuf_16)
    16    0.103559    0.091422    0.146129    0.204695 ^ clkbuf_0_wr_clk/X (sky130_fd_sc_hd__clkbuf_16)
                                                         clknet_0_wr_clk (net)
                      0.091561    0.002391    0.207086 ^ clkbuf_4_1_0_wr_clk/A (sky130_fd_sc_hd__clkbuf_8)
    14    0.040328    0.062088    0.123577    0.330663 ^ clkbuf_4_1_0_wr_clk/X (sky130_fd_sc_hd__clkbuf_8)
                                                         clknet_4_1_0_wr_clk (net)
                      0.062091    0.000518    0.331181 ^ _671_/CLK (sky130_fd_sc_hd__dfxtp_1)
     2    0.006224    0.051631    0.209939    0.541120 ^ _671_/Q (sky130_fd_sc_hd__dfxtp_1)
                                                         mem[11][7] (net)
                      0.051631    0.000066    0.541186 ^ hold132/A (sky130_fd_sc_hd__dlygate4sd3_1)
     1    0.002669    0.036522    0.374378    0.915564 ^ hold132/X (sky130_fd_sc_hd__dlygate4sd3_1)
                                                         net208 (net)
                      0.036522    0.000025    0.915589 ^ _522_/A1 (sky130_fd_sc_hd__mux2_1)
     1    0.002685    0.028236    0.073717    0.989306 ^ _522_/X (sky130_fd_sc_hd__mux2_1)
                                                         _039_ (net)
                      0.028236    0.000032    0.989338 ^ _671_/D (sky130_fd_sc_hd__dfxtp_1)
                                              0.989338   data arrival time

                                  0.000000    0.000000   clock wr_clk (rise edge)
                                  0.000000    0.000000   clock source latency
     1    0.023866    0.084296    0.058566    0.058566 ^ wr_clk (in)
                                                         wr_clk (net)
                      0.084348    0.000000    0.058566 ^ clkbuf_0_wr_clk/A (sky130_fd_sc_hd__clkbuf_16)
    16    0.103559    0.091422    0.146129    0.204695 ^ clkbuf_0_wr_clk/X (sky130_fd_sc_hd__clkbuf_16)
                                                         clknet_0_wr_clk (net)
                      0.091561    0.002391    0.207086 ^ clkbuf_4_1_0_wr_clk/A (sky130_fd_sc_hd__clkbuf_8)
    14    0.040328    0.062088    0.123577    0.330663 ^ clkbuf_4_1_0_wr_clk/X (sky130_fd_sc_hd__clkbuf_8)
                                                         clknet_4_1_0_wr_clk (net)
                      0.062091    0.000518    0.331181 ^ _671_/CLK (sky130_fd_sc_hd__dfxtp_1)
                                  0.250000    0.581181   clock uncertainty
                                  0.000000    0.581181   clock reconvergence pessimism
                                 -0.016363    0.564817   library hold time
                                              0.564817   data required time
---------------------------------------------------------------------------------------------
                                              0.564817   data required time
                                             -0.989338   data arrival time
---------------------------------------------------------------------------------------------
                                              0.424521   slack (MET)


Startpoint: _758_ (rising edge-triggered flip-flop clocked by wr_clk)
Endpoint: _803_ (rising edge-triggered flip-flop clocked by wr_clk)
Path Group: wr_clk
Path Type: min

Fanout         Cap        Slew       Delay        Time   Description
---------------------------------------------------------------------------------------------
                                  0.000000    0.000000   clock wr_clk (rise edge)
                                  0.000000    0.000000   clock source latency
     1    0.023866    0.084296    0.058566    0.058566 ^ wr_clk (in)
                                                         wr_clk (net)
                      0.084348    0.000000    0.058566 ^ clkbuf_0_wr_clk/A (sky130_fd_sc_hd__clkbuf_16)
    16    0.103559    0.091422    0.146129    0.204695 ^ clkbuf_0_wr_clk/X (sky130_fd_sc_hd__clkbuf_16)
                                                         clknet_0_wr_clk (net)
                      0.091488    0.001187    0.205883 ^ clkbuf_4_13_0_wr_clk/A (sky130_fd_sc_hd__clkbuf_8)
     8    0.041541    0.063558    0.124623    0.330506 ^ clkbuf_4_13_0_wr_clk/X (sky130_fd_sc_hd__clkbuf_8)
                                                         clknet_4_13_0_wr_clk (net)
                      0.063568    0.000788    0.331294 ^ _758_/CLK (sky130_fd_sc_hd__dfrtp_1)
     5    0.018062    0.124814    0.278254    0.609548 ^ _758_/Q (sky130_fd_sc_hd__dfrtp_1)
                                                         wr_bin[1] (net)
                      0.124814    0.000226    0.609774 ^ _306_/A (sky130_fd_sc_hd__inv_2)
     4    0.021039    0.053497    0.054238    0.664013 v _306_/Y (sky130_fd_sc_hd__inv_2)
                                                         _137_ (net)
                      0.053497    0.000163    0.664176 v _493_/A (sky130_fd_sc_hd__nand2_4)
     4    0.042233    0.098002    0.098268    0.762444 ^ _493_/Y (sky130_fd_sc_hd__nand2_4)
                                                         _286_ (net)
                      0.098007    0.000569    0.763013 ^ _623_/A (sky130_fd_sc_hd__nor2_4)
     8    0.069203    0.075801    0.077249    0.840261 v _623_/Y (sky130_fd_sc_hd__nor2_4)
                                                         _304_ (net)
                      0.075928    0.002501    0.842762 v _625_/S (sky130_fd_sc_hd__mux2_1)
     1    0.003338    0.031784    0.143134    0.985897 ^ _625_/X (sky130_fd_sc_hd__mux2_1)
                                                         _129_ (net)
                      0.031784    0.000048    0.985945 ^ _803_/D (sky130_fd_sc_hd__dfxtp_1)
                                              0.985945   data arrival time

                                  0.000000    0.000000   clock wr_clk (rise edge)
                                  0.000000    0.000000   clock source latency
     1    0.023866    0.084296    0.058566    0.058566 ^ wr_clk (in)
                                                         wr_clk (net)
                      0.084348    0.000000    0.058566 ^ clkbuf_0_wr_clk/A (sky130_fd_sc_hd__clkbuf_16)
    16    0.103559    0.091422    0.146129    0.204695 ^ clkbuf_0_wr_clk/X (sky130_fd_sc_hd__clkbuf_16)
                                                         clknet_0_wr_clk (net)
                      0.091478    0.000895    0.205590 ^ clkbuf_4_9_0_wr_clk/A (sky130_fd_sc_hd__clkbuf_8)
    10    0.037676    0.058871    0.121252    0.326843 ^ clkbuf_4_9_0_wr_clk/X (sky130_fd_sc_hd__clkbuf_8)
                                                         clknet_4_9_0_wr_clk (net)
                      0.058873    0.000462    0.327305 ^ _803_/CLK (sky130_fd_sc_hd__dfxtp_1)
                                  0.250000    0.577305   clock uncertainty
                                  0.000000    0.577305   clock reconvergence pessimism
                                 -0.016690    0.560615   library hold time
                                              0.560615   data required time
---------------------------------------------------------------------------------------------
                                              0.560615   data required time
                                             -0.985945   data arrival time
---------------------------------------------------------------------------------------------
                                              0.425330   slack (MET)


Startpoint: _734_ (rising edge-triggered flip-flop clocked by wr_clk)
Endpoint: _734_ (rising edge-triggered flip-flop clocked by wr_clk)
Path Group: wr_clk
Path Type: min

Fanout         Cap        Slew       Delay        Time   Description
---------------------------------------------------------------------------------------------
                                  0.000000    0.000000   clock wr_clk (rise edge)
                                  0.000000    0.000000   clock source latency
     1    0.023866    0.084296    0.058566    0.058566 ^ wr_clk (in)
                                                         wr_clk (net)
                      0.084348    0.000000    0.058566 ^ clkbuf_0_wr_clk/A (sky130_fd_sc_hd__clkbuf_16)
    16    0.103559    0.091422    0.146129    0.204695 ^ clkbuf_0_wr_clk/X (sky130_fd_sc_hd__clkbuf_16)
                                                         clknet_0_wr_clk (net)
                      0.091562    0.002410    0.207105 ^ clkbuf_4_5_0_wr_clk/A (sky130_fd_sc_hd__clkbuf_8)
    14    0.040239    0.061867    0.123319    0.330424 ^ clkbuf_4_5_0_wr_clk/X (sky130_fd_sc_hd__clkbuf_8)
                                                         clknet_4_5_0_wr_clk (net)
                      0.061873    0.000661    0.331085 ^ _734_/CLK (sky130_fd_sc_hd__dfxtp_1)
     2    0.005290    0.045441    0.205398    0.536483 ^ _734_/Q (sky130_fd_sc_hd__dfxtp_1)
                                                         mem[3][6] (net)
                      0.045441    0.000037    0.536519 ^ hold85/A (sky130_fd_sc_hd__dlygate4sd3_1)
     1    0.004016    0.045702    0.381360    0.917879 ^ hold85/X (sky130_fd_sc_hd__dlygate4sd3_1)
                                                         net161 (net)
                      0.045702    0.000059    0.917938 ^ _595_/A1 (sky130_fd_sc_hd__mux2_1)
     1    0.002014    0.024561    0.072838    0.990776 ^ _595_/X (sky130_fd_sc_hd__mux2_1)
                                                         _102_ (net)
                      0.024561    0.000017    0.990793 ^ _734_/D (sky130_fd_sc_hd__dfxtp_1)
                                              0.990793   data arrival time

                                  0.000000    0.000000   clock wr_clk (rise edge)
                                  0.000000    0.000000   clock source latency
     1    0.023866    0.084296    0.058566    0.058566 ^ wr_clk (in)
                                                         wr_clk (net)
                      0.084348    0.000000    0.058566 ^ clkbuf_0_wr_clk/A (sky130_fd_sc_hd__clkbuf_16)
    16    0.103559    0.091422    0.146129    0.204695 ^ clkbuf_0_wr_clk/X (sky130_fd_sc_hd__clkbuf_16)
                                                         clknet_0_wr_clk (net)
                      0.091562    0.002410    0.207105 ^ clkbuf_4_5_0_wr_clk/A (sky130_fd_sc_hd__clkbuf_8)
    14    0.040239    0.061867    0.123319    0.330424 ^ clkbuf_4_5_0_wr_clk/X (sky130_fd_sc_hd__clkbuf_8)
                                                         clknet_4_5_0_wr_clk (net)
                      0.061873    0.000661    0.331085 ^ _734_/CLK (sky130_fd_sc_hd__dfxtp_1)
                                  0.250000    0.581085   clock uncertainty
                                  0.000000    0.581085   clock reconvergence pessimism
                                 -0.016110    0.564976   library hold time
                                              0.564976   data required time
---------------------------------------------------------------------------------------------
                                              0.564976   data required time
                                             -0.990793   data arrival time
---------------------------------------------------------------------------------------------
                                              0.425817   slack (MET)


Startpoint: _729_ (rising edge-triggered flip-flop clocked by wr_clk)
Endpoint: _729_ (rising edge-triggered flip-flop clocked by wr_clk)
Path Group: wr_clk
Path Type: min

Fanout         Cap        Slew       Delay        Time   Description
---------------------------------------------------------------------------------------------
                                  0.000000    0.000000   clock wr_clk (rise edge)
                                  0.000000    0.000000   clock source latency
     1    0.023866    0.084296    0.058566    0.058566 ^ wr_clk (in)
                                                         wr_clk (net)
                      0.084348    0.000000    0.058566 ^ clkbuf_0_wr_clk/A (sky130_fd_sc_hd__clkbuf_16)
    16    0.103559    0.091422    0.146129    0.204695 ^ clkbuf_0_wr_clk/X (sky130_fd_sc_hd__clkbuf_16)
                                                         clknet_0_wr_clk (net)
                      0.091478    0.000895    0.205590 ^ clkbuf_4_9_0_wr_clk/A (sky130_fd_sc_hd__clkbuf_8)
    10    0.037676    0.058871    0.121252    0.326843 ^ clkbuf_4_9_0_wr_clk/X (sky130_fd_sc_hd__clkbuf_8)
                                                         clknet_4_9_0_wr_clk (net)
                      0.058871    0.000111    0.326953 ^ _729_/CLK (sky130_fd_sc_hd__dfxtp_1)
     2    0.005017    0.043642    0.203302    0.530255 ^ _729_/Q (sky130_fd_sc_hd__dfxtp_1)
                                                         mem[3][1] (net)
                      0.043642    0.000027    0.530282 ^ hold124/A (sky130_fd_sc_hd__dlygate4sd3_1)
     1    0.003312    0.040646    0.376774    0.907057 ^ hold124/X (sky130_fd_sc_hd__dlygate4sd3_1)
                                                         net200 (net)
                      0.040646    0.000043    0.907099 ^ _590_/A1 (sky130_fd_sc_hd__mux2_1)
     1    0.003618    0.033524    0.079647    0.986746 ^ _590_/X (sky130_fd_sc_hd__mux2_1)
                                                         _097_ (net)
                      0.033524    0.000050    0.986797 ^ _729_/D (sky130_fd_sc_hd__dfxtp_1)
                                              0.986797   data arrival time

                                  0.000000    0.000000   clock wr_clk (rise edge)
                                  0.000000    0.000000   clock source latency
     1    0.023866    0.084296    0.058566    0.058566 ^ wr_clk (in)
                                                         wr_clk (net)
                      0.084348    0.000000    0.058566 ^ clkbuf_0_wr_clk/A (sky130_fd_sc_hd__clkbuf_16)
    16    0.103559    0.091422    0.146129    0.204695 ^ clkbuf_0_wr_clk/X (sky130_fd_sc_hd__clkbuf_16)
                                                         clknet_0_wr_clk (net)
                      0.091478    0.000895    0.205590 ^ clkbuf_4_9_0_wr_clk/A (sky130_fd_sc_hd__clkbuf_8)
    10    0.037676    0.058871    0.121252    0.326843 ^ clkbuf_4_9_0_wr_clk/X (sky130_fd_sc_hd__clkbuf_8)
                                                         clknet_4_9_0_wr_clk (net)
                      0.058871    0.000111    0.326953 ^ _729_/CLK (sky130_fd_sc_hd__dfxtp_1)
                                  0.250000    0.576953   clock uncertainty
                                  0.000000    0.576953   clock reconvergence pessimism
                                 -0.016813    0.560141   library hold time
                                              0.560141   data required time
---------------------------------------------------------------------------------------------
                                              0.560141   data required time
                                             -0.986797   data arrival time
---------------------------------------------------------------------------------------------
                                              0.426656   slack (MET)


Startpoint: _704_ (rising edge-triggered flip-flop clocked by wr_clk)
Endpoint: _704_ (rising edge-triggered flip-flop clocked by wr_clk)
Path Group: wr_clk
Path Type: min

Fanout         Cap        Slew       Delay        Time   Description
---------------------------------------------------------------------------------------------
                                  0.000000    0.000000   clock wr_clk (rise edge)
                                  0.000000    0.000000   clock source latency
     1    0.023866    0.084296    0.058566    0.058566 ^ wr_clk (in)
                                                         wr_clk (net)
                      0.084348    0.000000    0.058566 ^ clkbuf_0_wr_clk/A (sky130_fd_sc_hd__clkbuf_16)
    16    0.103559    0.091422    0.146129    0.204695 ^ clkbuf_0_wr_clk/X (sky130_fd_sc_hd__clkbuf_16)
                                                         clknet_0_wr_clk (net)
                      0.091550    0.002254    0.206949 ^ clkbuf_4_6_0_wr_clk/A (sky130_fd_sc_hd__clkbuf_8)
     9    0.034708    0.055227    0.118520    0.325469 ^ clkbuf_4_6_0_wr_clk/X (sky130_fd_sc_hd__clkbuf_8)
                                                         clknet_4_6_0_wr_clk (net)
                      0.055233    0.000576    0.326046 ^ _704_/CLK (sky130_fd_sc_hd__dfxtp_1)
     2    0.006020    0.050285    0.207174    0.533220 ^ _704_/Q (sky130_fd_sc_hd__dfxtp_1)
                                                         mem[7][0] (net)
                      0.050285    0.000073    0.533293 ^ hold104/A (sky130_fd_sc_hd__dlygate4sd3_1)
     1    0.003825    0.044472    0.381357    0.914650 ^ hold104/X (sky130_fd_sc_hd__dlygate4sd3_1)
                                                         net180 (net)
                      0.044472    0.000043    0.914694 ^ _562_/A1 (sky130_fd_sc_hd__mux2_1)
     1    0.002081    0.024918    0.072835    0.987529 ^ _562_/X (sky130_fd_sc_hd__mux2_1)
                                                         _072_ (net)
                      0.024918    0.000018    0.987547 ^ _704_/D (sky130_fd_sc_hd__dfxtp_1)
                                              0.987547   data arrival time

                                  0.000000    0.000000   clock wr_clk (rise edge)
                                  0.000000    0.000000   clock source latency
     1    0.023866    0.084296    0.058566    0.058566 ^ wr_clk (in)
                                                         wr_clk (net)
                      0.084348    0.000000    0.058566 ^ clkbuf_0_wr_clk/A (sky130_fd_sc_hd__clkbuf_16)
    16    0.103559    0.091422    0.146129    0.204695 ^ clkbuf_0_wr_clk/X (sky130_fd_sc_hd__clkbuf_16)
                                                         clknet_0_wr_clk (net)
                      0.091550    0.002254    0.206949 ^ clkbuf_4_6_0_wr_clk/A (sky130_fd_sc_hd__clkbuf_8)
     9    0.034708    0.055227    0.118520    0.325469 ^ clkbuf_4_6_0_wr_clk/X (sky130_fd_sc_hd__clkbuf_8)
                                                         clknet_4_6_0_wr_clk (net)
                      0.055233    0.000576    0.326046 ^ _704_/CLK (sky130_fd_sc_hd__dfxtp_1)
                                  0.250000    0.576046   clock uncertainty
                                  0.000000    0.576046   clock reconvergence pessimism
                                 -0.016293    0.559753   library hold time
                                              0.559753   data required time
---------------------------------------------------------------------------------------------
                                              0.559753   data required time
                                             -0.987547   data arrival time
---------------------------------------------------------------------------------------------
                                              0.427794   slack (MET)


Startpoint: _762_ (rising edge-triggered flip-flop clocked by wr_clk)
Endpoint: _762_ (rising edge-triggered flip-flop clocked by wr_clk)
Path Group: wr_clk
Path Type: min

Fanout         Cap        Slew       Delay        Time   Description
---------------------------------------------------------------------------------------------
                                  0.000000    0.000000   clock wr_clk (rise edge)
                                  0.000000    0.000000   clock source latency
     1    0.023866    0.084296    0.058566    0.058566 ^ wr_clk (in)
                                                         wr_clk (net)
                      0.084348    0.000000    0.058566 ^ clkbuf_0_wr_clk/A (sky130_fd_sc_hd__clkbuf_16)
    16    0.103559    0.091422    0.146129    0.204695 ^ clkbuf_0_wr_clk/X (sky130_fd_sc_hd__clkbuf_16)
                                                         clknet_0_wr_clk (net)
                      0.091550    0.002254    0.206949 ^ clkbuf_4_6_0_wr_clk/A (sky130_fd_sc_hd__clkbuf_8)
     9    0.034708    0.055227    0.118520    0.325469 ^ clkbuf_4_6_0_wr_clk/X (sky130_fd_sc_hd__clkbuf_8)
                                                         clknet_4_6_0_wr_clk (net)
                      0.055229    0.000399    0.325868 ^ _762_/CLK (sky130_fd_sc_hd__dfxtp_1)
     2    0.006408    0.052858    0.209024    0.534893 ^ _762_/Q (sky130_fd_sc_hd__dfxtp_1)
                                                         mem[4][0] (net)
                      0.052858    0.000084    0.534977 ^ hold127/A (sky130_fd_sc_hd__dlygate4sd3_1)
     1    0.002787    0.037257    0.375394    0.910371 ^ hold127/X (sky130_fd_sc_hd__dlygate4sd3_1)
                                                         net203 (net)
                      0.037257    0.000043    0.910414 ^ _607_/A0 (sky130_fd_sc_hd__mux2_1)
     1    0.003528    0.032881    0.076867    0.987280 ^ _607_/X (sky130_fd_sc_hd__mux2_1)
                                                         _112_ (net)
                      0.032881    0.000056    0.987336 ^ _762_/D (sky130_fd_sc_hd__dfxtp_1)
                                              0.987336   data arrival time

                                  0.000000    0.000000   clock wr_clk (rise edge)
                                  0.000000    0.000000   clock source latency
     1    0.023866    0.084296    0.058566    0.058566 ^ wr_clk (in)
                                                         wr_clk (net)
                      0.084348    0.000000    0.058566 ^ clkbuf_0_wr_clk/A (sky130_fd_sc_hd__clkbuf_16)
    16    0.103559    0.091422    0.146129    0.204695 ^ clkbuf_0_wr_clk/X (sky130_fd_sc_hd__clkbuf_16)
                                                         clknet_0_wr_clk (net)
                      0.091550    0.002254    0.206949 ^ clkbuf_4_6_0_wr_clk/A (sky130_fd_sc_hd__clkbuf_8)
     9    0.034708    0.055227    0.118520    0.325469 ^ clkbuf_4_6_0_wr_clk/X (sky130_fd_sc_hd__clkbuf_8)
                                                         clknet_4_6_0_wr_clk (net)
                      0.055229    0.000399    0.325868 ^ _762_/CLK (sky130_fd_sc_hd__dfxtp_1)
                                  0.250000    0.575868   clock uncertainty
                                  0.000000    0.575868   clock reconvergence pessimism
                                 -0.016854    0.559014   library hold time
                                              0.559014   data required time
---------------------------------------------------------------------------------------------
                                              0.559014   data required time
                                             -0.987336   data arrival time
---------------------------------------------------------------------------------------------
                                              0.428322   slack (MET)


Startpoint: _757_ (rising edge-triggered flip-flop clocked by wr_clk)
Endpoint: _646_ (rising edge-triggered flip-flop clocked by wr_clk)
Path Group: wr_clk
Path Type: min

Fanout         Cap        Slew       Delay        Time   Description
---------------------------------------------------------------------------------------------
                                  0.000000    0.000000   clock wr_clk (rise edge)
                                  0.000000    0.000000   clock source latency
     1    0.023866    0.084296    0.058566    0.058566 ^ wr_clk (in)
                                                         wr_clk (net)
                      0.084348    0.000000    0.058566 ^ clkbuf_0_wr_clk/A (sky130_fd_sc_hd__clkbuf_16)
    16    0.103559    0.091422    0.146129    0.204695 ^ clkbuf_0_wr_clk/X (sky130_fd_sc_hd__clkbuf_16)
                                                         clknet_0_wr_clk (net)
                      0.091488    0.001187    0.205883 ^ clkbuf_4_13_0_wr_clk/A (sky130_fd_sc_hd__clkbuf_8)
     8    0.041541    0.063558    0.124623    0.330506 ^ clkbuf_4_13_0_wr_clk/X (sky130_fd_sc_hd__clkbuf_8)
                                                         clknet_4_13_0_wr_clk (net)
                      0.063566    0.000750    0.331256 ^ _757_/CLK (sky130_fd_sc_hd__dfrtp_1)
     6    0.019847    0.136125    0.286386    0.617641 ^ _757_/Q (sky130_fd_sc_hd__dfrtp_1)
                                                         wr_bin[0] (net)
                      0.136125    0.000177    0.617818 ^ _483_/B (sky130_fd_sc_hd__or3b_4)
     4    0.043149    0.114451    0.163020    0.780838 ^ _483_/X (sky130_fd_sc_hd__or3b_4)
                                                         _284_ (net)
                      0.114451    0.000452    0.781290 ^ _484_/B (sky130_fd_sc_hd__nor2_4)
     8    0.061647    0.069983    0.070978    0.852268 v _484_/Y (sky130_fd_sc_hd__nor2_4)
                                                         _285_ (net)
                      0.070220    0.003261    0.855529 v _491_/S (sky130_fd_sc_hd__mux2_1)
     1    0.002862    0.029038    0.138335    0.993864 ^ _491_/X (sky130_fd_sc_hd__mux2_1)
                                                         _014_ (net)
                      0.029038    0.000037    0.993901 ^ _646_/D (sky130_fd_sc_hd__dfxtp_1)
                                              0.993901   data arrival time

                                  0.000000    0.000000   clock wr_clk (rise edge)
                                  0.000000    0.000000   clock source latency
     1    0.023866    0.084296    0.058566    0.058566 ^ wr_clk (in)
                                                         wr_clk (net)
                      0.084348    0.000000    0.058566 ^ clkbuf_0_wr_clk/A (sky130_fd_sc_hd__clkbuf_16)
    16    0.103559    0.091422    0.146129    0.204695 ^ clkbuf_0_wr_clk/X (sky130_fd_sc_hd__clkbuf_16)
                                                         clknet_0_wr_clk (net)
                      0.091562    0.002410    0.207105 ^ clkbuf_4_5_0_wr_clk/A (sky130_fd_sc_hd__clkbuf_8)
    14    0.040239    0.061867    0.123319    0.330424 ^ clkbuf_4_5_0_wr_clk/X (sky130_fd_sc_hd__clkbuf_8)
                                                         clknet_4_5_0_wr_clk (net)
                      0.061875    0.000731    0.331155 ^ _646_/CLK (sky130_fd_sc_hd__dfxtp_1)
                                  0.250000    0.581155   clock uncertainty
                                  0.000000    0.581155   clock reconvergence pessimism
                                 -0.016425    0.564730   library hold time
                                              0.564730   data required time
---------------------------------------------------------------------------------------------
                                              0.564730   data required time
                                             -0.993901   data arrival time
---------------------------------------------------------------------------------------------
                                              0.429170   slack (MET)


Startpoint: _685_ (rising edge-triggered flip-flop clocked by wr_clk)
Endpoint: _685_ (rising edge-triggered flip-flop clocked by wr_clk)
Path Group: wr_clk
Path Type: min

Fanout         Cap        Slew       Delay        Time   Description
---------------------------------------------------------------------------------------------
                                  0.000000    0.000000   clock wr_clk (rise edge)
                                  0.000000    0.000000   clock source latency
     1    0.023866    0.084296    0.058566    0.058566 ^ wr_clk (in)
                                                         wr_clk (net)
                      0.084348    0.000000    0.058566 ^ clkbuf_0_wr_clk/A (sky130_fd_sc_hd__clkbuf_16)
    16    0.103559    0.091422    0.146129    0.204695 ^ clkbuf_0_wr_clk/X (sky130_fd_sc_hd__clkbuf_16)
                                                         clknet_0_wr_clk (net)
                      0.091558    0.002356    0.207051 ^ clkbuf_4_0_0_wr_clk/A (sky130_fd_sc_hd__clkbuf_8)
    14    0.040703    0.062407    0.123583    0.330634 ^ clkbuf_4_0_0_wr_clk/X (sky130_fd_sc_hd__clkbuf_8)
                                                         clknet_4_0_0_wr_clk (net)
                      0.062441    0.001353    0.331987 ^ _685_/CLK (sky130_fd_sc_hd__dfxtp_1)
     2    0.005870    0.049281    0.208328    0.540316 ^ _685_/Q (sky130_fd_sc_hd__dfxtp_1)
                                                         mem[10][5] (net)
                      0.049281    0.000069    0.540384 ^ hold71/A (sky130_fd_sc_hd__dlygate4sd3_1)
     1    0.003754    0.044020    0.380754    0.921138 ^ hold71/X (sky130_fd_sc_hd__dlygate4sd3_1)
                                                         net147 (net)
                      0.044020    0.000054    0.921192 ^ _539_/A0 (sky130_fd_sc_hd__mux2_1)
     1    0.002555    0.027292    0.073680    0.994871 ^ _539_/X (sky130_fd_sc_hd__mux2_1)
                                                         _053_ (net)
                      0.027292    0.000027    0.994898 ^ _685_/D (sky130_fd_sc_hd__dfxtp_1)
                                              0.994898   data arrival time

                                  0.000000    0.000000   clock wr_clk (rise edge)
                                  0.000000    0.000000   clock source latency
     1    0.023866    0.084296    0.058566    0.058566 ^ wr_clk (in)
                                                         wr_clk (net)
                      0.084348    0.000000    0.058566 ^ clkbuf_0_wr_clk/A (sky130_fd_sc_hd__clkbuf_16)
    16    0.103559    0.091422    0.146129    0.204695 ^ clkbuf_0_wr_clk/X (sky130_fd_sc_hd__clkbuf_16)
                                                         clknet_0_wr_clk (net)
                      0.091558    0.002356    0.207051 ^ clkbuf_4_0_0_wr_clk/A (sky130_fd_sc_hd__clkbuf_8)
    14    0.040703    0.062407    0.123583    0.330634 ^ clkbuf_4_0_0_wr_clk/X (sky130_fd_sc_hd__clkbuf_8)
                                                         clknet_4_0_0_wr_clk (net)
                      0.062441    0.001353    0.331987 ^ _685_/CLK (sky130_fd_sc_hd__dfxtp_1)
                                  0.250000    0.581987   clock uncertainty
                                  0.000000    0.581987   clock reconvergence pessimism
                                 -0.016288    0.565699   library hold time
                                              0.565699   data required time
---------------------------------------------------------------------------------------------
                                              0.565699   data required time
                                             -0.994898   data arrival time
---------------------------------------------------------------------------------------------
                                              0.429199   slack (MET)


Startpoint: _732_ (rising edge-triggered flip-flop clocked by wr_clk)
Endpoint: _732_ (rising edge-triggered flip-flop clocked by wr_clk)
Path Group: wr_clk
Path Type: min

Fanout         Cap        Slew       Delay        Time   Description
---------------------------------------------------------------------------------------------
                                  0.000000    0.000000   clock wr_clk (rise edge)
                                  0.000000    0.000000   clock source latency
     1    0.023866    0.084296    0.058566    0.058566 ^ wr_clk (in)
                                                         wr_clk (net)
                      0.084348    0.000000    0.058566 ^ clkbuf_0_wr_clk/A (sky130_fd_sc_hd__clkbuf_16)
    16    0.103559    0.091422    0.146129    0.204695 ^ clkbuf_0_wr_clk/X (sky130_fd_sc_hd__clkbuf_16)
                                                         clknet_0_wr_clk (net)
                      0.091476    0.000811    0.205506 ^ clkbuf_4_10_0_wr_clk/A (sky130_fd_sc_hd__clkbuf_8)
    13    0.041068    0.062866    0.124097    0.329603 ^ clkbuf_4_10_0_wr_clk/X (sky130_fd_sc_hd__clkbuf_8)
                                                         clknet_4_10_0_wr_clk (net)
                      0.062878    0.000896    0.330499 ^ _732_/CLK (sky130_fd_sc_hd__dfxtp_1)
     2    0.006503    0.053481    0.211478    0.541977 ^ _732_/Q (sky130_fd_sc_hd__dfxtp_1)
                                                         mem[3][4] (net)
                      0.053481    0.000095    0.542072 ^ hold114/A (sky130_fd_sc_hd__dlygate4sd3_1)
     1    0.003552    0.042226    0.380395    0.922467 ^ hold114/X (sky130_fd_sc_hd__dlygate4sd3_1)
                                                         net190 (net)
                      0.042226    0.000045    0.922512 ^ _593_/A1 (sky130_fd_sc_hd__mux2_1)
     1    0.002472    0.027033    0.074218    0.996730 ^ _593_/X (sky130_fd_sc_hd__mux2_1)
                                                         _100_ (net)
                      0.027033    0.000025    0.996755 ^ _732_/D (sky130_fd_sc_hd__dfxtp_1)
                                              0.996755   data arrival time

                                  0.000000    0.000000   clock wr_clk (rise edge)
                                  0.000000    0.000000   clock source latency
     1    0.023866    0.084296    0.058566    0.058566 ^ wr_clk (in)
                                                         wr_clk (net)
                      0.084348    0.000000    0.058566 ^ clkbuf_0_wr_clk/A (sky130_fd_sc_hd__clkbuf_16)
    16    0.103559    0.091422    0.146129    0.204695 ^ clkbuf_0_wr_clk/X (sky130_fd_sc_hd__clkbuf_16)
                                                         clknet_0_wr_clk (net)
                      0.091476    0.000811    0.205506 ^ clkbuf_4_10_0_wr_clk/A (sky130_fd_sc_hd__clkbuf_8)
    13    0.041068    0.062866    0.124097    0.329603 ^ clkbuf_4_10_0_wr_clk/X (sky130_fd_sc_hd__clkbuf_8)
                                                         clknet_4_10_0_wr_clk (net)
                      0.062878    0.000896    0.330499 ^ _732_/CLK (sky130_fd_sc_hd__dfxtp_1)
                                  0.250000    0.580499   clock uncertainty
                                  0.000000    0.580499   clock reconvergence pessimism
                                 -0.016260    0.564239   library hold time
                                              0.564239   data required time
---------------------------------------------------------------------------------------------
                                              0.564239   data required time
                                             -0.996755   data arrival time
---------------------------------------------------------------------------------------------
                                              0.432515   slack (MET)


Startpoint: arst_n (input port clocked by wr_clk)
Endpoint: _789_ (removal check against rising-edge clock wr_clk)
Path Group: asynchronous
Path Type: min

Fanout         Cap        Slew       Delay        Time   Description
---------------------------------------------------------------------------------------------
                                  0.000000    0.000000   clock wr_clk (rise edge)
                                  0.000000    0.000000   clock network delay (propagated)
                                  2.000000    2.000000 ^ input external delay
     1    0.002832    0.014032    0.007305    2.007305 ^ arst_n (in)
                                                         arst_n (net)
                      0.014032    0.000000    2.007305 ^ input11/A (sky130_fd_sc_hd__clkbuf_1)
     1    0.002321    0.028231    0.044913    2.052218 ^ input11/X (sky130_fd_sc_hd__clkbuf_1)
                                                         net11 (net)
                      0.028231    0.000021    2.052239 ^ fanout76/A (sky130_fd_sc_hd__buf_2)
     5    0.037384    0.139440    0.143608    2.195846 ^ fanout76/X (sky130_fd_sc_hd__buf_2)
                                                         net76 (net)
                      0.139440    0.000067    2.195913 ^ fanout71/A (sky130_fd_sc_hd__buf_2)
     8    0.038430    0.142846    0.171770    2.367683 ^ fanout71/X (sky130_fd_sc_hd__buf_2)
                                                         net71 (net)
                      0.142898    0.000914    2.368597 ^ _789_/RESET_B (sky130_fd_sc_hd__dfrtp_1)
                                              2.368597   data arrival time

                                  0.000000    0.000000   clock wr_clk (rise edge)
                                  0.000000    0.000000   clock source latency
     1    0.023866    0.084296    0.058566    0.058566 ^ wr_clk (in)
                                                         wr_clk (net)
                      0.084348    0.000000    0.058566 ^ clkbuf_0_wr_clk/A (sky130_fd_sc_hd__clkbuf_16)
    16    0.103559    0.091422    0.146129    0.204695 ^ clkbuf_0_wr_clk/X (sky130_fd_sc_hd__clkbuf_16)
                                                         clknet_0_wr_clk (net)
                      0.091477    0.000841    0.205536 ^ clkbuf_4_11_0_wr_clk/A (sky130_fd_sc_hd__clkbuf_8)
     8    0.037940    0.059193    0.121489    0.327025 ^ clkbuf_4_11_0_wr_clk/X (sky130_fd_sc_hd__clkbuf_8)
                                                         clknet_4_11_0_wr_clk (net)
                      0.059193    0.000293    0.327318 ^ _789_/CLK (sky130_fd_sc_hd__dfrtp_1)
                                  0.250000    0.577318   clock uncertainty
                                  0.000000    0.577318   clock reconvergence pessimism
                                  0.230069    0.807386   library removal time
                                              0.807386   data required time
---------------------------------------------------------------------------------------------
                                              0.807386   data required time
                                             -2.368597   data arrival time
---------------------------------------------------------------------------------------------
                                              1.561211   slack (MET)


Startpoint: arst_n (input port clocked by wr_clk)
Endpoint: _784_ (removal check against rising-edge clock wr_clk)
Path Group: asynchronous
Path Type: min

Fanout         Cap        Slew       Delay        Time   Description
---------------------------------------------------------------------------------------------
                                  0.000000    0.000000   clock wr_clk (rise edge)
                                  0.000000    0.000000   clock network delay (propagated)
                                  2.000000    2.000000 ^ input external delay
     1    0.002832    0.014032    0.007305    2.007305 ^ arst_n (in)
                                                         arst_n (net)
                      0.014032    0.000000    2.007305 ^ input11/A (sky130_fd_sc_hd__clkbuf_1)
     1    0.002321    0.028231    0.044913    2.052218 ^ input11/X (sky130_fd_sc_hd__clkbuf_1)
                                                         net11 (net)
                      0.028231    0.000021    2.052239 ^ fanout76/A (sky130_fd_sc_hd__buf_2)
     5    0.037384    0.139440    0.143608    2.195846 ^ fanout76/X (sky130_fd_sc_hd__buf_2)
                                                         net76 (net)
                      0.139440    0.000067    2.195913 ^ fanout71/A (sky130_fd_sc_hd__buf_2)
     8    0.038430    0.142846    0.171770    2.367683 ^ fanout71/X (sky130_fd_sc_hd__buf_2)
                                                         net71 (net)
                      0.142898    0.000909    2.368592 ^ _784_/RESET_B (sky130_fd_sc_hd__dfrtp_1)
                                              2.368592   data arrival time

                                  0.000000    0.000000   clock wr_clk (rise edge)
                                  0.000000    0.000000   clock source latency
     1    0.023866    0.084296    0.058566    0.058566 ^ wr_clk (in)
                                                         wr_clk (net)
                      0.084348    0.000000    0.058566 ^ clkbuf_0_wr_clk/A (sky130_fd_sc_hd__clkbuf_16)
    16    0.103559    0.091422    0.146129    0.204695 ^ clkbuf_0_wr_clk/X (sky130_fd_sc_hd__clkbuf_16)
                                                         clknet_0_wr_clk (net)
                      0.091477    0.000841    0.205536 ^ clkbuf_4_11_0_wr_clk/A (sky130_fd_sc_hd__clkbuf_8)
     8    0.037940    0.059193    0.121489    0.327025 ^ clkbuf_4_11_0_wr_clk/X (sky130_fd_sc_hd__clkbuf_8)
                                                         clknet_4_11_0_wr_clk (net)
                      0.059193    0.000246    0.327271 ^ _784_/CLK (sky130_fd_sc_hd__dfrtp_1)
                                  0.250000    0.577270   clock uncertainty
                                  0.000000    0.577270   clock reconvergence pessimism
                                  0.230069    0.807339   library removal time
                                              0.807339   data required time
---------------------------------------------------------------------------------------------
                                              0.807339   data required time
                                             -2.368592   data arrival time
---------------------------------------------------------------------------------------------
                                              1.561253   slack (MET)


Startpoint: arst_n (input port clocked by wr_clk)
Endpoint: _757_ (removal check against rising-edge clock wr_clk)
Path Group: asynchronous
Path Type: min

Fanout         Cap        Slew       Delay        Time   Description
---------------------------------------------------------------------------------------------
                                  0.000000    0.000000   clock wr_clk (rise edge)
                                  0.000000    0.000000   clock network delay (propagated)
                                  2.000000    2.000000 ^ input external delay
     1    0.002832    0.014032    0.007305    2.007305 ^ arst_n (in)
                                                         arst_n (net)
                      0.014032    0.000000    2.007305 ^ input11/A (sky130_fd_sc_hd__clkbuf_1)
     1    0.002321    0.028231    0.044913    2.052218 ^ input11/X (sky130_fd_sc_hd__clkbuf_1)
                                                         net11 (net)
                      0.028231    0.000021    2.052239 ^ fanout76/A (sky130_fd_sc_hd__buf_2)
     5    0.037384    0.139440    0.143608    2.195846 ^ fanout76/X (sky130_fd_sc_hd__buf_2)
                                                         net76 (net)
                      0.139441    0.000350    2.196196 ^ fanout75/A (sky130_fd_sc_hd__buf_2)
     6    0.043568    0.161145    0.183045    2.379241 ^ fanout75/X (sky130_fd_sc_hd__buf_2)
                                                         net75 (net)
                      0.161204    0.002578    2.381819 ^ _757_/RESET_B (sky130_fd_sc_hd__dfrtp_1)
                                              2.381819   data arrival time

                                  0.000000    0.000000   clock wr_clk (rise edge)
                                  0.000000    0.000000   clock source latency
     1    0.023866    0.084296    0.058566    0.058566 ^ wr_clk (in)
                                                         wr_clk (net)
                      0.084348    0.000000    0.058566 ^ clkbuf_0_wr_clk/A (sky130_fd_sc_hd__clkbuf_16)
    16    0.103559    0.091422    0.146129    0.204695 ^ clkbuf_0_wr_clk/X (sky130_fd_sc_hd__clkbuf_16)
                                                         clknet_0_wr_clk (net)
                      0.091488    0.001187    0.205883 ^ clkbuf_4_13_0_wr_clk/A (sky130_fd_sc_hd__clkbuf_8)
     8    0.041541    0.063558    0.124623    0.330506 ^ clkbuf_4_13_0_wr_clk/X (sky130_fd_sc_hd__clkbuf_8)
                                                         clknet_4_13_0_wr_clk (net)
                      0.063566    0.000750    0.331256 ^ _757_/CLK (sky130_fd_sc_hd__dfrtp_1)
                                  0.250000    0.581256   clock uncertainty
                                  0.000000    0.581256   clock reconvergence pessimism
                                  0.235416    0.816671   library removal time
                                              0.816671   data required time
---------------------------------------------------------------------------------------------
                                              0.816671   data required time
                                             -2.381819   data arrival time
---------------------------------------------------------------------------------------------
                                              1.565148   slack (MET)


Startpoint: arst_n (input port clocked by wr_clk)
Endpoint: _758_ (removal check against rising-edge clock wr_clk)
Path Group: asynchronous
Path Type: min

Fanout         Cap        Slew       Delay        Time   Description
---------------------------------------------------------------------------------------------
                                  0.000000    0.000000   clock wr_clk (rise edge)
                                  0.000000    0.000000   clock network delay (propagated)
                                  2.000000    2.000000 ^ input external delay
     1    0.002832    0.014032    0.007305    2.007305 ^ arst_n (in)
                                                         arst_n (net)
                      0.014032    0.000000    2.007305 ^ input11/A (sky130_fd_sc_hd__clkbuf_1)
     1    0.002321    0.028231    0.044913    2.052218 ^ input11/X (sky130_fd_sc_hd__clkbuf_1)
                                                         net11 (net)
                      0.028231    0.000021    2.052239 ^ fanout76/A (sky130_fd_sc_hd__buf_2)
     5    0.037384    0.139440    0.143608    2.195846 ^ fanout76/X (sky130_fd_sc_hd__buf_2)
                                                         net76 (net)
                      0.139441    0.000350    2.196196 ^ fanout75/A (sky130_fd_sc_hd__buf_2)
     6    0.043568    0.161145    0.183045    2.379241 ^ fanout75/X (sky130_fd_sc_hd__buf_2)
                                                         net75 (net)
                      0.161209    0.002673    2.381914 ^ _758_/RESET_B (sky130_fd_sc_hd__dfrtp_1)
                                              2.381914   data arrival time

                                  0.000000    0.000000   clock wr_clk (rise edge)
                                  0.000000    0.000000   clock source latency
     1    0.023866    0.084296    0.058566    0.058566 ^ wr_clk (in)
                                                         wr_clk (net)
                      0.084348    0.000000    0.058566 ^ clkbuf_0_wr_clk/A (sky130_fd_sc_hd__clkbuf_16)
    16    0.103559    0.091422    0.146129    0.204695 ^ clkbuf_0_wr_clk/X (sky130_fd_sc_hd__clkbuf_16)
                                                         clknet_0_wr_clk (net)
                      0.091488    0.001187    0.205883 ^ clkbuf_4_13_0_wr_clk/A (sky130_fd_sc_hd__clkbuf_8)
     8    0.041541    0.063558    0.124623    0.330506 ^ clkbuf_4_13_0_wr_clk/X (sky130_fd_sc_hd__clkbuf_8)
                                                         clknet_4_13_0_wr_clk (net)
                      0.063568    0.000788    0.331294 ^ _758_/CLK (sky130_fd_sc_hd__dfrtp_1)
                                  0.250000    0.581294   clock uncertainty
                                  0.000000    0.581294   clock reconvergence pessimism
                                  0.235417    0.816711   library removal time
                                              0.816711   data required time
---------------------------------------------------------------------------------------------
                                              0.816711   data required time
                                             -2.381914   data arrival time
---------------------------------------------------------------------------------------------
                                              1.565203   slack (MET)


Startpoint: arst_n (input port clocked by wr_clk)
Endpoint: _755_ (removal check against rising-edge clock wr_clk)
Path Group: asynchronous
Path Type: min

Fanout         Cap        Slew       Delay        Time   Description
---------------------------------------------------------------------------------------------
                                  0.000000    0.000000   clock wr_clk (rise edge)
                                  0.000000    0.000000   clock network delay (propagated)
                                  2.000000    2.000000 ^ input external delay
     1    0.002832    0.014032    0.007305    2.007305 ^ arst_n (in)
                                                         arst_n (net)
                      0.014032    0.000000    2.007305 ^ input11/A (sky130_fd_sc_hd__clkbuf_1)
     1    0.002321    0.028231    0.044913    2.052218 ^ input11/X (sky130_fd_sc_hd__clkbuf_1)
                                                         net11 (net)
                      0.028231    0.000021    2.052239 ^ fanout76/A (sky130_fd_sc_hd__buf_2)
     5    0.037384    0.139440    0.143608    2.195846 ^ fanout76/X (sky130_fd_sc_hd__buf_2)
                                                         net76 (net)
                      0.139441    0.000350    2.196196 ^ fanout75/A (sky130_fd_sc_hd__buf_2)
     6    0.043568    0.161145    0.183045    2.379241 ^ fanout75/X (sky130_fd_sc_hd__buf_2)
                                                         net75 (net)
                      0.161145    0.000191    2.379432 ^ fanout74/A (sky130_fd_sc_hd__buf_2)
     7    0.037725    0.140486    0.172103    2.551536 ^ fanout74/X (sky130_fd_sc_hd__buf_2)
                                                         net74 (net)
                      0.140550    0.001375    2.552911 ^ _755_/RESET_B (sky130_fd_sc_hd__dfrtp_1)
                                              2.552911   data arrival time

                                  0.000000    0.000000   clock wr_clk (rise edge)
                                  0.000000    0.000000   clock source latency
     1    0.023866    0.084296    0.058566    0.058566 ^ wr_clk (in)
                                                         wr_clk (net)
                      0.084348    0.000000    0.058566 ^ clkbuf_0_wr_clk/A (sky130_fd_sc_hd__clkbuf_16)
    16    0.103559    0.091422    0.146129    0.204695 ^ clkbuf_0_wr_clk/X (sky130_fd_sc_hd__clkbuf_16)
                                                         clknet_0_wr_clk (net)
                      0.091488    0.001187    0.205883 ^ clkbuf_4_13_0_wr_clk/A (sky130_fd_sc_hd__clkbuf_8)
     8    0.041541    0.063558    0.124623    0.330506 ^ clkbuf_4_13_0_wr_clk/X (sky130_fd_sc_hd__clkbuf_8)
                                                         clknet_4_13_0_wr_clk (net)
                      0.063566    0.000744    0.331249 ^ _755_/CLK (sky130_fd_sc_hd__dfrtp_1)
                                  0.250000    0.581249   clock uncertainty
                                  0.000000    0.581249   clock reconvergence pessimism
                                  0.230055    0.811304   library removal time
                                              0.811304   data required time
---------------------------------------------------------------------------------------------
                                              0.811304   data required time
                                             -2.552911   data arrival time
---------------------------------------------------------------------------------------------
                                              1.741606   slack (MET)


Startpoint: arst_n (input port clocked by wr_clk)
Endpoint: _785_ (removal check against rising-edge clock wr_clk)
Path Group: asynchronous
Path Type: min

Fanout         Cap        Slew       Delay        Time   Description
---------------------------------------------------------------------------------------------
                                  0.000000    0.000000   clock wr_clk (rise edge)
                                  0.000000    0.000000   clock network delay (propagated)
                                  2.000000    2.000000 ^ input external delay
     1    0.002832    0.014032    0.007305    2.007305 ^ arst_n (in)
                                                         arst_n (net)
                      0.014032    0.000000    2.007305 ^ input11/A (sky130_fd_sc_hd__clkbuf_1)
     1    0.002321    0.028231    0.044913    2.052218 ^ input11/X (sky130_fd_sc_hd__clkbuf_1)
                                                         net11 (net)
                      0.028231    0.000021    2.052239 ^ fanout76/A (sky130_fd_sc_hd__buf_2)
     5    0.037384    0.139440    0.143608    2.195846 ^ fanout76/X (sky130_fd_sc_hd__buf_2)
                                                         net76 (net)
                      0.139440    0.000067    2.195913 ^ fanout71/A (sky130_fd_sc_hd__buf_2)
     8    0.038430    0.142846    0.171770    2.367683 ^ fanout71/X (sky130_fd_sc_hd__buf_2)
                                                         net71 (net)
                      0.142891    0.000421    2.368104 ^ fanout70/A (sky130_fd_sc_hd__clkbuf_4)
    10    0.046820    0.111698    0.173968    2.542072 ^ fanout70/X (sky130_fd_sc_hd__clkbuf_4)
                                                         net70 (net)
                      0.111722    0.001597    2.543669 ^ _785_/RESET_B (sky130_fd_sc_hd__dfrtp_1)
                                              2.543669   data arrival time

                                  0.000000    0.000000   clock wr_clk (rise edge)
                                  0.000000    0.000000   clock source latency
     1    0.023866    0.084296    0.058566    0.058566 ^ wr_clk (in)
                                                         wr_clk (net)
                      0.084348    0.000000    0.058566 ^ clkbuf_0_wr_clk/A (sky130_fd_sc_hd__clkbuf_16)
    16    0.103559    0.091422    0.146129    0.204695 ^ clkbuf_0_wr_clk/X (sky130_fd_sc_hd__clkbuf_16)
                                                         clknet_0_wr_clk (net)
                      0.091485    0.001100    0.205796 ^ clkbuf_4_12_0_wr_clk/A (sky130_fd_sc_hd__clkbuf_8)
     8    0.036073    0.056935    0.119879    0.325675 ^ clkbuf_4_12_0_wr_clk/X (sky130_fd_sc_hd__clkbuf_8)
                                                         clknet_4_12_0_wr_clk (net)
                      0.056935    0.000224    0.325899 ^ _785_/CLK (sky130_fd_sc_hd__dfrtp_1)
                                  0.250000    0.575899   clock uncertainty
                                  0.000000    0.575899   clock reconvergence pessimism
                                  0.221667    0.797566   library removal time
                                              0.797566   data required time
---------------------------------------------------------------------------------------------
                                              0.797566   data required time
                                             -2.543669   data arrival time
---------------------------------------------------------------------------------------------
                                              1.746103   slack (MET)


Startpoint: arst_n (input port clocked by wr_clk)
Endpoint: _773_ (removal check against rising-edge clock wr_clk)
Path Group: asynchronous
Path Type: min

Fanout         Cap        Slew       Delay        Time   Description
---------------------------------------------------------------------------------------------
                                  0.000000    0.000000   clock wr_clk (rise edge)
                                  0.000000    0.000000   clock network delay (propagated)
                                  2.000000    2.000000 ^ input external delay
     1    0.002832    0.014032    0.007305    2.007305 ^ arst_n (in)
                                                         arst_n (net)
                      0.014032    0.000000    2.007305 ^ input11/A (sky130_fd_sc_hd__clkbuf_1)
     1    0.002321    0.028231    0.044913    2.052218 ^ input11/X (sky130_fd_sc_hd__clkbuf_1)
                                                         net11 (net)
                      0.028231    0.000021    2.052239 ^ fanout76/A (sky130_fd_sc_hd__buf_2)
     5    0.037384    0.139440    0.143608    2.195846 ^ fanout76/X (sky130_fd_sc_hd__buf_2)
                                                         net76 (net)
                      0.139441    0.000350    2.196196 ^ fanout75/A (sky130_fd_sc_hd__buf_2)
     6    0.043568    0.161145    0.183045    2.379241 ^ fanout75/X (sky130_fd_sc_hd__buf_2)
                                                         net75 (net)
                      0.161145    0.000191    2.379432 ^ fanout74/A (sky130_fd_sc_hd__buf_2)
     7    0.037725    0.140486    0.172103    2.551536 ^ fanout74/X (sky130_fd_sc_hd__buf_2)
                                                         net74 (net)
                      0.140540    0.000951    2.552486 ^ _773_/RESET_B (sky130_fd_sc_hd__dfrtp_1)
                                              2.552486   data arrival time

                                  0.000000    0.000000   clock wr_clk (rise edge)
                                  0.000000    0.000000   clock source latency
     1    0.023866    0.084296    0.058566    0.058566 ^ wr_clk (in)
                                                         wr_clk (net)
                      0.084348    0.000000    0.058566 ^ clkbuf_0_wr_clk/A (sky130_fd_sc_hd__clkbuf_16)
    16    0.103559    0.091422    0.146129    0.204695 ^ clkbuf_0_wr_clk/X (sky130_fd_sc_hd__clkbuf_16)
                                                         clknet_0_wr_clk (net)
                      0.091498    0.001409    0.206104 ^ clkbuf_4_14_0_wr_clk/A (sky130_fd_sc_hd__clkbuf_8)
     6    0.035733    0.056433    0.119241    0.325345 ^ clkbuf_4_14_0_wr_clk/X (sky130_fd_sc_hd__clkbuf_8)
                                                         clknet_4_14_0_wr_clk (net)
                      0.056434    0.000381    0.325725 ^ _773_/CLK (sky130_fd_sc_hd__dfrtp_1)
                                  0.250000    0.575725   clock uncertainty
                                  0.000000    0.575725   clock reconvergence pessimism
                                  0.229081    0.804806   library removal time
                                              0.804806   data required time
---------------------------------------------------------------------------------------------
                                              0.804806   data required time
                                             -2.552486   data arrival time
---------------------------------------------------------------------------------------------
                                              1.747681   slack (MET)


Startpoint: arst_n (input port clocked by wr_clk)
Endpoint: _792_ (removal check against rising-edge clock wr_clk)
Path Group: asynchronous
Path Type: min

Fanout         Cap        Slew       Delay        Time   Description
---------------------------------------------------------------------------------------------
                                  0.000000    0.000000   clock wr_clk (rise edge)
                                  0.000000    0.000000   clock network delay (propagated)
                                  2.000000    2.000000 ^ input external delay
     1    0.002832    0.014032    0.007305    2.007305 ^ arst_n (in)
                                                         arst_n (net)
                      0.014032    0.000000    2.007305 ^ input11/A (sky130_fd_sc_hd__clkbuf_1)
     1    0.002321    0.028231    0.044913    2.052218 ^ input11/X (sky130_fd_sc_hd__clkbuf_1)
                                                         net11 (net)
                      0.028231    0.000021    2.052239 ^ fanout76/A (sky130_fd_sc_hd__buf_2)
     5    0.037384    0.139440    0.143608    2.195846 ^ fanout76/X (sky130_fd_sc_hd__buf_2)
                                                         net76 (net)
                      0.139441    0.000350    2.196196 ^ fanout75/A (sky130_fd_sc_hd__buf_2)
     6    0.043568    0.161145    0.183045    2.379241 ^ fanout75/X (sky130_fd_sc_hd__buf_2)
                                                         net75 (net)
                      0.161145    0.000191    2.379432 ^ fanout74/A (sky130_fd_sc_hd__buf_2)
     7    0.037725    0.140486    0.172103    2.551536 ^ fanout74/X (sky130_fd_sc_hd__buf_2)
                                                         net74 (net)
                      0.140535    0.000713    2.552249 ^ _792_/RESET_B (sky130_fd_sc_hd__dfrtp_1)
                                              2.552249   data arrival time

                                  0.000000    0.000000   clock wr_clk (rise edge)
                                  0.000000    0.000000   clock source latency
     1    0.023866    0.084296    0.058566    0.058566 ^ wr_clk (in)
                                                         wr_clk (net)
                      0.084348    0.000000    0.058566 ^ clkbuf_0_wr_clk/A (sky130_fd_sc_hd__clkbuf_16)
    16    0.103559    0.091422    0.146129    0.204695 ^ clkbuf_0_wr_clk/X (sky130_fd_sc_hd__clkbuf_16)
                                                         clknet_0_wr_clk (net)
                      0.091499    0.001434    0.206129 ^ clkbuf_4_15_0_wr_clk/A (sky130_fd_sc_hd__clkbuf_8)
     7    0.034005    0.054455    0.117985    0.324114 ^ clkbuf_4_15_0_wr_clk/X (sky130_fd_sc_hd__clkbuf_8)
                                                         clknet_4_15_0_wr_clk (net)
                      0.054456    0.000324    0.324438 ^ _792_/CLK (sky130_fd_sc_hd__dfrtp_1)
                                  0.250000    0.574438   clock uncertainty
                                  0.000000    0.574438   clock reconvergence pessimism
                                  0.228810    0.803248   library removal time
                                              0.803248   data required time
---------------------------------------------------------------------------------------------
                                              0.803248   data required time
                                             -2.552249   data arrival time
---------------------------------------------------------------------------------------------
                                              1.749001   slack (MET)


Startpoint: arst_n (input port clocked by wr_clk)
Endpoint: _756_ (removal check against rising-edge clock wr_clk)
Path Group: asynchronous
Path Type: min

Fanout         Cap        Slew       Delay        Time   Description
---------------------------------------------------------------------------------------------
                                  0.000000    0.000000   clock wr_clk (rise edge)
                                  0.000000    0.000000   clock network delay (propagated)
                                  2.000000    2.000000 ^ input external delay
     1    0.002832    0.014032    0.007305    2.007305 ^ arst_n (in)
                                                         arst_n (net)
                      0.014032    0.000000    2.007305 ^ input11/A (sky130_fd_sc_hd__clkbuf_1)
     1    0.002321    0.028231    0.044913    2.052218 ^ input11/X (sky130_fd_sc_hd__clkbuf_1)
                                                         net11 (net)
                      0.028231    0.000021    2.052239 ^ fanout76/A (sky130_fd_sc_hd__buf_2)
     5    0.037384    0.139440    0.143608    2.195846 ^ fanout76/X (sky130_fd_sc_hd__buf_2)
                                                         net76 (net)
                      0.139441    0.000350    2.196196 ^ fanout75/A (sky130_fd_sc_hd__buf_2)
     6    0.043568    0.161145    0.183045    2.379241 ^ fanout75/X (sky130_fd_sc_hd__buf_2)
                                                         net75 (net)
                      0.161145    0.000191    2.379432 ^ fanout74/A (sky130_fd_sc_hd__buf_2)
     7    0.037725    0.140486    0.172103    2.551536 ^ fanout74/X (sky130_fd_sc_hd__buf_2)
                                                         net74 (net)
                      0.140536    0.000766    2.552302 ^ _756_/RESET_B (sky130_fd_sc_hd__dfrtp_1)
                                              2.552302   data arrival time

                                  0.000000    0.000000   clock wr_clk (rise edge)
                                  0.000000    0.000000   clock source latency
     1    0.023866    0.084296    0.058566    0.058566 ^ wr_clk (in)
                                                         wr_clk (net)
                      0.084348    0.000000    0.058566 ^ clkbuf_0_wr_clk/A (sky130_fd_sc_hd__clkbuf_16)
    16    0.103559    0.091422    0.146129    0.204695 ^ clkbuf_0_wr_clk/X (sky130_fd_sc_hd__clkbuf_16)
                                                         clknet_0_wr_clk (net)
                      0.091499    0.001434    0.206129 ^ clkbuf_4_15_0_wr_clk/A (sky130_fd_sc_hd__clkbuf_8)
     7    0.034005    0.054455    0.117985    0.324114 ^ clkbuf_4_15_0_wr_clk/X (sky130_fd_sc_hd__clkbuf_8)
                                                         clknet_4_15_0_wr_clk (net)
                      0.054456    0.000269    0.324383 ^ _756_/CLK (sky130_fd_sc_hd__dfrtp_1)
                                  0.250000    0.574383   clock uncertainty
                                  0.000000    0.574383   clock reconvergence pessimism
                                  0.228810    0.803193   library removal time
                                              0.803193   data required time
---------------------------------------------------------------------------------------------
                                              0.803193   data required time
                                             -2.552302   data arrival time
---------------------------------------------------------------------------------------------
                                              1.749108   slack (MET)


Startpoint: arst_n (input port clocked by wr_clk)
Endpoint: _791_ (removal check against rising-edge clock wr_clk)
Path Group: asynchronous
Path Type: min

Fanout         Cap        Slew       Delay        Time   Description
---------------------------------------------------------------------------------------------
                                  0.000000    0.000000   clock wr_clk (rise edge)
                                  0.000000    0.000000   clock network delay (propagated)
                                  2.000000    2.000000 ^ input external delay
     1    0.002832    0.014032    0.007305    2.007305 ^ arst_n (in)
                                                         arst_n (net)
                      0.014032    0.000000    2.007305 ^ input11/A (sky130_fd_sc_hd__clkbuf_1)
     1    0.002321    0.028231    0.044913    2.052218 ^ input11/X (sky130_fd_sc_hd__clkbuf_1)
                                                         net11 (net)
                      0.028231    0.000021    2.052239 ^ fanout76/A (sky130_fd_sc_hd__buf_2)
     5    0.037384    0.139440    0.143608    2.195846 ^ fanout76/X (sky130_fd_sc_hd__buf_2)
                                                         net76 (net)
                      0.139441    0.000350    2.196196 ^ fanout75/A (sky130_fd_sc_hd__buf_2)
     6    0.043568    0.161145    0.183045    2.379241 ^ fanout75/X (sky130_fd_sc_hd__buf_2)
                                                         net75 (net)
                      0.161145    0.000191    2.379432 ^ fanout74/A (sky130_fd_sc_hd__buf_2)
     7    0.037725    0.140486    0.172103    2.551536 ^ fanout74/X (sky130_fd_sc_hd__buf_2)
                                                         net74 (net)
                      0.140544    0.001165    2.552701 ^ _791_/RESET_B (sky130_fd_sc_hd__dfrtp_1)
                                              2.552701   data arrival time

                                  0.000000    0.000000   clock wr_clk (rise edge)
                                  0.000000    0.000000   clock source latency
     1    0.023866    0.084296    0.058566    0.058566 ^ wr_clk (in)
                                                         wr_clk (net)
                      0.084348    0.000000    0.058566 ^ clkbuf_0_wr_clk/A (sky130_fd_sc_hd__clkbuf_16)
    16    0.103559    0.091422    0.146129    0.204695 ^ clkbuf_0_wr_clk/X (sky130_fd_sc_hd__clkbuf_16)
                                                         clknet_0_wr_clk (net)
                      0.091499    0.001434    0.206129 ^ clkbuf_4_15_0_wr_clk/A (sky130_fd_sc_hd__clkbuf_8)
     7    0.034005    0.054455    0.117985    0.324114 ^ clkbuf_4_15_0_wr_clk/X (sky130_fd_sc_hd__clkbuf_8)
                                                         clknet_4_15_0_wr_clk (net)
                      0.054456    0.000248    0.324362 ^ _791_/CLK (sky130_fd_sc_hd__dfrtp_1)
                                  0.250000    0.574362   clock uncertainty
                                  0.000000    0.574362   clock reconvergence pessimism
                                  0.228812    0.803175   library removal time
                                              0.803175   data required time
---------------------------------------------------------------------------------------------
                                              0.803175   data required time
                                             -2.552701   data arrival time
---------------------------------------------------------------------------------------------
                                              1.749526   slack (MET)


Startpoint: arst_n (input port clocked by wr_clk)
Endpoint: _760_ (removal check against rising-edge clock wr_clk)
Path Group: asynchronous
Path Type: min

Fanout         Cap        Slew       Delay        Time   Description
---------------------------------------------------------------------------------------------
                                  0.000000    0.000000   clock wr_clk (rise edge)
                                  0.000000    0.000000   clock network delay (propagated)
                                  2.000000    2.000000 ^ input external delay
     1    0.002832    0.014032    0.007305    2.007305 ^ arst_n (in)
                                                         arst_n (net)
                      0.014032    0.000000    2.007305 ^ input11/A (sky130_fd_sc_hd__clkbuf_1)
     1    0.002321    0.028231    0.044913    2.052218 ^ input11/X (sky130_fd_sc_hd__clkbuf_1)
                                                         net11 (net)
                      0.028231    0.000021    2.052239 ^ fanout76/A (sky130_fd_sc_hd__buf_2)
     5    0.037384    0.139440    0.143608    2.195846 ^ fanout76/X (sky130_fd_sc_hd__buf_2)
                                                         net76 (net)
                      0.139441    0.000350    2.196196 ^ fanout75/A (sky130_fd_sc_hd__buf_2)
     6    0.043568    0.161145    0.183045    2.379241 ^ fanout75/X (sky130_fd_sc_hd__buf_2)
                                                         net75 (net)
                      0.161145    0.000191    2.379432 ^ fanout74/A (sky130_fd_sc_hd__buf_2)
     7    0.037725    0.140486    0.172103    2.551536 ^ fanout74/X (sky130_fd_sc_hd__buf_2)
                                                         net74 (net)
                      0.140545    0.001214    2.552749 ^ _760_/RESET_B (sky130_fd_sc_hd__dfrtp_1)
                                              2.552749   data arrival time

                                  0.000000    0.000000   clock wr_clk (rise edge)
                                  0.000000    0.000000   clock source latency
     1    0.023866    0.084296    0.058566    0.058566 ^ wr_clk (in)
                                                         wr_clk (net)
                      0.084348    0.000000    0.058566 ^ clkbuf_0_wr_clk/A (sky130_fd_sc_hd__clkbuf_16)
    16    0.103559    0.091422    0.146129    0.204695 ^ clkbuf_0_wr_clk/X (sky130_fd_sc_hd__clkbuf_16)
                                                         clknet_0_wr_clk (net)
                      0.091499    0.001434    0.206129 ^ clkbuf_4_15_0_wr_clk/A (sky130_fd_sc_hd__clkbuf_8)
     7    0.034005    0.054455    0.117985    0.324114 ^ clkbuf_4_15_0_wr_clk/X (sky130_fd_sc_hd__clkbuf_8)
                                                         clknet_4_15_0_wr_clk (net)
                      0.054456    0.000270    0.324385 ^ _760_/CLK (sky130_fd_sc_hd__dfrtp_1)
                                  0.250000    0.574385   clock uncertainty
                                  0.000000    0.574385   clock reconvergence pessimism
                                  0.228812    0.803197   library removal time
                                              0.803197   data required time
---------------------------------------------------------------------------------------------
                                              0.803197   data required time
                                             -2.552749   data arrival time
---------------------------------------------------------------------------------------------
                                              1.749552   slack (MET)


Startpoint: arst_n (input port clocked by wr_clk)
Endpoint: _790_ (removal check against rising-edge clock wr_clk)
Path Group: asynchronous
Path Type: min

Fanout         Cap        Slew       Delay        Time   Description
---------------------------------------------------------------------------------------------
                                  0.000000    0.000000   clock wr_clk (rise edge)
                                  0.000000    0.000000   clock network delay (propagated)
                                  2.000000    2.000000 ^ input external delay
     1    0.002832    0.014032    0.007305    2.007305 ^ arst_n (in)
                                                         arst_n (net)
                      0.014032    0.000000    2.007305 ^ input11/A (sky130_fd_sc_hd__clkbuf_1)
     1    0.002321    0.028231    0.044913    2.052218 ^ input11/X (sky130_fd_sc_hd__clkbuf_1)
                                                         net11 (net)
                      0.028231    0.000021    2.052239 ^ fanout76/A (sky130_fd_sc_hd__buf_2)
     5    0.037384    0.139440    0.143608    2.195846 ^ fanout76/X (sky130_fd_sc_hd__buf_2)
                                                         net76 (net)
                      0.139441    0.000350    2.196196 ^ fanout75/A (sky130_fd_sc_hd__buf_2)
     6    0.043568    0.161145    0.183045    2.379241 ^ fanout75/X (sky130_fd_sc_hd__buf_2)
                                                         net75 (net)
                      0.161145    0.000191    2.379432 ^ fanout74/A (sky130_fd_sc_hd__buf_2)
     7    0.037725    0.140486    0.172103    2.551536 ^ fanout74/X (sky130_fd_sc_hd__buf_2)
                                                         net74 (net)
                      0.140486    0.000168    2.551703 ^ fanout73/A (sky130_fd_sc_hd__clkbuf_4)
    10    0.047136    0.112338    0.174066    2.725769 ^ fanout73/X (sky130_fd_sc_hd__clkbuf_4)
                                                         net73 (net)
                      0.112359    0.001515    2.727284 ^ _790_/RESET_B (sky130_fd_sc_hd__dfrtp_1)
                                              2.727284   data arrival time

                                  0.000000    0.000000   clock wr_clk (rise edge)
                                  0.000000    0.000000   clock source latency
     1    0.023866    0.084296    0.058566    0.058566 ^ wr_clk (in)
                                                         wr_clk (net)
                      0.084348    0.000000    0.058566 ^ clkbuf_0_wr_clk/A (sky130_fd_sc_hd__clkbuf_16)
    16    0.103559    0.091422    0.146129    0.204695 ^ clkbuf_0_wr_clk/X (sky130_fd_sc_hd__clkbuf_16)
                                                         clknet_0_wr_clk (net)
                      0.091488    0.001187    0.205883 ^ clkbuf_4_13_0_wr_clk/A (sky130_fd_sc_hd__clkbuf_8)
     8    0.041541    0.063558    0.124623    0.330506 ^ clkbuf_4_13_0_wr_clk/X (sky130_fd_sc_hd__clkbuf_8)
                                                         clknet_4_13_0_wr_clk (net)
                      0.063558    0.000227    0.330733 ^ _790_/CLK (sky130_fd_sc_hd__dfrtp_1)
                                  0.250000    0.580733   clock uncertainty
                                  0.000000    0.580733   clock reconvergence pessimism
                                  0.222737    0.803470   library removal time
                                              0.803470   data required time
---------------------------------------------------------------------------------------------
                                              0.803470   data required time
                                             -2.727284   data arrival time
---------------------------------------------------------------------------------------------
                                              1.923814   slack (MET)


Startpoint: arst_n (input port clocked by wr_clk)
Endpoint: _759_ (removal check against rising-edge clock wr_clk)
Path Group: asynchronous
Path Type: min

Fanout         Cap        Slew       Delay        Time   Description
---------------------------------------------------------------------------------------------
                                  0.000000    0.000000   clock wr_clk (rise edge)
                                  0.000000    0.000000   clock network delay (propagated)
                                  2.000000    2.000000 ^ input external delay
     1    0.002832    0.014032    0.007305    2.007305 ^ arst_n (in)
                                                         arst_n (net)
                      0.014032    0.000000    2.007305 ^ input11/A (sky130_fd_sc_hd__clkbuf_1)
     1    0.002321    0.028231    0.044913    2.052218 ^ input11/X (sky130_fd_sc_hd__clkbuf_1)
                                                         net11 (net)
                      0.028231    0.000021    2.052239 ^ fanout76/A (sky130_fd_sc_hd__buf_2)
     5    0.037384    0.139440    0.143608    2.195846 ^ fanout76/X (sky130_fd_sc_hd__buf_2)
                                                         net76 (net)
                      0.139441    0.000350    2.196196 ^ fanout75/A (sky130_fd_sc_hd__buf_2)
     6    0.043568    0.161145    0.183045    2.379241 ^ fanout75/X (sky130_fd_sc_hd__buf_2)
                                                         net75 (net)
                      0.161145    0.000191    2.379432 ^ fanout74/A (sky130_fd_sc_hd__buf_2)
     7    0.037725    0.140486    0.172103    2.551536 ^ fanout74/X (sky130_fd_sc_hd__buf_2)
                                                         net74 (net)
                      0.140486    0.000168    2.551703 ^ fanout73/A (sky130_fd_sc_hd__clkbuf_4)
    10    0.047136    0.112338    0.174066    2.725769 ^ fanout73/X (sky130_fd_sc_hd__clkbuf_4)
                                                         net73 (net)
                      0.112361    0.001569    2.727338 ^ _759_/RESET_B (sky130_fd_sc_hd__dfrtp_1)
                                              2.727338   data arrival time

                                  0.000000    0.000000   clock wr_clk (rise edge)
                                  0.000000    0.000000   clock source latency
     1    0.023866    0.084296    0.058566    0.058566 ^ wr_clk (in)
                                                         wr_clk (net)
                      0.084348    0.000000    0.058566 ^ clkbuf_0_wr_clk/A (sky130_fd_sc_hd__clkbuf_16)
    16    0.103559    0.091422    0.146129    0.204695 ^ clkbuf_0_wr_clk/X (sky130_fd_sc_hd__clkbuf_16)
                                                         clknet_0_wr_clk (net)
                      0.091488    0.001187    0.205883 ^ clkbuf_4_13_0_wr_clk/A (sky130_fd_sc_hd__clkbuf_8)
     8    0.041541    0.063558    0.124623    0.330506 ^ clkbuf_4_13_0_wr_clk/X (sky130_fd_sc_hd__clkbuf_8)
                                                         clknet_4_13_0_wr_clk (net)
                      0.063558    0.000275    0.330780 ^ _759_/CLK (sky130_fd_sc_hd__dfrtp_1)
                                  0.250000    0.580780   clock uncertainty
                                  0.000000    0.580780   clock reconvergence pessimism
                                  0.222738    0.803518   library removal time
                                              0.803518   data required time
---------------------------------------------------------------------------------------------
                                              0.803518   data required time
                                             -2.727338   data arrival time
---------------------------------------------------------------------------------------------
                                              1.923820   slack (MET)


Startpoint: arst_n (input port clocked by wr_clk)
Endpoint: _771_ (removal check against rising-edge clock wr_clk)
Path Group: asynchronous
Path Type: min

Fanout         Cap        Slew       Delay        Time   Description
---------------------------------------------------------------------------------------------
                                  0.000000    0.000000   clock wr_clk (rise edge)
                                  0.000000    0.000000   clock network delay (propagated)
                                  2.000000    2.000000 ^ input external delay
     1    0.002832    0.014032    0.007305    2.007305 ^ arst_n (in)
                                                         arst_n (net)
                      0.014032    0.000000    2.007305 ^ input11/A (sky130_fd_sc_hd__clkbuf_1)
     1    0.002321    0.028231    0.044913    2.052218 ^ input11/X (sky130_fd_sc_hd__clkbuf_1)
                                                         net11 (net)
                      0.028231    0.000021    2.052239 ^ fanout76/A (sky130_fd_sc_hd__buf_2)
     5    0.037384    0.139440    0.143608    2.195846 ^ fanout76/X (sky130_fd_sc_hd__buf_2)
                                                         net76 (net)
                      0.139441    0.000350    2.196196 ^ fanout75/A (sky130_fd_sc_hd__buf_2)
     6    0.043568    0.161145    0.183045    2.379241 ^ fanout75/X (sky130_fd_sc_hd__buf_2)
                                                         net75 (net)
                      0.161145    0.000191    2.379432 ^ fanout74/A (sky130_fd_sc_hd__buf_2)
     7    0.037725    0.140486    0.172103    2.551536 ^ fanout74/X (sky130_fd_sc_hd__buf_2)
                                                         net74 (net)
                      0.140486    0.000168    2.551703 ^ fanout73/A (sky130_fd_sc_hd__clkbuf_4)
    10    0.047136    0.112338    0.174066    2.725769 ^ fanout73/X (sky130_fd_sc_hd__clkbuf_4)
                                                         net73 (net)
                      0.112355    0.001407    2.727176 ^ _771_/RESET_B (sky130_fd_sc_hd__dfrtp_1)
                                              2.727176   data arrival time

                                  0.000000    0.000000   clock wr_clk (rise edge)
                                  0.000000    0.000000   clock source latency
     1    0.023866    0.084296    0.058566    0.058566 ^ wr_clk (in)
                                                         wr_clk (net)
                      0.084348    0.000000    0.058566 ^ clkbuf_0_wr_clk/A (sky130_fd_sc_hd__clkbuf_16)
    16    0.103559    0.091422    0.146129    0.204695 ^ clkbuf_0_wr_clk/X (sky130_fd_sc_hd__clkbuf_16)
                                                         clknet_0_wr_clk (net)
                      0.091485    0.001100    0.205796 ^ clkbuf_4_12_0_wr_clk/A (sky130_fd_sc_hd__clkbuf_8)
     8    0.036073    0.056935    0.119879    0.325675 ^ clkbuf_4_12_0_wr_clk/X (sky130_fd_sc_hd__clkbuf_8)
                                                         clknet_4_12_0_wr_clk (net)
                      0.056935    0.000129    0.325803 ^ _771_/CLK (sky130_fd_sc_hd__dfrtp_1)
                                  0.250000    0.575803   clock uncertainty
                                  0.000000    0.575803   clock reconvergence pessimism
                                  0.221831    0.797634   library removal time
                                              0.797634   data required time
---------------------------------------------------------------------------------------------
                                              0.797634   data required time
                                             -2.727176   data arrival time
---------------------------------------------------------------------------------------------
                                              1.929542   slack (MET)


Startpoint: arst_n (input port clocked by wr_clk)
Endpoint: _770_ (removal check against rising-edge clock wr_clk)
Path Group: asynchronous
Path Type: min

Fanout         Cap        Slew       Delay        Time   Description
---------------------------------------------------------------------------------------------
                                  0.000000    0.000000   clock wr_clk (rise edge)
                                  0.000000    0.000000   clock network delay (propagated)
                                  2.000000    2.000000 ^ input external delay
     1    0.002832    0.014032    0.007305    2.007305 ^ arst_n (in)
                                                         arst_n (net)
                      0.014032    0.000000    2.007305 ^ input11/A (sky130_fd_sc_hd__clkbuf_1)
     1    0.002321    0.028231    0.044913    2.052218 ^ input11/X (sky130_fd_sc_hd__clkbuf_1)
                                                         net11 (net)
                      0.028231    0.000021    2.052239 ^ fanout76/A (sky130_fd_sc_hd__buf_2)
     5    0.037384    0.139440    0.143608    2.195846 ^ fanout76/X (sky130_fd_sc_hd__buf_2)
                                                         net76 (net)
                      0.139441    0.000350    2.196196 ^ fanout75/A (sky130_fd_sc_hd__buf_2)
     6    0.043568    0.161145    0.183045    2.379241 ^ fanout75/X (sky130_fd_sc_hd__buf_2)
                                                         net75 (net)
                      0.161145    0.000191    2.379432 ^ fanout74/A (sky130_fd_sc_hd__buf_2)
     7    0.037725    0.140486    0.172103    2.551536 ^ fanout74/X (sky130_fd_sc_hd__buf_2)
                                                         net74 (net)
                      0.140486    0.000168    2.551703 ^ fanout73/A (sky130_fd_sc_hd__clkbuf_4)
    10    0.047136    0.112338    0.174066    2.725769 ^ fanout73/X (sky130_fd_sc_hd__clkbuf_4)
                                                         net73 (net)
                      0.112358    0.001500    2.727269 ^ _770_/RESET_B (sky130_fd_sc_hd__dfrtp_1)
                                              2.727269   data arrival time

                                  0.000000    0.000000   clock wr_clk (rise edge)
                                  0.000000    0.000000   clock source latency
     1    0.023866    0.084296    0.058566    0.058566 ^ wr_clk (in)
                                                         wr_clk (net)
                      0.084348    0.000000    0.058566 ^ clkbuf_0_wr_clk/A (sky130_fd_sc_hd__clkbuf_16)
    16    0.103559    0.091422    0.146129    0.204695 ^ clkbuf_0_wr_clk/X (sky130_fd_sc_hd__clkbuf_16)
                                                         clknet_0_wr_clk (net)
                      0.091485    0.001100    0.205796 ^ clkbuf_4_12_0_wr_clk/A (sky130_fd_sc_hd__clkbuf_8)
     8    0.036073    0.056935    0.119879    0.325675 ^ clkbuf_4_12_0_wr_clk/X (sky130_fd_sc_hd__clkbuf_8)
                                                         clknet_4_12_0_wr_clk (net)
                      0.056935    0.000167    0.325842 ^ _770_/CLK (sky130_fd_sc_hd__dfrtp_1)
                                  0.250000    0.575842   clock uncertainty
                                  0.000000    0.575842   clock reconvergence pessimism
                                  0.221832    0.797674   library removal time
                                              0.797674   data required time
---------------------------------------------------------------------------------------------
                                              0.797674   data required time
                                             -2.727269   data arrival time
---------------------------------------------------------------------------------------------
                                              1.929596   slack (MET)


Startpoint: arst_n (input port clocked by wr_clk)
Endpoint: _772_ (removal check against rising-edge clock wr_clk)
Path Group: asynchronous
Path Type: min

Fanout         Cap        Slew       Delay        Time   Description
---------------------------------------------------------------------------------------------
                                  0.000000    0.000000   clock wr_clk (rise edge)
                                  0.000000    0.000000   clock network delay (propagated)
                                  2.000000    2.000000 ^ input external delay
     1    0.002832    0.014032    0.007305    2.007305 ^ arst_n (in)
                                                         arst_n (net)
                      0.014032    0.000000    2.007305 ^ input11/A (sky130_fd_sc_hd__clkbuf_1)
     1    0.002321    0.028231    0.044913    2.052218 ^ input11/X (sky130_fd_sc_hd__clkbuf_1)
                                                         net11 (net)
                      0.028231    0.000021    2.052239 ^ fanout76/A (sky130_fd_sc_hd__buf_2)
     5    0.037384    0.139440    0.143608    2.195846 ^ fanout76/X (sky130_fd_sc_hd__buf_2)
                                                         net76 (net)
                      0.139441    0.000350    2.196196 ^ fanout75/A (sky130_fd_sc_hd__buf_2)
     6    0.043568    0.161145    0.183045    2.379241 ^ fanout75/X (sky130_fd_sc_hd__buf_2)
                                                         net75 (net)
                      0.161145    0.000191    2.379432 ^ fanout74/A (sky130_fd_sc_hd__buf_2)
     7    0.037725    0.140486    0.172103    2.551536 ^ fanout74/X (sky130_fd_sc_hd__buf_2)
                                                         net74 (net)
                      0.140486    0.000168    2.551703 ^ fanout73/A (sky130_fd_sc_hd__clkbuf_4)
    10    0.047136    0.112338    0.174066    2.725769 ^ fanout73/X (sky130_fd_sc_hd__clkbuf_4)
                                                         net73 (net)
                      0.112358    0.001489    2.727258 ^ _772_/RESET_B (sky130_fd_sc_hd__dfrtp_1)
                                              2.727258   data arrival time

                                  0.000000    0.000000   clock wr_clk (rise edge)
                                  0.000000    0.000000   clock source latency
     1    0.023866    0.084296    0.058566    0.058566 ^ wr_clk (in)
                                                         wr_clk (net)
                      0.084348    0.000000    0.058566 ^ clkbuf_0_wr_clk/A (sky130_fd_sc_hd__clkbuf_16)
    16    0.103559    0.091422    0.146129    0.204695 ^ clkbuf_0_wr_clk/X (sky130_fd_sc_hd__clkbuf_16)
                                                         clknet_0_wr_clk (net)
                      0.091485    0.001100    0.205796 ^ clkbuf_4_12_0_wr_clk/A (sky130_fd_sc_hd__clkbuf_8)
     8    0.036073    0.056935    0.119879    0.325675 ^ clkbuf_4_12_0_wr_clk/X (sky130_fd_sc_hd__clkbuf_8)
                                                         clknet_4_12_0_wr_clk (net)
                      0.056935    0.000082    0.325757 ^ _772_/CLK (sky130_fd_sc_hd__dfrtp_1)
                                  0.250000    0.575757   clock uncertainty
                                  0.000000    0.575757   clock reconvergence pessimism
                                  0.221832    0.797589   library removal time
                                              0.797589   data required time
---------------------------------------------------------------------------------------------
                                              0.797589   data required time
                                             -2.727258   data arrival time
---------------------------------------------------------------------------------------------
                                              1.929670   slack (MET)


Startpoint: arst_n (input port clocked by wr_clk)
Endpoint: _787_ (removal check against rising-edge clock wr_clk)
Path Group: asynchronous
Path Type: min

Fanout         Cap        Slew       Delay        Time   Description
---------------------------------------------------------------------------------------------
                                  0.000000    0.000000   clock wr_clk (rise edge)
                                  0.000000    0.000000   clock network delay (propagated)
                                  2.000000    2.000000 ^ input external delay
     1    0.002832    0.014032    0.007305    2.007305 ^ arst_n (in)
                                                         arst_n (net)
                      0.014032    0.000000    2.007305 ^ input11/A (sky130_fd_sc_hd__clkbuf_1)
     1    0.002321    0.028231    0.044913    2.052218 ^ input11/X (sky130_fd_sc_hd__clkbuf_1)
                                                         net11 (net)
                      0.028231    0.000021    2.052239 ^ fanout76/A (sky130_fd_sc_hd__buf_2)
     5    0.037384    0.139440    0.143608    2.195846 ^ fanout76/X (sky130_fd_sc_hd__buf_2)
                                                         net76 (net)
                      0.139441    0.000350    2.196196 ^ fanout75/A (sky130_fd_sc_hd__buf_2)
     6    0.043568    0.161145    0.183045    2.379241 ^ fanout75/X (sky130_fd_sc_hd__buf_2)
                                                         net75 (net)
                      0.161145    0.000191    2.379432 ^ fanout74/A (sky130_fd_sc_hd__buf_2)
     7    0.037725    0.140486    0.172103    2.551536 ^ fanout74/X (sky130_fd_sc_hd__buf_2)
                                                         net74 (net)
                      0.140486    0.000168    2.551703 ^ fanout73/A (sky130_fd_sc_hd__clkbuf_4)
    10    0.047136    0.112338    0.174066    2.725769 ^ fanout73/X (sky130_fd_sc_hd__clkbuf_4)
                                                         net73 (net)
                      0.112340    0.000698    2.726467 ^ _787_/RESET_B (sky130_fd_sc_hd__dfrtp_1)
                                              2.726467   data arrival time

                                  0.000000    0.000000   clock wr_clk (rise edge)
                                  0.000000    0.000000   clock source latency
     1    0.023866    0.084296    0.058566    0.058566 ^ wr_clk (in)
                                                         wr_clk (net)
                      0.084348    0.000000    0.058566 ^ clkbuf_0_wr_clk/A (sky130_fd_sc_hd__clkbuf_16)
    16    0.103559    0.091422    0.146129    0.204695 ^ clkbuf_0_wr_clk/X (sky130_fd_sc_hd__clkbuf_16)
                                                         clknet_0_wr_clk (net)
                      0.091499    0.001434    0.206129 ^ clkbuf_4_15_0_wr_clk/A (sky130_fd_sc_hd__clkbuf_8)
     7    0.034005    0.054455    0.117985    0.324114 ^ clkbuf_4_15_0_wr_clk/X (sky130_fd_sc_hd__clkbuf_8)
                                                         clknet_4_15_0_wr_clk (net)
                      0.054456    0.000292    0.324406 ^ _787_/CLK (sky130_fd_sc_hd__dfrtp_1)
                                  0.250000    0.574406   clock uncertainty
                                  0.000000    0.574406   clock reconvergence pessimism
                                  0.221488    0.795894   library removal time
                                              0.795894   data required time
---------------------------------------------------------------------------------------------
                                              0.795894   data required time
                                             -2.726467   data arrival time
---------------------------------------------------------------------------------------------
                                              1.930572   slack (MET)


Startpoint: arst_n (input port clocked by wr_clk)
Endpoint: _793_ (removal check against rising-edge clock wr_clk)
Path Group: asynchronous
Path Type: min

Fanout         Cap        Slew       Delay        Time   Description
---------------------------------------------------------------------------------------------
                                  0.000000    0.000000   clock wr_clk (rise edge)
                                  0.000000    0.000000   clock network delay (propagated)
                                  2.000000    2.000000 ^ input external delay
     1    0.002832    0.014032    0.007305    2.007305 ^ arst_n (in)
                                                         arst_n (net)
                      0.014032    0.000000    2.007305 ^ input11/A (sky130_fd_sc_hd__clkbuf_1)
     1    0.002321    0.028231    0.044913    2.052218 ^ input11/X (sky130_fd_sc_hd__clkbuf_1)
                                                         net11 (net)
                      0.028231    0.000021    2.052239 ^ fanout76/A (sky130_fd_sc_hd__buf_2)
     5    0.037384    0.139440    0.143608    2.195846 ^ fanout76/X (sky130_fd_sc_hd__buf_2)
                                                         net76 (net)
                      0.139441    0.000350    2.196196 ^ fanout75/A (sky130_fd_sc_hd__buf_2)
     6    0.043568    0.161145    0.183045    2.379241 ^ fanout75/X (sky130_fd_sc_hd__buf_2)
                                                         net75 (net)
                      0.161145    0.000191    2.379432 ^ fanout74/A (sky130_fd_sc_hd__buf_2)
     7    0.037725    0.140486    0.172103    2.551536 ^ fanout74/X (sky130_fd_sc_hd__buf_2)
                                                         net74 (net)
                      0.140486    0.000168    2.551703 ^ fanout73/A (sky130_fd_sc_hd__clkbuf_4)
    10    0.047136    0.112338    0.174066    2.725769 ^ fanout73/X (sky130_fd_sc_hd__clkbuf_4)
                                                         net73 (net)
                      0.112341    0.000726    2.726495 ^ _793_/RESET_B (sky130_fd_sc_hd__dfrtp_2)
                                              2.726495   data arrival time

                                  0.000000    0.000000   clock wr_clk (rise edge)
                                  0.000000    0.000000   clock source latency
     1    0.023866    0.084296    0.058566    0.058566 ^ wr_clk (in)
                                                         wr_clk (net)
                      0.084348    0.000000    0.058566 ^ clkbuf_0_wr_clk/A (sky130_fd_sc_hd__clkbuf_16)
    16    0.103559    0.091422    0.146129    0.204695 ^ clkbuf_0_wr_clk/X (sky130_fd_sc_hd__clkbuf_16)
                                                         clknet_0_wr_clk (net)
                      0.091499    0.001434    0.206129 ^ clkbuf_4_15_0_wr_clk/A (sky130_fd_sc_hd__clkbuf_8)
     7    0.034005    0.054455    0.117985    0.324114 ^ clkbuf_4_15_0_wr_clk/X (sky130_fd_sc_hd__clkbuf_8)
                                                         clknet_4_15_0_wr_clk (net)
                      0.054456    0.000315    0.324430 ^ _793_/CLK (sky130_fd_sc_hd__dfrtp_2)
                                  0.250000    0.574430   clock uncertainty
                                  0.000000    0.574430   clock reconvergence pessimism
                                  0.221489    0.795918   library removal time
                                              0.795918   data required time
---------------------------------------------------------------------------------------------
                                              0.795918   data required time
                                             -2.726495   data arrival time
---------------------------------------------------------------------------------------------
                                              1.930577   slack (MET)


Startpoint: arst_n (input port clocked by wr_clk)
Endpoint: _761_ (removal check against rising-edge clock wr_clk)
Path Group: asynchronous
Path Type: min

Fanout         Cap        Slew       Delay        Time   Description
---------------------------------------------------------------------------------------------
                                  0.000000    0.000000   clock wr_clk (rise edge)
                                  0.000000    0.000000   clock network delay (propagated)
                                  2.000000    2.000000 ^ input external delay
     1    0.002832    0.014032    0.007305    2.007305 ^ arst_n (in)
                                                         arst_n (net)
                      0.014032    0.000000    2.007305 ^ input11/A (sky130_fd_sc_hd__clkbuf_1)
     1    0.002321    0.028231    0.044913    2.052218 ^ input11/X (sky130_fd_sc_hd__clkbuf_1)
                                                         net11 (net)
                      0.028231    0.000021    2.052239 ^ fanout76/A (sky130_fd_sc_hd__buf_2)
     5    0.037384    0.139440    0.143608    2.195846 ^ fanout76/X (sky130_fd_sc_hd__buf_2)
                                                         net76 (net)
                      0.139441    0.000350    2.196196 ^ fanout75/A (sky130_fd_sc_hd__buf_2)
     6    0.043568    0.161145    0.183045    2.379241 ^ fanout75/X (sky130_fd_sc_hd__buf_2)
                                                         net75 (net)
                      0.161145    0.000191    2.379432 ^ fanout74/A (sky130_fd_sc_hd__buf_2)
     7    0.037725    0.140486    0.172103    2.551536 ^ fanout74/X (sky130_fd_sc_hd__buf_2)
                                                         net74 (net)
                      0.140486    0.000168    2.551703 ^ fanout73/A (sky130_fd_sc_hd__clkbuf_4)
    10    0.047136    0.112338    0.174066    2.725769 ^ fanout73/X (sky130_fd_sc_hd__clkbuf_4)
                                                         net73 (net)
                      0.112338    0.000096    2.725865 ^ fanout72/A (sky130_fd_sc_hd__clkbuf_4)
    10    0.045451    0.108421    0.165991    2.891856 ^ fanout72/X (sky130_fd_sc_hd__clkbuf_4)
                                                         net72 (net)
                      0.108423    0.000705    2.892561 ^ _761_/RESET_B (sky130_fd_sc_hd__dfrtp_4)
                                              2.892561   data arrival time

                                  0.000000    0.000000   clock wr_clk (rise edge)
                                  0.000000    0.000000   clock source latency
     1    0.023866    0.084296    0.058566    0.058566 ^ wr_clk (in)
                                                         wr_clk (net)
                      0.084348    0.000000    0.058566 ^ clkbuf_0_wr_clk/A (sky130_fd_sc_hd__clkbuf_16)
    16    0.103559    0.091422    0.146129    0.204695 ^ clkbuf_0_wr_clk/X (sky130_fd_sc_hd__clkbuf_16)
                                                         clknet_0_wr_clk (net)
                      0.091498    0.001409    0.206104 ^ clkbuf_4_14_0_wr_clk/A (sky130_fd_sc_hd__clkbuf_8)
     6    0.035733    0.056433    0.119241    0.325345 ^ clkbuf_4_14_0_wr_clk/X (sky130_fd_sc_hd__clkbuf_8)
                                                         clknet_4_14_0_wr_clk (net)
                      0.056443    0.000735    0.326080 ^ _761_/CLK (sky130_fd_sc_hd__dfrtp_4)
                                  0.250000    0.576080   clock uncertainty
                                  0.000000    0.576080   clock reconvergence pessimism
                                  0.221626    0.797706   library removal time
                                              0.797706   data required time
---------------------------------------------------------------------------------------------
                                              0.797706   data required time
                                             -2.892561   data arrival time
---------------------------------------------------------------------------------------------
                                              2.094855   slack (MET)


Startpoint: arst_n (input port clocked by wr_clk)
Endpoint: _788_ (removal check against rising-edge clock wr_clk)
Path Group: asynchronous
Path Type: min

Fanout         Cap        Slew       Delay        Time   Description
---------------------------------------------------------------------------------------------
                                  0.000000    0.000000   clock wr_clk (rise edge)
                                  0.000000    0.000000   clock network delay (propagated)
                                  2.000000    2.000000 ^ input external delay
     1    0.002832    0.014032    0.007305    2.007305 ^ arst_n (in)
                                                         arst_n (net)
                      0.014032    0.000000    2.007305 ^ input11/A (sky130_fd_sc_hd__clkbuf_1)
     1    0.002321    0.028231    0.044913    2.052218 ^ input11/X (sky130_fd_sc_hd__clkbuf_1)
                                                         net11 (net)
                      0.028231    0.000021    2.052239 ^ fanout76/A (sky130_fd_sc_hd__buf_2)
     5    0.037384    0.139440    0.143608    2.195846 ^ fanout76/X (sky130_fd_sc_hd__buf_2)
                                                         net76 (net)
                      0.139441    0.000350    2.196196 ^ fanout75/A (sky130_fd_sc_hd__buf_2)
     6    0.043568    0.161145    0.183045    2.379241 ^ fanout75/X (sky130_fd_sc_hd__buf_2)
                                                         net75 (net)
                      0.161145    0.000191    2.379432 ^ fanout74/A (sky130_fd_sc_hd__buf_2)
     7    0.037725    0.140486    0.172103    2.551536 ^ fanout74/X (sky130_fd_sc_hd__buf_2)
                                                         net74 (net)
                      0.140486    0.000168    2.551703 ^ fanout73/A (sky130_fd_sc_hd__clkbuf_4)
    10    0.047136    0.112338    0.174066    2.725769 ^ fanout73/X (sky130_fd_sc_hd__clkbuf_4)
                                                         net73 (net)
                      0.112338    0.000096    2.725865 ^ fanout72/A (sky130_fd_sc_hd__clkbuf_4)
    10    0.045451    0.108421    0.165991    2.891856 ^ fanout72/X (sky130_fd_sc_hd__clkbuf_4)
                                                         net72 (net)
                      0.108424    0.000757    2.892613 ^ _788_/RESET_B (sky130_fd_sc_hd__dfrtp_1)
                                              2.892613   data arrival time

                                  0.000000    0.000000   clock wr_clk (rise edge)
                                  0.000000    0.000000   clock source latency
     1    0.023866    0.084296    0.058566    0.058566 ^ wr_clk (in)
                                                         wr_clk (net)
                      0.084348    0.000000    0.058566 ^ clkbuf_0_wr_clk/A (sky130_fd_sc_hd__clkbuf_16)
    16    0.103559    0.091422    0.146129    0.204695 ^ clkbuf_0_wr_clk/X (sky130_fd_sc_hd__clkbuf_16)
                                                         clknet_0_wr_clk (net)
                      0.091498    0.001409    0.206104 ^ clkbuf_4_14_0_wr_clk/A (sky130_fd_sc_hd__clkbuf_8)
     6    0.035733    0.056433    0.119241    0.325345 ^ clkbuf_4_14_0_wr_clk/X (sky130_fd_sc_hd__clkbuf_8)
                                                         clknet_4_14_0_wr_clk (net)
                      0.056448    0.000883    0.326227 ^ _788_/CLK (sky130_fd_sc_hd__dfrtp_1)
                                  0.250000    0.576227   clock uncertainty
                                  0.000000    0.576227   clock reconvergence pessimism
                                  0.220744    0.796971   library removal time
                                              0.796971   data required time
---------------------------------------------------------------------------------------------
                                              0.796971   data required time
                                             -2.892613   data arrival time
---------------------------------------------------------------------------------------------
                                              2.095641   slack (MET)


Startpoint: arst_n (input port clocked by wr_clk)
Endpoint: _786_ (removal check against rising-edge clock wr_clk)
Path Group: asynchronous
Path Type: min

Fanout         Cap        Slew       Delay        Time   Description
---------------------------------------------------------------------------------------------
                                  0.000000    0.000000   clock wr_clk (rise edge)
                                  0.000000    0.000000   clock network delay (propagated)
                                  2.000000    2.000000 ^ input external delay
     1    0.002832    0.014032    0.007305    2.007305 ^ arst_n (in)
                                                         arst_n (net)
                      0.014032    0.000000    2.007305 ^ input11/A (sky130_fd_sc_hd__clkbuf_1)
     1    0.002321    0.028231    0.044913    2.052218 ^ input11/X (sky130_fd_sc_hd__clkbuf_1)
                                                         net11 (net)
                      0.028231    0.000021    2.052239 ^ fanout76/A (sky130_fd_sc_hd__buf_2)
     5    0.037384    0.139440    0.143608    2.195846 ^ fanout76/X (sky130_fd_sc_hd__buf_2)
                                                         net76 (net)
                      0.139441    0.000350    2.196196 ^ fanout75/A (sky130_fd_sc_hd__buf_2)
     6    0.043568    0.161145    0.183045    2.379241 ^ fanout75/X (sky130_fd_sc_hd__buf_2)
                                                         net75 (net)
                      0.161145    0.000191    2.379432 ^ fanout74/A (sky130_fd_sc_hd__buf_2)
     7    0.037725    0.140486    0.172103    2.551536 ^ fanout74/X (sky130_fd_sc_hd__buf_2)
                                                         net74 (net)
                      0.140486    0.000168    2.551703 ^ fanout73/A (sky130_fd_sc_hd__clkbuf_4)
    10    0.047136    0.112338    0.174066    2.725769 ^ fanout73/X (sky130_fd_sc_hd__clkbuf_4)
                                                         net73 (net)
                      0.112338    0.000096    2.725865 ^ fanout72/A (sky130_fd_sc_hd__clkbuf_4)
    10    0.045451    0.108421    0.165991    2.891856 ^ fanout72/X (sky130_fd_sc_hd__clkbuf_4)
                                                         net72 (net)
                      0.108423    0.000679    2.892535 ^ _786_/RESET_B (sky130_fd_sc_hd__dfrtp_1)
                                              2.892535   data arrival time

                                  0.000000    0.000000   clock wr_clk (rise edge)
                                  0.000000    0.000000   clock source latency
     1    0.023866    0.084296    0.058566    0.058566 ^ wr_clk (in)
                                                         wr_clk (net)
                      0.084348    0.000000    0.058566 ^ clkbuf_0_wr_clk/A (sky130_fd_sc_hd__clkbuf_16)
    16    0.103559    0.091422    0.146129    0.204695 ^ clkbuf_0_wr_clk/X (sky130_fd_sc_hd__clkbuf_16)
                                                         clknet_0_wr_clk (net)
                      0.091498    0.001409    0.206104 ^ clkbuf_4_14_0_wr_clk/A (sky130_fd_sc_hd__clkbuf_8)
     6    0.035733    0.056433    0.119241    0.325345 ^ clkbuf_4_14_0_wr_clk/X (sky130_fd_sc_hd__clkbuf_8)
                                                         clknet_4_14_0_wr_clk (net)
                      0.056445    0.000800    0.326144 ^ _786_/CLK (sky130_fd_sc_hd__dfrtp_1)
                                  0.250000    0.576144   clock uncertainty
                                  0.000000    0.576144   clock reconvergence pessimism
                                  0.220743    0.796888   library removal time
                                              0.796888   data required time
---------------------------------------------------------------------------------------------
                                              0.796888   data required time
                                             -2.892535   data arrival time
---------------------------------------------------------------------------------------------
                                              2.095647   slack (MET)


Startpoint: _756_ (rising edge-triggered flip-flop clocked by wr_clk)
Endpoint: afull (output port clocked by wr_clk)
Path Group: wr_clk
Path Type: min

Fanout         Cap        Slew       Delay        Time   Description
---------------------------------------------------------------------------------------------
                                  0.000000    0.000000   clock wr_clk (rise edge)
                                  0.000000    0.000000   clock source latency
     1    0.023866    0.084296    0.058566    0.058566 ^ wr_clk (in)
                                                         wr_clk (net)
                      0.084348    0.000000    0.058566 ^ clkbuf_0_wr_clk/A (sky130_fd_sc_hd__clkbuf_16)
    16    0.103559    0.091422    0.146129    0.204695 ^ clkbuf_0_wr_clk/X (sky130_fd_sc_hd__clkbuf_16)
                                                         clknet_0_wr_clk (net)
                      0.091499    0.001434    0.206129 ^ clkbuf_4_15_0_wr_clk/A (sky130_fd_sc_hd__clkbuf_8)
     7    0.034005    0.054455    0.117985    0.324114 ^ clkbuf_4_15_0_wr_clk/X (sky130_fd_sc_hd__clkbuf_8)
                                                         clknet_4_15_0_wr_clk (net)
                      0.054456    0.000269    0.324383 ^ _756_/CLK (sky130_fd_sc_hd__dfrtp_1)
     1    0.002238    0.028629    0.200421    0.524804 ^ _756_/Q (sky130_fd_sc_hd__dfrtp_1)
                                                         net24 (net)
                      0.028629    0.000020    0.524824 ^ output24/A (sky130_fd_sc_hd__buf_2)
     1    0.033924    0.126960    0.135985    0.660810 ^ output24/X (sky130_fd_sc_hd__buf_2)
                                                         afull (net)
                      0.126960    0.000181    0.660990 ^ afull (out)
                                              0.660990   data arrival time

                                  0.000000    0.000000   clock wr_clk (rise edge)
                                  0.000000    0.000000   clock network delay (propagated)
                                  0.250000    0.250000   clock uncertainty
                                  0.000000    0.250000   clock reconvergence pessimism
                                 -2.000000   -1.750000   output external delay
                                             -1.750000   data required time
---------------------------------------------------------------------------------------------
                                             -1.750000   data required time
                                             -0.660990   data arrival time
---------------------------------------------------------------------------------------------
                                              2.410990   slack (MET)


Startpoint: _755_ (rising edge-triggered flip-flop clocked by wr_clk)
Endpoint: full (output port clocked by wr_clk)
Path Group: wr_clk
Path Type: min

Fanout         Cap        Slew       Delay        Time   Description
---------------------------------------------------------------------------------------------
                                  0.000000    0.000000   clock wr_clk (rise edge)
                                  0.000000    0.000000   clock source latency
     1    0.023866    0.084296    0.058566    0.058566 ^ wr_clk (in)
                                                         wr_clk (net)
                      0.084348    0.000000    0.058566 ^ clkbuf_0_wr_clk/A (sky130_fd_sc_hd__clkbuf_16)
    16    0.103559    0.091422    0.146129    0.204695 ^ clkbuf_0_wr_clk/X (sky130_fd_sc_hd__clkbuf_16)
                                                         clknet_0_wr_clk (net)
                      0.091488    0.001187    0.205883 ^ clkbuf_4_13_0_wr_clk/A (sky130_fd_sc_hd__clkbuf_8)
     8    0.041541    0.063558    0.124623    0.330506 ^ clkbuf_4_13_0_wr_clk/X (sky130_fd_sc_hd__clkbuf_8)
                                                         clknet_4_13_0_wr_clk (net)
                      0.063566    0.000744    0.331249 ^ _755_/CLK (sky130_fd_sc_hd__dfrtp_1)
     2    0.004223    0.032702    0.236126    0.567375 v _755_/Q (sky130_fd_sc_hd__dfrtp_1)
                                                         net26 (net)
                      0.032702    0.000035    0.567410 v output26/A (sky130_fd_sc_hd__buf_2)
     1    0.034392    0.062863    0.118646    0.686056 v output26/X (sky130_fd_sc_hd__buf_2)
                                                         full (net)
                      0.062865    0.000409    0.686465 v full (out)
                                              0.686465   data arrival time

                                  0.000000    0.000000   clock wr_clk (rise edge)
                                  0.000000    0.000000   clock network delay (propagated)
                                  0.250000    0.250000   clock uncertainty
                                  0.000000    0.250000   clock reconvergence pessimism
                                 -2.000000   -1.750000   output external delay
                                             -1.750000   data required time
---------------------------------------------------------------------------------------------
                                             -1.750000   data required time
                                             -0.686465   data arrival time
---------------------------------------------------------------------------------------------
                                              2.436465   slack (MET)



