
===========================================================================
report_checks -path_delay min (Hold)
============================================================================
======================= nom_ss_100C_1v60 Corner ===================================

Startpoint: _902_ (rising edge-triggered flip-flop clocked by wr_clk)
Endpoint: _907_ (rising edge-triggered flip-flop clocked by wr_clk)
Path Group: wr_clk
Path Type: min

Fanout         Cap        Slew       Delay        Time   Description
---------------------------------------------------------------------------------------------
                      0.150000    0.000000    0.000000   clock wr_clk (rise edge)
                                  0.000000    0.000000   clock network delay (ideal)
                      0.150000    0.000000    0.000000 ^ _902_/CLK (sky130_fd_sc_hd__dfrtp_2)
     1    0.001853    0.064404    0.700576    0.700576 ^ _902_/Q (sky130_fd_sc_hd__dfrtp_2)
                                                         rd_gray_sync1[0] (net)
                      0.064404    0.000000    0.700576 ^ _907_/D (sky130_fd_sc_hd__dfrtp_2)
                                              0.700576   data arrival time

                      0.150000    0.000000    0.000000   clock wr_clk (rise edge)
                                  0.000000    0.000000   clock network delay (ideal)
                                  0.250000    0.250000   clock uncertainty
                                  0.000000    0.250000   clock reconvergence pessimism
                                              0.250000 ^ _907_/CLK (sky130_fd_sc_hd__dfrtp_2)
                                 -0.062500    0.187500   library hold time
                                              0.187500   data required time
---------------------------------------------------------------------------------------------
                                              0.187500   data required time
                                             -0.700576   data arrival time
---------------------------------------------------------------------------------------------
                                              0.513076   slack (MET)


Startpoint: _903_ (rising edge-triggered flip-flop clocked by wr_clk)
Endpoint: _908_ (rising edge-triggered flip-flop clocked by wr_clk)
Path Group: wr_clk
Path Type: min

Fanout         Cap        Slew       Delay        Time   Description
---------------------------------------------------------------------------------------------
                      0.150000    0.000000    0.000000   clock wr_clk (rise edge)
                                  0.000000    0.000000   clock network delay (ideal)
                      0.150000    0.000000    0.000000 ^ _903_/CLK (sky130_fd_sc_hd__dfrtp_2)
     1    0.001853    0.064404    0.700576    0.700576 ^ _903_/Q (sky130_fd_sc_hd__dfrtp_2)
                                                         rd_gray_sync1[1] (net)
                      0.064404    0.000000    0.700576 ^ _908_/D (sky130_fd_sc_hd__dfrtp_2)
                                              0.700576   data arrival time

                      0.150000    0.000000    0.000000   clock wr_clk (rise edge)
                                  0.000000    0.000000   clock network delay (ideal)
                                  0.250000    0.250000   clock uncertainty
                                  0.000000    0.250000   clock reconvergence pessimism
                                              0.250000 ^ _908_/CLK (sky130_fd_sc_hd__dfrtp_2)
                                 -0.062500    0.187500   library hold time
                                              0.187500   data required time
---------------------------------------------------------------------------------------------
                                              0.187500   data required time
                                             -0.700576   data arrival time
---------------------------------------------------------------------------------------------
                                              0.513076   slack (MET)


Startpoint: _904_ (rising edge-triggered flip-flop clocked by wr_clk)
Endpoint: _909_ (rising edge-triggered flip-flop clocked by wr_clk)
Path Group: wr_clk
Path Type: min

Fanout         Cap        Slew       Delay        Time   Description
---------------------------------------------------------------------------------------------
                      0.150000    0.000000    0.000000   clock wr_clk (rise edge)
                                  0.000000    0.000000   clock network delay (ideal)
                      0.150000    0.000000    0.000000 ^ _904_/CLK (sky130_fd_sc_hd__dfrtp_2)
     1    0.001853    0.064404    0.700576    0.700576 ^ _904_/Q (sky130_fd_sc_hd__dfrtp_2)
                                                         rd_gray_sync1[2] (net)
                      0.064404    0.000000    0.700576 ^ _909_/D (sky130_fd_sc_hd__dfrtp_2)
                                              0.700576   data arrival time

                      0.150000    0.000000    0.000000   clock wr_clk (rise edge)
                                  0.000000    0.000000   clock network delay (ideal)
                                  0.250000    0.250000   clock uncertainty
                                  0.000000    0.250000   clock reconvergence pessimism
                                              0.250000 ^ _909_/CLK (sky130_fd_sc_hd__dfrtp_2)
                                 -0.062500    0.187500   library hold time
                                              0.187500   data required time
---------------------------------------------------------------------------------------------
                                              0.187500   data required time
                                             -0.700576   data arrival time
---------------------------------------------------------------------------------------------
                                              0.513076   slack (MET)


Startpoint: _905_ (rising edge-triggered flip-flop clocked by wr_clk)
Endpoint: _910_ (rising edge-triggered flip-flop clocked by wr_clk)
Path Group: wr_clk
Path Type: min

Fanout         Cap        Slew       Delay        Time   Description
---------------------------------------------------------------------------------------------
                      0.150000    0.000000    0.000000   clock wr_clk (rise edge)
                                  0.000000    0.000000   clock network delay (ideal)
                      0.150000    0.000000    0.000000 ^ _905_/CLK (sky130_fd_sc_hd__dfrtp_2)
     1    0.001853    0.064404    0.700576    0.700576 ^ _905_/Q (sky130_fd_sc_hd__dfrtp_2)
                                                         rd_gray_sync1[3] (net)
                      0.064404    0.000000    0.700576 ^ _910_/D (sky130_fd_sc_hd__dfrtp_2)
                                              0.700576   data arrival time

                      0.150000    0.000000    0.000000   clock wr_clk (rise edge)
                                  0.000000    0.000000   clock network delay (ideal)
                                  0.250000    0.250000   clock uncertainty
                                  0.000000    0.250000   clock reconvergence pessimism
                                              0.250000 ^ _910_/CLK (sky130_fd_sc_hd__dfrtp_2)
                                 -0.062500    0.187500   library hold time
                                              0.187500   data required time
---------------------------------------------------------------------------------------------
                                              0.187500   data required time
                                             -0.700576   data arrival time
---------------------------------------------------------------------------------------------
                                              0.513076   slack (MET)


Startpoint: _906_ (rising edge-triggered flip-flop clocked by wr_clk)
Endpoint: _911_ (rising edge-triggered flip-flop clocked by wr_clk)
Path Group: wr_clk
Path Type: min

Fanout         Cap        Slew       Delay        Time   Description
---------------------------------------------------------------------------------------------
                      0.150000    0.000000    0.000000   clock wr_clk (rise edge)
                                  0.000000    0.000000   clock network delay (ideal)
                      0.150000    0.000000    0.000000 ^ _906_/CLK (sky130_fd_sc_hd__dfrtp_2)
     1    0.001853    0.064404    0.700576    0.700576 ^ _906_/Q (sky130_fd_sc_hd__dfrtp_2)
                                                         rd_gray_sync1[4] (net)
                      0.064404    0.000000    0.700576 ^ _911_/D (sky130_fd_sc_hd__dfrtp_2)
                                              0.700576   data arrival time

                      0.150000    0.000000    0.000000   clock wr_clk (rise edge)
                                  0.000000    0.000000   clock network delay (ideal)
                                  0.250000    0.250000   clock uncertainty
                                  0.000000    0.250000   clock reconvergence pessimism
                                              0.250000 ^ _911_/CLK (sky130_fd_sc_hd__dfrtp_2)
                                 -0.062500    0.187500   library hold time
                                              0.187500   data required time
---------------------------------------------------------------------------------------------
                                              0.187500   data required time
                                             -0.700576   data arrival time
---------------------------------------------------------------------------------------------
                                              0.513076   slack (MET)


Startpoint: _758_ (rising edge-triggered flip-flop clocked by wr_clk)
Endpoint: _758_ (rising edge-triggered flip-flop clocked by wr_clk)
Path Group: wr_clk
Path Type: min

Fanout         Cap        Slew       Delay        Time   Description
---------------------------------------------------------------------------------------------
                      0.150000    0.000000    0.000000   clock wr_clk (rise edge)
                                  0.000000    0.000000   clock network delay (ideal)
                      0.150000    0.000000    0.000000 ^ _758_/CLK (sky130_fd_sc_hd__dfxtp_2)
     2    0.003315    0.058002    0.674616    0.674616 ^ _758_/Q (sky130_fd_sc_hd__dfxtp_2)
                                                         mem[14][0] (net)
                      0.058002    0.000000    0.674616 ^ _607_/A0 (sky130_fd_sc_hd__mux2_1)
     1    0.001537    0.059032    0.201408    0.876024 ^ _607_/X (sky130_fd_sc_hd__mux2_1)
                                                         _008_ (net)
                      0.059032    0.000000    0.876024 ^ _758_/D (sky130_fd_sc_hd__dfxtp_2)
                                              0.876024   data arrival time

                      0.150000    0.000000    0.000000   clock wr_clk (rise edge)
                                  0.000000    0.000000   clock network delay (ideal)
                                  0.250000    0.250000   clock uncertainty
                                  0.000000    0.250000   clock reconvergence pessimism
                                              0.250000 ^ _758_/CLK (sky130_fd_sc_hd__dfxtp_2)
                                 -0.056687    0.193313   library hold time
                                              0.193313   data required time
---------------------------------------------------------------------------------------------
                                              0.193313   data required time
                                             -0.876024   data arrival time
---------------------------------------------------------------------------------------------
                                              0.682711   slack (MET)


Startpoint: _759_ (rising edge-triggered flip-flop clocked by wr_clk)
Endpoint: _759_ (rising edge-triggered flip-flop clocked by wr_clk)
Path Group: wr_clk
Path Type: min

Fanout         Cap        Slew       Delay        Time   Description
---------------------------------------------------------------------------------------------
                      0.150000    0.000000    0.000000   clock wr_clk (rise edge)
                                  0.000000    0.000000   clock network delay (ideal)
                      0.150000    0.000000    0.000000 ^ _759_/CLK (sky130_fd_sc_hd__dfxtp_2)
     2    0.003315    0.058002    0.674616    0.674616 ^ _759_/Q (sky130_fd_sc_hd__dfxtp_2)
                                                         mem[14][1] (net)
                      0.058002    0.000000    0.674616 ^ _608_/A0 (sky130_fd_sc_hd__mux2_1)
     1    0.001537    0.059032    0.201408    0.876024 ^ _608_/X (sky130_fd_sc_hd__mux2_1)
                                                         _009_ (net)
                      0.059032    0.000000    0.876024 ^ _759_/D (sky130_fd_sc_hd__dfxtp_2)
                                              0.876024   data arrival time

                      0.150000    0.000000    0.000000   clock wr_clk (rise edge)
                                  0.000000    0.000000   clock network delay (ideal)
                                  0.250000    0.250000   clock uncertainty
                                  0.000000    0.250000   clock reconvergence pessimism
                                              0.250000 ^ _759_/CLK (sky130_fd_sc_hd__dfxtp_2)
                                 -0.056687    0.193313   library hold time
                                              0.193313   data required time
---------------------------------------------------------------------------------------------
                                              0.193313   data required time
                                             -0.876024   data arrival time
---------------------------------------------------------------------------------------------
                                              0.682711   slack (MET)


Startpoint: _760_ (rising edge-triggered flip-flop clocked by wr_clk)
Endpoint: _760_ (rising edge-triggered flip-flop clocked by wr_clk)
Path Group: wr_clk
Path Type: min

Fanout         Cap        Slew       Delay        Time   Description
---------------------------------------------------------------------------------------------
                      0.150000    0.000000    0.000000   clock wr_clk (rise edge)
                                  0.000000    0.000000   clock network delay (ideal)
                      0.150000    0.000000    0.000000 ^ _760_/CLK (sky130_fd_sc_hd__dfxtp_2)
     2    0.003315    0.058002    0.674616    0.674616 ^ _760_/Q (sky130_fd_sc_hd__dfxtp_2)
                                                         mem[14][2] (net)
                      0.058002    0.000000    0.674616 ^ _609_/A0 (sky130_fd_sc_hd__mux2_1)
     1    0.001537    0.059032    0.201408    0.876024 ^ _609_/X (sky130_fd_sc_hd__mux2_1)
                                                         _010_ (net)
                      0.059032    0.000000    0.876024 ^ _760_/D (sky130_fd_sc_hd__dfxtp_2)
                                              0.876024   data arrival time

                      0.150000    0.000000    0.000000   clock wr_clk (rise edge)
                                  0.000000    0.000000   clock network delay (ideal)
                                  0.250000    0.250000   clock uncertainty
                                  0.000000    0.250000   clock reconvergence pessimism
                                              0.250000 ^ _760_/CLK (sky130_fd_sc_hd__dfxtp_2)
                                 -0.056687    0.193313   library hold time
                                              0.193313   data required time
---------------------------------------------------------------------------------------------
                                              0.193313   data required time
                                             -0.876024   data arrival time
---------------------------------------------------------------------------------------------
                                              0.682711   slack (MET)


Startpoint: _761_ (rising edge-triggered flip-flop clocked by wr_clk)
Endpoint: _761_ (rising edge-triggered flip-flop clocked by wr_clk)
Path Group: wr_clk
Path Type: min

Fanout         Cap        Slew       Delay        Time   Description
---------------------------------------------------------------------------------------------
                      0.150000    0.000000    0.000000   clock wr_clk (rise edge)
                                  0.000000    0.000000   clock network delay (ideal)
                      0.150000    0.000000    0.000000 ^ _761_/CLK (sky130_fd_sc_hd__dfxtp_2)
     2    0.003315    0.058002    0.674616    0.674616 ^ _761_/Q (sky130_fd_sc_hd__dfxtp_2)
                                                         mem[14][3] (net)
                      0.058002    0.000000    0.674616 ^ _610_/A0 (sky130_fd_sc_hd__mux2_1)
     1    0.001537    0.059032    0.201408    0.876024 ^ _610_/X (sky130_fd_sc_hd__mux2_1)
                                                         _011_ (net)
                      0.059032    0.000000    0.876024 ^ _761_/D (sky130_fd_sc_hd__dfxtp_2)
                                              0.876024   data arrival time

                      0.150000    0.000000    0.000000   clock wr_clk (rise edge)
                                  0.000000    0.000000   clock network delay (ideal)
                                  0.250000    0.250000   clock uncertainty
                                  0.000000    0.250000   clock reconvergence pessimism
                                              0.250000 ^ _761_/CLK (sky130_fd_sc_hd__dfxtp_2)
                                 -0.056687    0.193313   library hold time
                                              0.193313   data required time
---------------------------------------------------------------------------------------------
                                              0.193313   data required time
                                             -0.876024   data arrival time
---------------------------------------------------------------------------------------------
                                              0.682711   slack (MET)


Startpoint: _762_ (rising edge-triggered flip-flop clocked by wr_clk)
Endpoint: _762_ (rising edge-triggered flip-flop clocked by wr_clk)
Path Group: wr_clk
Path Type: min

Fanout         Cap        Slew       Delay        Time   Description
---------------------------------------------------------------------------------------------
                      0.150000    0.000000    0.000000   clock wr_clk (rise edge)
                                  0.000000    0.000000   clock network delay (ideal)
                      0.150000    0.000000    0.000000 ^ _762_/CLK (sky130_fd_sc_hd__dfxtp_2)
     2    0.003315    0.058002    0.674616    0.674616 ^ _762_/Q (sky130_fd_sc_hd__dfxtp_2)
                                                         mem[14][4] (net)
                      0.058002    0.000000    0.674616 ^ _611_/A0 (sky130_fd_sc_hd__mux2_1)
     1    0.001537    0.059032    0.201408    0.876024 ^ _611_/X (sky130_fd_sc_hd__mux2_1)
                                                         _012_ (net)
                      0.059032    0.000000    0.876024 ^ _762_/D (sky130_fd_sc_hd__dfxtp_2)
                                              0.876024   data arrival time

                      0.150000    0.000000    0.000000   clock wr_clk (rise edge)
                                  0.000000    0.000000   clock network delay (ideal)
                                  0.250000    0.250000   clock uncertainty
                                  0.000000    0.250000   clock reconvergence pessimism
                                              0.250000 ^ _762_/CLK (sky130_fd_sc_hd__dfxtp_2)
                                 -0.056687    0.193313   library hold time
                                              0.193313   data required time
---------------------------------------------------------------------------------------------
                                              0.193313   data required time
                                             -0.876024   data arrival time
---------------------------------------------------------------------------------------------
                                              0.682711   slack (MET)


Startpoint: _763_ (rising edge-triggered flip-flop clocked by wr_clk)
Endpoint: _763_ (rising edge-triggered flip-flop clocked by wr_clk)
Path Group: wr_clk
Path Type: min

Fanout         Cap        Slew       Delay        Time   Description
---------------------------------------------------------------------------------------------
                      0.150000    0.000000    0.000000   clock wr_clk (rise edge)
                                  0.000000    0.000000   clock network delay (ideal)
                      0.150000    0.000000    0.000000 ^ _763_/CLK (sky130_fd_sc_hd__dfxtp_2)
     2    0.003315    0.058002    0.674616    0.674616 ^ _763_/Q (sky130_fd_sc_hd__dfxtp_2)
                                                         mem[14][5] (net)
                      0.058002    0.000000    0.674616 ^ _612_/A0 (sky130_fd_sc_hd__mux2_1)
     1    0.001537    0.059032    0.201408    0.876024 ^ _612_/X (sky130_fd_sc_hd__mux2_1)
                                                         _013_ (net)
                      0.059032    0.000000    0.876024 ^ _763_/D (sky130_fd_sc_hd__dfxtp_2)
                                              0.876024   data arrival time

                      0.150000    0.000000    0.000000   clock wr_clk (rise edge)
                                  0.000000    0.000000   clock network delay (ideal)
                                  0.250000    0.250000   clock uncertainty
                                  0.000000    0.250000   clock reconvergence pessimism
                                              0.250000 ^ _763_/CLK (sky130_fd_sc_hd__dfxtp_2)
                                 -0.056687    0.193313   library hold time
                                              0.193313   data required time
---------------------------------------------------------------------------------------------
                                              0.193313   data required time
                                             -0.876024   data arrival time
---------------------------------------------------------------------------------------------
                                              0.682711   slack (MET)


Startpoint: _764_ (rising edge-triggered flip-flop clocked by wr_clk)
Endpoint: _764_ (rising edge-triggered flip-flop clocked by wr_clk)
Path Group: wr_clk
Path Type: min

Fanout         Cap        Slew       Delay        Time   Description
---------------------------------------------------------------------------------------------
                      0.150000    0.000000    0.000000   clock wr_clk (rise edge)
                                  0.000000    0.000000   clock network delay (ideal)
                      0.150000    0.000000    0.000000 ^ _764_/CLK (sky130_fd_sc_hd__dfxtp_2)
     2    0.003315    0.058002    0.674616    0.674616 ^ _764_/Q (sky130_fd_sc_hd__dfxtp_2)
                                                         mem[14][6] (net)
                      0.058002    0.000000    0.674616 ^ _613_/A0 (sky130_fd_sc_hd__mux2_1)
     1    0.001537    0.059032    0.201408    0.876024 ^ _613_/X (sky130_fd_sc_hd__mux2_1)
                                                         _014_ (net)
                      0.059032    0.000000    0.876024 ^ _764_/D (sky130_fd_sc_hd__dfxtp_2)
                                              0.876024   data arrival time

                      0.150000    0.000000    0.000000   clock wr_clk (rise edge)
                                  0.000000    0.000000   clock network delay (ideal)
                                  0.250000    0.250000   clock uncertainty
                                  0.000000    0.250000   clock reconvergence pessimism
                                              0.250000 ^ _764_/CLK (sky130_fd_sc_hd__dfxtp_2)
                                 -0.056687    0.193313   library hold time
                                              0.193313   data required time
---------------------------------------------------------------------------------------------
                                              0.193313   data required time
                                             -0.876024   data arrival time
---------------------------------------------------------------------------------------------
                                              0.682711   slack (MET)


Startpoint: _765_ (rising edge-triggered flip-flop clocked by wr_clk)
Endpoint: _765_ (rising edge-triggered flip-flop clocked by wr_clk)
Path Group: wr_clk
Path Type: min

Fanout         Cap        Slew       Delay        Time   Description
---------------------------------------------------------------------------------------------
                      0.150000    0.000000    0.000000   clock wr_clk (rise edge)
                                  0.000000    0.000000   clock network delay (ideal)
                      0.150000    0.000000    0.000000 ^ _765_/CLK (sky130_fd_sc_hd__dfxtp_2)
     2    0.003315    0.058002    0.674616    0.674616 ^ _765_/Q (sky130_fd_sc_hd__dfxtp_2)
                                                         mem[14][7] (net)
                      0.058002    0.000000    0.674616 ^ _614_/A0 (sky130_fd_sc_hd__mux2_1)
     1    0.001537    0.059032    0.201408    0.876024 ^ _614_/X (sky130_fd_sc_hd__mux2_1)
                                                         _015_ (net)
                      0.059032    0.000000    0.876024 ^ _765_/D (sky130_fd_sc_hd__dfxtp_2)
                                              0.876024   data arrival time

                      0.150000    0.000000    0.000000   clock wr_clk (rise edge)
                                  0.000000    0.000000   clock network delay (ideal)
                                  0.250000    0.250000   clock uncertainty
                                  0.000000    0.250000   clock reconvergence pessimism
                                              0.250000 ^ _765_/CLK (sky130_fd_sc_hd__dfxtp_2)
                                 -0.056687    0.193313   library hold time
                                              0.193313   data required time
---------------------------------------------------------------------------------------------
                                              0.193313   data required time
                                             -0.876024   data arrival time
---------------------------------------------------------------------------------------------
                                              0.682711   slack (MET)


Startpoint: _844_ (rising edge-triggered flip-flop clocked by wr_clk)
Endpoint: _844_ (rising edge-triggered flip-flop clocked by wr_clk)
Path Group: wr_clk
Path Type: min

Fanout         Cap        Slew       Delay        Time   Description
---------------------------------------------------------------------------------------------
                      0.150000    0.000000    0.000000   clock wr_clk (rise edge)
                                  0.000000    0.000000   clock network delay (ideal)
                      0.150000    0.000000    0.000000 ^ _844_/CLK (sky130_fd_sc_hd__dfxtp_2)
     2    0.003315    0.058002    0.674616    0.674616 ^ _844_/Q (sky130_fd_sc_hd__dfxtp_2)
                                                         mem[2][6] (net)
                      0.058002    0.000000    0.674616 ^ _704_/A0 (sky130_fd_sc_hd__mux2_1)
     1    0.001537    0.059029    0.201408    0.876024 ^ _704_/X (sky130_fd_sc_hd__mux2_1)
                                                         _094_ (net)
                      0.059029    0.000000    0.876024 ^ _844_/D (sky130_fd_sc_hd__dfxtp_2)
                                              0.876024   data arrival time

                      0.150000    0.000000    0.000000   clock wr_clk (rise edge)
                                  0.000000    0.000000   clock network delay (ideal)
                                  0.250000    0.250000   clock uncertainty
                                  0.000000    0.250000   clock reconvergence pessimism
                                              0.250000 ^ _844_/CLK (sky130_fd_sc_hd__dfxtp_2)
                                 -0.056687    0.193313   library hold time
                                              0.193313   data required time
---------------------------------------------------------------------------------------------
                                              0.193313   data required time
                                             -0.876024   data arrival time
---------------------------------------------------------------------------------------------
                                              0.682711   slack (MET)


Startpoint: _845_ (rising edge-triggered flip-flop clocked by wr_clk)
Endpoint: _845_ (rising edge-triggered flip-flop clocked by wr_clk)
Path Group: wr_clk
Path Type: min

Fanout         Cap        Slew       Delay        Time   Description
---------------------------------------------------------------------------------------------
                      0.150000    0.000000    0.000000   clock wr_clk (rise edge)
                                  0.000000    0.000000   clock network delay (ideal)
                      0.150000    0.000000    0.000000 ^ _845_/CLK (sky130_fd_sc_hd__dfxtp_2)
     2    0.003315    0.058002    0.674616    0.674616 ^ _845_/Q (sky130_fd_sc_hd__dfxtp_2)
                                                         mem[2][7] (net)
                      0.058002    0.000000    0.674616 ^ _705_/A0 (sky130_fd_sc_hd__mux2_1)
     1    0.001537    0.059029    0.201408    0.876024 ^ _705_/X (sky130_fd_sc_hd__mux2_1)
                                                         _095_ (net)
                      0.059029    0.000000    0.876024 ^ _845_/D (sky130_fd_sc_hd__dfxtp_2)
                                              0.876024   data arrival time

                      0.150000    0.000000    0.000000   clock wr_clk (rise edge)
                                  0.000000    0.000000   clock network delay (ideal)
                                  0.250000    0.250000   clock uncertainty
                                  0.000000    0.250000   clock reconvergence pessimism
                                              0.250000 ^ _845_/CLK (sky130_fd_sc_hd__dfxtp_2)
                                 -0.056687    0.193313   library hold time
                                              0.193313   data required time
---------------------------------------------------------------------------------------------
                                              0.193313   data required time
                                             -0.876024   data arrival time
---------------------------------------------------------------------------------------------
                                              0.682711   slack (MET)


Startpoint: _798_ (rising edge-triggered flip-flop clocked by wr_clk)
Endpoint: _798_ (rising edge-triggered flip-flop clocked by wr_clk)
Path Group: wr_clk
Path Type: min

Fanout         Cap        Slew       Delay        Time   Description
---------------------------------------------------------------------------------------------
                      0.150000    0.000000    0.000000   clock wr_clk (rise edge)
                                  0.000000    0.000000   clock network delay (ideal)
                      0.150000    0.000000    0.000000 ^ _798_/CLK (sky130_fd_sc_hd__dfxtp_2)
     2    0.003315    0.058002    0.674616    0.674616 ^ _798_/Q (sky130_fd_sc_hd__dfxtp_2)
                                                         mem[10][0] (net)
                      0.058002    0.000000    0.674616 ^ _653_/A0 (sky130_fd_sc_hd__mux2_1)
     1    0.001537    0.059033    0.201408    0.876024 ^ _653_/X (sky130_fd_sc_hd__mux2_1)
                                                         _048_ (net)
                      0.059033    0.000000    0.876024 ^ _798_/D (sky130_fd_sc_hd__dfxtp_2)
                                              0.876024   data arrival time

                      0.150000    0.000000    0.000000   clock wr_clk (rise edge)
                                  0.000000    0.000000   clock network delay (ideal)
                                  0.250000    0.250000   clock uncertainty
                                  0.000000    0.250000   clock reconvergence pessimism
                                              0.250000 ^ _798_/CLK (sky130_fd_sc_hd__dfxtp_2)
                                 -0.056687    0.193313   library hold time
                                              0.193313   data required time
---------------------------------------------------------------------------------------------
                                              0.193313   data required time
                                             -0.876024   data arrival time
---------------------------------------------------------------------------------------------
                                              0.682712   slack (MET)


Startpoint: _799_ (rising edge-triggered flip-flop clocked by wr_clk)
Endpoint: _799_ (rising edge-triggered flip-flop clocked by wr_clk)
Path Group: wr_clk
Path Type: min

Fanout         Cap        Slew       Delay        Time   Description
---------------------------------------------------------------------------------------------
                      0.150000    0.000000    0.000000   clock wr_clk (rise edge)
                                  0.000000    0.000000   clock network delay (ideal)
                      0.150000    0.000000    0.000000 ^ _799_/CLK (sky130_fd_sc_hd__dfxtp_2)
     2    0.003315    0.058002    0.674616    0.674616 ^ _799_/Q (sky130_fd_sc_hd__dfxtp_2)
                                                         mem[10][1] (net)
                      0.058002    0.000000    0.674616 ^ _654_/A0 (sky130_fd_sc_hd__mux2_1)
     1    0.001537    0.059033    0.201408    0.876024 ^ _654_/X (sky130_fd_sc_hd__mux2_1)
                                                         _049_ (net)
                      0.059033    0.000000    0.876024 ^ _799_/D (sky130_fd_sc_hd__dfxtp_2)
                                              0.876024   data arrival time

                      0.150000    0.000000    0.000000   clock wr_clk (rise edge)
                                  0.000000    0.000000   clock network delay (ideal)
                                  0.250000    0.250000   clock uncertainty
                                  0.000000    0.250000   clock reconvergence pessimism
                                              0.250000 ^ _799_/CLK (sky130_fd_sc_hd__dfxtp_2)
                                 -0.056687    0.193313   library hold time
                                              0.193313   data required time
---------------------------------------------------------------------------------------------
                                              0.193313   data required time
                                             -0.876024   data arrival time
---------------------------------------------------------------------------------------------
                                              0.682712   slack (MET)


Startpoint: _800_ (rising edge-triggered flip-flop clocked by wr_clk)
Endpoint: _800_ (rising edge-triggered flip-flop clocked by wr_clk)
Path Group: wr_clk
Path Type: min

Fanout         Cap        Slew       Delay        Time   Description
---------------------------------------------------------------------------------------------
                      0.150000    0.000000    0.000000   clock wr_clk (rise edge)
                                  0.000000    0.000000   clock network delay (ideal)
                      0.150000    0.000000    0.000000 ^ _800_/CLK (sky130_fd_sc_hd__dfxtp_2)
     2    0.003315    0.058002    0.674616    0.674616 ^ _800_/Q (sky130_fd_sc_hd__dfxtp_2)
                                                         mem[10][2] (net)
                      0.058002    0.000000    0.674616 ^ _655_/A0 (sky130_fd_sc_hd__mux2_1)
     1    0.001537    0.059033    0.201408    0.876024 ^ _655_/X (sky130_fd_sc_hd__mux2_1)
                                                         _050_ (net)
                      0.059033    0.000000    0.876024 ^ _800_/D (sky130_fd_sc_hd__dfxtp_2)
                                              0.876024   data arrival time

                      0.150000    0.000000    0.000000   clock wr_clk (rise edge)
                                  0.000000    0.000000   clock network delay (ideal)
                                  0.250000    0.250000   clock uncertainty
                                  0.000000    0.250000   clock reconvergence pessimism
                                              0.250000 ^ _800_/CLK (sky130_fd_sc_hd__dfxtp_2)
                                 -0.056687    0.193313   library hold time
                                              0.193313   data required time
---------------------------------------------------------------------------------------------
                                              0.193313   data required time
                                             -0.876024   data arrival time
---------------------------------------------------------------------------------------------
                                              0.682712   slack (MET)


Startpoint: _801_ (rising edge-triggered flip-flop clocked by wr_clk)
Endpoint: _801_ (rising edge-triggered flip-flop clocked by wr_clk)
Path Group: wr_clk
Path Type: min

Fanout         Cap        Slew       Delay        Time   Description
---------------------------------------------------------------------------------------------
                      0.150000    0.000000    0.000000   clock wr_clk (rise edge)
                                  0.000000    0.000000   clock network delay (ideal)
                      0.150000    0.000000    0.000000 ^ _801_/CLK (sky130_fd_sc_hd__dfxtp_2)
     2    0.003315    0.058002    0.674616    0.674616 ^ _801_/Q (sky130_fd_sc_hd__dfxtp_2)
                                                         mem[10][3] (net)
                      0.058002    0.000000    0.674616 ^ _656_/A0 (sky130_fd_sc_hd__mux2_1)
     1    0.001537    0.059033    0.201408    0.876024 ^ _656_/X (sky130_fd_sc_hd__mux2_1)
                                                         _051_ (net)
                      0.059033    0.000000    0.876024 ^ _801_/D (sky130_fd_sc_hd__dfxtp_2)
                                              0.876024   data arrival time

                      0.150000    0.000000    0.000000   clock wr_clk (rise edge)
                                  0.000000    0.000000   clock network delay (ideal)
                                  0.250000    0.250000   clock uncertainty
                                  0.000000    0.250000   clock reconvergence pessimism
                                              0.250000 ^ _801_/CLK (sky130_fd_sc_hd__dfxtp_2)
                                 -0.056687    0.193313   library hold time
                                              0.193313   data required time
---------------------------------------------------------------------------------------------
                                              0.193313   data required time
                                             -0.876024   data arrival time
---------------------------------------------------------------------------------------------
                                              0.682712   slack (MET)


Startpoint: _802_ (rising edge-triggered flip-flop clocked by wr_clk)
Endpoint: _802_ (rising edge-triggered flip-flop clocked by wr_clk)
Path Group: wr_clk
Path Type: min

Fanout         Cap        Slew       Delay        Time   Description
---------------------------------------------------------------------------------------------
                      0.150000    0.000000    0.000000   clock wr_clk (rise edge)
                                  0.000000    0.000000   clock network delay (ideal)
                      0.150000    0.000000    0.000000 ^ _802_/CLK (sky130_fd_sc_hd__dfxtp_2)
     2    0.003315    0.058002    0.674616    0.674616 ^ _802_/Q (sky130_fd_sc_hd__dfxtp_2)
                                                         mem[10][4] (net)
                      0.058002    0.000000    0.674616 ^ _657_/A0 (sky130_fd_sc_hd__mux2_1)
     1    0.001537    0.059033    0.201408    0.876024 ^ _657_/X (sky130_fd_sc_hd__mux2_1)
                                                         _052_ (net)
                      0.059033    0.000000    0.876024 ^ _802_/D (sky130_fd_sc_hd__dfxtp_2)
                                              0.876024   data arrival time

                      0.150000    0.000000    0.000000   clock wr_clk (rise edge)
                                  0.000000    0.000000   clock network delay (ideal)
                                  0.250000    0.250000   clock uncertainty
                                  0.000000    0.250000   clock reconvergence pessimism
                                              0.250000 ^ _802_/CLK (sky130_fd_sc_hd__dfxtp_2)
                                 -0.056687    0.193313   library hold time
                                              0.193313   data required time
---------------------------------------------------------------------------------------------
                                              0.193313   data required time
                                             -0.876024   data arrival time
---------------------------------------------------------------------------------------------
                                              0.682712   slack (MET)


Startpoint: _803_ (rising edge-triggered flip-flop clocked by wr_clk)
Endpoint: _803_ (rising edge-triggered flip-flop clocked by wr_clk)
Path Group: wr_clk
Path Type: min

Fanout         Cap        Slew       Delay        Time   Description
---------------------------------------------------------------------------------------------
                      0.150000    0.000000    0.000000   clock wr_clk (rise edge)
                                  0.000000    0.000000   clock network delay (ideal)
                      0.150000    0.000000    0.000000 ^ _803_/CLK (sky130_fd_sc_hd__dfxtp_2)
     2    0.003315    0.058002    0.674616    0.674616 ^ _803_/Q (sky130_fd_sc_hd__dfxtp_2)
                                                         mem[10][5] (net)
                      0.058002    0.000000    0.674616 ^ _658_/A0 (sky130_fd_sc_hd__mux2_1)
     1    0.001537    0.059033    0.201408    0.876024 ^ _658_/X (sky130_fd_sc_hd__mux2_1)
                                                         _053_ (net)
                      0.059033    0.000000    0.876024 ^ _803_/D (sky130_fd_sc_hd__dfxtp_2)
                                              0.876024   data arrival time

                      0.150000    0.000000    0.000000   clock wr_clk (rise edge)
                                  0.000000    0.000000   clock network delay (ideal)
                                  0.250000    0.250000   clock uncertainty
                                  0.000000    0.250000   clock reconvergence pessimism
                                              0.250000 ^ _803_/CLK (sky130_fd_sc_hd__dfxtp_2)
                                 -0.056687    0.193313   library hold time
                                              0.193313   data required time
---------------------------------------------------------------------------------------------
                                              0.193313   data required time
                                             -0.876024   data arrival time
---------------------------------------------------------------------------------------------
                                              0.682712   slack (MET)


Startpoint: _804_ (rising edge-triggered flip-flop clocked by wr_clk)
Endpoint: _804_ (rising edge-triggered flip-flop clocked by wr_clk)
Path Group: wr_clk
Path Type: min

Fanout         Cap        Slew       Delay        Time   Description
---------------------------------------------------------------------------------------------
                      0.150000    0.000000    0.000000   clock wr_clk (rise edge)
                                  0.000000    0.000000   clock network delay (ideal)
                      0.150000    0.000000    0.000000 ^ _804_/CLK (sky130_fd_sc_hd__dfxtp_2)
     2    0.003315    0.058002    0.674616    0.674616 ^ _804_/Q (sky130_fd_sc_hd__dfxtp_2)
                                                         mem[10][6] (net)
                      0.058002    0.000000    0.674616 ^ _659_/A0 (sky130_fd_sc_hd__mux2_1)
     1    0.001537    0.059033    0.201408    0.876024 ^ _659_/X (sky130_fd_sc_hd__mux2_1)
                                                         _054_ (net)
                      0.059033    0.000000    0.876024 ^ _804_/D (sky130_fd_sc_hd__dfxtp_2)
                                              0.876024   data arrival time

                      0.150000    0.000000    0.000000   clock wr_clk (rise edge)
                                  0.000000    0.000000   clock network delay (ideal)
                                  0.250000    0.250000   clock uncertainty
                                  0.000000    0.250000   clock reconvergence pessimism
                                              0.250000 ^ _804_/CLK (sky130_fd_sc_hd__dfxtp_2)
                                 -0.056687    0.193313   library hold time
                                              0.193313   data required time
---------------------------------------------------------------------------------------------
                                              0.193313   data required time
                                             -0.876024   data arrival time
---------------------------------------------------------------------------------------------
                                              0.682712   slack (MET)


Startpoint: _805_ (rising edge-triggered flip-flop clocked by wr_clk)
Endpoint: _805_ (rising edge-triggered flip-flop clocked by wr_clk)
Path Group: wr_clk
Path Type: min

Fanout         Cap        Slew       Delay        Time   Description
---------------------------------------------------------------------------------------------
                      0.150000    0.000000    0.000000   clock wr_clk (rise edge)
                                  0.000000    0.000000   clock network delay (ideal)
                      0.150000    0.000000    0.000000 ^ _805_/CLK (sky130_fd_sc_hd__dfxtp_2)
     2    0.003315    0.058002    0.674616    0.674616 ^ _805_/Q (sky130_fd_sc_hd__dfxtp_2)
                                                         mem[10][7] (net)
                      0.058002    0.000000    0.674616 ^ _660_/A0 (sky130_fd_sc_hd__mux2_1)
     1    0.001537    0.059033    0.201408    0.876024 ^ _660_/X (sky130_fd_sc_hd__mux2_1)
                                                         _055_ (net)
                      0.059033    0.000000    0.876024 ^ _805_/D (sky130_fd_sc_hd__dfxtp_2)
                                              0.876024   data arrival time

                      0.150000    0.000000    0.000000   clock wr_clk (rise edge)
                                  0.000000    0.000000   clock network delay (ideal)
                                  0.250000    0.250000   clock uncertainty
                                  0.000000    0.250000   clock reconvergence pessimism
                                              0.250000 ^ _805_/CLK (sky130_fd_sc_hd__dfxtp_2)
                                 -0.056687    0.193313   library hold time
                                              0.193313   data required time
---------------------------------------------------------------------------------------------
                                              0.193313   data required time
                                             -0.876024   data arrival time
---------------------------------------------------------------------------------------------
                                              0.682712   slack (MET)


Startpoint: _830_ (rising edge-triggered flip-flop clocked by wr_clk)
Endpoint: _830_ (rising edge-triggered flip-flop clocked by wr_clk)
Path Group: wr_clk
Path Type: min

Fanout         Cap        Slew       Delay        Time   Description
---------------------------------------------------------------------------------------------
                      0.150000    0.000000    0.000000   clock wr_clk (rise edge)
                                  0.000000    0.000000   clock network delay (ideal)
                      0.150000    0.000000    0.000000 ^ _830_/CLK (sky130_fd_sc_hd__dfxtp_2)
     2    0.003315    0.058002    0.674616    0.674616 ^ _830_/Q (sky130_fd_sc_hd__dfxtp_2)
                                                         mem[6][0] (net)
                      0.058002    0.000000    0.674616 ^ _689_/A0 (sky130_fd_sc_hd__mux2_1)
     1    0.001537    0.059031    0.201408    0.876024 ^ _689_/X (sky130_fd_sc_hd__mux2_1)
                                                         _080_ (net)
                      0.059031    0.000000    0.876024 ^ _830_/D (sky130_fd_sc_hd__dfxtp_2)
                                              0.876024   data arrival time

                      0.150000    0.000000    0.000000   clock wr_clk (rise edge)
                                  0.000000    0.000000   clock network delay (ideal)
                                  0.250000    0.250000   clock uncertainty
                                  0.000000    0.250000   clock reconvergence pessimism
                                              0.250000 ^ _830_/CLK (sky130_fd_sc_hd__dfxtp_2)
                                 -0.056687    0.193313   library hold time
                                              0.193313   data required time
---------------------------------------------------------------------------------------------
                                              0.193313   data required time
                                             -0.876024   data arrival time
---------------------------------------------------------------------------------------------
                                              0.682711   slack (MET)


Startpoint: _831_ (rising edge-triggered flip-flop clocked by wr_clk)
Endpoint: _831_ (rising edge-triggered flip-flop clocked by wr_clk)
Path Group: wr_clk
Path Type: min

Fanout         Cap        Slew       Delay        Time   Description
---------------------------------------------------------------------------------------------
                      0.150000    0.000000    0.000000   clock wr_clk (rise edge)
                                  0.000000    0.000000   clock network delay (ideal)
                      0.150000    0.000000    0.000000 ^ _831_/CLK (sky130_fd_sc_hd__dfxtp_2)
     2    0.003315    0.058002    0.674616    0.674616 ^ _831_/Q (sky130_fd_sc_hd__dfxtp_2)
                                                         mem[6][1] (net)
                      0.058002    0.000000    0.674616 ^ _690_/A0 (sky130_fd_sc_hd__mux2_1)
     1    0.001537    0.059031    0.201408    0.876024 ^ _690_/X (sky130_fd_sc_hd__mux2_1)
                                                         _081_ (net)
                      0.059031    0.000000    0.876024 ^ _831_/D (sky130_fd_sc_hd__dfxtp_2)
                                              0.876024   data arrival time

                      0.150000    0.000000    0.000000   clock wr_clk (rise edge)
                                  0.000000    0.000000   clock network delay (ideal)
                                  0.250000    0.250000   clock uncertainty
                                  0.000000    0.250000   clock reconvergence pessimism
                                              0.250000 ^ _831_/CLK (sky130_fd_sc_hd__dfxtp_2)
                                 -0.056687    0.193313   library hold time
                                              0.193313   data required time
---------------------------------------------------------------------------------------------
                                              0.193313   data required time
                                             -0.876024   data arrival time
---------------------------------------------------------------------------------------------
                                              0.682711   slack (MET)


Startpoint: _832_ (rising edge-triggered flip-flop clocked by wr_clk)
Endpoint: _832_ (rising edge-triggered flip-flop clocked by wr_clk)
Path Group: wr_clk
Path Type: min

Fanout         Cap        Slew       Delay        Time   Description
---------------------------------------------------------------------------------------------
                      0.150000    0.000000    0.000000   clock wr_clk (rise edge)
                                  0.000000    0.000000   clock network delay (ideal)
                      0.150000    0.000000    0.000000 ^ _832_/CLK (sky130_fd_sc_hd__dfxtp_2)
     2    0.003315    0.058002    0.674616    0.674616 ^ _832_/Q (sky130_fd_sc_hd__dfxtp_2)
                                                         mem[6][2] (net)
                      0.058002    0.000000    0.674616 ^ _691_/A0 (sky130_fd_sc_hd__mux2_1)
     1    0.001537    0.059031    0.201408    0.876024 ^ _691_/X (sky130_fd_sc_hd__mux2_1)
                                                         _082_ (net)
                      0.059031    0.000000    0.876024 ^ _832_/D (sky130_fd_sc_hd__dfxtp_2)
                                              0.876024   data arrival time

                      0.150000    0.000000    0.000000   clock wr_clk (rise edge)
                                  0.000000    0.000000   clock network delay (ideal)
                                  0.250000    0.250000   clock uncertainty
                                  0.000000    0.250000   clock reconvergence pessimism
                                              0.250000 ^ _832_/CLK (sky130_fd_sc_hd__dfxtp_2)
                                 -0.056687    0.193313   library hold time
                                              0.193313   data required time
---------------------------------------------------------------------------------------------
                                              0.193313   data required time
                                             -0.876024   data arrival time
---------------------------------------------------------------------------------------------
                                              0.682711   slack (MET)


Startpoint: _833_ (rising edge-triggered flip-flop clocked by wr_clk)
Endpoint: _833_ (rising edge-triggered flip-flop clocked by wr_clk)
Path Group: wr_clk
Path Type: min

Fanout         Cap        Slew       Delay        Time   Description
---------------------------------------------------------------------------------------------
                      0.150000    0.000000    0.000000   clock wr_clk (rise edge)
                                  0.000000    0.000000   clock network delay (ideal)
                      0.150000    0.000000    0.000000 ^ _833_/CLK (sky130_fd_sc_hd__dfxtp_2)
     2    0.003315    0.058002    0.674616    0.674616 ^ _833_/Q (sky130_fd_sc_hd__dfxtp_2)
                                                         mem[6][3] (net)
                      0.058002    0.000000    0.674616 ^ _692_/A0 (sky130_fd_sc_hd__mux2_1)
     1    0.001537    0.059031    0.201408    0.876024 ^ _692_/X (sky130_fd_sc_hd__mux2_1)
                                                         _083_ (net)
                      0.059031    0.000000    0.876024 ^ _833_/D (sky130_fd_sc_hd__dfxtp_2)
                                              0.876024   data arrival time

                      0.150000    0.000000    0.000000   clock wr_clk (rise edge)
                                  0.000000    0.000000   clock network delay (ideal)
                                  0.250000    0.250000   clock uncertainty
                                  0.000000    0.250000   clock reconvergence pessimism
                                              0.250000 ^ _833_/CLK (sky130_fd_sc_hd__dfxtp_2)
                                 -0.056687    0.193313   library hold time
                                              0.193313   data required time
---------------------------------------------------------------------------------------------
                                              0.193313   data required time
                                             -0.876024   data arrival time
---------------------------------------------------------------------------------------------
                                              0.682711   slack (MET)


Startpoint: _834_ (rising edge-triggered flip-flop clocked by wr_clk)
Endpoint: _834_ (rising edge-triggered flip-flop clocked by wr_clk)
Path Group: wr_clk
Path Type: min

Fanout         Cap        Slew       Delay        Time   Description
---------------------------------------------------------------------------------------------
                      0.150000    0.000000    0.000000   clock wr_clk (rise edge)
                                  0.000000    0.000000   clock network delay (ideal)
                      0.150000    0.000000    0.000000 ^ _834_/CLK (sky130_fd_sc_hd__dfxtp_2)
     2    0.003315    0.058002    0.674616    0.674616 ^ _834_/Q (sky130_fd_sc_hd__dfxtp_2)
                                                         mem[6][4] (net)
                      0.058002    0.000000    0.674616 ^ _693_/A0 (sky130_fd_sc_hd__mux2_1)
     1    0.001537    0.059031    0.201408    0.876024 ^ _693_/X (sky130_fd_sc_hd__mux2_1)
                                                         _084_ (net)
                      0.059031    0.000000    0.876024 ^ _834_/D (sky130_fd_sc_hd__dfxtp_2)
                                              0.876024   data arrival time

                      0.150000    0.000000    0.000000   clock wr_clk (rise edge)
                                  0.000000    0.000000   clock network delay (ideal)
                                  0.250000    0.250000   clock uncertainty
                                  0.000000    0.250000   clock reconvergence pessimism
                                              0.250000 ^ _834_/CLK (sky130_fd_sc_hd__dfxtp_2)
                                 -0.056687    0.193313   library hold time
                                              0.193313   data required time
---------------------------------------------------------------------------------------------
                                              0.193313   data required time
                                             -0.876024   data arrival time
---------------------------------------------------------------------------------------------
                                              0.682711   slack (MET)


Startpoint: _835_ (rising edge-triggered flip-flop clocked by wr_clk)
Endpoint: _835_ (rising edge-triggered flip-flop clocked by wr_clk)
Path Group: wr_clk
Path Type: min

Fanout         Cap        Slew       Delay        Time   Description
---------------------------------------------------------------------------------------------
                      0.150000    0.000000    0.000000   clock wr_clk (rise edge)
                                  0.000000    0.000000   clock network delay (ideal)
                      0.150000    0.000000    0.000000 ^ _835_/CLK (sky130_fd_sc_hd__dfxtp_2)
     2    0.003315    0.058002    0.674616    0.674616 ^ _835_/Q (sky130_fd_sc_hd__dfxtp_2)
                                                         mem[6][5] (net)
                      0.058002    0.000000    0.674616 ^ _694_/A0 (sky130_fd_sc_hd__mux2_1)
     1    0.001537    0.059031    0.201408    0.876024 ^ _694_/X (sky130_fd_sc_hd__mux2_1)
                                                         _085_ (net)
                      0.059031    0.000000    0.876024 ^ _835_/D (sky130_fd_sc_hd__dfxtp_2)
                                              0.876024   data arrival time

                      0.150000    0.000000    0.000000   clock wr_clk (rise edge)
                                  0.000000    0.000000   clock network delay (ideal)
                                  0.250000    0.250000   clock uncertainty
                                  0.000000    0.250000   clock reconvergence pessimism
                                              0.250000 ^ _835_/CLK (sky130_fd_sc_hd__dfxtp_2)
                                 -0.056687    0.193313   library hold time
                                              0.193313   data required time
---------------------------------------------------------------------------------------------
                                              0.193313   data required time
                                             -0.876024   data arrival time
---------------------------------------------------------------------------------------------
                                              0.682711   slack (MET)


Startpoint: _836_ (rising edge-triggered flip-flop clocked by wr_clk)
Endpoint: _836_ (rising edge-triggered flip-flop clocked by wr_clk)
Path Group: wr_clk
Path Type: min

Fanout         Cap        Slew       Delay        Time   Description
---------------------------------------------------------------------------------------------
                      0.150000    0.000000    0.000000   clock wr_clk (rise edge)
                                  0.000000    0.000000   clock network delay (ideal)
                      0.150000    0.000000    0.000000 ^ _836_/CLK (sky130_fd_sc_hd__dfxtp_2)
     2    0.003315    0.058002    0.674616    0.674616 ^ _836_/Q (sky130_fd_sc_hd__dfxtp_2)
                                                         mem[6][6] (net)
                      0.058002    0.000000    0.674616 ^ _695_/A0 (sky130_fd_sc_hd__mux2_1)
     1    0.001537    0.059031    0.201408    0.876024 ^ _695_/X (sky130_fd_sc_hd__mux2_1)
                                                         _086_ (net)
                      0.059031    0.000000    0.876024 ^ _836_/D (sky130_fd_sc_hd__dfxtp_2)
                                              0.876024   data arrival time

                      0.150000    0.000000    0.000000   clock wr_clk (rise edge)
                                  0.000000    0.000000   clock network delay (ideal)
                                  0.250000    0.250000   clock uncertainty
                                  0.000000    0.250000   clock reconvergence pessimism
                                              0.250000 ^ _836_/CLK (sky130_fd_sc_hd__dfxtp_2)
                                 -0.056687    0.193313   library hold time
                                              0.193313   data required time
---------------------------------------------------------------------------------------------
                                              0.193313   data required time
                                             -0.876024   data arrival time
---------------------------------------------------------------------------------------------
                                              0.682711   slack (MET)


Startpoint: _837_ (rising edge-triggered flip-flop clocked by wr_clk)
Endpoint: _837_ (rising edge-triggered flip-flop clocked by wr_clk)
Path Group: wr_clk
Path Type: min

Fanout         Cap        Slew       Delay        Time   Description
---------------------------------------------------------------------------------------------
                      0.150000    0.000000    0.000000   clock wr_clk (rise edge)
                                  0.000000    0.000000   clock network delay (ideal)
                      0.150000    0.000000    0.000000 ^ _837_/CLK (sky130_fd_sc_hd__dfxtp_2)
     2    0.003315    0.058002    0.674616    0.674616 ^ _837_/Q (sky130_fd_sc_hd__dfxtp_2)
                                                         mem[6][7] (net)
                      0.058002    0.000000    0.674616 ^ _696_/A0 (sky130_fd_sc_hd__mux2_1)
     1    0.001537    0.059031    0.201408    0.876024 ^ _696_/X (sky130_fd_sc_hd__mux2_1)
                                                         _087_ (net)
                      0.059031    0.000000    0.876024 ^ _837_/D (sky130_fd_sc_hd__dfxtp_2)
                                              0.876024   data arrival time

                      0.150000    0.000000    0.000000   clock wr_clk (rise edge)
                                  0.000000    0.000000   clock network delay (ideal)
                                  0.250000    0.250000   clock uncertainty
                                  0.000000    0.250000   clock reconvergence pessimism
                                              0.250000 ^ _837_/CLK (sky130_fd_sc_hd__dfxtp_2)
                                 -0.056687    0.193313   library hold time
                                              0.193313   data required time
---------------------------------------------------------------------------------------------
                                              0.193313   data required time
                                             -0.876024   data arrival time
---------------------------------------------------------------------------------------------
                                              0.682711   slack (MET)


Startpoint: _838_ (rising edge-triggered flip-flop clocked by wr_clk)
Endpoint: _838_ (rising edge-triggered flip-flop clocked by wr_clk)
Path Group: wr_clk
Path Type: min

Fanout         Cap        Slew       Delay        Time   Description
---------------------------------------------------------------------------------------------
                      0.150000    0.000000    0.000000   clock wr_clk (rise edge)
                                  0.000000    0.000000   clock network delay (ideal)
                      0.150000    0.000000    0.000000 ^ _838_/CLK (sky130_fd_sc_hd__dfxtp_2)
     2    0.003315    0.058002    0.674616    0.674616 ^ _838_/Q (sky130_fd_sc_hd__dfxtp_2)
                                                         mem[2][0] (net)
                      0.058002    0.000000    0.674616 ^ _698_/A0 (sky130_fd_sc_hd__mux2_1)
     1    0.001537    0.059029    0.201408    0.876024 ^ _698_/X (sky130_fd_sc_hd__mux2_1)
                                                         _088_ (net)
                      0.059029    0.000000    0.876024 ^ _838_/D (sky130_fd_sc_hd__dfxtp_2)
                                              0.876024   data arrival time

                      0.150000    0.000000    0.000000   clock wr_clk (rise edge)
                                  0.000000    0.000000   clock network delay (ideal)
                                  0.250000    0.250000   clock uncertainty
                                  0.000000    0.250000   clock reconvergence pessimism
                                              0.250000 ^ _838_/CLK (sky130_fd_sc_hd__dfxtp_2)
                                 -0.056687    0.193313   library hold time
                                              0.193313   data required time
---------------------------------------------------------------------------------------------
                                              0.193313   data required time
                                             -0.876024   data arrival time
---------------------------------------------------------------------------------------------
                                              0.682711   slack (MET)


Startpoint: _839_ (rising edge-triggered flip-flop clocked by wr_clk)
Endpoint: _839_ (rising edge-triggered flip-flop clocked by wr_clk)
Path Group: wr_clk
Path Type: min

Fanout         Cap        Slew       Delay        Time   Description
---------------------------------------------------------------------------------------------
                      0.150000    0.000000    0.000000   clock wr_clk (rise edge)
                                  0.000000    0.000000   clock network delay (ideal)
                      0.150000    0.000000    0.000000 ^ _839_/CLK (sky130_fd_sc_hd__dfxtp_2)
     2    0.003315    0.058002    0.674616    0.674616 ^ _839_/Q (sky130_fd_sc_hd__dfxtp_2)
                                                         mem[2][1] (net)
                      0.058002    0.000000    0.674616 ^ _699_/A0 (sky130_fd_sc_hd__mux2_1)
     1    0.001537    0.059029    0.201408    0.876024 ^ _699_/X (sky130_fd_sc_hd__mux2_1)
                                                         _089_ (net)
                      0.059029    0.000000    0.876024 ^ _839_/D (sky130_fd_sc_hd__dfxtp_2)
                                              0.876024   data arrival time

                      0.150000    0.000000    0.000000   clock wr_clk (rise edge)
                                  0.000000    0.000000   clock network delay (ideal)
                                  0.250000    0.250000   clock uncertainty
                                  0.000000    0.250000   clock reconvergence pessimism
                                              0.250000 ^ _839_/CLK (sky130_fd_sc_hd__dfxtp_2)
                                 -0.056687    0.193313   library hold time
                                              0.193313   data required time
---------------------------------------------------------------------------------------------
                                              0.193313   data required time
                                             -0.876024   data arrival time
---------------------------------------------------------------------------------------------
                                              0.682711   slack (MET)


Startpoint: _840_ (rising edge-triggered flip-flop clocked by wr_clk)
Endpoint: _840_ (rising edge-triggered flip-flop clocked by wr_clk)
Path Group: wr_clk
Path Type: min

Fanout         Cap        Slew       Delay        Time   Description
---------------------------------------------------------------------------------------------
                      0.150000    0.000000    0.000000   clock wr_clk (rise edge)
                                  0.000000    0.000000   clock network delay (ideal)
                      0.150000    0.000000    0.000000 ^ _840_/CLK (sky130_fd_sc_hd__dfxtp_2)
     2    0.003315    0.058002    0.674616    0.674616 ^ _840_/Q (sky130_fd_sc_hd__dfxtp_2)
                                                         mem[2][2] (net)
                      0.058002    0.000000    0.674616 ^ _700_/A0 (sky130_fd_sc_hd__mux2_1)
     1    0.001537    0.059029    0.201408    0.876024 ^ _700_/X (sky130_fd_sc_hd__mux2_1)
                                                         _090_ (net)
                      0.059029    0.000000    0.876024 ^ _840_/D (sky130_fd_sc_hd__dfxtp_2)
                                              0.876024   data arrival time

                      0.150000    0.000000    0.000000   clock wr_clk (rise edge)
                                  0.000000    0.000000   clock network delay (ideal)
                                  0.250000    0.250000   clock uncertainty
                                  0.000000    0.250000   clock reconvergence pessimism
                                              0.250000 ^ _840_/CLK (sky130_fd_sc_hd__dfxtp_2)
                                 -0.056687    0.193313   library hold time
                                              0.193313   data required time
---------------------------------------------------------------------------------------------
                                              0.193313   data required time
                                             -0.876024   data arrival time
---------------------------------------------------------------------------------------------
                                              0.682711   slack (MET)


Startpoint: _841_ (rising edge-triggered flip-flop clocked by wr_clk)
Endpoint: _841_ (rising edge-triggered flip-flop clocked by wr_clk)
Path Group: wr_clk
Path Type: min

Fanout         Cap        Slew       Delay        Time   Description
---------------------------------------------------------------------------------------------
                      0.150000    0.000000    0.000000   clock wr_clk (rise edge)
                                  0.000000    0.000000   clock network delay (ideal)
                      0.150000    0.000000    0.000000 ^ _841_/CLK (sky130_fd_sc_hd__dfxtp_2)
     2    0.003315    0.058002    0.674616    0.674616 ^ _841_/Q (sky130_fd_sc_hd__dfxtp_2)
                                                         mem[2][3] (net)
                      0.058002    0.000000    0.674616 ^ _701_/A0 (sky130_fd_sc_hd__mux2_1)
     1    0.001537    0.059029    0.201408    0.876024 ^ _701_/X (sky130_fd_sc_hd__mux2_1)
                                                         _091_ (net)
                      0.059029    0.000000    0.876024 ^ _841_/D (sky130_fd_sc_hd__dfxtp_2)
                                              0.876024   data arrival time

                      0.150000    0.000000    0.000000   clock wr_clk (rise edge)
                                  0.000000    0.000000   clock network delay (ideal)
                                  0.250000    0.250000   clock uncertainty
                                  0.000000    0.250000   clock reconvergence pessimism
                                              0.250000 ^ _841_/CLK (sky130_fd_sc_hd__dfxtp_2)
                                 -0.056687    0.193313   library hold time
                                              0.193313   data required time
---------------------------------------------------------------------------------------------
                                              0.193313   data required time
                                             -0.876024   data arrival time
---------------------------------------------------------------------------------------------
                                              0.682711   slack (MET)


Startpoint: _842_ (rising edge-triggered flip-flop clocked by wr_clk)
Endpoint: _842_ (rising edge-triggered flip-flop clocked by wr_clk)
Path Group: wr_clk
Path Type: min

Fanout         Cap        Slew       Delay        Time   Description
---------------------------------------------------------------------------------------------
                      0.150000    0.000000    0.000000   clock wr_clk (rise edge)
                                  0.000000    0.000000   clock network delay (ideal)
                      0.150000    0.000000    0.000000 ^ _842_/CLK (sky130_fd_sc_hd__dfxtp_2)
     2    0.003315    0.058002    0.674616    0.674616 ^ _842_/Q (sky130_fd_sc_hd__dfxtp_2)
                                                         mem[2][4] (net)
                      0.058002    0.000000    0.674616 ^ _702_/A0 (sky130_fd_sc_hd__mux2_1)
     1    0.001537    0.059029    0.201408    0.876024 ^ _702_/X (sky130_fd_sc_hd__mux2_1)
                                                         _092_ (net)
                      0.059029    0.000000    0.876024 ^ _842_/D (sky130_fd_sc_hd__dfxtp_2)
                                              0.876024   data arrival time

                      0.150000    0.000000    0.000000   clock wr_clk (rise edge)
                                  0.000000    0.000000   clock network delay (ideal)
                                  0.250000    0.250000   clock uncertainty
                                  0.000000    0.250000   clock reconvergence pessimism
                                              0.250000 ^ _842_/CLK (sky130_fd_sc_hd__dfxtp_2)
                                 -0.056687    0.193313   library hold time
                                              0.193313   data required time
---------------------------------------------------------------------------------------------
                                              0.193313   data required time
                                             -0.876024   data arrival time
---------------------------------------------------------------------------------------------
                                              0.682711   slack (MET)


Startpoint: _843_ (rising edge-triggered flip-flop clocked by wr_clk)
Endpoint: _843_ (rising edge-triggered flip-flop clocked by wr_clk)
Path Group: wr_clk
Path Type: min

Fanout         Cap        Slew       Delay        Time   Description
---------------------------------------------------------------------------------------------
                      0.150000    0.000000    0.000000   clock wr_clk (rise edge)
                                  0.000000    0.000000   clock network delay (ideal)
                      0.150000    0.000000    0.000000 ^ _843_/CLK (sky130_fd_sc_hd__dfxtp_2)
     2    0.003315    0.058002    0.674616    0.674616 ^ _843_/Q (sky130_fd_sc_hd__dfxtp_2)
                                                         mem[2][5] (net)
                      0.058002    0.000000    0.674616 ^ _703_/A0 (sky130_fd_sc_hd__mux2_1)
     1    0.001537    0.059029    0.201408    0.876024 ^ _703_/X (sky130_fd_sc_hd__mux2_1)
                                                         _093_ (net)
                      0.059029    0.000000    0.876024 ^ _843_/D (sky130_fd_sc_hd__dfxtp_2)
                                              0.876024   data arrival time

                      0.150000    0.000000    0.000000   clock wr_clk (rise edge)
                                  0.000000    0.000000   clock network delay (ideal)
                                  0.250000    0.250000   clock uncertainty
                                  0.000000    0.250000   clock reconvergence pessimism
                                              0.250000 ^ _843_/CLK (sky130_fd_sc_hd__dfxtp_2)
                                 -0.056687    0.193313   library hold time
                                              0.193313   data required time
---------------------------------------------------------------------------------------------
                                              0.193313   data required time
                                             -0.876024   data arrival time
---------------------------------------------------------------------------------------------
                                              0.682711   slack (MET)


Startpoint: _822_ (rising edge-triggered flip-flop clocked by wr_clk)
Endpoint: _822_ (rising edge-triggered flip-flop clocked by wr_clk)
Path Group: wr_clk
Path Type: min

Fanout         Cap        Slew       Delay        Time   Description
---------------------------------------------------------------------------------------------
                      0.150000    0.000000    0.000000   clock wr_clk (rise edge)
                                  0.000000    0.000000   clock network delay (ideal)
                      0.150000    0.000000    0.000000 ^ _822_/CLK (sky130_fd_sc_hd__dfxtp_2)
     2    0.003333    0.058130    0.674755    0.674755 ^ _822_/Q (sky130_fd_sc_hd__dfxtp_2)
                                                         mem[7][0] (net)
                      0.058130    0.000000    0.674755 ^ _680_/A0 (sky130_fd_sc_hd__mux2_1)
     1    0.001537    0.059031    0.201463    0.876218 ^ _680_/X (sky130_fd_sc_hd__mux2_1)
                                                         _072_ (net)
                      0.059031    0.000000    0.876218 ^ _822_/D (sky130_fd_sc_hd__dfxtp_2)
                                              0.876218   data arrival time

                      0.150000    0.000000    0.000000   clock wr_clk (rise edge)
                                  0.000000    0.000000   clock network delay (ideal)
                                  0.250000    0.250000   clock uncertainty
                                  0.000000    0.250000   clock reconvergence pessimism
                                              0.250000 ^ _822_/CLK (sky130_fd_sc_hd__dfxtp_2)
                                 -0.056687    0.193313   library hold time
                                              0.193313   data required time
---------------------------------------------------------------------------------------------
                                              0.193313   data required time
                                             -0.876218   data arrival time
---------------------------------------------------------------------------------------------
                                              0.682906   slack (MET)


Startpoint: _823_ (rising edge-triggered flip-flop clocked by wr_clk)
Endpoint: _823_ (rising edge-triggered flip-flop clocked by wr_clk)
Path Group: wr_clk
Path Type: min

Fanout         Cap        Slew       Delay        Time   Description
---------------------------------------------------------------------------------------------
                      0.150000    0.000000    0.000000   clock wr_clk (rise edge)
                                  0.000000    0.000000   clock network delay (ideal)
                      0.150000    0.000000    0.000000 ^ _823_/CLK (sky130_fd_sc_hd__dfxtp_2)
     2    0.003333    0.058130    0.674755    0.674755 ^ _823_/Q (sky130_fd_sc_hd__dfxtp_2)
                                                         mem[7][1] (net)
                      0.058130    0.000000    0.674755 ^ _681_/A0 (sky130_fd_sc_hd__mux2_1)
     1    0.001537    0.059031    0.201463    0.876218 ^ _681_/X (sky130_fd_sc_hd__mux2_1)
                                                         _073_ (net)
                      0.059031    0.000000    0.876218 ^ _823_/D (sky130_fd_sc_hd__dfxtp_2)
                                              0.876218   data arrival time

                      0.150000    0.000000    0.000000   clock wr_clk (rise edge)
                                  0.000000    0.000000   clock network delay (ideal)
                                  0.250000    0.250000   clock uncertainty
                                  0.000000    0.250000   clock reconvergence pessimism
                                              0.250000 ^ _823_/CLK (sky130_fd_sc_hd__dfxtp_2)
                                 -0.056687    0.193313   library hold time
                                              0.193313   data required time
---------------------------------------------------------------------------------------------
                                              0.193313   data required time
                                             -0.876218   data arrival time
---------------------------------------------------------------------------------------------
                                              0.682906   slack (MET)


Startpoint: _824_ (rising edge-triggered flip-flop clocked by wr_clk)
Endpoint: _824_ (rising edge-triggered flip-flop clocked by wr_clk)
Path Group: wr_clk
Path Type: min

Fanout         Cap        Slew       Delay        Time   Description
---------------------------------------------------------------------------------------------
                      0.150000    0.000000    0.000000   clock wr_clk (rise edge)
                                  0.000000    0.000000   clock network delay (ideal)
                      0.150000    0.000000    0.000000 ^ _824_/CLK (sky130_fd_sc_hd__dfxtp_2)
     2    0.003333    0.058130    0.674755    0.674755 ^ _824_/Q (sky130_fd_sc_hd__dfxtp_2)
                                                         mem[7][2] (net)
                      0.058130    0.000000    0.674755 ^ _682_/A0 (sky130_fd_sc_hd__mux2_1)
     1    0.001537    0.059031    0.201463    0.876218 ^ _682_/X (sky130_fd_sc_hd__mux2_1)
                                                         _074_ (net)
                      0.059031    0.000000    0.876218 ^ _824_/D (sky130_fd_sc_hd__dfxtp_2)
                                              0.876218   data arrival time

                      0.150000    0.000000    0.000000   clock wr_clk (rise edge)
                                  0.000000    0.000000   clock network delay (ideal)
                                  0.250000    0.250000   clock uncertainty
                                  0.000000    0.250000   clock reconvergence pessimism
                                              0.250000 ^ _824_/CLK (sky130_fd_sc_hd__dfxtp_2)
                                 -0.056687    0.193313   library hold time
                                              0.193313   data required time
---------------------------------------------------------------------------------------------
                                              0.193313   data required time
                                             -0.876218   data arrival time
---------------------------------------------------------------------------------------------
                                              0.682906   slack (MET)


Startpoint: _825_ (rising edge-triggered flip-flop clocked by wr_clk)
Endpoint: _825_ (rising edge-triggered flip-flop clocked by wr_clk)
Path Group: wr_clk
Path Type: min

Fanout         Cap        Slew       Delay        Time   Description
---------------------------------------------------------------------------------------------
                      0.150000    0.000000    0.000000   clock wr_clk (rise edge)
                                  0.000000    0.000000   clock network delay (ideal)
                      0.150000    0.000000    0.000000 ^ _825_/CLK (sky130_fd_sc_hd__dfxtp_2)
     2    0.003333    0.058130    0.674755    0.674755 ^ _825_/Q (sky130_fd_sc_hd__dfxtp_2)
                                                         mem[7][3] (net)
                      0.058130    0.000000    0.674755 ^ _683_/A0 (sky130_fd_sc_hd__mux2_1)
     1    0.001537    0.059031    0.201463    0.876218 ^ _683_/X (sky130_fd_sc_hd__mux2_1)
                                                         _075_ (net)
                      0.059031    0.000000    0.876218 ^ _825_/D (sky130_fd_sc_hd__dfxtp_2)
                                              0.876218   data arrival time

                      0.150000    0.000000    0.000000   clock wr_clk (rise edge)
                                  0.000000    0.000000   clock network delay (ideal)
                                  0.250000    0.250000   clock uncertainty
                                  0.000000    0.250000   clock reconvergence pessimism
                                              0.250000 ^ _825_/CLK (sky130_fd_sc_hd__dfxtp_2)
                                 -0.056687    0.193313   library hold time
                                              0.193313   data required time
---------------------------------------------------------------------------------------------
                                              0.193313   data required time
                                             -0.876218   data arrival time
---------------------------------------------------------------------------------------------
                                              0.682906   slack (MET)


Startpoint: _826_ (rising edge-triggered flip-flop clocked by wr_clk)
Endpoint: _826_ (rising edge-triggered flip-flop clocked by wr_clk)
Path Group: wr_clk
Path Type: min

Fanout         Cap        Slew       Delay        Time   Description
---------------------------------------------------------------------------------------------
                      0.150000    0.000000    0.000000   clock wr_clk (rise edge)
                                  0.000000    0.000000   clock network delay (ideal)
                      0.150000    0.000000    0.000000 ^ _826_/CLK (sky130_fd_sc_hd__dfxtp_2)
     2    0.003333    0.058130    0.674755    0.674755 ^ _826_/Q (sky130_fd_sc_hd__dfxtp_2)
                                                         mem[7][4] (net)
                      0.058130    0.000000    0.674755 ^ _684_/A0 (sky130_fd_sc_hd__mux2_1)
     1    0.001537    0.059031    0.201463    0.876218 ^ _684_/X (sky130_fd_sc_hd__mux2_1)
                                                         _076_ (net)
                      0.059031    0.000000    0.876218 ^ _826_/D (sky130_fd_sc_hd__dfxtp_2)
                                              0.876218   data arrival time

                      0.150000    0.000000    0.000000   clock wr_clk (rise edge)
                                  0.000000    0.000000   clock network delay (ideal)
                                  0.250000    0.250000   clock uncertainty
                                  0.000000    0.250000   clock reconvergence pessimism
                                              0.250000 ^ _826_/CLK (sky130_fd_sc_hd__dfxtp_2)
                                 -0.056687    0.193313   library hold time
                                              0.193313   data required time
---------------------------------------------------------------------------------------------
                                              0.193313   data required time
                                             -0.876218   data arrival time
---------------------------------------------------------------------------------------------
                                              0.682906   slack (MET)


Startpoint: _827_ (rising edge-triggered flip-flop clocked by wr_clk)
Endpoint: _827_ (rising edge-triggered flip-flop clocked by wr_clk)
Path Group: wr_clk
Path Type: min

Fanout         Cap        Slew       Delay        Time   Description
---------------------------------------------------------------------------------------------
                      0.150000    0.000000    0.000000   clock wr_clk (rise edge)
                                  0.000000    0.000000   clock network delay (ideal)
                      0.150000    0.000000    0.000000 ^ _827_/CLK (sky130_fd_sc_hd__dfxtp_2)
     2    0.003333    0.058130    0.674755    0.674755 ^ _827_/Q (sky130_fd_sc_hd__dfxtp_2)
                                                         mem[7][5] (net)
                      0.058130    0.000000    0.674755 ^ _685_/A0 (sky130_fd_sc_hd__mux2_1)
     1    0.001537    0.059031    0.201463    0.876218 ^ _685_/X (sky130_fd_sc_hd__mux2_1)
                                                         _077_ (net)
                      0.059031    0.000000    0.876218 ^ _827_/D (sky130_fd_sc_hd__dfxtp_2)
                                              0.876218   data arrival time

                      0.150000    0.000000    0.000000   clock wr_clk (rise edge)
                                  0.000000    0.000000   clock network delay (ideal)
                                  0.250000    0.250000   clock uncertainty
                                  0.000000    0.250000   clock reconvergence pessimism
                                              0.250000 ^ _827_/CLK (sky130_fd_sc_hd__dfxtp_2)
                                 -0.056687    0.193313   library hold time
                                              0.193313   data required time
---------------------------------------------------------------------------------------------
                                              0.193313   data required time
                                             -0.876218   data arrival time
---------------------------------------------------------------------------------------------
                                              0.682906   slack (MET)


Startpoint: _828_ (rising edge-triggered flip-flop clocked by wr_clk)
Endpoint: _828_ (rising edge-triggered flip-flop clocked by wr_clk)
Path Group: wr_clk
Path Type: min

Fanout         Cap        Slew       Delay        Time   Description
---------------------------------------------------------------------------------------------
                      0.150000    0.000000    0.000000   clock wr_clk (rise edge)
                                  0.000000    0.000000   clock network delay (ideal)
                      0.150000    0.000000    0.000000 ^ _828_/CLK (sky130_fd_sc_hd__dfxtp_2)
     2    0.003333    0.058130    0.674755    0.674755 ^ _828_/Q (sky130_fd_sc_hd__dfxtp_2)
                                                         mem[7][6] (net)
                      0.058130    0.000000    0.674755 ^ _686_/A0 (sky130_fd_sc_hd__mux2_1)
     1    0.001537    0.059031    0.201463    0.876218 ^ _686_/X (sky130_fd_sc_hd__mux2_1)
                                                         _078_ (net)
                      0.059031    0.000000    0.876218 ^ _828_/D (sky130_fd_sc_hd__dfxtp_2)
                                              0.876218   data arrival time

                      0.150000    0.000000    0.000000   clock wr_clk (rise edge)
                                  0.000000    0.000000   clock network delay (ideal)
                                  0.250000    0.250000   clock uncertainty
                                  0.000000    0.250000   clock reconvergence pessimism
                                              0.250000 ^ _828_/CLK (sky130_fd_sc_hd__dfxtp_2)
                                 -0.056687    0.193313   library hold time
                                              0.193313   data required time
---------------------------------------------------------------------------------------------
                                              0.193313   data required time
                                             -0.876218   data arrival time
---------------------------------------------------------------------------------------------
                                              0.682906   slack (MET)


Startpoint: _829_ (rising edge-triggered flip-flop clocked by wr_clk)
Endpoint: _829_ (rising edge-triggered flip-flop clocked by wr_clk)
Path Group: wr_clk
Path Type: min

Fanout         Cap        Slew       Delay        Time   Description
---------------------------------------------------------------------------------------------
                      0.150000    0.000000    0.000000   clock wr_clk (rise edge)
                                  0.000000    0.000000   clock network delay (ideal)
                      0.150000    0.000000    0.000000 ^ _829_/CLK (sky130_fd_sc_hd__dfxtp_2)
     2    0.003333    0.058130    0.674755    0.674755 ^ _829_/Q (sky130_fd_sc_hd__dfxtp_2)
                                                         mem[7][7] (net)
                      0.058130    0.000000    0.674755 ^ _687_/A0 (sky130_fd_sc_hd__mux2_1)
     1    0.001537    0.059031    0.201463    0.876218 ^ _687_/X (sky130_fd_sc_hd__mux2_1)
                                                         _079_ (net)
                      0.059031    0.000000    0.876218 ^ _829_/D (sky130_fd_sc_hd__dfxtp_2)
                                              0.876218   data arrival time

                      0.150000    0.000000    0.000000   clock wr_clk (rise edge)
                                  0.000000    0.000000   clock network delay (ideal)
                                  0.250000    0.250000   clock uncertainty
                                  0.000000    0.250000   clock reconvergence pessimism
                                              0.250000 ^ _829_/CLK (sky130_fd_sc_hd__dfxtp_2)
                                 -0.056687    0.193313   library hold time
                                              0.193313   data required time
---------------------------------------------------------------------------------------------
                                              0.193313   data required time
                                             -0.876218   data arrival time
---------------------------------------------------------------------------------------------
                                              0.682906   slack (MET)


Startpoint: _782_ (rising edge-triggered flip-flop clocked by wr_clk)
Endpoint: _782_ (rising edge-triggered flip-flop clocked by wr_clk)
Path Group: wr_clk
Path Type: min

Fanout         Cap        Slew       Delay        Time   Description
---------------------------------------------------------------------------------------------
                      0.150000    0.000000    0.000000   clock wr_clk (rise edge)
                                  0.000000    0.000000   clock network delay (ideal)
                      0.150000    0.000000    0.000000 ^ _782_/CLK (sky130_fd_sc_hd__dfxtp_2)
     2    0.003333    0.058130    0.674755    0.674755 ^ _782_/Q (sky130_fd_sc_hd__dfxtp_2)
                                                         mem[11][0] (net)
                      0.058130    0.000000    0.674755 ^ _635_/A0 (sky130_fd_sc_hd__mux2_1)
     1    0.001537    0.059041    0.201463    0.876218 ^ _635_/X (sky130_fd_sc_hd__mux2_1)
                                                         _032_ (net)
                      0.059041    0.000000    0.876218 ^ _782_/D (sky130_fd_sc_hd__dfxtp_2)
                                              0.876218   data arrival time

                      0.150000    0.000000    0.000000   clock wr_clk (rise edge)
                                  0.000000    0.000000   clock network delay (ideal)
                                  0.250000    0.250000   clock uncertainty
                                  0.000000    0.250000   clock reconvergence pessimism
                                              0.250000 ^ _782_/CLK (sky130_fd_sc_hd__dfxtp_2)
                                 -0.056689    0.193311   library hold time
                                              0.193311   data required time
---------------------------------------------------------------------------------------------
                                              0.193311   data required time
                                             -0.876218   data arrival time
---------------------------------------------------------------------------------------------
                                              0.682908   slack (MET)


Startpoint: _783_ (rising edge-triggered flip-flop clocked by wr_clk)
Endpoint: _783_ (rising edge-triggered flip-flop clocked by wr_clk)
Path Group: wr_clk
Path Type: min

Fanout         Cap        Slew       Delay        Time   Description
---------------------------------------------------------------------------------------------
                      0.150000    0.000000    0.000000   clock wr_clk (rise edge)
                                  0.000000    0.000000   clock network delay (ideal)
                      0.150000    0.000000    0.000000 ^ _783_/CLK (sky130_fd_sc_hd__dfxtp_2)
     2    0.003333    0.058130    0.674755    0.674755 ^ _783_/Q (sky130_fd_sc_hd__dfxtp_2)
                                                         mem[11][1] (net)
                      0.058130    0.000000    0.674755 ^ _636_/A0 (sky130_fd_sc_hd__mux2_1)
     1    0.001537    0.059041    0.201463    0.876218 ^ _636_/X (sky130_fd_sc_hd__mux2_1)
                                                         _033_ (net)
                      0.059041    0.000000    0.876218 ^ _783_/D (sky130_fd_sc_hd__dfxtp_2)
                                              0.876218   data arrival time

                      0.150000    0.000000    0.000000   clock wr_clk (rise edge)
                                  0.000000    0.000000   clock network delay (ideal)
                                  0.250000    0.250000   clock uncertainty
                                  0.000000    0.250000   clock reconvergence pessimism
                                              0.250000 ^ _783_/CLK (sky130_fd_sc_hd__dfxtp_2)
                                 -0.056689    0.193311   library hold time
                                              0.193311   data required time
---------------------------------------------------------------------------------------------
                                              0.193311   data required time
                                             -0.876218   data arrival time
---------------------------------------------------------------------------------------------
                                              0.682908   slack (MET)


Startpoint: _784_ (rising edge-triggered flip-flop clocked by wr_clk)
Endpoint: _784_ (rising edge-triggered flip-flop clocked by wr_clk)
Path Group: wr_clk
Path Type: min

Fanout         Cap        Slew       Delay        Time   Description
---------------------------------------------------------------------------------------------
                      0.150000    0.000000    0.000000   clock wr_clk (rise edge)
                                  0.000000    0.000000   clock network delay (ideal)
                      0.150000    0.000000    0.000000 ^ _784_/CLK (sky130_fd_sc_hd__dfxtp_2)
     2    0.003333    0.058130    0.674755    0.674755 ^ _784_/Q (sky130_fd_sc_hd__dfxtp_2)
                                                         mem[11][2] (net)
                      0.058130    0.000000    0.674755 ^ _637_/A0 (sky130_fd_sc_hd__mux2_1)
     1    0.001537    0.059041    0.201463    0.876218 ^ _637_/X (sky130_fd_sc_hd__mux2_1)
                                                         _034_ (net)
                      0.059041    0.000000    0.876218 ^ _784_/D (sky130_fd_sc_hd__dfxtp_2)
                                              0.876218   data arrival time

                      0.150000    0.000000    0.000000   clock wr_clk (rise edge)
                                  0.000000    0.000000   clock network delay (ideal)
                                  0.250000    0.250000   clock uncertainty
                                  0.000000    0.250000   clock reconvergence pessimism
                                              0.250000 ^ _784_/CLK (sky130_fd_sc_hd__dfxtp_2)
                                 -0.056689    0.193311   library hold time
                                              0.193311   data required time
---------------------------------------------------------------------------------------------
                                              0.193311   data required time
                                             -0.876218   data arrival time
---------------------------------------------------------------------------------------------
                                              0.682908   slack (MET)


Startpoint: _785_ (rising edge-triggered flip-flop clocked by wr_clk)
Endpoint: _785_ (rising edge-triggered flip-flop clocked by wr_clk)
Path Group: wr_clk
Path Type: min

Fanout         Cap        Slew       Delay        Time   Description
---------------------------------------------------------------------------------------------
                      0.150000    0.000000    0.000000   clock wr_clk (rise edge)
                                  0.000000    0.000000   clock network delay (ideal)
                      0.150000    0.000000    0.000000 ^ _785_/CLK (sky130_fd_sc_hd__dfxtp_2)
     2    0.003333    0.058130    0.674755    0.674755 ^ _785_/Q (sky130_fd_sc_hd__dfxtp_2)
                                                         mem[11][3] (net)
                      0.058130    0.000000    0.674755 ^ _638_/A0 (sky130_fd_sc_hd__mux2_1)
     1    0.001537    0.059041    0.201463    0.876218 ^ _638_/X (sky130_fd_sc_hd__mux2_1)
                                                         _035_ (net)
                      0.059041    0.000000    0.876218 ^ _785_/D (sky130_fd_sc_hd__dfxtp_2)
                                              0.876218   data arrival time

                      0.150000    0.000000    0.000000   clock wr_clk (rise edge)
                                  0.000000    0.000000   clock network delay (ideal)
                                  0.250000    0.250000   clock uncertainty
                                  0.000000    0.250000   clock reconvergence pessimism
                                              0.250000 ^ _785_/CLK (sky130_fd_sc_hd__dfxtp_2)
                                 -0.056689    0.193311   library hold time
                                              0.193311   data required time
---------------------------------------------------------------------------------------------
                                              0.193311   data required time
                                             -0.876218   data arrival time
---------------------------------------------------------------------------------------------
                                              0.682908   slack (MET)


Startpoint: _786_ (rising edge-triggered flip-flop clocked by wr_clk)
Endpoint: _786_ (rising edge-triggered flip-flop clocked by wr_clk)
Path Group: wr_clk
Path Type: min

Fanout         Cap        Slew       Delay        Time   Description
---------------------------------------------------------------------------------------------
                      0.150000    0.000000    0.000000   clock wr_clk (rise edge)
                                  0.000000    0.000000   clock network delay (ideal)
                      0.150000    0.000000    0.000000 ^ _786_/CLK (sky130_fd_sc_hd__dfxtp_2)
     2    0.003333    0.058130    0.674755    0.674755 ^ _786_/Q (sky130_fd_sc_hd__dfxtp_2)
                                                         mem[11][4] (net)
                      0.058130    0.000000    0.674755 ^ _639_/A0 (sky130_fd_sc_hd__mux2_1)
     1    0.001537    0.059041    0.201463    0.876218 ^ _639_/X (sky130_fd_sc_hd__mux2_1)
                                                         _036_ (net)
                      0.059041    0.000000    0.876218 ^ _786_/D (sky130_fd_sc_hd__dfxtp_2)
                                              0.876218   data arrival time

                      0.150000    0.000000    0.000000   clock wr_clk (rise edge)
                                  0.000000    0.000000   clock network delay (ideal)
                                  0.250000    0.250000   clock uncertainty
                                  0.000000    0.250000   clock reconvergence pessimism
                                              0.250000 ^ _786_/CLK (sky130_fd_sc_hd__dfxtp_2)
                                 -0.056689    0.193311   library hold time
                                              0.193311   data required time
---------------------------------------------------------------------------------------------
                                              0.193311   data required time
                                             -0.876218   data arrival time
---------------------------------------------------------------------------------------------
                                              0.682908   slack (MET)


Startpoint: _787_ (rising edge-triggered flip-flop clocked by wr_clk)
Endpoint: _787_ (rising edge-triggered flip-flop clocked by wr_clk)
Path Group: wr_clk
Path Type: min

Fanout         Cap        Slew       Delay        Time   Description
---------------------------------------------------------------------------------------------
                      0.150000    0.000000    0.000000   clock wr_clk (rise edge)
                                  0.000000    0.000000   clock network delay (ideal)
                      0.150000    0.000000    0.000000 ^ _787_/CLK (sky130_fd_sc_hd__dfxtp_2)
     2    0.003333    0.058130    0.674755    0.674755 ^ _787_/Q (sky130_fd_sc_hd__dfxtp_2)
                                                         mem[11][5] (net)
                      0.058130    0.000000    0.674755 ^ _640_/A0 (sky130_fd_sc_hd__mux2_1)
     1    0.001537    0.059041    0.201463    0.876218 ^ _640_/X (sky130_fd_sc_hd__mux2_1)
                                                         _037_ (net)
                      0.059041    0.000000    0.876218 ^ _787_/D (sky130_fd_sc_hd__dfxtp_2)
                                              0.876218   data arrival time

                      0.150000    0.000000    0.000000   clock wr_clk (rise edge)
                                  0.000000    0.000000   clock network delay (ideal)
                                  0.250000    0.250000   clock uncertainty
                                  0.000000    0.250000   clock reconvergence pessimism
                                              0.250000 ^ _787_/CLK (sky130_fd_sc_hd__dfxtp_2)
                                 -0.056689    0.193311   library hold time
                                              0.193311   data required time
---------------------------------------------------------------------------------------------
                                              0.193311   data required time
                                             -0.876218   data arrival time
---------------------------------------------------------------------------------------------
                                              0.682908   slack (MET)


Startpoint: _788_ (rising edge-triggered flip-flop clocked by wr_clk)
Endpoint: _788_ (rising edge-triggered flip-flop clocked by wr_clk)
Path Group: wr_clk
Path Type: min

Fanout         Cap        Slew       Delay        Time   Description
---------------------------------------------------------------------------------------------
                      0.150000    0.000000    0.000000   clock wr_clk (rise edge)
                                  0.000000    0.000000   clock network delay (ideal)
                      0.150000    0.000000    0.000000 ^ _788_/CLK (sky130_fd_sc_hd__dfxtp_2)
     2    0.003333    0.058130    0.674755    0.674755 ^ _788_/Q (sky130_fd_sc_hd__dfxtp_2)
                                                         mem[11][6] (net)
                      0.058130    0.000000    0.674755 ^ _641_/A0 (sky130_fd_sc_hd__mux2_1)
     1    0.001537    0.059041    0.201463    0.876218 ^ _641_/X (sky130_fd_sc_hd__mux2_1)
                                                         _038_ (net)
                      0.059041    0.000000    0.876218 ^ _788_/D (sky130_fd_sc_hd__dfxtp_2)
                                              0.876218   data arrival time

                      0.150000    0.000000    0.000000   clock wr_clk (rise edge)
                                  0.000000    0.000000   clock network delay (ideal)
                                  0.250000    0.250000   clock uncertainty
                                  0.000000    0.250000   clock reconvergence pessimism
                                              0.250000 ^ _788_/CLK (sky130_fd_sc_hd__dfxtp_2)
                                 -0.056689    0.193311   library hold time
                                              0.193311   data required time
---------------------------------------------------------------------------------------------
                                              0.193311   data required time
                                             -0.876218   data arrival time
---------------------------------------------------------------------------------------------
                                              0.682908   slack (MET)


Startpoint: _789_ (rising edge-triggered flip-flop clocked by wr_clk)
Endpoint: _789_ (rising edge-triggered flip-flop clocked by wr_clk)
Path Group: wr_clk
Path Type: min

Fanout         Cap        Slew       Delay        Time   Description
---------------------------------------------------------------------------------------------
                      0.150000    0.000000    0.000000   clock wr_clk (rise edge)
                                  0.000000    0.000000   clock network delay (ideal)
                      0.150000    0.000000    0.000000 ^ _789_/CLK (sky130_fd_sc_hd__dfxtp_2)
     2    0.003333    0.058130    0.674755    0.674755 ^ _789_/Q (sky130_fd_sc_hd__dfxtp_2)
                                                         mem[11][7] (net)
                      0.058130    0.000000    0.674755 ^ _642_/A0 (sky130_fd_sc_hd__mux2_1)
     1    0.001537    0.059041    0.201463    0.876218 ^ _642_/X (sky130_fd_sc_hd__mux2_1)
                                                         _039_ (net)
                      0.059041    0.000000    0.876218 ^ _789_/D (sky130_fd_sc_hd__dfxtp_2)
                                              0.876218   data arrival time

                      0.150000    0.000000    0.000000   clock wr_clk (rise edge)
                                  0.000000    0.000000   clock network delay (ideal)
                                  0.250000    0.250000   clock uncertainty
                                  0.000000    0.250000   clock reconvergence pessimism
                                              0.250000 ^ _789_/CLK (sky130_fd_sc_hd__dfxtp_2)
                                 -0.056689    0.193311   library hold time
                                              0.193311   data required time
---------------------------------------------------------------------------------------------
                                              0.193311   data required time
                                             -0.876218   data arrival time
---------------------------------------------------------------------------------------------
                                              0.682908   slack (MET)


Startpoint: _846_ (rising edge-triggered flip-flop clocked by wr_clk)
Endpoint: _846_ (rising edge-triggered flip-flop clocked by wr_clk)
Path Group: wr_clk
Path Type: min

Fanout         Cap        Slew       Delay        Time   Description
---------------------------------------------------------------------------------------------
                      0.150000    0.000000    0.000000   clock wr_clk (rise edge)
                                  0.000000    0.000000   clock network delay (ideal)
                      0.150000    0.000000    0.000000 ^ _846_/CLK (sky130_fd_sc_hd__dfxtp_2)
     2    0.003333    0.058130    0.674755    0.674755 ^ _846_/Q (sky130_fd_sc_hd__dfxtp_2)
                                                         mem[3][0] (net)
                      0.058130    0.000000    0.674755 ^ _707_/A0 (sky130_fd_sc_hd__mux2_1)
     1    0.001537    0.059042    0.201463    0.876218 ^ _707_/X (sky130_fd_sc_hd__mux2_1)
                                                         _096_ (net)
                      0.059042    0.000000    0.876218 ^ _846_/D (sky130_fd_sc_hd__dfxtp_2)
                                              0.876218   data arrival time

                      0.150000    0.000000    0.000000   clock wr_clk (rise edge)
                                  0.000000    0.000000   clock network delay (ideal)
                                  0.250000    0.250000   clock uncertainty
                                  0.000000    0.250000   clock reconvergence pessimism
                                              0.250000 ^ _846_/CLK (sky130_fd_sc_hd__dfxtp_2)
                                 -0.056690    0.193310   library hold time
                                              0.193310   data required time
---------------------------------------------------------------------------------------------
                                              0.193310   data required time
                                             -0.876218   data arrival time
---------------------------------------------------------------------------------------------
                                              0.682908   slack (MET)


Startpoint: _847_ (rising edge-triggered flip-flop clocked by wr_clk)
Endpoint: _847_ (rising edge-triggered flip-flop clocked by wr_clk)
Path Group: wr_clk
Path Type: min

Fanout         Cap        Slew       Delay        Time   Description
---------------------------------------------------------------------------------------------
                      0.150000    0.000000    0.000000   clock wr_clk (rise edge)
                                  0.000000    0.000000   clock network delay (ideal)
                      0.150000    0.000000    0.000000 ^ _847_/CLK (sky130_fd_sc_hd__dfxtp_2)
     2    0.003333    0.058130    0.674755    0.674755 ^ _847_/Q (sky130_fd_sc_hd__dfxtp_2)
                                                         mem[3][1] (net)
                      0.058130    0.000000    0.674755 ^ _708_/A0 (sky130_fd_sc_hd__mux2_1)
     1    0.001537    0.059042    0.201463    0.876218 ^ _708_/X (sky130_fd_sc_hd__mux2_1)
                                                         _097_ (net)
                      0.059042    0.000000    0.876218 ^ _847_/D (sky130_fd_sc_hd__dfxtp_2)
                                              0.876218   data arrival time

                      0.150000    0.000000    0.000000   clock wr_clk (rise edge)
                                  0.000000    0.000000   clock network delay (ideal)
                                  0.250000    0.250000   clock uncertainty
                                  0.000000    0.250000   clock reconvergence pessimism
                                              0.250000 ^ _847_/CLK (sky130_fd_sc_hd__dfxtp_2)
                                 -0.056690    0.193310   library hold time
                                              0.193310   data required time
---------------------------------------------------------------------------------------------
                                              0.193310   data required time
                                             -0.876218   data arrival time
---------------------------------------------------------------------------------------------
                                              0.682908   slack (MET)


Startpoint: _848_ (rising edge-triggered flip-flop clocked by wr_clk)
Endpoint: _848_ (rising edge-triggered flip-flop clocked by wr_clk)
Path Group: wr_clk
Path Type: min

Fanout         Cap        Slew       Delay        Time   Description
---------------------------------------------------------------------------------------------
                      0.150000    0.000000    0.000000   clock wr_clk (rise edge)
                                  0.000000    0.000000   clock network delay (ideal)
                      0.150000    0.000000    0.000000 ^ _848_/CLK (sky130_fd_sc_hd__dfxtp_2)
     2    0.003333    0.058130    0.674755    0.674755 ^ _848_/Q (sky130_fd_sc_hd__dfxtp_2)
                                                         mem[3][2] (net)
                      0.058130    0.000000    0.674755 ^ _709_/A0 (sky130_fd_sc_hd__mux2_1)
     1    0.001537    0.059042    0.201463    0.876218 ^ _709_/X (sky130_fd_sc_hd__mux2_1)
                                                         _098_ (net)
                      0.059042    0.000000    0.876218 ^ _848_/D (sky130_fd_sc_hd__dfxtp_2)
                                              0.876218   data arrival time

                      0.150000    0.000000    0.000000   clock wr_clk (rise edge)
                                  0.000000    0.000000   clock network delay (ideal)
                                  0.250000    0.250000   clock uncertainty
                                  0.000000    0.250000   clock reconvergence pessimism
                                              0.250000 ^ _848_/CLK (sky130_fd_sc_hd__dfxtp_2)
                                 -0.056690    0.193310   library hold time
                                              0.193310   data required time
---------------------------------------------------------------------------------------------
                                              0.193310   data required time
                                             -0.876218   data arrival time
---------------------------------------------------------------------------------------------
                                              0.682908   slack (MET)


Startpoint: _849_ (rising edge-triggered flip-flop clocked by wr_clk)
Endpoint: _849_ (rising edge-triggered flip-flop clocked by wr_clk)
Path Group: wr_clk
Path Type: min

Fanout         Cap        Slew       Delay        Time   Description
---------------------------------------------------------------------------------------------
                      0.150000    0.000000    0.000000   clock wr_clk (rise edge)
                                  0.000000    0.000000   clock network delay (ideal)
                      0.150000    0.000000    0.000000 ^ _849_/CLK (sky130_fd_sc_hd__dfxtp_2)
     2    0.003333    0.058130    0.674755    0.674755 ^ _849_/Q (sky130_fd_sc_hd__dfxtp_2)
                                                         mem[3][3] (net)
                      0.058130    0.000000    0.674755 ^ _710_/A0 (sky130_fd_sc_hd__mux2_1)
     1    0.001537    0.059042    0.201463    0.876218 ^ _710_/X (sky130_fd_sc_hd__mux2_1)
                                                         _099_ (net)
                      0.059042    0.000000    0.876218 ^ _849_/D (sky130_fd_sc_hd__dfxtp_2)
                                              0.876218   data arrival time

                      0.150000    0.000000    0.000000   clock wr_clk (rise edge)
                                  0.000000    0.000000   clock network delay (ideal)
                                  0.250000    0.250000   clock uncertainty
                                  0.000000    0.250000   clock reconvergence pessimism
                                              0.250000 ^ _849_/CLK (sky130_fd_sc_hd__dfxtp_2)
                                 -0.056690    0.193310   library hold time
                                              0.193310   data required time
---------------------------------------------------------------------------------------------
                                              0.193310   data required time
                                             -0.876218   data arrival time
---------------------------------------------------------------------------------------------
                                              0.682908   slack (MET)


Startpoint: _850_ (rising edge-triggered flip-flop clocked by wr_clk)
Endpoint: _850_ (rising edge-triggered flip-flop clocked by wr_clk)
Path Group: wr_clk
Path Type: min

Fanout         Cap        Slew       Delay        Time   Description
---------------------------------------------------------------------------------------------
                      0.150000    0.000000    0.000000   clock wr_clk (rise edge)
                                  0.000000    0.000000   clock network delay (ideal)
                      0.150000    0.000000    0.000000 ^ _850_/CLK (sky130_fd_sc_hd__dfxtp_2)
     2    0.003333    0.058130    0.674755    0.674755 ^ _850_/Q (sky130_fd_sc_hd__dfxtp_2)
                                                         mem[3][4] (net)
                      0.058130    0.000000    0.674755 ^ _711_/A0 (sky130_fd_sc_hd__mux2_1)
     1    0.001537    0.059042    0.201463    0.876218 ^ _711_/X (sky130_fd_sc_hd__mux2_1)
                                                         _100_ (net)
                      0.059042    0.000000    0.876218 ^ _850_/D (sky130_fd_sc_hd__dfxtp_2)
                                              0.876218   data arrival time

                      0.150000    0.000000    0.000000   clock wr_clk (rise edge)
                                  0.000000    0.000000   clock network delay (ideal)
                                  0.250000    0.250000   clock uncertainty
                                  0.000000    0.250000   clock reconvergence pessimism
                                              0.250000 ^ _850_/CLK (sky130_fd_sc_hd__dfxtp_2)
                                 -0.056690    0.193310   library hold time
                                              0.193310   data required time
---------------------------------------------------------------------------------------------
                                              0.193310   data required time
                                             -0.876218   data arrival time
---------------------------------------------------------------------------------------------
                                              0.682908   slack (MET)


Startpoint: _851_ (rising edge-triggered flip-flop clocked by wr_clk)
Endpoint: _851_ (rising edge-triggered flip-flop clocked by wr_clk)
Path Group: wr_clk
Path Type: min

Fanout         Cap        Slew       Delay        Time   Description
---------------------------------------------------------------------------------------------
                      0.150000    0.000000    0.000000   clock wr_clk (rise edge)
                                  0.000000    0.000000   clock network delay (ideal)
                      0.150000    0.000000    0.000000 ^ _851_/CLK (sky130_fd_sc_hd__dfxtp_2)
     2    0.003333    0.058130    0.674755    0.674755 ^ _851_/Q (sky130_fd_sc_hd__dfxtp_2)
                                                         mem[3][5] (net)
                      0.058130    0.000000    0.674755 ^ _712_/A0 (sky130_fd_sc_hd__mux2_1)
     1    0.001537    0.059042    0.201463    0.876218 ^ _712_/X (sky130_fd_sc_hd__mux2_1)
                                                         _101_ (net)
                      0.059042    0.000000    0.876218 ^ _851_/D (sky130_fd_sc_hd__dfxtp_2)
                                              0.876218   data arrival time

                      0.150000    0.000000    0.000000   clock wr_clk (rise edge)
                                  0.000000    0.000000   clock network delay (ideal)
                                  0.250000    0.250000   clock uncertainty
                                  0.000000    0.250000   clock reconvergence pessimism
                                              0.250000 ^ _851_/CLK (sky130_fd_sc_hd__dfxtp_2)
                                 -0.056690    0.193310   library hold time
                                              0.193310   data required time
---------------------------------------------------------------------------------------------
                                              0.193310   data required time
                                             -0.876218   data arrival time
---------------------------------------------------------------------------------------------
                                              0.682908   slack (MET)


Startpoint: _852_ (rising edge-triggered flip-flop clocked by wr_clk)
Endpoint: _852_ (rising edge-triggered flip-flop clocked by wr_clk)
Path Group: wr_clk
Path Type: min

Fanout         Cap        Slew       Delay        Time   Description
---------------------------------------------------------------------------------------------
                      0.150000    0.000000    0.000000   clock wr_clk (rise edge)
                                  0.000000    0.000000   clock network delay (ideal)
                      0.150000    0.000000    0.000000 ^ _852_/CLK (sky130_fd_sc_hd__dfxtp_2)
     2    0.003333    0.058130    0.674755    0.674755 ^ _852_/Q (sky130_fd_sc_hd__dfxtp_2)
                                                         mem[3][6] (net)
                      0.058130    0.000000    0.674755 ^ _713_/A0 (sky130_fd_sc_hd__mux2_1)
     1    0.001537    0.059042    0.201463    0.876218 ^ _713_/X (sky130_fd_sc_hd__mux2_1)
                                                         _102_ (net)
                      0.059042    0.000000    0.876218 ^ _852_/D (sky130_fd_sc_hd__dfxtp_2)
                                              0.876218   data arrival time

                      0.150000    0.000000    0.000000   clock wr_clk (rise edge)
                                  0.000000    0.000000   clock network delay (ideal)
                                  0.250000    0.250000   clock uncertainty
                                  0.000000    0.250000   clock reconvergence pessimism
                                              0.250000 ^ _852_/CLK (sky130_fd_sc_hd__dfxtp_2)
                                 -0.056690    0.193310   library hold time
                                              0.193310   data required time
---------------------------------------------------------------------------------------------
                                              0.193310   data required time
                                             -0.876218   data arrival time
---------------------------------------------------------------------------------------------
                                              0.682908   slack (MET)


Startpoint: _853_ (rising edge-triggered flip-flop clocked by wr_clk)
Endpoint: _853_ (rising edge-triggered flip-flop clocked by wr_clk)
Path Group: wr_clk
Path Type: min

Fanout         Cap        Slew       Delay        Time   Description
---------------------------------------------------------------------------------------------
                      0.150000    0.000000    0.000000   clock wr_clk (rise edge)
                                  0.000000    0.000000   clock network delay (ideal)
                      0.150000    0.000000    0.000000 ^ _853_/CLK (sky130_fd_sc_hd__dfxtp_2)
     2    0.003333    0.058130    0.674755    0.674755 ^ _853_/Q (sky130_fd_sc_hd__dfxtp_2)
                                                         mem[3][7] (net)
                      0.058130    0.000000    0.674755 ^ _714_/A0 (sky130_fd_sc_hd__mux2_1)
     1    0.001537    0.059042    0.201463    0.876218 ^ _714_/X (sky130_fd_sc_hd__mux2_1)
                                                         _103_ (net)
                      0.059042    0.000000    0.876218 ^ _853_/D (sky130_fd_sc_hd__dfxtp_2)
                                              0.876218   data arrival time

                      0.150000    0.000000    0.000000   clock wr_clk (rise edge)
                                  0.000000    0.000000   clock network delay (ideal)
                                  0.250000    0.250000   clock uncertainty
                                  0.000000    0.250000   clock reconvergence pessimism
                                              0.250000 ^ _853_/CLK (sky130_fd_sc_hd__dfxtp_2)
                                 -0.056690    0.193310   library hold time
                                              0.193310   data required time
---------------------------------------------------------------------------------------------
                                              0.193310   data required time
                                             -0.876218   data arrival time
---------------------------------------------------------------------------------------------
                                              0.682908   slack (MET)


Startpoint: _790_ (rising edge-triggered flip-flop clocked by wr_clk)
Endpoint: _790_ (rising edge-triggered flip-flop clocked by wr_clk)
Path Group: wr_clk
Path Type: min

Fanout         Cap        Slew       Delay        Time   Description
---------------------------------------------------------------------------------------------
                      0.150000    0.000000    0.000000   clock wr_clk (rise edge)
                                  0.000000    0.000000   clock network delay (ideal)
                      0.150000    0.000000    0.000000 ^ _790_/CLK (sky130_fd_sc_hd__dfxtp_2)
     2    0.003375    0.058426    0.675080    0.675080 ^ _790_/Q (sky130_fd_sc_hd__dfxtp_2)
                                                         mem[1][0] (net)
                      0.058426    0.000000    0.675080 ^ _644_/A0 (sky130_fd_sc_hd__mux2_1)
     1    0.001537    0.059030    0.201592    0.876672 ^ _644_/X (sky130_fd_sc_hd__mux2_1)
                                                         _040_ (net)
                      0.059030    0.000000    0.876672 ^ _790_/D (sky130_fd_sc_hd__dfxtp_2)
                                              0.876672   data arrival time

                      0.150000    0.000000    0.000000   clock wr_clk (rise edge)
                                  0.000000    0.000000   clock network delay (ideal)
                                  0.250000    0.250000   clock uncertainty
                                  0.000000    0.250000   clock reconvergence pessimism
                                              0.250000 ^ _790_/CLK (sky130_fd_sc_hd__dfxtp_2)
                                 -0.056687    0.193313   library hold time
                                              0.193313   data required time
---------------------------------------------------------------------------------------------
                                              0.193313   data required time
                                             -0.876672   data arrival time
---------------------------------------------------------------------------------------------
                                              0.683359   slack (MET)


Startpoint: _791_ (rising edge-triggered flip-flop clocked by wr_clk)
Endpoint: _791_ (rising edge-triggered flip-flop clocked by wr_clk)
Path Group: wr_clk
Path Type: min

Fanout         Cap        Slew       Delay        Time   Description
---------------------------------------------------------------------------------------------
                      0.150000    0.000000    0.000000   clock wr_clk (rise edge)
                                  0.000000    0.000000   clock network delay (ideal)
                      0.150000    0.000000    0.000000 ^ _791_/CLK (sky130_fd_sc_hd__dfxtp_2)
     2    0.003375    0.058426    0.675080    0.675080 ^ _791_/Q (sky130_fd_sc_hd__dfxtp_2)
                                                         mem[1][1] (net)
                      0.058426    0.000000    0.675080 ^ _645_/A0 (sky130_fd_sc_hd__mux2_1)
     1    0.001537    0.059030    0.201592    0.876672 ^ _645_/X (sky130_fd_sc_hd__mux2_1)
                                                         _041_ (net)
                      0.059030    0.000000    0.876672 ^ _791_/D (sky130_fd_sc_hd__dfxtp_2)
                                              0.876672   data arrival time

                      0.150000    0.000000    0.000000   clock wr_clk (rise edge)
                                  0.000000    0.000000   clock network delay (ideal)
                                  0.250000    0.250000   clock uncertainty
                                  0.000000    0.250000   clock reconvergence pessimism
                                              0.250000 ^ _791_/CLK (sky130_fd_sc_hd__dfxtp_2)
                                 -0.056687    0.193313   library hold time
                                              0.193313   data required time
---------------------------------------------------------------------------------------------
                                              0.193313   data required time
                                             -0.876672   data arrival time
---------------------------------------------------------------------------------------------
                                              0.683359   slack (MET)


Startpoint: _792_ (rising edge-triggered flip-flop clocked by wr_clk)
Endpoint: _792_ (rising edge-triggered flip-flop clocked by wr_clk)
Path Group: wr_clk
Path Type: min

Fanout         Cap        Slew       Delay        Time   Description
---------------------------------------------------------------------------------------------
                      0.150000    0.000000    0.000000   clock wr_clk (rise edge)
                                  0.000000    0.000000   clock network delay (ideal)
                      0.150000    0.000000    0.000000 ^ _792_/CLK (sky130_fd_sc_hd__dfxtp_2)
     2    0.003375    0.058426    0.675080    0.675080 ^ _792_/Q (sky130_fd_sc_hd__dfxtp_2)
                                                         mem[1][2] (net)
                      0.058426    0.000000    0.675080 ^ _646_/A0 (sky130_fd_sc_hd__mux2_1)
     1    0.001537    0.059030    0.201592    0.876672 ^ _646_/X (sky130_fd_sc_hd__mux2_1)
                                                         _042_ (net)
                      0.059030    0.000000    0.876672 ^ _792_/D (sky130_fd_sc_hd__dfxtp_2)
                                              0.876672   data arrival time

                      0.150000    0.000000    0.000000   clock wr_clk (rise edge)
                                  0.000000    0.000000   clock network delay (ideal)
                                  0.250000    0.250000   clock uncertainty
                                  0.000000    0.250000   clock reconvergence pessimism
                                              0.250000 ^ _792_/CLK (sky130_fd_sc_hd__dfxtp_2)
                                 -0.056687    0.193313   library hold time
                                              0.193313   data required time
---------------------------------------------------------------------------------------------
                                              0.193313   data required time
                                             -0.876672   data arrival time
---------------------------------------------------------------------------------------------
                                              0.683359   slack (MET)


Startpoint: _793_ (rising edge-triggered flip-flop clocked by wr_clk)
Endpoint: _793_ (rising edge-triggered flip-flop clocked by wr_clk)
Path Group: wr_clk
Path Type: min

Fanout         Cap        Slew       Delay        Time   Description
---------------------------------------------------------------------------------------------
                      0.150000    0.000000    0.000000   clock wr_clk (rise edge)
                                  0.000000    0.000000   clock network delay (ideal)
                      0.150000    0.000000    0.000000 ^ _793_/CLK (sky130_fd_sc_hd__dfxtp_2)
     2    0.003375    0.058426    0.675080    0.675080 ^ _793_/Q (sky130_fd_sc_hd__dfxtp_2)
                                                         mem[1][3] (net)
                      0.058426    0.000000    0.675080 ^ _647_/A0 (sky130_fd_sc_hd__mux2_1)
     1    0.001537    0.059030    0.201592    0.876672 ^ _647_/X (sky130_fd_sc_hd__mux2_1)
                                                         _043_ (net)
                      0.059030    0.000000    0.876672 ^ _793_/D (sky130_fd_sc_hd__dfxtp_2)
                                              0.876672   data arrival time

                      0.150000    0.000000    0.000000   clock wr_clk (rise edge)
                                  0.000000    0.000000   clock network delay (ideal)
                                  0.250000    0.250000   clock uncertainty
                                  0.000000    0.250000   clock reconvergence pessimism
                                              0.250000 ^ _793_/CLK (sky130_fd_sc_hd__dfxtp_2)
                                 -0.056687    0.193313   library hold time
                                              0.193313   data required time
---------------------------------------------------------------------------------------------
                                              0.193313   data required time
                                             -0.876672   data arrival time
---------------------------------------------------------------------------------------------
                                              0.683359   slack (MET)


Startpoint: _794_ (rising edge-triggered flip-flop clocked by wr_clk)
Endpoint: _794_ (rising edge-triggered flip-flop clocked by wr_clk)
Path Group: wr_clk
Path Type: min

Fanout         Cap        Slew       Delay        Time   Description
---------------------------------------------------------------------------------------------
                      0.150000    0.000000    0.000000   clock wr_clk (rise edge)
                                  0.000000    0.000000   clock network delay (ideal)
                      0.150000    0.000000    0.000000 ^ _794_/CLK (sky130_fd_sc_hd__dfxtp_2)
     2    0.003375    0.058426    0.675080    0.675080 ^ _794_/Q (sky130_fd_sc_hd__dfxtp_2)
                                                         mem[1][4] (net)
                      0.058426    0.000000    0.675080 ^ _648_/A0 (sky130_fd_sc_hd__mux2_1)
     1    0.001537    0.059030    0.201592    0.876672 ^ _648_/X (sky130_fd_sc_hd__mux2_1)
                                                         _044_ (net)
                      0.059030    0.000000    0.876672 ^ _794_/D (sky130_fd_sc_hd__dfxtp_2)
                                              0.876672   data arrival time

                      0.150000    0.000000    0.000000   clock wr_clk (rise edge)
                                  0.000000    0.000000   clock network delay (ideal)
                                  0.250000    0.250000   clock uncertainty
                                  0.000000    0.250000   clock reconvergence pessimism
                                              0.250000 ^ _794_/CLK (sky130_fd_sc_hd__dfxtp_2)
                                 -0.056687    0.193313   library hold time
                                              0.193313   data required time
---------------------------------------------------------------------------------------------
                                              0.193313   data required time
                                             -0.876672   data arrival time
---------------------------------------------------------------------------------------------
                                              0.683359   slack (MET)


Startpoint: _795_ (rising edge-triggered flip-flop clocked by wr_clk)
Endpoint: _795_ (rising edge-triggered flip-flop clocked by wr_clk)
Path Group: wr_clk
Path Type: min

Fanout         Cap        Slew       Delay        Time   Description
---------------------------------------------------------------------------------------------
                      0.150000    0.000000    0.000000   clock wr_clk (rise edge)
                                  0.000000    0.000000   clock network delay (ideal)
                      0.150000    0.000000    0.000000 ^ _795_/CLK (sky130_fd_sc_hd__dfxtp_2)
     2    0.003375    0.058426    0.675080    0.675080 ^ _795_/Q (sky130_fd_sc_hd__dfxtp_2)
                                                         mem[1][5] (net)
                      0.058426    0.000000    0.675080 ^ _649_/A0 (sky130_fd_sc_hd__mux2_1)
     1    0.001537    0.059030    0.201592    0.876672 ^ _649_/X (sky130_fd_sc_hd__mux2_1)
                                                         _045_ (net)
                      0.059030    0.000000    0.876672 ^ _795_/D (sky130_fd_sc_hd__dfxtp_2)
                                              0.876672   data arrival time

                      0.150000    0.000000    0.000000   clock wr_clk (rise edge)
                                  0.000000    0.000000   clock network delay (ideal)
                                  0.250000    0.250000   clock uncertainty
                                  0.000000    0.250000   clock reconvergence pessimism
                                              0.250000 ^ _795_/CLK (sky130_fd_sc_hd__dfxtp_2)
                                 -0.056687    0.193313   library hold time
                                              0.193313   data required time
---------------------------------------------------------------------------------------------
                                              0.193313   data required time
                                             -0.876672   data arrival time
---------------------------------------------------------------------------------------------
                                              0.683359   slack (MET)


Startpoint: _796_ (rising edge-triggered flip-flop clocked by wr_clk)
Endpoint: _796_ (rising edge-triggered flip-flop clocked by wr_clk)
Path Group: wr_clk
Path Type: min

Fanout         Cap        Slew       Delay        Time   Description
---------------------------------------------------------------------------------------------
                      0.150000    0.000000    0.000000   clock wr_clk (rise edge)
                                  0.000000    0.000000   clock network delay (ideal)
                      0.150000    0.000000    0.000000 ^ _796_/CLK (sky130_fd_sc_hd__dfxtp_2)
     2    0.003375    0.058426    0.675080    0.675080 ^ _796_/Q (sky130_fd_sc_hd__dfxtp_2)
                                                         mem[1][6] (net)
                      0.058426    0.000000    0.675080 ^ _650_/A0 (sky130_fd_sc_hd__mux2_1)
     1    0.001537    0.059030    0.201592    0.876672 ^ _650_/X (sky130_fd_sc_hd__mux2_1)
                                                         _046_ (net)
                      0.059030    0.000000    0.876672 ^ _796_/D (sky130_fd_sc_hd__dfxtp_2)
                                              0.876672   data arrival time

                      0.150000    0.000000    0.000000   clock wr_clk (rise edge)
                                  0.000000    0.000000   clock network delay (ideal)
                                  0.250000    0.250000   clock uncertainty
                                  0.000000    0.250000   clock reconvergence pessimism
                                              0.250000 ^ _796_/CLK (sky130_fd_sc_hd__dfxtp_2)
                                 -0.056687    0.193313   library hold time
                                              0.193313   data required time
---------------------------------------------------------------------------------------------
                                              0.193313   data required time
                                             -0.876672   data arrival time
---------------------------------------------------------------------------------------------
                                              0.683359   slack (MET)


Startpoint: _797_ (rising edge-triggered flip-flop clocked by wr_clk)
Endpoint: _797_ (rising edge-triggered flip-flop clocked by wr_clk)
Path Group: wr_clk
Path Type: min

Fanout         Cap        Slew       Delay        Time   Description
---------------------------------------------------------------------------------------------
                      0.150000    0.000000    0.000000   clock wr_clk (rise edge)
                                  0.000000    0.000000   clock network delay (ideal)
                      0.150000    0.000000    0.000000 ^ _797_/CLK (sky130_fd_sc_hd__dfxtp_2)
     2    0.003375    0.058426    0.675080    0.675080 ^ _797_/Q (sky130_fd_sc_hd__dfxtp_2)
                                                         mem[1][7] (net)
                      0.058426    0.000000    0.675080 ^ _651_/A0 (sky130_fd_sc_hd__mux2_1)
     1    0.001537    0.059030    0.201592    0.876672 ^ _651_/X (sky130_fd_sc_hd__mux2_1)
                                                         _047_ (net)
                      0.059030    0.000000    0.876672 ^ _797_/D (sky130_fd_sc_hd__dfxtp_2)
                                              0.876672   data arrival time

                      0.150000    0.000000    0.000000   clock wr_clk (rise edge)
                                  0.000000    0.000000   clock network delay (ideal)
                                  0.250000    0.250000   clock uncertainty
                                  0.000000    0.250000   clock reconvergence pessimism
                                              0.250000 ^ _797_/CLK (sky130_fd_sc_hd__dfxtp_2)
                                 -0.056687    0.193313   library hold time
                                              0.193313   data required time
---------------------------------------------------------------------------------------------
                                              0.193313   data required time
                                             -0.876672   data arrival time
---------------------------------------------------------------------------------------------
                                              0.683359   slack (MET)


Startpoint: _766_ (rising edge-triggered flip-flop clocked by wr_clk)
Endpoint: _766_ (rising edge-triggered flip-flop clocked by wr_clk)
Path Group: wr_clk
Path Type: min

Fanout         Cap        Slew       Delay        Time   Description
---------------------------------------------------------------------------------------------
                      0.150000    0.000000    0.000000   clock wr_clk (rise edge)
                                  0.000000    0.000000   clock network delay (ideal)
                      0.150000    0.000000    0.000000 ^ _766_/CLK (sky130_fd_sc_hd__dfxtp_2)
     2    0.003375    0.058426    0.675080    0.675080 ^ _766_/Q (sky130_fd_sc_hd__dfxtp_2)
                                                         mem[13][0] (net)
                      0.058426    0.000000    0.675080 ^ _616_/A0 (sky130_fd_sc_hd__mux2_1)
     1    0.001537    0.059041    0.201592    0.876672 ^ _616_/X (sky130_fd_sc_hd__mux2_1)
                                                         _016_ (net)
                      0.059041    0.000000    0.876672 ^ _766_/D (sky130_fd_sc_hd__dfxtp_2)
                                              0.876672   data arrival time

                      0.150000    0.000000    0.000000   clock wr_clk (rise edge)
                                  0.000000    0.000000   clock network delay (ideal)
                                  0.250000    0.250000   clock uncertainty
                                  0.000000    0.250000   clock reconvergence pessimism
                                              0.250000 ^ _766_/CLK (sky130_fd_sc_hd__dfxtp_2)
                                 -0.056689    0.193311   library hold time
                                              0.193311   data required time
---------------------------------------------------------------------------------------------
                                              0.193311   data required time
                                             -0.876672   data arrival time
---------------------------------------------------------------------------------------------
                                              0.683361   slack (MET)


Startpoint: _767_ (rising edge-triggered flip-flop clocked by wr_clk)
Endpoint: _767_ (rising edge-triggered flip-flop clocked by wr_clk)
Path Group: wr_clk
Path Type: min

Fanout         Cap        Slew       Delay        Time   Description
---------------------------------------------------------------------------------------------
                      0.150000    0.000000    0.000000   clock wr_clk (rise edge)
                                  0.000000    0.000000   clock network delay (ideal)
                      0.150000    0.000000    0.000000 ^ _767_/CLK (sky130_fd_sc_hd__dfxtp_2)
     2    0.003375    0.058426    0.675080    0.675080 ^ _767_/Q (sky130_fd_sc_hd__dfxtp_2)
                                                         mem[13][1] (net)
                      0.058426    0.000000    0.675080 ^ _617_/A0 (sky130_fd_sc_hd__mux2_1)
     1    0.001537    0.059041    0.201592    0.876672 ^ _617_/X (sky130_fd_sc_hd__mux2_1)
                                                         _017_ (net)
                      0.059041    0.000000    0.876672 ^ _767_/D (sky130_fd_sc_hd__dfxtp_2)
                                              0.876672   data arrival time

                      0.150000    0.000000    0.000000   clock wr_clk (rise edge)
                                  0.000000    0.000000   clock network delay (ideal)
                                  0.250000    0.250000   clock uncertainty
                                  0.000000    0.250000   clock reconvergence pessimism
                                              0.250000 ^ _767_/CLK (sky130_fd_sc_hd__dfxtp_2)
                                 -0.056689    0.193311   library hold time
                                              0.193311   data required time
---------------------------------------------------------------------------------------------
                                              0.193311   data required time
                                             -0.876672   data arrival time
---------------------------------------------------------------------------------------------
                                              0.683361   slack (MET)


Startpoint: _768_ (rising edge-triggered flip-flop clocked by wr_clk)
Endpoint: _768_ (rising edge-triggered flip-flop clocked by wr_clk)
Path Group: wr_clk
Path Type: min

Fanout         Cap        Slew       Delay        Time   Description
---------------------------------------------------------------------------------------------
                      0.150000    0.000000    0.000000   clock wr_clk (rise edge)
                                  0.000000    0.000000   clock network delay (ideal)
                      0.150000    0.000000    0.000000 ^ _768_/CLK (sky130_fd_sc_hd__dfxtp_2)
     2    0.003375    0.058426    0.675080    0.675080 ^ _768_/Q (sky130_fd_sc_hd__dfxtp_2)
                                                         mem[13][2] (net)
                      0.058426    0.000000    0.675080 ^ _618_/A0 (sky130_fd_sc_hd__mux2_1)
     1    0.001537    0.059041    0.201592    0.876672 ^ _618_/X (sky130_fd_sc_hd__mux2_1)
                                                         _018_ (net)
                      0.059041    0.000000    0.876672 ^ _768_/D (sky130_fd_sc_hd__dfxtp_2)
                                              0.876672   data arrival time

                      0.150000    0.000000    0.000000   clock wr_clk (rise edge)
                                  0.000000    0.000000   clock network delay (ideal)
                                  0.250000    0.250000   clock uncertainty
                                  0.000000    0.250000   clock reconvergence pessimism
                                              0.250000 ^ _768_/CLK (sky130_fd_sc_hd__dfxtp_2)
                                 -0.056689    0.193311   library hold time
                                              0.193311   data required time
---------------------------------------------------------------------------------------------
                                              0.193311   data required time
                                             -0.876672   data arrival time
---------------------------------------------------------------------------------------------
                                              0.683361   slack (MET)


Startpoint: _769_ (rising edge-triggered flip-flop clocked by wr_clk)
Endpoint: _769_ (rising edge-triggered flip-flop clocked by wr_clk)
Path Group: wr_clk
Path Type: min

Fanout         Cap        Slew       Delay        Time   Description
---------------------------------------------------------------------------------------------
                      0.150000    0.000000    0.000000   clock wr_clk (rise edge)
                                  0.000000    0.000000   clock network delay (ideal)
                      0.150000    0.000000    0.000000 ^ _769_/CLK (sky130_fd_sc_hd__dfxtp_2)
     2    0.003375    0.058426    0.675080    0.675080 ^ _769_/Q (sky130_fd_sc_hd__dfxtp_2)
                                                         mem[13][3] (net)
                      0.058426    0.000000    0.675080 ^ _619_/A0 (sky130_fd_sc_hd__mux2_1)
     1    0.001537    0.059041    0.201592    0.876672 ^ _619_/X (sky130_fd_sc_hd__mux2_1)
                                                         _019_ (net)
                      0.059041    0.000000    0.876672 ^ _769_/D (sky130_fd_sc_hd__dfxtp_2)
                                              0.876672   data arrival time

                      0.150000    0.000000    0.000000   clock wr_clk (rise edge)
                                  0.000000    0.000000   clock network delay (ideal)
                                  0.250000    0.250000   clock uncertainty
                                  0.000000    0.250000   clock reconvergence pessimism
                                              0.250000 ^ _769_/CLK (sky130_fd_sc_hd__dfxtp_2)
                                 -0.056689    0.193311   library hold time
                                              0.193311   data required time
---------------------------------------------------------------------------------------------
                                              0.193311   data required time
                                             -0.876672   data arrival time
---------------------------------------------------------------------------------------------
                                              0.683361   slack (MET)


Startpoint: _770_ (rising edge-triggered flip-flop clocked by wr_clk)
Endpoint: _770_ (rising edge-triggered flip-flop clocked by wr_clk)
Path Group: wr_clk
Path Type: min

Fanout         Cap        Slew       Delay        Time   Description
---------------------------------------------------------------------------------------------
                      0.150000    0.000000    0.000000   clock wr_clk (rise edge)
                                  0.000000    0.000000   clock network delay (ideal)
                      0.150000    0.000000    0.000000 ^ _770_/CLK (sky130_fd_sc_hd__dfxtp_2)
     2    0.003375    0.058426    0.675080    0.675080 ^ _770_/Q (sky130_fd_sc_hd__dfxtp_2)
                                                         mem[13][4] (net)
                      0.058426    0.000000    0.675080 ^ _620_/A0 (sky130_fd_sc_hd__mux2_1)
     1    0.001537    0.059041    0.201592    0.876672 ^ _620_/X (sky130_fd_sc_hd__mux2_1)
                                                         _020_ (net)
                      0.059041    0.000000    0.876672 ^ _770_/D (sky130_fd_sc_hd__dfxtp_2)
                                              0.876672   data arrival time

                      0.150000    0.000000    0.000000   clock wr_clk (rise edge)
                                  0.000000    0.000000   clock network delay (ideal)
                                  0.250000    0.250000   clock uncertainty
                                  0.000000    0.250000   clock reconvergence pessimism
                                              0.250000 ^ _770_/CLK (sky130_fd_sc_hd__dfxtp_2)
                                 -0.056689    0.193311   library hold time
                                              0.193311   data required time
---------------------------------------------------------------------------------------------
                                              0.193311   data required time
                                             -0.876672   data arrival time
---------------------------------------------------------------------------------------------
                                              0.683361   slack (MET)


Startpoint: _771_ (rising edge-triggered flip-flop clocked by wr_clk)
Endpoint: _771_ (rising edge-triggered flip-flop clocked by wr_clk)
Path Group: wr_clk
Path Type: min

Fanout         Cap        Slew       Delay        Time   Description
---------------------------------------------------------------------------------------------
                      0.150000    0.000000    0.000000   clock wr_clk (rise edge)
                                  0.000000    0.000000   clock network delay (ideal)
                      0.150000    0.000000    0.000000 ^ _771_/CLK (sky130_fd_sc_hd__dfxtp_2)
     2    0.003375    0.058426    0.675080    0.675080 ^ _771_/Q (sky130_fd_sc_hd__dfxtp_2)
                                                         mem[13][5] (net)
                      0.058426    0.000000    0.675080 ^ _621_/A0 (sky130_fd_sc_hd__mux2_1)
     1    0.001537    0.059041    0.201592    0.876672 ^ _621_/X (sky130_fd_sc_hd__mux2_1)
                                                         _021_ (net)
                      0.059041    0.000000    0.876672 ^ _771_/D (sky130_fd_sc_hd__dfxtp_2)
                                              0.876672   data arrival time

                      0.150000    0.000000    0.000000   clock wr_clk (rise edge)
                                  0.000000    0.000000   clock network delay (ideal)
                                  0.250000    0.250000   clock uncertainty
                                  0.000000    0.250000   clock reconvergence pessimism
                                              0.250000 ^ _771_/CLK (sky130_fd_sc_hd__dfxtp_2)
                                 -0.056689    0.193311   library hold time
                                              0.193311   data required time
---------------------------------------------------------------------------------------------
                                              0.193311   data required time
                                             -0.876672   data arrival time
---------------------------------------------------------------------------------------------
                                              0.683361   slack (MET)


Startpoint: _772_ (rising edge-triggered flip-flop clocked by wr_clk)
Endpoint: _772_ (rising edge-triggered flip-flop clocked by wr_clk)
Path Group: wr_clk
Path Type: min

Fanout         Cap        Slew       Delay        Time   Description
---------------------------------------------------------------------------------------------
                      0.150000    0.000000    0.000000   clock wr_clk (rise edge)
                                  0.000000    0.000000   clock network delay (ideal)
                      0.150000    0.000000    0.000000 ^ _772_/CLK (sky130_fd_sc_hd__dfxtp_2)
     2    0.003375    0.058426    0.675080    0.675080 ^ _772_/Q (sky130_fd_sc_hd__dfxtp_2)
                                                         mem[13][6] (net)
                      0.058426    0.000000    0.675080 ^ _622_/A0 (sky130_fd_sc_hd__mux2_1)
     1    0.001537    0.059041    0.201592    0.876672 ^ _622_/X (sky130_fd_sc_hd__mux2_1)
                                                         _022_ (net)
                      0.059041    0.000000    0.876672 ^ _772_/D (sky130_fd_sc_hd__dfxtp_2)
                                              0.876672   data arrival time

                      0.150000    0.000000    0.000000   clock wr_clk (rise edge)
                                  0.000000    0.000000   clock network delay (ideal)
                                  0.250000    0.250000   clock uncertainty
                                  0.000000    0.250000   clock reconvergence pessimism
                                              0.250000 ^ _772_/CLK (sky130_fd_sc_hd__dfxtp_2)
                                 -0.056689    0.193311   library hold time
                                              0.193311   data required time
---------------------------------------------------------------------------------------------
                                              0.193311   data required time
                                             -0.876672   data arrival time
---------------------------------------------------------------------------------------------
                                              0.683361   slack (MET)


Startpoint: _773_ (rising edge-triggered flip-flop clocked by wr_clk)
Endpoint: _773_ (rising edge-triggered flip-flop clocked by wr_clk)
Path Group: wr_clk
Path Type: min

Fanout         Cap        Slew       Delay        Time   Description
---------------------------------------------------------------------------------------------
                      0.150000    0.000000    0.000000   clock wr_clk (rise edge)
                                  0.000000    0.000000   clock network delay (ideal)
                      0.150000    0.000000    0.000000 ^ _773_/CLK (sky130_fd_sc_hd__dfxtp_2)
     2    0.003375    0.058426    0.675080    0.675080 ^ _773_/Q (sky130_fd_sc_hd__dfxtp_2)
                                                         mem[13][7] (net)
                      0.058426    0.000000    0.675080 ^ _623_/A0 (sky130_fd_sc_hd__mux2_1)
     1    0.001537    0.059041    0.201592    0.876672 ^ _623_/X (sky130_fd_sc_hd__mux2_1)
                                                         _023_ (net)
                      0.059041    0.000000    0.876672 ^ _773_/D (sky130_fd_sc_hd__dfxtp_2)
                                              0.876672   data arrival time

                      0.150000    0.000000    0.000000   clock wr_clk (rise edge)
                                  0.000000    0.000000   clock network delay (ideal)
                                  0.250000    0.250000   clock uncertainty
                                  0.000000    0.250000   clock reconvergence pessimism
                                              0.250000 ^ _773_/CLK (sky130_fd_sc_hd__dfxtp_2)
                                 -0.056689    0.193311   library hold time
                                              0.193311   data required time
---------------------------------------------------------------------------------------------
                                              0.193311   data required time
                                             -0.876672   data arrival time
---------------------------------------------------------------------------------------------
                                              0.683361   slack (MET)


Startpoint: _855_ (rising edge-triggered flip-flop clocked by wr_clk)
Endpoint: _855_ (rising edge-triggered flip-flop clocked by wr_clk)
Path Group: wr_clk
Path Type: min

Fanout         Cap        Slew       Delay        Time   Description
---------------------------------------------------------------------------------------------
                      0.150000    0.000000    0.000000   clock wr_clk (rise edge)
                                  0.000000    0.000000   clock network delay (ideal)
                      0.150000    0.000000    0.000000 ^ _855_/CLK (sky130_fd_sc_hd__dfxtp_2)
     2    0.003375    0.058426    0.675080    0.675080 ^ _855_/Q (sky130_fd_sc_hd__dfxtp_2)
                                                         mem[5][0] (net)
                      0.058426    0.000000    0.675080 ^ _716_/A0 (sky130_fd_sc_hd__mux2_1)
     1    0.001537    0.059042    0.201592    0.876672 ^ _716_/X (sky130_fd_sc_hd__mux2_1)
                                                         _104_ (net)
                      0.059042    0.000000    0.876672 ^ _855_/D (sky130_fd_sc_hd__dfxtp_2)
                                              0.876672   data arrival time

                      0.150000    0.000000    0.000000   clock wr_clk (rise edge)
                                  0.000000    0.000000   clock network delay (ideal)
                                  0.250000    0.250000   clock uncertainty
                                  0.000000    0.250000   clock reconvergence pessimism
                                              0.250000 ^ _855_/CLK (sky130_fd_sc_hd__dfxtp_2)
                                 -0.056690    0.193310   library hold time
                                              0.193310   data required time
---------------------------------------------------------------------------------------------
                                              0.193310   data required time
                                             -0.876672   data arrival time
---------------------------------------------------------------------------------------------
                                              0.683362   slack (MET)


Startpoint: _856_ (rising edge-triggered flip-flop clocked by wr_clk)
Endpoint: _856_ (rising edge-triggered flip-flop clocked by wr_clk)
Path Group: wr_clk
Path Type: min

Fanout         Cap        Slew       Delay        Time   Description
---------------------------------------------------------------------------------------------
                      0.150000    0.000000    0.000000   clock wr_clk (rise edge)
                                  0.000000    0.000000   clock network delay (ideal)
                      0.150000    0.000000    0.000000 ^ _856_/CLK (sky130_fd_sc_hd__dfxtp_2)
     2    0.003375    0.058426    0.675080    0.675080 ^ _856_/Q (sky130_fd_sc_hd__dfxtp_2)
                                                         mem[5][1] (net)
                      0.058426    0.000000    0.675080 ^ _717_/A0 (sky130_fd_sc_hd__mux2_1)
     1    0.001537    0.059042    0.201592    0.876672 ^ _717_/X (sky130_fd_sc_hd__mux2_1)
                                                         _105_ (net)
                      0.059042    0.000000    0.876672 ^ _856_/D (sky130_fd_sc_hd__dfxtp_2)
                                              0.876672   data arrival time

                      0.150000    0.000000    0.000000   clock wr_clk (rise edge)
                                  0.000000    0.000000   clock network delay (ideal)
                                  0.250000    0.250000   clock uncertainty
                                  0.000000    0.250000   clock reconvergence pessimism
                                              0.250000 ^ _856_/CLK (sky130_fd_sc_hd__dfxtp_2)
                                 -0.056690    0.193310   library hold time
                                              0.193310   data required time
---------------------------------------------------------------------------------------------
                                              0.193310   data required time
                                             -0.876672   data arrival time
---------------------------------------------------------------------------------------------
                                              0.683362   slack (MET)


Startpoint: _857_ (rising edge-triggered flip-flop clocked by wr_clk)
Endpoint: _857_ (rising edge-triggered flip-flop clocked by wr_clk)
Path Group: wr_clk
Path Type: min

Fanout         Cap        Slew       Delay        Time   Description
---------------------------------------------------------------------------------------------
                      0.150000    0.000000    0.000000   clock wr_clk (rise edge)
                                  0.000000    0.000000   clock network delay (ideal)
                      0.150000    0.000000    0.000000 ^ _857_/CLK (sky130_fd_sc_hd__dfxtp_2)
     2    0.003375    0.058426    0.675080    0.675080 ^ _857_/Q (sky130_fd_sc_hd__dfxtp_2)
                                                         mem[5][2] (net)
                      0.058426    0.000000    0.675080 ^ _718_/A0 (sky130_fd_sc_hd__mux2_1)
     1    0.001537    0.059042    0.201592    0.876672 ^ _718_/X (sky130_fd_sc_hd__mux2_1)
                                                         _106_ (net)
                      0.059042    0.000000    0.876672 ^ _857_/D (sky130_fd_sc_hd__dfxtp_2)
                                              0.876672   data arrival time

                      0.150000    0.000000    0.000000   clock wr_clk (rise edge)
                                  0.000000    0.000000   clock network delay (ideal)
                                  0.250000    0.250000   clock uncertainty
                                  0.000000    0.250000   clock reconvergence pessimism
                                              0.250000 ^ _857_/CLK (sky130_fd_sc_hd__dfxtp_2)
                                 -0.056690    0.193310   library hold time
                                              0.193310   data required time
---------------------------------------------------------------------------------------------
                                              0.193310   data required time
                                             -0.876672   data arrival time
---------------------------------------------------------------------------------------------
                                              0.683362   slack (MET)


Startpoint: _858_ (rising edge-triggered flip-flop clocked by wr_clk)
Endpoint: _858_ (rising edge-triggered flip-flop clocked by wr_clk)
Path Group: wr_clk
Path Type: min

Fanout         Cap        Slew       Delay        Time   Description
---------------------------------------------------------------------------------------------
                      0.150000    0.000000    0.000000   clock wr_clk (rise edge)
                                  0.000000    0.000000   clock network delay (ideal)
                      0.150000    0.000000    0.000000 ^ _858_/CLK (sky130_fd_sc_hd__dfxtp_2)
     2    0.003375    0.058426    0.675080    0.675080 ^ _858_/Q (sky130_fd_sc_hd__dfxtp_2)
                                                         mem[5][3] (net)
                      0.058426    0.000000    0.675080 ^ _719_/A0 (sky130_fd_sc_hd__mux2_1)
     1    0.001537    0.059042    0.201592    0.876672 ^ _719_/X (sky130_fd_sc_hd__mux2_1)
                                                         _107_ (net)
                      0.059042    0.000000    0.876672 ^ _858_/D (sky130_fd_sc_hd__dfxtp_2)
                                              0.876672   data arrival time

                      0.150000    0.000000    0.000000   clock wr_clk (rise edge)
                                  0.000000    0.000000   clock network delay (ideal)
                                  0.250000    0.250000   clock uncertainty
                                  0.000000    0.250000   clock reconvergence pessimism
                                              0.250000 ^ _858_/CLK (sky130_fd_sc_hd__dfxtp_2)
                                 -0.056690    0.193310   library hold time
                                              0.193310   data required time
---------------------------------------------------------------------------------------------
                                              0.193310   data required time
                                             -0.876672   data arrival time
---------------------------------------------------------------------------------------------
                                              0.683362   slack (MET)


Startpoint: _859_ (rising edge-triggered flip-flop clocked by wr_clk)
Endpoint: _859_ (rising edge-triggered flip-flop clocked by wr_clk)
Path Group: wr_clk
Path Type: min

Fanout         Cap        Slew       Delay        Time   Description
---------------------------------------------------------------------------------------------
                      0.150000    0.000000    0.000000   clock wr_clk (rise edge)
                                  0.000000    0.000000   clock network delay (ideal)
                      0.150000    0.000000    0.000000 ^ _859_/CLK (sky130_fd_sc_hd__dfxtp_2)
     2    0.003375    0.058426    0.675080    0.675080 ^ _859_/Q (sky130_fd_sc_hd__dfxtp_2)
                                                         mem[5][4] (net)
                      0.058426    0.000000    0.675080 ^ _720_/A0 (sky130_fd_sc_hd__mux2_1)
     1    0.001537    0.059042    0.201592    0.876672 ^ _720_/X (sky130_fd_sc_hd__mux2_1)
                                                         _108_ (net)
                      0.059042    0.000000    0.876672 ^ _859_/D (sky130_fd_sc_hd__dfxtp_2)
                                              0.876672   data arrival time

                      0.150000    0.000000    0.000000   clock wr_clk (rise edge)
                                  0.000000    0.000000   clock network delay (ideal)
                                  0.250000    0.250000   clock uncertainty
                                  0.000000    0.250000   clock reconvergence pessimism
                                              0.250000 ^ _859_/CLK (sky130_fd_sc_hd__dfxtp_2)
                                 -0.056690    0.193310   library hold time
                                              0.193310   data required time
---------------------------------------------------------------------------------------------
                                              0.193310   data required time
                                             -0.876672   data arrival time
---------------------------------------------------------------------------------------------
                                              0.683362   slack (MET)


Startpoint: _860_ (rising edge-triggered flip-flop clocked by wr_clk)
Endpoint: _860_ (rising edge-triggered flip-flop clocked by wr_clk)
Path Group: wr_clk
Path Type: min

Fanout         Cap        Slew       Delay        Time   Description
---------------------------------------------------------------------------------------------
                      0.150000    0.000000    0.000000   clock wr_clk (rise edge)
                                  0.000000    0.000000   clock network delay (ideal)
                      0.150000    0.000000    0.000000 ^ _860_/CLK (sky130_fd_sc_hd__dfxtp_2)
     2    0.003375    0.058426    0.675080    0.675080 ^ _860_/Q (sky130_fd_sc_hd__dfxtp_2)
                                                         mem[5][5] (net)
                      0.058426    0.000000    0.675080 ^ _721_/A0 (sky130_fd_sc_hd__mux2_1)
     1    0.001537    0.059042    0.201592    0.876672 ^ _721_/X (sky130_fd_sc_hd__mux2_1)
                                                         _109_ (net)
                      0.059042    0.000000    0.876672 ^ _860_/D (sky130_fd_sc_hd__dfxtp_2)
                                              0.876672   data arrival time

                      0.150000    0.000000    0.000000   clock wr_clk (rise edge)
                                  0.000000    0.000000   clock network delay (ideal)
                                  0.250000    0.250000   clock uncertainty
                                  0.000000    0.250000   clock reconvergence pessimism
                                              0.250000 ^ _860_/CLK (sky130_fd_sc_hd__dfxtp_2)
                                 -0.056690    0.193310   library hold time
                                              0.193310   data required time
---------------------------------------------------------------------------------------------
                                              0.193310   data required time
                                             -0.876672   data arrival time
---------------------------------------------------------------------------------------------
                                              0.683362   slack (MET)


Startpoint: _861_ (rising edge-triggered flip-flop clocked by wr_clk)
Endpoint: _861_ (rising edge-triggered flip-flop clocked by wr_clk)
Path Group: wr_clk
Path Type: min

Fanout         Cap        Slew       Delay        Time   Description
---------------------------------------------------------------------------------------------
                      0.150000    0.000000    0.000000   clock wr_clk (rise edge)
                                  0.000000    0.000000   clock network delay (ideal)
                      0.150000    0.000000    0.000000 ^ _861_/CLK (sky130_fd_sc_hd__dfxtp_2)
     2    0.003375    0.058426    0.675080    0.675080 ^ _861_/Q (sky130_fd_sc_hd__dfxtp_2)
                                                         mem[5][6] (net)
                      0.058426    0.000000    0.675080 ^ _722_/A0 (sky130_fd_sc_hd__mux2_1)
     1    0.001537    0.059042    0.201592    0.876672 ^ _722_/X (sky130_fd_sc_hd__mux2_1)
                                                         _110_ (net)
                      0.059042    0.000000    0.876672 ^ _861_/D (sky130_fd_sc_hd__dfxtp_2)
                                              0.876672   data arrival time

                      0.150000    0.000000    0.000000   clock wr_clk (rise edge)
                                  0.000000    0.000000   clock network delay (ideal)
                                  0.250000    0.250000   clock uncertainty
                                  0.000000    0.250000   clock reconvergence pessimism
                                              0.250000 ^ _861_/CLK (sky130_fd_sc_hd__dfxtp_2)
                                 -0.056690    0.193310   library hold time
                                              0.193310   data required time
---------------------------------------------------------------------------------------------
                                              0.193310   data required time
                                             -0.876672   data arrival time
---------------------------------------------------------------------------------------------
                                              0.683362   slack (MET)


Startpoint: _862_ (rising edge-triggered flip-flop clocked by wr_clk)
Endpoint: _862_ (rising edge-triggered flip-flop clocked by wr_clk)
Path Group: wr_clk
Path Type: min

Fanout         Cap        Slew       Delay        Time   Description
---------------------------------------------------------------------------------------------
                      0.150000    0.000000    0.000000   clock wr_clk (rise edge)
                                  0.000000    0.000000   clock network delay (ideal)
                      0.150000    0.000000    0.000000 ^ _862_/CLK (sky130_fd_sc_hd__dfxtp_2)
     2    0.003375    0.058426    0.675080    0.675080 ^ _862_/Q (sky130_fd_sc_hd__dfxtp_2)
                                                         mem[5][7] (net)
                      0.058426    0.000000    0.675080 ^ _723_/A0 (sky130_fd_sc_hd__mux2_1)
     1    0.001537    0.059042    0.201592    0.876672 ^ _723_/X (sky130_fd_sc_hd__mux2_1)
                                                         _111_ (net)
                      0.059042    0.000000    0.876672 ^ _862_/D (sky130_fd_sc_hd__dfxtp_2)
                                              0.876672   data arrival time

                      0.150000    0.000000    0.000000   clock wr_clk (rise edge)
                                  0.000000    0.000000   clock network delay (ideal)
                                  0.250000    0.250000   clock uncertainty
                                  0.000000    0.250000   clock reconvergence pessimism
                                              0.250000 ^ _862_/CLK (sky130_fd_sc_hd__dfxtp_2)
                                 -0.056690    0.193310   library hold time
                                              0.193310   data required time
---------------------------------------------------------------------------------------------
                                              0.193310   data required time
                                             -0.876672   data arrival time
---------------------------------------------------------------------------------------------
                                              0.683362   slack (MET)


Startpoint: _920_ (rising edge-triggered flip-flop clocked by wr_clk)
Endpoint: _920_ (rising edge-triggered flip-flop clocked by wr_clk)
Path Group: wr_clk
Path Type: min

Fanout         Cap        Slew       Delay        Time   Description
---------------------------------------------------------------------------------------------
                      0.150000    0.000000    0.000000   clock wr_clk (rise edge)
                                  0.000000    0.000000   clock network delay (ideal)
                      0.150000    0.000000    0.000000 ^ _920_/CLK (sky130_fd_sc_hd__dfxtp_2)
     2    0.003375    0.058426    0.675080    0.675080 ^ _920_/Q (sky130_fd_sc_hd__dfxtp_2)
                                                         mem[9][0] (net)
                      0.058426    0.000000    0.675080 ^ _742_/A0 (sky130_fd_sc_hd__mux2_1)
     1    0.001537    0.059043    0.201592    0.876672 ^ _742_/X (sky130_fd_sc_hd__mux2_1)
                                                         _128_ (net)
                      0.059043    0.000000    0.876672 ^ _920_/D (sky130_fd_sc_hd__dfxtp_2)
                                              0.876672   data arrival time

                      0.150000    0.000000    0.000000   clock wr_clk (rise edge)
                                  0.000000    0.000000   clock network delay (ideal)
                                  0.250000    0.250000   clock uncertainty
                                  0.000000    0.250000   clock reconvergence pessimism
                                              0.250000 ^ _920_/CLK (sky130_fd_sc_hd__dfxtp_2)
                                 -0.056690    0.193310   library hold time
                                              0.193310   data required time
---------------------------------------------------------------------------------------------
                                              0.193310   data required time
                                             -0.876672   data arrival time
---------------------------------------------------------------------------------------------
                                              0.683362   slack (MET)


Startpoint: _921_ (rising edge-triggered flip-flop clocked by wr_clk)
Endpoint: _921_ (rising edge-triggered flip-flop clocked by wr_clk)
Path Group: wr_clk
Path Type: min

Fanout         Cap        Slew       Delay        Time   Description
---------------------------------------------------------------------------------------------
                      0.150000    0.000000    0.000000   clock wr_clk (rise edge)
                                  0.000000    0.000000   clock network delay (ideal)
                      0.150000    0.000000    0.000000 ^ _921_/CLK (sky130_fd_sc_hd__dfxtp_2)
     2    0.003375    0.058426    0.675080    0.675080 ^ _921_/Q (sky130_fd_sc_hd__dfxtp_2)
                                                         mem[9][1] (net)
                      0.058426    0.000000    0.675080 ^ _743_/A0 (sky130_fd_sc_hd__mux2_1)
     1    0.001537    0.059043    0.201592    0.876672 ^ _743_/X (sky130_fd_sc_hd__mux2_1)
                                                         _129_ (net)
                      0.059043    0.000000    0.876672 ^ _921_/D (sky130_fd_sc_hd__dfxtp_2)
                                              0.876672   data arrival time

                      0.150000    0.000000    0.000000   clock wr_clk (rise edge)
                                  0.000000    0.000000   clock network delay (ideal)
                                  0.250000    0.250000   clock uncertainty
                                  0.000000    0.250000   clock reconvergence pessimism
                                              0.250000 ^ _921_/CLK (sky130_fd_sc_hd__dfxtp_2)
                                 -0.056690    0.193310   library hold time
                                              0.193310   data required time
---------------------------------------------------------------------------------------------
                                              0.193310   data required time
                                             -0.876672   data arrival time
---------------------------------------------------------------------------------------------
                                              0.683362   slack (MET)


Startpoint: _922_ (rising edge-triggered flip-flop clocked by wr_clk)
Endpoint: _922_ (rising edge-triggered flip-flop clocked by wr_clk)
Path Group: wr_clk
Path Type: min

Fanout         Cap        Slew       Delay        Time   Description
---------------------------------------------------------------------------------------------
                      0.150000    0.000000    0.000000   clock wr_clk (rise edge)
                                  0.000000    0.000000   clock network delay (ideal)
                      0.150000    0.000000    0.000000 ^ _922_/CLK (sky130_fd_sc_hd__dfxtp_2)
     2    0.003375    0.058426    0.675080    0.675080 ^ _922_/Q (sky130_fd_sc_hd__dfxtp_2)
                                                         mem[9][2] (net)
                      0.058426    0.000000    0.675080 ^ _744_/A0 (sky130_fd_sc_hd__mux2_1)
     1    0.001537    0.059043    0.201592    0.876672 ^ _744_/X (sky130_fd_sc_hd__mux2_1)
                                                         _130_ (net)
                      0.059043    0.000000    0.876672 ^ _922_/D (sky130_fd_sc_hd__dfxtp_2)
                                              0.876672   data arrival time

                      0.150000    0.000000    0.000000   clock wr_clk (rise edge)
                                  0.000000    0.000000   clock network delay (ideal)
                                  0.250000    0.250000   clock uncertainty
                                  0.000000    0.250000   clock reconvergence pessimism
                                              0.250000 ^ _922_/CLK (sky130_fd_sc_hd__dfxtp_2)
                                 -0.056690    0.193310   library hold time
                                              0.193310   data required time
---------------------------------------------------------------------------------------------
                                              0.193310   data required time
                                             -0.876672   data arrival time
---------------------------------------------------------------------------------------------
                                              0.683362   slack (MET)


Startpoint: _923_ (rising edge-triggered flip-flop clocked by wr_clk)
Endpoint: _923_ (rising edge-triggered flip-flop clocked by wr_clk)
Path Group: wr_clk
Path Type: min

Fanout         Cap        Slew       Delay        Time   Description
---------------------------------------------------------------------------------------------
                      0.150000    0.000000    0.000000   clock wr_clk (rise edge)
                                  0.000000    0.000000   clock network delay (ideal)
                      0.150000    0.000000    0.000000 ^ _923_/CLK (sky130_fd_sc_hd__dfxtp_2)
     2    0.003375    0.058426    0.675080    0.675080 ^ _923_/Q (sky130_fd_sc_hd__dfxtp_2)
                                                         mem[9][3] (net)
                      0.058426    0.000000    0.675080 ^ _745_/A0 (sky130_fd_sc_hd__mux2_1)
     1    0.001537    0.059043    0.201592    0.876672 ^ _745_/X (sky130_fd_sc_hd__mux2_1)
                                                         _131_ (net)
                      0.059043    0.000000    0.876672 ^ _923_/D (sky130_fd_sc_hd__dfxtp_2)
                                              0.876672   data arrival time

                      0.150000    0.000000    0.000000   clock wr_clk (rise edge)
                                  0.000000    0.000000   clock network delay (ideal)
                                  0.250000    0.250000   clock uncertainty
                                  0.000000    0.250000   clock reconvergence pessimism
                                              0.250000 ^ _923_/CLK (sky130_fd_sc_hd__dfxtp_2)
                                 -0.056690    0.193310   library hold time
                                              0.193310   data required time
---------------------------------------------------------------------------------------------
                                              0.193310   data required time
                                             -0.876672   data arrival time
---------------------------------------------------------------------------------------------
                                              0.683362   slack (MET)


Startpoint: _924_ (rising edge-triggered flip-flop clocked by wr_clk)
Endpoint: _924_ (rising edge-triggered flip-flop clocked by wr_clk)
Path Group: wr_clk
Path Type: min

Fanout         Cap        Slew       Delay        Time   Description
---------------------------------------------------------------------------------------------
                      0.150000    0.000000    0.000000   clock wr_clk (rise edge)
                                  0.000000    0.000000   clock network delay (ideal)
                      0.150000    0.000000    0.000000 ^ _924_/CLK (sky130_fd_sc_hd__dfxtp_2)
     2    0.003375    0.058426    0.675080    0.675080 ^ _924_/Q (sky130_fd_sc_hd__dfxtp_2)
                                                         mem[9][4] (net)
                      0.058426    0.000000    0.675080 ^ _746_/A0 (sky130_fd_sc_hd__mux2_1)
     1    0.001537    0.059043    0.201592    0.876672 ^ _746_/X (sky130_fd_sc_hd__mux2_1)
                                                         _132_ (net)
                      0.059043    0.000000    0.876672 ^ _924_/D (sky130_fd_sc_hd__dfxtp_2)
                                              0.876672   data arrival time

                      0.150000    0.000000    0.000000   clock wr_clk (rise edge)
                                  0.000000    0.000000   clock network delay (ideal)
                                  0.250000    0.250000   clock uncertainty
                                  0.000000    0.250000   clock reconvergence pessimism
                                              0.250000 ^ _924_/CLK (sky130_fd_sc_hd__dfxtp_2)
                                 -0.056690    0.193310   library hold time
                                              0.193310   data required time
---------------------------------------------------------------------------------------------
                                              0.193310   data required time
                                             -0.876672   data arrival time
---------------------------------------------------------------------------------------------
                                              0.683362   slack (MET)


Startpoint: _925_ (rising edge-triggered flip-flop clocked by wr_clk)
Endpoint: _925_ (rising edge-triggered flip-flop clocked by wr_clk)
Path Group: wr_clk
Path Type: min

Fanout         Cap        Slew       Delay        Time   Description
---------------------------------------------------------------------------------------------
                      0.150000    0.000000    0.000000   clock wr_clk (rise edge)
                                  0.000000    0.000000   clock network delay (ideal)
                      0.150000    0.000000    0.000000 ^ _925_/CLK (sky130_fd_sc_hd__dfxtp_2)
     2    0.003375    0.058426    0.675080    0.675080 ^ _925_/Q (sky130_fd_sc_hd__dfxtp_2)
                                                         mem[9][5] (net)
                      0.058426    0.000000    0.675080 ^ _747_/A0 (sky130_fd_sc_hd__mux2_1)
     1    0.001537    0.059043    0.201592    0.876672 ^ _747_/X (sky130_fd_sc_hd__mux2_1)
                                                         _133_ (net)
                      0.059043    0.000000    0.876672 ^ _925_/D (sky130_fd_sc_hd__dfxtp_2)
                                              0.876672   data arrival time

                      0.150000    0.000000    0.000000   clock wr_clk (rise edge)
                                  0.000000    0.000000   clock network delay (ideal)
                                  0.250000    0.250000   clock uncertainty
                                  0.000000    0.250000   clock reconvergence pessimism
                                              0.250000 ^ _925_/CLK (sky130_fd_sc_hd__dfxtp_2)
                                 -0.056690    0.193310   library hold time
                                              0.193310   data required time
---------------------------------------------------------------------------------------------
                                              0.193310   data required time
                                             -0.876672   data arrival time
---------------------------------------------------------------------------------------------
                                              0.683362   slack (MET)


Startpoint: _926_ (rising edge-triggered flip-flop clocked by wr_clk)
Endpoint: _926_ (rising edge-triggered flip-flop clocked by wr_clk)
Path Group: wr_clk
Path Type: min

Fanout         Cap        Slew       Delay        Time   Description
---------------------------------------------------------------------------------------------
                      0.150000    0.000000    0.000000   clock wr_clk (rise edge)
                                  0.000000    0.000000   clock network delay (ideal)
                      0.150000    0.000000    0.000000 ^ _926_/CLK (sky130_fd_sc_hd__dfxtp_2)
     2    0.003375    0.058426    0.675080    0.675080 ^ _926_/Q (sky130_fd_sc_hd__dfxtp_2)
                                                         mem[9][6] (net)
                      0.058426    0.000000    0.675080 ^ _748_/A0 (sky130_fd_sc_hd__mux2_1)
     1    0.001537    0.059043    0.201592    0.876672 ^ _748_/X (sky130_fd_sc_hd__mux2_1)
                                                         _134_ (net)
                      0.059043    0.000000    0.876672 ^ _926_/D (sky130_fd_sc_hd__dfxtp_2)
                                              0.876672   data arrival time

                      0.150000    0.000000    0.000000   clock wr_clk (rise edge)
                                  0.000000    0.000000   clock network delay (ideal)
                                  0.250000    0.250000   clock uncertainty
                                  0.000000    0.250000   clock reconvergence pessimism
                                              0.250000 ^ _926_/CLK (sky130_fd_sc_hd__dfxtp_2)
                                 -0.056690    0.193310   library hold time
                                              0.193310   data required time
---------------------------------------------------------------------------------------------
                                              0.193310   data required time
                                             -0.876672   data arrival time
---------------------------------------------------------------------------------------------
                                              0.683362   slack (MET)


Startpoint: _927_ (rising edge-triggered flip-flop clocked by wr_clk)
Endpoint: _927_ (rising edge-triggered flip-flop clocked by wr_clk)
Path Group: wr_clk
Path Type: min

Fanout         Cap        Slew       Delay        Time   Description
---------------------------------------------------------------------------------------------
                      0.150000    0.000000    0.000000   clock wr_clk (rise edge)
                                  0.000000    0.000000   clock network delay (ideal)
                      0.150000    0.000000    0.000000 ^ _927_/CLK (sky130_fd_sc_hd__dfxtp_2)
     2    0.003375    0.058426    0.675080    0.675080 ^ _927_/Q (sky130_fd_sc_hd__dfxtp_2)
                                                         mem[9][7] (net)
                      0.058426    0.000000    0.675080 ^ _749_/A0 (sky130_fd_sc_hd__mux2_1)
     1    0.001537    0.059043    0.201592    0.876672 ^ _749_/X (sky130_fd_sc_hd__mux2_1)
                                                         _135_ (net)
                      0.059043    0.000000    0.876672 ^ _927_/D (sky130_fd_sc_hd__dfxtp_2)
                                              0.876672   data arrival time

                      0.150000    0.000000    0.000000   clock wr_clk (rise edge)
                                  0.000000    0.000000   clock network delay (ideal)
                                  0.250000    0.250000   clock uncertainty
                                  0.000000    0.250000   clock reconvergence pessimism
                                              0.250000 ^ _927_/CLK (sky130_fd_sc_hd__dfxtp_2)
                                 -0.056690    0.193310   library hold time
                                              0.193310   data required time
---------------------------------------------------------------------------------------------
                                              0.193310   data required time
                                             -0.876672   data arrival time
---------------------------------------------------------------------------------------------
                                              0.683362   slack (MET)


Startpoint: _774_ (rising edge-triggered flip-flop clocked by wr_clk)
Endpoint: _774_ (rising edge-triggered flip-flop clocked by wr_clk)
Path Group: wr_clk
Path Type: min

Fanout         Cap        Slew       Delay        Time   Description
---------------------------------------------------------------------------------------------
                      0.150000    0.000000    0.000000   clock wr_clk (rise edge)
                                  0.000000    0.000000   clock network delay (ideal)
                      0.150000    0.000000    0.000000 ^ _774_/CLK (sky130_fd_sc_hd__dfxtp_2)
     2    0.003390    0.058532    0.675197    0.675197 ^ _774_/Q (sky130_fd_sc_hd__dfxtp_2)
                                                         mem[12][0] (net)
                      0.058532    0.000000    0.675197 ^ _626_/A0 (sky130_fd_sc_hd__mux2_1)
     1    0.001537    0.059032    0.201637    0.876834 ^ _626_/X (sky130_fd_sc_hd__mux2_1)
                                                         _024_ (net)
                      0.059032    0.000000    0.876834 ^ _774_/D (sky130_fd_sc_hd__dfxtp_2)
                                              0.876834   data arrival time

                      0.150000    0.000000    0.000000   clock wr_clk (rise edge)
                                  0.000000    0.000000   clock network delay (ideal)
                                  0.250000    0.250000   clock uncertainty
                                  0.000000    0.250000   clock reconvergence pessimism
                                              0.250000 ^ _774_/CLK (sky130_fd_sc_hd__dfxtp_2)
                                 -0.056687    0.193313   library hold time
                                              0.193313   data required time
---------------------------------------------------------------------------------------------
                                              0.193313   data required time
                                             -0.876834   data arrival time
---------------------------------------------------------------------------------------------
                                              0.683521   slack (MET)


Startpoint: _775_ (rising edge-triggered flip-flop clocked by wr_clk)
Endpoint: _775_ (rising edge-triggered flip-flop clocked by wr_clk)
Path Group: wr_clk
Path Type: min

Fanout         Cap        Slew       Delay        Time   Description
---------------------------------------------------------------------------------------------
                      0.150000    0.000000    0.000000   clock wr_clk (rise edge)
                                  0.000000    0.000000   clock network delay (ideal)
                      0.150000    0.000000    0.000000 ^ _775_/CLK (sky130_fd_sc_hd__dfxtp_2)
     2    0.003390    0.058532    0.675197    0.675197 ^ _775_/Q (sky130_fd_sc_hd__dfxtp_2)
                                                         mem[12][1] (net)
                      0.058532    0.000000    0.675197 ^ _627_/A0 (sky130_fd_sc_hd__mux2_1)
     1    0.001537    0.059032    0.201637    0.876834 ^ _627_/X (sky130_fd_sc_hd__mux2_1)
                                                         _025_ (net)
                      0.059032    0.000000    0.876834 ^ _775_/D (sky130_fd_sc_hd__dfxtp_2)
                                              0.876834   data arrival time

                      0.150000    0.000000    0.000000   clock wr_clk (rise edge)
                                  0.000000    0.000000   clock network delay (ideal)
                                  0.250000    0.250000   clock uncertainty
                                  0.000000    0.250000   clock reconvergence pessimism
                                              0.250000 ^ _775_/CLK (sky130_fd_sc_hd__dfxtp_2)
                                 -0.056687    0.193313   library hold time
                                              0.193313   data required time
---------------------------------------------------------------------------------------------
                                              0.193313   data required time
                                             -0.876834   data arrival time
---------------------------------------------------------------------------------------------
                                              0.683521   slack (MET)


Startpoint: _776_ (rising edge-triggered flip-flop clocked by wr_clk)
Endpoint: _776_ (rising edge-triggered flip-flop clocked by wr_clk)
Path Group: wr_clk
Path Type: min

Fanout         Cap        Slew       Delay        Time   Description
---------------------------------------------------------------------------------------------
                      0.150000    0.000000    0.000000   clock wr_clk (rise edge)
                                  0.000000    0.000000   clock network delay (ideal)
                      0.150000    0.000000    0.000000 ^ _776_/CLK (sky130_fd_sc_hd__dfxtp_2)
     2    0.003390    0.058532    0.675197    0.675197 ^ _776_/Q (sky130_fd_sc_hd__dfxtp_2)
                                                         mem[12][2] (net)
                      0.058532    0.000000    0.675197 ^ _628_/A0 (sky130_fd_sc_hd__mux2_1)
     1    0.001537    0.059032    0.201637    0.876834 ^ _628_/X (sky130_fd_sc_hd__mux2_1)
                                                         _026_ (net)
                      0.059032    0.000000    0.876834 ^ _776_/D (sky130_fd_sc_hd__dfxtp_2)
                                              0.876834   data arrival time

                      0.150000    0.000000    0.000000   clock wr_clk (rise edge)
                                  0.000000    0.000000   clock network delay (ideal)
                                  0.250000    0.250000   clock uncertainty
                                  0.000000    0.250000   clock reconvergence pessimism
                                              0.250000 ^ _776_/CLK (sky130_fd_sc_hd__dfxtp_2)
                                 -0.056687    0.193313   library hold time
                                              0.193313   data required time
---------------------------------------------------------------------------------------------
                                              0.193313   data required time
                                             -0.876834   data arrival time
---------------------------------------------------------------------------------------------
                                              0.683521   slack (MET)


Startpoint: _777_ (rising edge-triggered flip-flop clocked by wr_clk)
Endpoint: _777_ (rising edge-triggered flip-flop clocked by wr_clk)
Path Group: wr_clk
Path Type: min

Fanout         Cap        Slew       Delay        Time   Description
---------------------------------------------------------------------------------------------
                      0.150000    0.000000    0.000000   clock wr_clk (rise edge)
                                  0.000000    0.000000   clock network delay (ideal)
                      0.150000    0.000000    0.000000 ^ _777_/CLK (sky130_fd_sc_hd__dfxtp_2)
     2    0.003390    0.058532    0.675197    0.675197 ^ _777_/Q (sky130_fd_sc_hd__dfxtp_2)
                                                         mem[12][3] (net)
                      0.058532    0.000000    0.675197 ^ _629_/A0 (sky130_fd_sc_hd__mux2_1)
     1    0.001537    0.059032    0.201637    0.876834 ^ _629_/X (sky130_fd_sc_hd__mux2_1)
                                                         _027_ (net)
                      0.059032    0.000000    0.876834 ^ _777_/D (sky130_fd_sc_hd__dfxtp_2)
                                              0.876834   data arrival time

                      0.150000    0.000000    0.000000   clock wr_clk (rise edge)
                                  0.000000    0.000000   clock network delay (ideal)
                                  0.250000    0.250000   clock uncertainty
                                  0.000000    0.250000   clock reconvergence pessimism
                                              0.250000 ^ _777_/CLK (sky130_fd_sc_hd__dfxtp_2)
                                 -0.056687    0.193313   library hold time
                                              0.193313   data required time
---------------------------------------------------------------------------------------------
                                              0.193313   data required time
                                             -0.876834   data arrival time
---------------------------------------------------------------------------------------------
                                              0.683521   slack (MET)


Startpoint: _778_ (rising edge-triggered flip-flop clocked by wr_clk)
Endpoint: _778_ (rising edge-triggered flip-flop clocked by wr_clk)
Path Group: wr_clk
Path Type: min

Fanout         Cap        Slew       Delay        Time   Description
---------------------------------------------------------------------------------------------
                      0.150000    0.000000    0.000000   clock wr_clk (rise edge)
                                  0.000000    0.000000   clock network delay (ideal)
                      0.150000    0.000000    0.000000 ^ _778_/CLK (sky130_fd_sc_hd__dfxtp_2)
     2    0.003390    0.058532    0.675197    0.675197 ^ _778_/Q (sky130_fd_sc_hd__dfxtp_2)
                                                         mem[12][4] (net)
                      0.058532    0.000000    0.675197 ^ _630_/A0 (sky130_fd_sc_hd__mux2_1)
     1    0.001537    0.059032    0.201637    0.876834 ^ _630_/X (sky130_fd_sc_hd__mux2_1)
                                                         _028_ (net)
                      0.059032    0.000000    0.876834 ^ _778_/D (sky130_fd_sc_hd__dfxtp_2)
                                              0.876834   data arrival time

                      0.150000    0.000000    0.000000   clock wr_clk (rise edge)
                                  0.000000    0.000000   clock network delay (ideal)
                                  0.250000    0.250000   clock uncertainty
                                  0.000000    0.250000   clock reconvergence pessimism
                                              0.250000 ^ _778_/CLK (sky130_fd_sc_hd__dfxtp_2)
                                 -0.056687    0.193313   library hold time
                                              0.193313   data required time
---------------------------------------------------------------------------------------------
                                              0.193313   data required time
                                             -0.876834   data arrival time
---------------------------------------------------------------------------------------------
                                              0.683521   slack (MET)


Startpoint: _779_ (rising edge-triggered flip-flop clocked by wr_clk)
Endpoint: _779_ (rising edge-triggered flip-flop clocked by wr_clk)
Path Group: wr_clk
Path Type: min

Fanout         Cap        Slew       Delay        Time   Description
---------------------------------------------------------------------------------------------
                      0.150000    0.000000    0.000000   clock wr_clk (rise edge)
                                  0.000000    0.000000   clock network delay (ideal)
                      0.150000    0.000000    0.000000 ^ _779_/CLK (sky130_fd_sc_hd__dfxtp_2)
     2    0.003390    0.058532    0.675197    0.675197 ^ _779_/Q (sky130_fd_sc_hd__dfxtp_2)
                                                         mem[12][5] (net)
                      0.058532    0.000000    0.675197 ^ _631_/A0 (sky130_fd_sc_hd__mux2_1)
     1    0.001537    0.059032    0.201637    0.876834 ^ _631_/X (sky130_fd_sc_hd__mux2_1)
                                                         _029_ (net)
                      0.059032    0.000000    0.876834 ^ _779_/D (sky130_fd_sc_hd__dfxtp_2)
                                              0.876834   data arrival time

                      0.150000    0.000000    0.000000   clock wr_clk (rise edge)
                                  0.000000    0.000000   clock network delay (ideal)
                                  0.250000    0.250000   clock uncertainty
                                  0.000000    0.250000   clock reconvergence pessimism
                                              0.250000 ^ _779_/CLK (sky130_fd_sc_hd__dfxtp_2)
                                 -0.056687    0.193313   library hold time
                                              0.193313   data required time
---------------------------------------------------------------------------------------------
                                              0.193313   data required time
                                             -0.876834   data arrival time
---------------------------------------------------------------------------------------------
                                              0.683521   slack (MET)


Startpoint: _780_ (rising edge-triggered flip-flop clocked by wr_clk)
Endpoint: _780_ (rising edge-triggered flip-flop clocked by wr_clk)
Path Group: wr_clk
Path Type: min

Fanout         Cap        Slew       Delay        Time   Description
---------------------------------------------------------------------------------------------
                      0.150000    0.000000    0.000000   clock wr_clk (rise edge)
                                  0.000000    0.000000   clock network delay (ideal)
                      0.150000    0.000000    0.000000 ^ _780_/CLK (sky130_fd_sc_hd__dfxtp_2)
     2    0.003390    0.058532    0.675197    0.675197 ^ _780_/Q (sky130_fd_sc_hd__dfxtp_2)
                                                         mem[12][6] (net)
                      0.058532    0.000000    0.675197 ^ _632_/A0 (sky130_fd_sc_hd__mux2_1)
     1    0.001537    0.059032    0.201637    0.876834 ^ _632_/X (sky130_fd_sc_hd__mux2_1)
                                                         _030_ (net)
                      0.059032    0.000000    0.876834 ^ _780_/D (sky130_fd_sc_hd__dfxtp_2)
                                              0.876834   data arrival time

                      0.150000    0.000000    0.000000   clock wr_clk (rise edge)
                                  0.000000    0.000000   clock network delay (ideal)
                                  0.250000    0.250000   clock uncertainty
                                  0.000000    0.250000   clock reconvergence pessimism
                                              0.250000 ^ _780_/CLK (sky130_fd_sc_hd__dfxtp_2)
                                 -0.056687    0.193313   library hold time
                                              0.193313   data required time
---------------------------------------------------------------------------------------------
                                              0.193313   data required time
                                             -0.876834   data arrival time
---------------------------------------------------------------------------------------------
                                              0.683521   slack (MET)


Startpoint: _781_ (rising edge-triggered flip-flop clocked by wr_clk)
Endpoint: _781_ (rising edge-triggered flip-flop clocked by wr_clk)
Path Group: wr_clk
Path Type: min

Fanout         Cap        Slew       Delay        Time   Description
---------------------------------------------------------------------------------------------
                      0.150000    0.000000    0.000000   clock wr_clk (rise edge)
                                  0.000000    0.000000   clock network delay (ideal)
                      0.150000    0.000000    0.000000 ^ _781_/CLK (sky130_fd_sc_hd__dfxtp_2)
     2    0.003390    0.058532    0.675197    0.675197 ^ _781_/Q (sky130_fd_sc_hd__dfxtp_2)
                                                         mem[12][7] (net)
                      0.058532    0.000000    0.675197 ^ _633_/A0 (sky130_fd_sc_hd__mux2_1)
     1    0.001537    0.059032    0.201637    0.876834 ^ _633_/X (sky130_fd_sc_hd__mux2_1)
                                                         _031_ (net)
                      0.059032    0.000000    0.876834 ^ _781_/D (sky130_fd_sc_hd__dfxtp_2)
                                              0.876834   data arrival time

                      0.150000    0.000000    0.000000   clock wr_clk (rise edge)
                                  0.000000    0.000000   clock network delay (ideal)
                                  0.250000    0.250000   clock uncertainty
                                  0.000000    0.250000   clock reconvergence pessimism
                                              0.250000 ^ _781_/CLK (sky130_fd_sc_hd__dfxtp_2)
                                 -0.056687    0.193313   library hold time
                                              0.193313   data required time
---------------------------------------------------------------------------------------------
                                              0.193313   data required time
                                             -0.876834   data arrival time
---------------------------------------------------------------------------------------------
                                              0.683521   slack (MET)


Startpoint: _806_ (rising edge-triggered flip-flop clocked by wr_clk)
Endpoint: _806_ (rising edge-triggered flip-flop clocked by wr_clk)
Path Group: wr_clk
Path Type: min

Fanout         Cap        Slew       Delay        Time   Description
---------------------------------------------------------------------------------------------
                      0.150000    0.000000    0.000000   clock wr_clk (rise edge)
                                  0.000000    0.000000   clock network delay (ideal)
                      0.150000    0.000000    0.000000 ^ _806_/CLK (sky130_fd_sc_hd__dfxtp_2)
     2    0.003390    0.058532    0.675197    0.675197 ^ _806_/Q (sky130_fd_sc_hd__dfxtp_2)
                                                         mem[0][0] (net)
                      0.058532    0.000000    0.675197 ^ _662_/A0 (sky130_fd_sc_hd__mux2_1)
     1    0.001537    0.059029    0.201637    0.876834 ^ _662_/X (sky130_fd_sc_hd__mux2_1)
                                                         _056_ (net)
                      0.059029    0.000000    0.876834 ^ _806_/D (sky130_fd_sc_hd__dfxtp_2)
                                              0.876834   data arrival time

                      0.150000    0.000000    0.000000   clock wr_clk (rise edge)
                                  0.000000    0.000000   clock network delay (ideal)
                                  0.250000    0.250000   clock uncertainty
                                  0.000000    0.250000   clock reconvergence pessimism
                                              0.250000 ^ _806_/CLK (sky130_fd_sc_hd__dfxtp_2)
                                 -0.056687    0.193313   library hold time
                                              0.193313   data required time
---------------------------------------------------------------------------------------------
                                              0.193313   data required time
                                             -0.876834   data arrival time
---------------------------------------------------------------------------------------------
                                              0.683521   slack (MET)


Startpoint: _807_ (rising edge-triggered flip-flop clocked by wr_clk)
Endpoint: _807_ (rising edge-triggered flip-flop clocked by wr_clk)
Path Group: wr_clk
Path Type: min

Fanout         Cap        Slew       Delay        Time   Description
---------------------------------------------------------------------------------------------
                      0.150000    0.000000    0.000000   clock wr_clk (rise edge)
                                  0.000000    0.000000   clock network delay (ideal)
                      0.150000    0.000000    0.000000 ^ _807_/CLK (sky130_fd_sc_hd__dfxtp_2)
     2    0.003390    0.058532    0.675197    0.675197 ^ _807_/Q (sky130_fd_sc_hd__dfxtp_2)
                                                         mem[0][1] (net)
                      0.058532    0.000000    0.675197 ^ _663_/A0 (sky130_fd_sc_hd__mux2_1)
     1    0.001537    0.059029    0.201637    0.876834 ^ _663_/X (sky130_fd_sc_hd__mux2_1)
                                                         _057_ (net)
                      0.059029    0.000000    0.876834 ^ _807_/D (sky130_fd_sc_hd__dfxtp_2)
                                              0.876834   data arrival time

                      0.150000    0.000000    0.000000   clock wr_clk (rise edge)
                                  0.000000    0.000000   clock network delay (ideal)
                                  0.250000    0.250000   clock uncertainty
                                  0.000000    0.250000   clock reconvergence pessimism
                                              0.250000 ^ _807_/CLK (sky130_fd_sc_hd__dfxtp_2)
                                 -0.056687    0.193313   library hold time
                                              0.193313   data required time
---------------------------------------------------------------------------------------------
                                              0.193313   data required time
                                             -0.876834   data arrival time
---------------------------------------------------------------------------------------------
                                              0.683521   slack (MET)


Startpoint: _808_ (rising edge-triggered flip-flop clocked by wr_clk)
Endpoint: _808_ (rising edge-triggered flip-flop clocked by wr_clk)
Path Group: wr_clk
Path Type: min

Fanout         Cap        Slew       Delay        Time   Description
---------------------------------------------------------------------------------------------
                      0.150000    0.000000    0.000000   clock wr_clk (rise edge)
                                  0.000000    0.000000   clock network delay (ideal)
                      0.150000    0.000000    0.000000 ^ _808_/CLK (sky130_fd_sc_hd__dfxtp_2)
     2    0.003390    0.058532    0.675197    0.675197 ^ _808_/Q (sky130_fd_sc_hd__dfxtp_2)
                                                         mem[0][2] (net)
                      0.058532    0.000000    0.675197 ^ _664_/A0 (sky130_fd_sc_hd__mux2_1)
     1    0.001537    0.059029    0.201637    0.876834 ^ _664_/X (sky130_fd_sc_hd__mux2_1)
                                                         _058_ (net)
                      0.059029    0.000000    0.876834 ^ _808_/D (sky130_fd_sc_hd__dfxtp_2)
                                              0.876834   data arrival time

                      0.150000    0.000000    0.000000   clock wr_clk (rise edge)
                                  0.000000    0.000000   clock network delay (ideal)
                                  0.250000    0.250000   clock uncertainty
                                  0.000000    0.250000   clock reconvergence pessimism
                                              0.250000 ^ _808_/CLK (sky130_fd_sc_hd__dfxtp_2)
                                 -0.056687    0.193313   library hold time
                                              0.193313   data required time
---------------------------------------------------------------------------------------------
                                              0.193313   data required time
                                             -0.876834   data arrival time
---------------------------------------------------------------------------------------------
                                              0.683521   slack (MET)


Startpoint: _809_ (rising edge-triggered flip-flop clocked by wr_clk)
Endpoint: _809_ (rising edge-triggered flip-flop clocked by wr_clk)
Path Group: wr_clk
Path Type: min

Fanout         Cap        Slew       Delay        Time   Description
---------------------------------------------------------------------------------------------
                      0.150000    0.000000    0.000000   clock wr_clk (rise edge)
                                  0.000000    0.000000   clock network delay (ideal)
                      0.150000    0.000000    0.000000 ^ _809_/CLK (sky130_fd_sc_hd__dfxtp_2)
     2    0.003390    0.058532    0.675197    0.675197 ^ _809_/Q (sky130_fd_sc_hd__dfxtp_2)
                                                         mem[0][3] (net)
                      0.058532    0.000000    0.675197 ^ _665_/A0 (sky130_fd_sc_hd__mux2_1)
     1    0.001537    0.059029    0.201637    0.876834 ^ _665_/X (sky130_fd_sc_hd__mux2_1)
                                                         _059_ (net)
                      0.059029    0.000000    0.876834 ^ _809_/D (sky130_fd_sc_hd__dfxtp_2)
                                              0.876834   data arrival time

                      0.150000    0.000000    0.000000   clock wr_clk (rise edge)
                                  0.000000    0.000000   clock network delay (ideal)
                                  0.250000    0.250000   clock uncertainty
                                  0.000000    0.250000   clock reconvergence pessimism
                                              0.250000 ^ _809_/CLK (sky130_fd_sc_hd__dfxtp_2)
                                 -0.056687    0.193313   library hold time
                                              0.193313   data required time
---------------------------------------------------------------------------------------------
                                              0.193313   data required time
                                             -0.876834   data arrival time
---------------------------------------------------------------------------------------------
                                              0.683521   slack (MET)


Startpoint: _810_ (rising edge-triggered flip-flop clocked by wr_clk)
Endpoint: _810_ (rising edge-triggered flip-flop clocked by wr_clk)
Path Group: wr_clk
Path Type: min

Fanout         Cap        Slew       Delay        Time   Description
---------------------------------------------------------------------------------------------
                      0.150000    0.000000    0.000000   clock wr_clk (rise edge)
                                  0.000000    0.000000   clock network delay (ideal)
                      0.150000    0.000000    0.000000 ^ _810_/CLK (sky130_fd_sc_hd__dfxtp_2)
     2    0.003390    0.058532    0.675197    0.675197 ^ _810_/Q (sky130_fd_sc_hd__dfxtp_2)
                                                         mem[0][4] (net)
                      0.058532    0.000000    0.675197 ^ _666_/A0 (sky130_fd_sc_hd__mux2_1)
     1    0.001537    0.059029    0.201637    0.876834 ^ _666_/X (sky130_fd_sc_hd__mux2_1)
                                                         _060_ (net)
                      0.059029    0.000000    0.876834 ^ _810_/D (sky130_fd_sc_hd__dfxtp_2)
                                              0.876834   data arrival time

                      0.150000    0.000000    0.000000   clock wr_clk (rise edge)
                                  0.000000    0.000000   clock network delay (ideal)
                                  0.250000    0.250000   clock uncertainty
                                  0.000000    0.250000   clock reconvergence pessimism
                                              0.250000 ^ _810_/CLK (sky130_fd_sc_hd__dfxtp_2)
                                 -0.056687    0.193313   library hold time
                                              0.193313   data required time
---------------------------------------------------------------------------------------------
                                              0.193313   data required time
                                             -0.876834   data arrival time
---------------------------------------------------------------------------------------------
                                              0.683521   slack (MET)


Startpoint: _811_ (rising edge-triggered flip-flop clocked by wr_clk)
Endpoint: _811_ (rising edge-triggered flip-flop clocked by wr_clk)
Path Group: wr_clk
Path Type: min

Fanout         Cap        Slew       Delay        Time   Description
---------------------------------------------------------------------------------------------
                      0.150000    0.000000    0.000000   clock wr_clk (rise edge)
                                  0.000000    0.000000   clock network delay (ideal)
                      0.150000    0.000000    0.000000 ^ _811_/CLK (sky130_fd_sc_hd__dfxtp_2)
     2    0.003390    0.058532    0.675197    0.675197 ^ _811_/Q (sky130_fd_sc_hd__dfxtp_2)
                                                         mem[0][5] (net)
                      0.058532    0.000000    0.675197 ^ _667_/A0 (sky130_fd_sc_hd__mux2_1)
     1    0.001537    0.059029    0.201637    0.876834 ^ _667_/X (sky130_fd_sc_hd__mux2_1)
                                                         _061_ (net)
                      0.059029    0.000000    0.876834 ^ _811_/D (sky130_fd_sc_hd__dfxtp_2)
                                              0.876834   data arrival time

                      0.150000    0.000000    0.000000   clock wr_clk (rise edge)
                                  0.000000    0.000000   clock network delay (ideal)
                                  0.250000    0.250000   clock uncertainty
                                  0.000000    0.250000   clock reconvergence pessimism
                                              0.250000 ^ _811_/CLK (sky130_fd_sc_hd__dfxtp_2)
                                 -0.056687    0.193313   library hold time
                                              0.193313   data required time
---------------------------------------------------------------------------------------------
                                              0.193313   data required time
                                             -0.876834   data arrival time
---------------------------------------------------------------------------------------------
                                              0.683521   slack (MET)


Startpoint: _812_ (rising edge-triggered flip-flop clocked by wr_clk)
Endpoint: _812_ (rising edge-triggered flip-flop clocked by wr_clk)
Path Group: wr_clk
Path Type: min

Fanout         Cap        Slew       Delay        Time   Description
---------------------------------------------------------------------------------------------
                      0.150000    0.000000    0.000000   clock wr_clk (rise edge)
                                  0.000000    0.000000   clock network delay (ideal)
                      0.150000    0.000000    0.000000 ^ _812_/CLK (sky130_fd_sc_hd__dfxtp_2)
     2    0.003390    0.058532    0.675197    0.675197 ^ _812_/Q (sky130_fd_sc_hd__dfxtp_2)
                                                         mem[0][6] (net)
                      0.058532    0.000000    0.675197 ^ _668_/A0 (sky130_fd_sc_hd__mux2_1)
     1    0.001537    0.059029    0.201637    0.876834 ^ _668_/X (sky130_fd_sc_hd__mux2_1)
                                                         _062_ (net)
                      0.059029    0.000000    0.876834 ^ _812_/D (sky130_fd_sc_hd__dfxtp_2)
                                              0.876834   data arrival time

                      0.150000    0.000000    0.000000   clock wr_clk (rise edge)
                                  0.000000    0.000000   clock network delay (ideal)
                                  0.250000    0.250000   clock uncertainty
                                  0.000000    0.250000   clock reconvergence pessimism
                                              0.250000 ^ _812_/CLK (sky130_fd_sc_hd__dfxtp_2)
                                 -0.056687    0.193313   library hold time
                                              0.193313   data required time
---------------------------------------------------------------------------------------------
                                              0.193313   data required time
                                             -0.876834   data arrival time
---------------------------------------------------------------------------------------------
                                              0.683521   slack (MET)


Startpoint: _813_ (rising edge-triggered flip-flop clocked by wr_clk)
Endpoint: _813_ (rising edge-triggered flip-flop clocked by wr_clk)
Path Group: wr_clk
Path Type: min

Fanout         Cap        Slew       Delay        Time   Description
---------------------------------------------------------------------------------------------
                      0.150000    0.000000    0.000000   clock wr_clk (rise edge)
                                  0.000000    0.000000   clock network delay (ideal)
                      0.150000    0.000000    0.000000 ^ _813_/CLK (sky130_fd_sc_hd__dfxtp_2)
     2    0.003390    0.058532    0.675197    0.675197 ^ _813_/Q (sky130_fd_sc_hd__dfxtp_2)
                                                         mem[0][7] (net)
                      0.058532    0.000000    0.675197 ^ _669_/A0 (sky130_fd_sc_hd__mux2_1)
     1    0.001537    0.059029    0.201637    0.876834 ^ _669_/X (sky130_fd_sc_hd__mux2_1)
                                                         _063_ (net)
                      0.059029    0.000000    0.876834 ^ _813_/D (sky130_fd_sc_hd__dfxtp_2)
                                              0.876834   data arrival time

                      0.150000    0.000000    0.000000   clock wr_clk (rise edge)
                                  0.000000    0.000000   clock network delay (ideal)
                                  0.250000    0.250000   clock uncertainty
                                  0.000000    0.250000   clock reconvergence pessimism
                                              0.250000 ^ _813_/CLK (sky130_fd_sc_hd__dfxtp_2)
                                 -0.056687    0.193313   library hold time
                                              0.193313   data required time
---------------------------------------------------------------------------------------------
                                              0.193313   data required time
                                             -0.876834   data arrival time
---------------------------------------------------------------------------------------------
                                              0.683521   slack (MET)


Startpoint: _814_ (rising edge-triggered flip-flop clocked by wr_clk)
Endpoint: _814_ (rising edge-triggered flip-flop clocked by wr_clk)
Path Group: wr_clk
Path Type: min

Fanout         Cap        Slew       Delay        Time   Description
---------------------------------------------------------------------------------------------
                      0.150000    0.000000    0.000000   clock wr_clk (rise edge)
                                  0.000000    0.000000   clock network delay (ideal)
                      0.150000    0.000000    0.000000 ^ _814_/CLK (sky130_fd_sc_hd__dfxtp_2)
     2    0.003390    0.058532    0.675197    0.675197 ^ _814_/Q (sky130_fd_sc_hd__dfxtp_2)
                                                         mem[8][0] (net)
                      0.058532    0.000000    0.675197 ^ _671_/A0 (sky130_fd_sc_hd__mux2_1)
     1    0.001537    0.059033    0.201637    0.876834 ^ _671_/X (sky130_fd_sc_hd__mux2_1)
                                                         _064_ (net)
                      0.059033    0.000000    0.876834 ^ _814_/D (sky130_fd_sc_hd__dfxtp_2)
                                              0.876834   data arrival time

                      0.150000    0.000000    0.000000   clock wr_clk (rise edge)
                                  0.000000    0.000000   clock network delay (ideal)
                                  0.250000    0.250000   clock uncertainty
                                  0.000000    0.250000   clock reconvergence pessimism
                                              0.250000 ^ _814_/CLK (sky130_fd_sc_hd__dfxtp_2)
                                 -0.056687    0.193313   library hold time
                                              0.193313   data required time
---------------------------------------------------------------------------------------------
                                              0.193313   data required time
                                             -0.876834   data arrival time
---------------------------------------------------------------------------------------------
                                              0.683522   slack (MET)


Startpoint: _815_ (rising edge-triggered flip-flop clocked by wr_clk)
Endpoint: _815_ (rising edge-triggered flip-flop clocked by wr_clk)
Path Group: wr_clk
Path Type: min

Fanout         Cap        Slew       Delay        Time   Description
---------------------------------------------------------------------------------------------
                      0.150000    0.000000    0.000000   clock wr_clk (rise edge)
                                  0.000000    0.000000   clock network delay (ideal)
                      0.150000    0.000000    0.000000 ^ _815_/CLK (sky130_fd_sc_hd__dfxtp_2)
     2    0.003390    0.058532    0.675197    0.675197 ^ _815_/Q (sky130_fd_sc_hd__dfxtp_2)
                                                         mem[8][1] (net)
                      0.058532    0.000000    0.675197 ^ _672_/A0 (sky130_fd_sc_hd__mux2_1)
     1    0.001537    0.059033    0.201637    0.876834 ^ _672_/X (sky130_fd_sc_hd__mux2_1)
                                                         _065_ (net)
                      0.059033    0.000000    0.876834 ^ _815_/D (sky130_fd_sc_hd__dfxtp_2)
                                              0.876834   data arrival time

                      0.150000    0.000000    0.000000   clock wr_clk (rise edge)
                                  0.000000    0.000000   clock network delay (ideal)
                                  0.250000    0.250000   clock uncertainty
                                  0.000000    0.250000   clock reconvergence pessimism
                                              0.250000 ^ _815_/CLK (sky130_fd_sc_hd__dfxtp_2)
                                 -0.056687    0.193313   library hold time
                                              0.193313   data required time
---------------------------------------------------------------------------------------------
                                              0.193313   data required time
                                             -0.876834   data arrival time
---------------------------------------------------------------------------------------------
                                              0.683522   slack (MET)


Startpoint: _816_ (rising edge-triggered flip-flop clocked by wr_clk)
Endpoint: _816_ (rising edge-triggered flip-flop clocked by wr_clk)
Path Group: wr_clk
Path Type: min

Fanout         Cap        Slew       Delay        Time   Description
---------------------------------------------------------------------------------------------
                      0.150000    0.000000    0.000000   clock wr_clk (rise edge)
                                  0.000000    0.000000   clock network delay (ideal)
                      0.150000    0.000000    0.000000 ^ _816_/CLK (sky130_fd_sc_hd__dfxtp_2)
     2    0.003390    0.058532    0.675197    0.675197 ^ _816_/Q (sky130_fd_sc_hd__dfxtp_2)
                                                         mem[8][2] (net)
                      0.058532    0.000000    0.675197 ^ _673_/A0 (sky130_fd_sc_hd__mux2_1)
     1    0.001537    0.059033    0.201637    0.876834 ^ _673_/X (sky130_fd_sc_hd__mux2_1)
                                                         _066_ (net)
                      0.059033    0.000000    0.876834 ^ _816_/D (sky130_fd_sc_hd__dfxtp_2)
                                              0.876834   data arrival time

                      0.150000    0.000000    0.000000   clock wr_clk (rise edge)
                                  0.000000    0.000000   clock network delay (ideal)
                                  0.250000    0.250000   clock uncertainty
                                  0.000000    0.250000   clock reconvergence pessimism
                                              0.250000 ^ _816_/CLK (sky130_fd_sc_hd__dfxtp_2)
                                 -0.056687    0.193313   library hold time
                                              0.193313   data required time
---------------------------------------------------------------------------------------------
                                              0.193313   data required time
                                             -0.876834   data arrival time
---------------------------------------------------------------------------------------------
                                              0.683522   slack (MET)


Startpoint: _817_ (rising edge-triggered flip-flop clocked by wr_clk)
Endpoint: _817_ (rising edge-triggered flip-flop clocked by wr_clk)
Path Group: wr_clk
Path Type: min

Fanout         Cap        Slew       Delay        Time   Description
---------------------------------------------------------------------------------------------
                      0.150000    0.000000    0.000000   clock wr_clk (rise edge)
                                  0.000000    0.000000   clock network delay (ideal)
                      0.150000    0.000000    0.000000 ^ _817_/CLK (sky130_fd_sc_hd__dfxtp_2)
     2    0.003390    0.058532    0.675197    0.675197 ^ _817_/Q (sky130_fd_sc_hd__dfxtp_2)
                                                         mem[8][3] (net)
                      0.058532    0.000000    0.675197 ^ _674_/A0 (sky130_fd_sc_hd__mux2_1)
     1    0.001537    0.059033    0.201637    0.876834 ^ _674_/X (sky130_fd_sc_hd__mux2_1)
                                                         _067_ (net)
                      0.059033    0.000000    0.876834 ^ _817_/D (sky130_fd_sc_hd__dfxtp_2)
                                              0.876834   data arrival time

                      0.150000    0.000000    0.000000   clock wr_clk (rise edge)
                                  0.000000    0.000000   clock network delay (ideal)
                                  0.250000    0.250000   clock uncertainty
                                  0.000000    0.250000   clock reconvergence pessimism
                                              0.250000 ^ _817_/CLK (sky130_fd_sc_hd__dfxtp_2)
                                 -0.056687    0.193313   library hold time
                                              0.193313   data required time
---------------------------------------------------------------------------------------------
                                              0.193313   data required time
                                             -0.876834   data arrival time
---------------------------------------------------------------------------------------------
                                              0.683522   slack (MET)


Startpoint: _818_ (rising edge-triggered flip-flop clocked by wr_clk)
Endpoint: _818_ (rising edge-triggered flip-flop clocked by wr_clk)
Path Group: wr_clk
Path Type: min

Fanout         Cap        Slew       Delay        Time   Description
---------------------------------------------------------------------------------------------
                      0.150000    0.000000    0.000000   clock wr_clk (rise edge)
                                  0.000000    0.000000   clock network delay (ideal)
                      0.150000    0.000000    0.000000 ^ _818_/CLK (sky130_fd_sc_hd__dfxtp_2)
     2    0.003390    0.058532    0.675197    0.675197 ^ _818_/Q (sky130_fd_sc_hd__dfxtp_2)
                                                         mem[8][4] (net)
                      0.058532    0.000000    0.675197 ^ _675_/A0 (sky130_fd_sc_hd__mux2_1)
     1    0.001537    0.059033    0.201637    0.876834 ^ _675_/X (sky130_fd_sc_hd__mux2_1)
                                                         _068_ (net)
                      0.059033    0.000000    0.876834 ^ _818_/D (sky130_fd_sc_hd__dfxtp_2)
                                              0.876834   data arrival time

                      0.150000    0.000000    0.000000   clock wr_clk (rise edge)
                                  0.000000    0.000000   clock network delay (ideal)
                                  0.250000    0.250000   clock uncertainty
                                  0.000000    0.250000   clock reconvergence pessimism
                                              0.250000 ^ _818_/CLK (sky130_fd_sc_hd__dfxtp_2)
                                 -0.056687    0.193313   library hold time
                                              0.193313   data required time
---------------------------------------------------------------------------------------------
                                              0.193313   data required time
                                             -0.876834   data arrival time
---------------------------------------------------------------------------------------------
                                              0.683522   slack (MET)


Startpoint: _819_ (rising edge-triggered flip-flop clocked by wr_clk)
Endpoint: _819_ (rising edge-triggered flip-flop clocked by wr_clk)
Path Group: wr_clk
Path Type: min

Fanout         Cap        Slew       Delay        Time   Description
---------------------------------------------------------------------------------------------
                      0.150000    0.000000    0.000000   clock wr_clk (rise edge)
                                  0.000000    0.000000   clock network delay (ideal)
                      0.150000    0.000000    0.000000 ^ _819_/CLK (sky130_fd_sc_hd__dfxtp_2)
     2    0.003390    0.058532    0.675197    0.675197 ^ _819_/Q (sky130_fd_sc_hd__dfxtp_2)
                                                         mem[8][5] (net)
                      0.058532    0.000000    0.675197 ^ _676_/A0 (sky130_fd_sc_hd__mux2_1)
     1    0.001537    0.059033    0.201637    0.876834 ^ _676_/X (sky130_fd_sc_hd__mux2_1)
                                                         _069_ (net)
                      0.059033    0.000000    0.876834 ^ _819_/D (sky130_fd_sc_hd__dfxtp_2)
                                              0.876834   data arrival time

                      0.150000    0.000000    0.000000   clock wr_clk (rise edge)
                                  0.000000    0.000000   clock network delay (ideal)
                                  0.250000    0.250000   clock uncertainty
                                  0.000000    0.250000   clock reconvergence pessimism
                                              0.250000 ^ _819_/CLK (sky130_fd_sc_hd__dfxtp_2)
                                 -0.056687    0.193313   library hold time
                                              0.193313   data required time
---------------------------------------------------------------------------------------------
                                              0.193313   data required time
                                             -0.876834   data arrival time
---------------------------------------------------------------------------------------------
                                              0.683522   slack (MET)


Startpoint: _820_ (rising edge-triggered flip-flop clocked by wr_clk)
Endpoint: _820_ (rising edge-triggered flip-flop clocked by wr_clk)
Path Group: wr_clk
Path Type: min

Fanout         Cap        Slew       Delay        Time   Description
---------------------------------------------------------------------------------------------
                      0.150000    0.000000    0.000000   clock wr_clk (rise edge)
                                  0.000000    0.000000   clock network delay (ideal)
                      0.150000    0.000000    0.000000 ^ _820_/CLK (sky130_fd_sc_hd__dfxtp_2)
     2    0.003390    0.058532    0.675197    0.675197 ^ _820_/Q (sky130_fd_sc_hd__dfxtp_2)
                                                         mem[8][6] (net)
                      0.058532    0.000000    0.675197 ^ _677_/A0 (sky130_fd_sc_hd__mux2_1)
     1    0.001537    0.059033    0.201637    0.876834 ^ _677_/X (sky130_fd_sc_hd__mux2_1)
                                                         _070_ (net)
                      0.059033    0.000000    0.876834 ^ _820_/D (sky130_fd_sc_hd__dfxtp_2)
                                              0.876834   data arrival time

                      0.150000    0.000000    0.000000   clock wr_clk (rise edge)
                                  0.000000    0.000000   clock network delay (ideal)
                                  0.250000    0.250000   clock uncertainty
                                  0.000000    0.250000   clock reconvergence pessimism
                                              0.250000 ^ _820_/CLK (sky130_fd_sc_hd__dfxtp_2)
                                 -0.056687    0.193313   library hold time
                                              0.193313   data required time
---------------------------------------------------------------------------------------------
                                              0.193313   data required time
                                             -0.876834   data arrival time
---------------------------------------------------------------------------------------------
                                              0.683522   slack (MET)


Startpoint: _821_ (rising edge-triggered flip-flop clocked by wr_clk)
Endpoint: _821_ (rising edge-triggered flip-flop clocked by wr_clk)
Path Group: wr_clk
Path Type: min

Fanout         Cap        Slew       Delay        Time   Description
---------------------------------------------------------------------------------------------
                      0.150000    0.000000    0.000000   clock wr_clk (rise edge)
                                  0.000000    0.000000   clock network delay (ideal)
                      0.150000    0.000000    0.000000 ^ _821_/CLK (sky130_fd_sc_hd__dfxtp_2)
     2    0.003390    0.058532    0.675197    0.675197 ^ _821_/Q (sky130_fd_sc_hd__dfxtp_2)
                                                         mem[8][7] (net)
                      0.058532    0.000000    0.675197 ^ _678_/A0 (sky130_fd_sc_hd__mux2_1)
     1    0.001537    0.059033    0.201637    0.876834 ^ _678_/X (sky130_fd_sc_hd__mux2_1)
                                                         _071_ (net)
                      0.059033    0.000000    0.876834 ^ _821_/D (sky130_fd_sc_hd__dfxtp_2)
                                              0.876834   data arrival time

                      0.150000    0.000000    0.000000   clock wr_clk (rise edge)
                                  0.000000    0.000000   clock network delay (ideal)
                                  0.250000    0.250000   clock uncertainty
                                  0.000000    0.250000   clock reconvergence pessimism
                                              0.250000 ^ _821_/CLK (sky130_fd_sc_hd__dfxtp_2)
                                 -0.056687    0.193313   library hold time
                                              0.193313   data required time
---------------------------------------------------------------------------------------------
                                              0.193313   data required time
                                             -0.876834   data arrival time
---------------------------------------------------------------------------------------------
                                              0.683522   slack (MET)


Startpoint: _880_ (rising edge-triggered flip-flop clocked by wr_clk)
Endpoint: _880_ (rising edge-triggered flip-flop clocked by wr_clk)
Path Group: wr_clk
Path Type: min

Fanout         Cap        Slew       Delay        Time   Description
---------------------------------------------------------------------------------------------
                      0.150000    0.000000    0.000000   clock wr_clk (rise edge)
                                  0.000000    0.000000   clock network delay (ideal)
                      0.150000    0.000000    0.000000 ^ _880_/CLK (sky130_fd_sc_hd__dfxtp_2)
     2    0.003390    0.058532    0.675197    0.675197 ^ _880_/Q (sky130_fd_sc_hd__dfxtp_2)
                                                         mem[4][0] (net)
                      0.058532    0.000000    0.675197 ^ _725_/A0 (sky130_fd_sc_hd__mux2_1)
     1    0.001537    0.059031    0.201637    0.876834 ^ _725_/X (sky130_fd_sc_hd__mux2_1)
                                                         _112_ (net)
                      0.059031    0.000000    0.876834 ^ _880_/D (sky130_fd_sc_hd__dfxtp_2)
                                              0.876834   data arrival time

                      0.150000    0.000000    0.000000   clock wr_clk (rise edge)
                                  0.000000    0.000000   clock network delay (ideal)
                                  0.250000    0.250000   clock uncertainty
                                  0.000000    0.250000   clock reconvergence pessimism
                                              0.250000 ^ _880_/CLK (sky130_fd_sc_hd__dfxtp_2)
                                 -0.056687    0.193313   library hold time
                                              0.193313   data required time
---------------------------------------------------------------------------------------------
                                              0.193313   data required time
                                             -0.876834   data arrival time
---------------------------------------------------------------------------------------------
                                              0.683521   slack (MET)


Startpoint: _881_ (rising edge-triggered flip-flop clocked by wr_clk)
Endpoint: _881_ (rising edge-triggered flip-flop clocked by wr_clk)
Path Group: wr_clk
Path Type: min

Fanout         Cap        Slew       Delay        Time   Description
---------------------------------------------------------------------------------------------
                      0.150000    0.000000    0.000000   clock wr_clk (rise edge)
                                  0.000000    0.000000   clock network delay (ideal)
                      0.150000    0.000000    0.000000 ^ _881_/CLK (sky130_fd_sc_hd__dfxtp_2)
     2    0.003390    0.058532    0.675197    0.675197 ^ _881_/Q (sky130_fd_sc_hd__dfxtp_2)
                                                         mem[4][1] (net)
                      0.058532    0.000000    0.675197 ^ _726_/A0 (sky130_fd_sc_hd__mux2_1)
     1    0.001537    0.059031    0.201637    0.876834 ^ _726_/X (sky130_fd_sc_hd__mux2_1)
                                                         _113_ (net)
                      0.059031    0.000000    0.876834 ^ _881_/D (sky130_fd_sc_hd__dfxtp_2)
                                              0.876834   data arrival time

                      0.150000    0.000000    0.000000   clock wr_clk (rise edge)
                                  0.000000    0.000000   clock network delay (ideal)
                                  0.250000    0.250000   clock uncertainty
                                  0.000000    0.250000   clock reconvergence pessimism
                                              0.250000 ^ _881_/CLK (sky130_fd_sc_hd__dfxtp_2)
                                 -0.056687    0.193313   library hold time
                                              0.193313   data required time
---------------------------------------------------------------------------------------------
                                              0.193313   data required time
                                             -0.876834   data arrival time
---------------------------------------------------------------------------------------------
                                              0.683521   slack (MET)


Startpoint: _882_ (rising edge-triggered flip-flop clocked by wr_clk)
Endpoint: _882_ (rising edge-triggered flip-flop clocked by wr_clk)
Path Group: wr_clk
Path Type: min

Fanout         Cap        Slew       Delay        Time   Description
---------------------------------------------------------------------------------------------
                      0.150000    0.000000    0.000000   clock wr_clk (rise edge)
                                  0.000000    0.000000   clock network delay (ideal)
                      0.150000    0.000000    0.000000 ^ _882_/CLK (sky130_fd_sc_hd__dfxtp_2)
     2    0.003390    0.058532    0.675197    0.675197 ^ _882_/Q (sky130_fd_sc_hd__dfxtp_2)
                                                         mem[4][2] (net)
                      0.058532    0.000000    0.675197 ^ _727_/A0 (sky130_fd_sc_hd__mux2_1)
     1    0.001537    0.059031    0.201637    0.876834 ^ _727_/X (sky130_fd_sc_hd__mux2_1)
                                                         _114_ (net)
                      0.059031    0.000000    0.876834 ^ _882_/D (sky130_fd_sc_hd__dfxtp_2)
                                              0.876834   data arrival time

                      0.150000    0.000000    0.000000   clock wr_clk (rise edge)
                                  0.000000    0.000000   clock network delay (ideal)
                                  0.250000    0.250000   clock uncertainty
                                  0.000000    0.250000   clock reconvergence pessimism
                                              0.250000 ^ _882_/CLK (sky130_fd_sc_hd__dfxtp_2)
                                 -0.056687    0.193313   library hold time
                                              0.193313   data required time
---------------------------------------------------------------------------------------------
                                              0.193313   data required time
                                             -0.876834   data arrival time
---------------------------------------------------------------------------------------------
                                              0.683521   slack (MET)


Startpoint: _883_ (rising edge-triggered flip-flop clocked by wr_clk)
Endpoint: _883_ (rising edge-triggered flip-flop clocked by wr_clk)
Path Group: wr_clk
Path Type: min

Fanout         Cap        Slew       Delay        Time   Description
---------------------------------------------------------------------------------------------
                      0.150000    0.000000    0.000000   clock wr_clk (rise edge)
                                  0.000000    0.000000   clock network delay (ideal)
                      0.150000    0.000000    0.000000 ^ _883_/CLK (sky130_fd_sc_hd__dfxtp_2)
     2    0.003390    0.058532    0.675197    0.675197 ^ _883_/Q (sky130_fd_sc_hd__dfxtp_2)
                                                         mem[4][3] (net)
                      0.058532    0.000000    0.675197 ^ _728_/A0 (sky130_fd_sc_hd__mux2_1)
     1    0.001537    0.059031    0.201637    0.876834 ^ _728_/X (sky130_fd_sc_hd__mux2_1)
                                                         _115_ (net)
                      0.059031    0.000000    0.876834 ^ _883_/D (sky130_fd_sc_hd__dfxtp_2)
                                              0.876834   data arrival time

                      0.150000    0.000000    0.000000   clock wr_clk (rise edge)
                                  0.000000    0.000000   clock network delay (ideal)
                                  0.250000    0.250000   clock uncertainty
                                  0.000000    0.250000   clock reconvergence pessimism
                                              0.250000 ^ _883_/CLK (sky130_fd_sc_hd__dfxtp_2)
                                 -0.056687    0.193313   library hold time
                                              0.193313   data required time
---------------------------------------------------------------------------------------------
                                              0.193313   data required time
                                             -0.876834   data arrival time
---------------------------------------------------------------------------------------------
                                              0.683521   slack (MET)


Startpoint: _884_ (rising edge-triggered flip-flop clocked by wr_clk)
Endpoint: _884_ (rising edge-triggered flip-flop clocked by wr_clk)
Path Group: wr_clk
Path Type: min

Fanout         Cap        Slew       Delay        Time   Description
---------------------------------------------------------------------------------------------
                      0.150000    0.000000    0.000000   clock wr_clk (rise edge)
                                  0.000000    0.000000   clock network delay (ideal)
                      0.150000    0.000000    0.000000 ^ _884_/CLK (sky130_fd_sc_hd__dfxtp_2)
     2    0.003390    0.058532    0.675197    0.675197 ^ _884_/Q (sky130_fd_sc_hd__dfxtp_2)
                                                         mem[4][4] (net)
                      0.058532    0.000000    0.675197 ^ _729_/A0 (sky130_fd_sc_hd__mux2_1)
     1    0.001537    0.059031    0.201637    0.876834 ^ _729_/X (sky130_fd_sc_hd__mux2_1)
                                                         _116_ (net)
                      0.059031    0.000000    0.876834 ^ _884_/D (sky130_fd_sc_hd__dfxtp_2)
                                              0.876834   data arrival time

                      0.150000    0.000000    0.000000   clock wr_clk (rise edge)
                                  0.000000    0.000000   clock network delay (ideal)
                                  0.250000    0.250000   clock uncertainty
                                  0.000000    0.250000   clock reconvergence pessimism
                                              0.250000 ^ _884_/CLK (sky130_fd_sc_hd__dfxtp_2)
                                 -0.056687    0.193313   library hold time
                                              0.193313   data required time
---------------------------------------------------------------------------------------------
                                              0.193313   data required time
                                             -0.876834   data arrival time
---------------------------------------------------------------------------------------------
                                              0.683521   slack (MET)


Startpoint: _885_ (rising edge-triggered flip-flop clocked by wr_clk)
Endpoint: _885_ (rising edge-triggered flip-flop clocked by wr_clk)
Path Group: wr_clk
Path Type: min

Fanout         Cap        Slew       Delay        Time   Description
---------------------------------------------------------------------------------------------
                      0.150000    0.000000    0.000000   clock wr_clk (rise edge)
                                  0.000000    0.000000   clock network delay (ideal)
                      0.150000    0.000000    0.000000 ^ _885_/CLK (sky130_fd_sc_hd__dfxtp_2)
     2    0.003390    0.058532    0.675197    0.675197 ^ _885_/Q (sky130_fd_sc_hd__dfxtp_2)
                                                         mem[4][5] (net)
                      0.058532    0.000000    0.675197 ^ _730_/A0 (sky130_fd_sc_hd__mux2_1)
     1    0.001537    0.059031    0.201637    0.876834 ^ _730_/X (sky130_fd_sc_hd__mux2_1)
                                                         _117_ (net)
                      0.059031    0.000000    0.876834 ^ _885_/D (sky130_fd_sc_hd__dfxtp_2)
                                              0.876834   data arrival time

                      0.150000    0.000000    0.000000   clock wr_clk (rise edge)
                                  0.000000    0.000000   clock network delay (ideal)
                                  0.250000    0.250000   clock uncertainty
                                  0.000000    0.250000   clock reconvergence pessimism
                                              0.250000 ^ _885_/CLK (sky130_fd_sc_hd__dfxtp_2)
                                 -0.056687    0.193313   library hold time
                                              0.193313   data required time
---------------------------------------------------------------------------------------------
                                              0.193313   data required time
                                             -0.876834   data arrival time
---------------------------------------------------------------------------------------------
                                              0.683521   slack (MET)


Startpoint: _886_ (rising edge-triggered flip-flop clocked by wr_clk)
Endpoint: _886_ (rising edge-triggered flip-flop clocked by wr_clk)
Path Group: wr_clk
Path Type: min

Fanout         Cap        Slew       Delay        Time   Description
---------------------------------------------------------------------------------------------
                      0.150000    0.000000    0.000000   clock wr_clk (rise edge)
                                  0.000000    0.000000   clock network delay (ideal)
                      0.150000    0.000000    0.000000 ^ _886_/CLK (sky130_fd_sc_hd__dfxtp_2)
     2    0.003390    0.058532    0.675197    0.675197 ^ _886_/Q (sky130_fd_sc_hd__dfxtp_2)
                                                         mem[4][6] (net)
                      0.058532    0.000000    0.675197 ^ _731_/A0 (sky130_fd_sc_hd__mux2_1)
     1    0.001537    0.059031    0.201637    0.876834 ^ _731_/X (sky130_fd_sc_hd__mux2_1)
                                                         _118_ (net)
                      0.059031    0.000000    0.876834 ^ _886_/D (sky130_fd_sc_hd__dfxtp_2)
                                              0.876834   data arrival time

                      0.150000    0.000000    0.000000   clock wr_clk (rise edge)
                                  0.000000    0.000000   clock network delay (ideal)
                                  0.250000    0.250000   clock uncertainty
                                  0.000000    0.250000   clock reconvergence pessimism
                                              0.250000 ^ _886_/CLK (sky130_fd_sc_hd__dfxtp_2)
                                 -0.056687    0.193313   library hold time
                                              0.193313   data required time
---------------------------------------------------------------------------------------------
                                              0.193313   data required time
                                             -0.876834   data arrival time
---------------------------------------------------------------------------------------------
                                              0.683521   slack (MET)


Startpoint: _887_ (rising edge-triggered flip-flop clocked by wr_clk)
Endpoint: _887_ (rising edge-triggered flip-flop clocked by wr_clk)
Path Group: wr_clk
Path Type: min

Fanout         Cap        Slew       Delay        Time   Description
---------------------------------------------------------------------------------------------
                      0.150000    0.000000    0.000000   clock wr_clk (rise edge)
                                  0.000000    0.000000   clock network delay (ideal)
                      0.150000    0.000000    0.000000 ^ _887_/CLK (sky130_fd_sc_hd__dfxtp_2)
     2    0.003390    0.058532    0.675197    0.675197 ^ _887_/Q (sky130_fd_sc_hd__dfxtp_2)
                                                         mem[4][7] (net)
                      0.058532    0.000000    0.675197 ^ _732_/A0 (sky130_fd_sc_hd__mux2_1)
     1    0.001537    0.059031    0.201637    0.876834 ^ _732_/X (sky130_fd_sc_hd__mux2_1)
                                                         _119_ (net)
                      0.059031    0.000000    0.876834 ^ _887_/D (sky130_fd_sc_hd__dfxtp_2)
                                              0.876834   data arrival time

                      0.150000    0.000000    0.000000   clock wr_clk (rise edge)
                                  0.000000    0.000000   clock network delay (ideal)
                                  0.250000    0.250000   clock uncertainty
                                  0.000000    0.250000   clock reconvergence pessimism
                                              0.250000 ^ _887_/CLK (sky130_fd_sc_hd__dfxtp_2)
                                 -0.056687    0.193313   library hold time
                                              0.193313   data required time
---------------------------------------------------------------------------------------------
                                              0.193313   data required time
                                             -0.876834   data arrival time
---------------------------------------------------------------------------------------------
                                              0.683521   slack (MET)


Startpoint: _912_ (rising edge-triggered flip-flop clocked by wr_clk)
Endpoint: _912_ (rising edge-triggered flip-flop clocked by wr_clk)
Path Group: wr_clk
Path Type: min

Fanout         Cap        Slew       Delay        Time   Description
---------------------------------------------------------------------------------------------
                      0.150000    0.000000    0.000000   clock wr_clk (rise edge)
                                  0.000000    0.000000   clock network delay (ideal)
                      0.150000    0.000000    0.000000 ^ _912_/CLK (sky130_fd_sc_hd__dfxtp_2)
     2    0.003676    0.060552    0.677411    0.677411 ^ _912_/Q (sky130_fd_sc_hd__dfxtp_2)
                                                         mem[15][0] (net)
                      0.060552    0.000000    0.677411 ^ _733_/A1 (sky130_fd_sc_hd__mux2_1)
     1    0.001537    0.059065    0.208664    0.886075 ^ _733_/X (sky130_fd_sc_hd__mux2_1)
                                                         _120_ (net)
                      0.059065    0.000000    0.886075 ^ _912_/D (sky130_fd_sc_hd__dfxtp_2)
                                              0.886075   data arrival time

                      0.150000    0.000000    0.000000   clock wr_clk (rise edge)
                                  0.000000    0.000000   clock network delay (ideal)
                                  0.250000    0.250000   clock uncertainty
                                  0.000000    0.250000   clock reconvergence pessimism
                                              0.250000 ^ _912_/CLK (sky130_fd_sc_hd__dfxtp_2)
                                 -0.056695    0.193305   library hold time
                                              0.193305   data required time
---------------------------------------------------------------------------------------------
                                              0.193305   data required time
                                             -0.886075   data arrival time
---------------------------------------------------------------------------------------------
                                              0.692770   slack (MET)


Startpoint: _913_ (rising edge-triggered flip-flop clocked by wr_clk)
Endpoint: _913_ (rising edge-triggered flip-flop clocked by wr_clk)
Path Group: wr_clk
Path Type: min

Fanout         Cap        Slew       Delay        Time   Description
---------------------------------------------------------------------------------------------
                      0.150000    0.000000    0.000000   clock wr_clk (rise edge)
                                  0.000000    0.000000   clock network delay (ideal)
                      0.150000    0.000000    0.000000 ^ _913_/CLK (sky130_fd_sc_hd__dfxtp_2)
     2    0.003676    0.060552    0.677411    0.677411 ^ _913_/Q (sky130_fd_sc_hd__dfxtp_2)
                                                         mem[15][1] (net)
                      0.060552    0.000000    0.677411 ^ _734_/A1 (sky130_fd_sc_hd__mux2_1)
     1    0.001537    0.059065    0.208664    0.886075 ^ _734_/X (sky130_fd_sc_hd__mux2_1)
                                                         _121_ (net)
                      0.059065    0.000000    0.886075 ^ _913_/D (sky130_fd_sc_hd__dfxtp_2)
                                              0.886075   data arrival time

                      0.150000    0.000000    0.000000   clock wr_clk (rise edge)
                                  0.000000    0.000000   clock network delay (ideal)
                                  0.250000    0.250000   clock uncertainty
                                  0.000000    0.250000   clock reconvergence pessimism
                                              0.250000 ^ _913_/CLK (sky130_fd_sc_hd__dfxtp_2)
                                 -0.056695    0.193305   library hold time
                                              0.193305   data required time
---------------------------------------------------------------------------------------------
                                              0.193305   data required time
                                             -0.886075   data arrival time
---------------------------------------------------------------------------------------------
                                              0.692770   slack (MET)


Startpoint: _914_ (rising edge-triggered flip-flop clocked by wr_clk)
Endpoint: _914_ (rising edge-triggered flip-flop clocked by wr_clk)
Path Group: wr_clk
Path Type: min

Fanout         Cap        Slew       Delay        Time   Description
---------------------------------------------------------------------------------------------
                      0.150000    0.000000    0.000000   clock wr_clk (rise edge)
                                  0.000000    0.000000   clock network delay (ideal)
                      0.150000    0.000000    0.000000 ^ _914_/CLK (sky130_fd_sc_hd__dfxtp_2)
     2    0.003676    0.060552    0.677411    0.677411 ^ _914_/Q (sky130_fd_sc_hd__dfxtp_2)
                                                         mem[15][2] (net)
                      0.060552    0.000000    0.677411 ^ _735_/A1 (sky130_fd_sc_hd__mux2_1)
     1    0.001537    0.059065    0.208664    0.886075 ^ _735_/X (sky130_fd_sc_hd__mux2_1)
                                                         _122_ (net)
                      0.059065    0.000000    0.886075 ^ _914_/D (sky130_fd_sc_hd__dfxtp_2)
                                              0.886075   data arrival time

                      0.150000    0.000000    0.000000   clock wr_clk (rise edge)
                                  0.000000    0.000000   clock network delay (ideal)
                                  0.250000    0.250000   clock uncertainty
                                  0.000000    0.250000   clock reconvergence pessimism
                                              0.250000 ^ _914_/CLK (sky130_fd_sc_hd__dfxtp_2)
                                 -0.056695    0.193305   library hold time
                                              0.193305   data required time
---------------------------------------------------------------------------------------------
                                              0.193305   data required time
                                             -0.886075   data arrival time
---------------------------------------------------------------------------------------------
                                              0.692770   slack (MET)


Startpoint: _915_ (rising edge-triggered flip-flop clocked by wr_clk)
Endpoint: _915_ (rising edge-triggered flip-flop clocked by wr_clk)
Path Group: wr_clk
Path Type: min

Fanout         Cap        Slew       Delay        Time   Description
---------------------------------------------------------------------------------------------
                      0.150000    0.000000    0.000000   clock wr_clk (rise edge)
                                  0.000000    0.000000   clock network delay (ideal)
                      0.150000    0.000000    0.000000 ^ _915_/CLK (sky130_fd_sc_hd__dfxtp_2)
     2    0.003676    0.060552    0.677411    0.677411 ^ _915_/Q (sky130_fd_sc_hd__dfxtp_2)
                                                         mem[15][3] (net)
                      0.060552    0.000000    0.677411 ^ _736_/A1 (sky130_fd_sc_hd__mux2_1)
     1    0.001537    0.059065    0.208664    0.886075 ^ _736_/X (sky130_fd_sc_hd__mux2_1)
                                                         _123_ (net)
                      0.059065    0.000000    0.886075 ^ _915_/D (sky130_fd_sc_hd__dfxtp_2)
                                              0.886075   data arrival time

                      0.150000    0.000000    0.000000   clock wr_clk (rise edge)
                                  0.000000    0.000000   clock network delay (ideal)
                                  0.250000    0.250000   clock uncertainty
                                  0.000000    0.250000   clock reconvergence pessimism
                                              0.250000 ^ _915_/CLK (sky130_fd_sc_hd__dfxtp_2)
                                 -0.056695    0.193305   library hold time
                                              0.193305   data required time
---------------------------------------------------------------------------------------------
                                              0.193305   data required time
                                             -0.886075   data arrival time
---------------------------------------------------------------------------------------------
                                              0.692770   slack (MET)


Startpoint: _916_ (rising edge-triggered flip-flop clocked by wr_clk)
Endpoint: _916_ (rising edge-triggered flip-flop clocked by wr_clk)
Path Group: wr_clk
Path Type: min

Fanout         Cap        Slew       Delay        Time   Description
---------------------------------------------------------------------------------------------
                      0.150000    0.000000    0.000000   clock wr_clk (rise edge)
                                  0.000000    0.000000   clock network delay (ideal)
                      0.150000    0.000000    0.000000 ^ _916_/CLK (sky130_fd_sc_hd__dfxtp_2)
     2    0.003676    0.060552    0.677411    0.677411 ^ _916_/Q (sky130_fd_sc_hd__dfxtp_2)
                                                         mem[15][4] (net)
                      0.060552    0.000000    0.677411 ^ _737_/A1 (sky130_fd_sc_hd__mux2_1)
     1    0.001537    0.059065    0.208664    0.886075 ^ _737_/X (sky130_fd_sc_hd__mux2_1)
                                                         _124_ (net)
                      0.059065    0.000000    0.886075 ^ _916_/D (sky130_fd_sc_hd__dfxtp_2)
                                              0.886075   data arrival time

                      0.150000    0.000000    0.000000   clock wr_clk (rise edge)
                                  0.000000    0.000000   clock network delay (ideal)
                                  0.250000    0.250000   clock uncertainty
                                  0.000000    0.250000   clock reconvergence pessimism
                                              0.250000 ^ _916_/CLK (sky130_fd_sc_hd__dfxtp_2)
                                 -0.056695    0.193305   library hold time
                                              0.193305   data required time
---------------------------------------------------------------------------------------------
                                              0.193305   data required time
                                             -0.886075   data arrival time
---------------------------------------------------------------------------------------------
                                              0.692770   slack (MET)


Startpoint: _917_ (rising edge-triggered flip-flop clocked by wr_clk)
Endpoint: _917_ (rising edge-triggered flip-flop clocked by wr_clk)
Path Group: wr_clk
Path Type: min

Fanout         Cap        Slew       Delay        Time   Description
---------------------------------------------------------------------------------------------
                      0.150000    0.000000    0.000000   clock wr_clk (rise edge)
                                  0.000000    0.000000   clock network delay (ideal)
                      0.150000    0.000000    0.000000 ^ _917_/CLK (sky130_fd_sc_hd__dfxtp_2)
     2    0.003676    0.060552    0.677411    0.677411 ^ _917_/Q (sky130_fd_sc_hd__dfxtp_2)
                                                         mem[15][5] (net)
                      0.060552    0.000000    0.677411 ^ _738_/A1 (sky130_fd_sc_hd__mux2_1)
     1    0.001537    0.059065    0.208664    0.886075 ^ _738_/X (sky130_fd_sc_hd__mux2_1)
                                                         _125_ (net)
                      0.059065    0.000000    0.886075 ^ _917_/D (sky130_fd_sc_hd__dfxtp_2)
                                              0.886075   data arrival time

                      0.150000    0.000000    0.000000   clock wr_clk (rise edge)
                                  0.000000    0.000000   clock network delay (ideal)
                                  0.250000    0.250000   clock uncertainty
                                  0.000000    0.250000   clock reconvergence pessimism
                                              0.250000 ^ _917_/CLK (sky130_fd_sc_hd__dfxtp_2)
                                 -0.056695    0.193305   library hold time
                                              0.193305   data required time
---------------------------------------------------------------------------------------------
                                              0.193305   data required time
                                             -0.886075   data arrival time
---------------------------------------------------------------------------------------------
                                              0.692770   slack (MET)


Startpoint: _918_ (rising edge-triggered flip-flop clocked by wr_clk)
Endpoint: _918_ (rising edge-triggered flip-flop clocked by wr_clk)
Path Group: wr_clk
Path Type: min

Fanout         Cap        Slew       Delay        Time   Description
---------------------------------------------------------------------------------------------
                      0.150000    0.000000    0.000000   clock wr_clk (rise edge)
                                  0.000000    0.000000   clock network delay (ideal)
                      0.150000    0.000000    0.000000 ^ _918_/CLK (sky130_fd_sc_hd__dfxtp_2)
     2    0.003676    0.060552    0.677411    0.677411 ^ _918_/Q (sky130_fd_sc_hd__dfxtp_2)
                                                         mem[15][6] (net)
                      0.060552    0.000000    0.677411 ^ _739_/A1 (sky130_fd_sc_hd__mux2_1)
     1    0.001537    0.059065    0.208664    0.886075 ^ _739_/X (sky130_fd_sc_hd__mux2_1)
                                                         _126_ (net)
                      0.059065    0.000000    0.886075 ^ _918_/D (sky130_fd_sc_hd__dfxtp_2)
                                              0.886075   data arrival time

                      0.150000    0.000000    0.000000   clock wr_clk (rise edge)
                                  0.000000    0.000000   clock network delay (ideal)
                                  0.250000    0.250000   clock uncertainty
                                  0.000000    0.250000   clock reconvergence pessimism
                                              0.250000 ^ _918_/CLK (sky130_fd_sc_hd__dfxtp_2)
                                 -0.056695    0.193305   library hold time
                                              0.193305   data required time
---------------------------------------------------------------------------------------------
                                              0.193305   data required time
                                             -0.886075   data arrival time
---------------------------------------------------------------------------------------------
                                              0.692770   slack (MET)


Startpoint: _919_ (rising edge-triggered flip-flop clocked by wr_clk)
Endpoint: _919_ (rising edge-triggered flip-flop clocked by wr_clk)
Path Group: wr_clk
Path Type: min

Fanout         Cap        Slew       Delay        Time   Description
---------------------------------------------------------------------------------------------
                      0.150000    0.000000    0.000000   clock wr_clk (rise edge)
                                  0.000000    0.000000   clock network delay (ideal)
                      0.150000    0.000000    0.000000 ^ _919_/CLK (sky130_fd_sc_hd__dfxtp_2)
     2    0.003676    0.060552    0.677411    0.677411 ^ _919_/Q (sky130_fd_sc_hd__dfxtp_2)
                                                         mem[15][7] (net)
                      0.060552    0.000000    0.677411 ^ _740_/A1 (sky130_fd_sc_hd__mux2_1)
     1    0.001537    0.059065    0.208664    0.886075 ^ _740_/X (sky130_fd_sc_hd__mux2_1)
                                                         _127_ (net)
                      0.059065    0.000000    0.886075 ^ _919_/D (sky130_fd_sc_hd__dfxtp_2)
                                              0.886075   data arrival time

                      0.150000    0.000000    0.000000   clock wr_clk (rise edge)
                                  0.000000    0.000000   clock network delay (ideal)
                                  0.250000    0.250000   clock uncertainty
                                  0.000000    0.250000   clock reconvergence pessimism
                                              0.250000 ^ _919_/CLK (sky130_fd_sc_hd__dfxtp_2)
                                 -0.056695    0.193305   library hold time
                                              0.193305   data required time
---------------------------------------------------------------------------------------------
                                              0.193305   data required time
                                             -0.886075   data arrival time
---------------------------------------------------------------------------------------------
                                              0.692770   slack (MET)


Startpoint: _875_ (rising edge-triggered flip-flop clocked by wr_clk)
Endpoint: _875_ (rising edge-triggered flip-flop clocked by wr_clk)
Path Group: wr_clk
Path Type: min

Fanout         Cap        Slew       Delay        Time   Description
---------------------------------------------------------------------------------------------
                      0.150000    0.000000    0.000000   clock wr_clk (rise edge)
                                  0.000000    0.000000   clock network delay (ideal)
                      0.150000    0.000000    0.000000 ^ _875_/CLK (sky130_fd_sc_hd__dfrtp_2)
     4    0.012295    0.137648    0.783697    0.783697 ^ _875_/Q (sky130_fd_sc_hd__dfrtp_2)
                                                         wr_bin[0] (net)
                      0.137648    0.000000    0.783697 ^ _486_/B1 (sky130_fd_sc_hd__a21oi_2)
     2    0.012400    0.076452    0.114956    0.898653 v _486_/Y (sky130_fd_sc_hd__a21oi_2)
                                                         _256_ (net)
                      0.076452    0.000000    0.898653 v _487_/B (sky130_fd_sc_hd__nor2_2)
     1    0.001853    0.086050    0.108678    1.007330 ^ _487_/Y (sky130_fd_sc_hd__nor2_2)
                                                         wr_bin_next[0] (net)
                      0.086050    0.000000    1.007330 ^ _875_/D (sky130_fd_sc_hd__dfrtp_2)
                                              1.007330   data arrival time

                      0.150000    0.000000    0.000000   clock wr_clk (rise edge)
                                  0.000000    0.000000   clock network delay (ideal)
                                  0.250000    0.250000   clock uncertainty
                                  0.000000    0.250000   clock reconvergence pessimism
                                              0.250000 ^ _875_/CLK (sky130_fd_sc_hd__dfrtp_2)
                                 -0.067418    0.182582   library hold time
                                              0.182582   data required time
---------------------------------------------------------------------------------------------
                                              0.182582   data required time
                                             -1.007330   data arrival time
---------------------------------------------------------------------------------------------
                                              0.824749   slack (MET)


Startpoint: _879_ (rising edge-triggered flip-flop clocked by wr_clk)
Endpoint: _879_ (rising edge-triggered flip-flop clocked by wr_clk)
Path Group: wr_clk
Path Type: min

Fanout         Cap        Slew       Delay        Time   Description
---------------------------------------------------------------------------------------------
                      0.150000    0.000000    0.000000   clock wr_clk (rise edge)
                                  0.000000    0.000000   clock network delay (ideal)
                      0.150000    0.000000    0.000000 ^ _879_/CLK (sky130_fd_sc_hd__dfrtp_2)
     5    0.023428    0.212989    0.852628    0.852628 ^ _879_/Q (sky130_fd_sc_hd__dfrtp_2)
                                                         wr_bin[4] (net)
                      0.212989    0.000000    0.852628 ^ _534_/A (sky130_fd_sc_hd__xnor2_2)
     1    0.001838    0.056934    0.169472    1.022099 v _534_/Y (sky130_fd_sc_hd__xnor2_2)
                                                         wr_bin_next[4] (net)
                      0.056934    0.000000    1.022099 v _879_/D (sky130_fd_sc_hd__dfrtp_2)
                                              1.022099   data arrival time

                      0.150000    0.000000    0.000000   clock wr_clk (rise edge)
                                  0.000000    0.000000   clock network delay (ideal)
                                  0.250000    0.250000   clock uncertainty
                                  0.000000    0.250000   clock reconvergence pessimism
                                              0.250000 ^ _879_/CLK (sky130_fd_sc_hd__dfrtp_2)
                                 -0.065473    0.184527   library hold time
                                              0.184527   data required time
---------------------------------------------------------------------------------------------
                                              0.184527   data required time
                                             -1.022099   data arrival time
---------------------------------------------------------------------------------------------
                                              0.837573   slack (MET)


Startpoint: _879_ (rising edge-triggered flip-flop clocked by wr_clk)
Endpoint: _891_ (rising edge-triggered flip-flop clocked by wr_clk)
Path Group: wr_clk
Path Type: min

Fanout         Cap        Slew       Delay        Time   Description
---------------------------------------------------------------------------------------------
                      0.150000    0.000000    0.000000   clock wr_clk (rise edge)
                                  0.000000    0.000000   clock network delay (ideal)
                      0.150000    0.000000    0.000000 ^ _879_/CLK (sky130_fd_sc_hd__dfrtp_2)
     5    0.023428    0.212989    0.852628    0.852628 ^ _879_/Q (sky130_fd_sc_hd__dfrtp_2)
                                                         wr_bin[4] (net)
                      0.212989    0.000000    0.852628 ^ _495_/A (sky130_fd_sc_hd__xor2_2)
     2    0.009860    0.087736    0.219598    1.072225 v _495_/X (sky130_fd_sc_hd__xor2_2)
                                                         wr_gray_next[3] (net)
                      0.087736    0.000000    1.072225 v _891_/D (sky130_fd_sc_hd__dfrtp_2)
                                              1.072225   data arrival time

                      0.150000    0.000000    0.000000   clock wr_clk (rise edge)
                                  0.000000    0.000000   clock network delay (ideal)
                                  0.250000    0.250000   clock uncertainty
                                  0.000000    0.250000   clock reconvergence pessimism
                                              0.250000 ^ _891_/CLK (sky130_fd_sc_hd__dfrtp_2)
                                 -0.076758    0.173242   library hold time
                                              0.173242   data required time
---------------------------------------------------------------------------------------------
                                              0.173242   data required time
                                             -1.072225   data arrival time
---------------------------------------------------------------------------------------------
                                              0.898984   slack (MET)


Startpoint: _875_ (rising edge-triggered flip-flop clocked by wr_clk)
Endpoint: _888_ (rising edge-triggered flip-flop clocked by wr_clk)
Path Group: wr_clk
Path Type: min

Fanout         Cap        Slew       Delay        Time   Description
---------------------------------------------------------------------------------------------
                      0.150000    0.000000    0.000000   clock wr_clk (rise edge)
                                  0.000000    0.000000   clock network delay (ideal)
                      0.150000    0.000000    0.000000 ^ _875_/CLK (sky130_fd_sc_hd__dfrtp_2)
     4    0.012295    0.137648    0.783697    0.783697 ^ _875_/Q (sky130_fd_sc_hd__dfrtp_2)
                                                         wr_bin[0] (net)
                      0.137648    0.000000    0.783697 ^ _486_/B1 (sky130_fd_sc_hd__a21oi_2)
     2    0.012400    0.076452    0.114956    0.898653 v _486_/Y (sky130_fd_sc_hd__a21oi_2)
                                                         _256_ (net)
                      0.076452    0.000000    0.898653 v _502_/B (sky130_fd_sc_hd__xnor2_2)
     2    0.010395    0.114111    0.283363    1.182016 ^ _502_/Y (sky130_fd_sc_hd__xnor2_2)
                                                         wr_gray_next[0] (net)
                      0.114111    0.000000    1.182016 ^ _888_/D (sky130_fd_sc_hd__dfrtp_2)
                                              1.182016   data arrival time

                      0.150000    0.000000    0.000000   clock wr_clk (rise edge)
                                  0.000000    0.000000   clock network delay (ideal)
                                  0.250000    0.250000   clock uncertainty
                                  0.000000    0.250000   clock reconvergence pessimism
                                              0.250000 ^ _888_/CLK (sky130_fd_sc_hd__dfrtp_2)
                                 -0.073794    0.176206   library hold time
                                              0.176206   data required time
---------------------------------------------------------------------------------------------
                                              0.176206   data required time
                                             -1.182016   data arrival time
---------------------------------------------------------------------------------------------
                                              1.005810   slack (MET)


Startpoint: _876_ (rising edge-triggered flip-flop clocked by wr_clk)
Endpoint: _876_ (rising edge-triggered flip-flop clocked by wr_clk)
Path Group: wr_clk
Path Type: min

Fanout         Cap        Slew       Delay        Time   Description
---------------------------------------------------------------------------------------------
                      0.150000    0.000000    0.000000   clock wr_clk (rise edge)
                                  0.000000    0.000000   clock network delay (ideal)
                      0.150000    0.000000    0.000000 ^ _876_/CLK (sky130_fd_sc_hd__dfrtp_2)
    17    0.050516    0.398481    0.997805    0.997805 ^ _876_/Q (sky130_fd_sc_hd__dfrtp_2)
                                                         wr_bin[1] (net)
                      0.398481    0.000000    0.997805 ^ _489_/A (sky130_fd_sc_hd__nor2_2)
     2    0.012203    0.090017    0.223717    1.221522 v _489_/Y (sky130_fd_sc_hd__nor2_2)
                                                         _258_ (net)
                      0.090017    0.000000    1.221522 v _490_/B (sky130_fd_sc_hd__nor2_2)
     1    0.001853    0.087281    0.114040    1.335562 ^ _490_/Y (sky130_fd_sc_hd__nor2_2)
                                                         wr_bin_next[1] (net)
                      0.087281    0.000000    1.335562 ^ _876_/D (sky130_fd_sc_hd__dfrtp_2)
                                              1.335562   data arrival time

                      0.150000    0.000000    0.000000   clock wr_clk (rise edge)
                                  0.000000    0.000000   clock network delay (ideal)
                                  0.250000    0.250000   clock uncertainty
                                  0.000000    0.250000   clock reconvergence pessimism
                                              0.250000 ^ _876_/CLK (sky130_fd_sc_hd__dfrtp_2)
                                 -0.067698    0.182302   library hold time
                                              0.182302   data required time
---------------------------------------------------------------------------------------------
                                              0.182302   data required time
                                             -1.335562   data arrival time
---------------------------------------------------------------------------------------------
                                              1.153260   slack (MET)


Startpoint: _878_ (rising edge-triggered flip-flop clocked by wr_clk)
Endpoint: _890_ (rising edge-triggered flip-flop clocked by wr_clk)
Path Group: wr_clk
Path Type: min

Fanout         Cap        Slew       Delay        Time   Description
---------------------------------------------------------------------------------------------
                      0.150000    0.000000    0.000000   clock wr_clk (rise edge)
                                  0.000000    0.000000   clock network delay (ideal)
                      0.150000    0.000000    0.000000 ^ _878_/CLK (sky130_fd_sc_hd__dfrtp_2)
    17    0.049744    0.393195    0.993667    0.993667 ^ _878_/Q (sky130_fd_sc_hd__dfrtp_2)
                                                         wr_bin[3] (net)
                      0.393195    0.000000    0.993667 ^ _500_/A (sky130_fd_sc_hd__xor2_2)
     3    0.010692    0.091886    0.286191    1.279858 v _500_/X (sky130_fd_sc_hd__xor2_2)
                                                         _265_ (net)
                      0.091886    0.000000    1.279858 v _501_/A (sky130_fd_sc_hd__inv_2)
     1    0.001853    0.034525    0.069708    1.349566 ^ _501_/Y (sky130_fd_sc_hd__inv_2)
                                                         wr_gray_next[2] (net)
                      0.034525    0.000000    1.349566 ^ _890_/D (sky130_fd_sc_hd__dfrtp_2)
                                              1.349566   data arrival time

                      0.150000    0.000000    0.000000   clock wr_clk (rise edge)
                                  0.000000    0.000000   clock network delay (ideal)
                                  0.250000    0.250000   clock uncertainty
                                  0.000000    0.250000   clock reconvergence pessimism
                                              0.250000 ^ _890_/CLK (sky130_fd_sc_hd__dfrtp_2)
                                 -0.055711    0.194289   library hold time
                                              0.194289   data required time
---------------------------------------------------------------------------------------------
                                              0.194289   data required time
                                             -1.349566   data arrival time
---------------------------------------------------------------------------------------------
                                              1.155277   slack (MET)


Startpoint: _877_ (rising edge-triggered flip-flop clocked by wr_clk)
Endpoint: _889_ (rising edge-triggered flip-flop clocked by wr_clk)
Path Group: wr_clk
Path Type: min

Fanout         Cap        Slew       Delay        Time   Description
---------------------------------------------------------------------------------------------
                      0.150000    0.000000    0.000000   clock wr_clk (rise edge)
                                  0.000000    0.000000   clock network delay (ideal)
                      0.150000    0.000000    0.000000 ^ _877_/CLK (sky130_fd_sc_hd__dfrtp_2)
    21    0.055874    0.435172    1.026520    1.026520 ^ _877_/Q (sky130_fd_sc_hd__dfrtp_2)
                                                         wr_bin[2] (net)
                      0.435172    0.000000    1.026520 ^ _498_/A (sky130_fd_sc_hd__xor2_2)
     3    0.008219    0.080665    0.281405    1.307926 v _498_/X (sky130_fd_sc_hd__xor2_2)
                                                         _264_ (net)
                      0.080665    0.000000    1.307926 v _499_/A (sky130_fd_sc_hd__inv_2)
     1    0.001853    0.032248    0.066213    1.374138 ^ _499_/Y (sky130_fd_sc_hd__inv_2)
                                                         wr_gray_next[1] (net)
                      0.032248    0.000000    1.374138 ^ _889_/D (sky130_fd_sc_hd__dfrtp_2)
                                              1.374138   data arrival time

                      0.150000    0.000000    0.000000   clock wr_clk (rise edge)
                                  0.000000    0.000000   clock network delay (ideal)
                                  0.250000    0.250000   clock uncertainty
                                  0.000000    0.250000   clock reconvergence pessimism
                                              0.250000 ^ _889_/CLK (sky130_fd_sc_hd__dfrtp_2)
                                 -0.055194    0.194806   library hold time
                                              0.194806   data required time
---------------------------------------------------------------------------------------------
                                              0.194806   data required time
                                             -1.374138   data arrival time
---------------------------------------------------------------------------------------------
                                              1.179332   slack (MET)


Startpoint: _910_ (rising edge-triggered flip-flop clocked by wr_clk)
Endpoint: _873_ (rising edge-triggered flip-flop clocked by wr_clk)
Path Group: wr_clk
Path Type: min

Fanout         Cap        Slew       Delay        Time   Description
---------------------------------------------------------------------------------------------
                      0.150000    0.000000    0.000000   clock wr_clk (rise edge)
                                  0.000000    0.000000   clock network delay (ideal)
                      0.150000    0.000000    0.000000 ^ _910_/CLK (sky130_fd_sc_hd__dfrtp_2)
     7    0.024520    0.220466    0.858480    0.858480 ^ _910_/Q (sky130_fd_sc_hd__dfrtp_2)
                                                         rd_gray_sync2[3] (net)
                      0.220466    0.000000    0.858480 ^ _496_/A (sky130_fd_sc_hd__xor2_2)
     1    0.001424    0.047502    0.164966    1.023446 v _496_/X (sky130_fd_sc_hd__xor2_2)
                                                         _262_ (net)
                      0.047502    0.000000    1.023446 v _507_/B (sky130_fd_sc_hd__and3_2)
     1    0.001838    0.061804    0.377788    1.401234 v _507_/X (sky130_fd_sc_hd__and3_2)
                                                         full_next (net)
                      0.061804    0.000000    1.401234 v _873_/D (sky130_fd_sc_hd__dfrtp_2)
                                              1.401234   data arrival time

                      0.150000    0.000000    0.000000   clock wr_clk (rise edge)
                                  0.000000    0.000000   clock network delay (ideal)
                                  0.250000    0.250000   clock uncertainty
                                  0.000000    0.250000   clock reconvergence pessimism
                                              0.250000 ^ _873_/CLK (sky130_fd_sc_hd__dfrtp_2)
                                 -0.067258    0.182742   library hold time
                                              0.182742   data required time
---------------------------------------------------------------------------------------------
                                              0.182742   data required time
                                             -1.401234   data arrival time
---------------------------------------------------------------------------------------------
                                              1.218492   slack (MET)


Startpoint: _877_ (rising edge-triggered flip-flop clocked by wr_clk)
Endpoint: _877_ (rising edge-triggered flip-flop clocked by wr_clk)
Path Group: wr_clk
Path Type: min

Fanout         Cap        Slew       Delay        Time   Description
---------------------------------------------------------------------------------------------
                      0.150000    0.000000    0.000000   clock wr_clk (rise edge)
                                  0.000000    0.000000   clock network delay (ideal)
                      0.150000    0.000000    0.000000 ^ _877_/CLK (sky130_fd_sc_hd__dfrtp_2)
    21    0.055874    0.435172    1.026520    1.026520 ^ _877_/Q (sky130_fd_sc_hd__dfrtp_2)
                                                         wr_bin[2] (net)
                      0.435172    0.000000    1.026520 ^ _491_/B1 (sky130_fd_sc_hd__a21oi_2)
     2    0.012268    0.132904    0.211135    1.237656 v _491_/Y (sky130_fd_sc_hd__a21oi_2)
                                                         _259_ (net)
                      0.132904    0.000000    1.237656 v _493_/A (sky130_fd_sc_hd__nor2_2)
     1    0.001853    0.087967    0.170976    1.408632 ^ _493_/Y (sky130_fd_sc_hd__nor2_2)
                                                         wr_bin_next[2] (net)
                      0.087967    0.000000    1.408632 ^ _877_/D (sky130_fd_sc_hd__dfrtp_2)
                                              1.408632   data arrival time

                      0.150000    0.000000    0.000000   clock wr_clk (rise edge)
                                  0.000000    0.000000   clock network delay (ideal)
                                  0.250000    0.250000   clock uncertainty
                                  0.000000    0.250000   clock reconvergence pessimism
                                              0.250000 ^ _877_/CLK (sky130_fd_sc_hd__dfrtp_2)
                                 -0.067854    0.182146   library hold time
                                              0.182146   data required time
---------------------------------------------------------------------------------------------
                                              0.182146   data required time
                                             -1.408632   data arrival time
---------------------------------------------------------------------------------------------
                                              1.226486   slack (MET)


Startpoint: _878_ (rising edge-triggered flip-flop clocked by wr_clk)
Endpoint: _878_ (rising edge-triggered flip-flop clocked by wr_clk)
Path Group: wr_clk
Path Type: min

Fanout         Cap        Slew       Delay        Time   Description
---------------------------------------------------------------------------------------------
                      0.150000    0.000000    0.000000   clock wr_clk (rise edge)
                                  0.000000    0.000000   clock network delay (ideal)
                      0.150000    0.000000    0.000000 ^ _878_/CLK (sky130_fd_sc_hd__dfrtp_2)
    17    0.049744    0.393195    0.993667    0.993667 ^ _878_/Q (sky130_fd_sc_hd__dfrtp_2)
                                                         wr_bin[3] (net)
                      0.393195    0.000000    0.993667 ^ _494_/B1 (sky130_fd_sc_hd__a31o_2)
     2    0.009958    0.118329    0.345584    1.339251 ^ _494_/X (sky130_fd_sc_hd__a31o_2)
                                                         _261_ (net)
                      0.118329    0.000000    1.339251 ^ _533_/A (sky130_fd_sc_hd__and2_2)
     1    0.001853    0.061484    0.260379    1.599630 ^ _533_/X (sky130_fd_sc_hd__and2_2)
                                                         wr_bin_next[3] (net)
                      0.061484    0.000000    1.599630 ^ _878_/D (sky130_fd_sc_hd__dfrtp_2)
                                              1.599630   data arrival time

                      0.150000    0.000000    0.000000   clock wr_clk (rise edge)
                                  0.000000    0.000000   clock network delay (ideal)
                                  0.250000    0.250000   clock uncertainty
                                  0.000000    0.250000   clock reconvergence pessimism
                                              0.250000 ^ _878_/CLK (sky130_fd_sc_hd__dfrtp_2)
                                 -0.061837    0.188163   library hold time
                                              0.188163   data required time
---------------------------------------------------------------------------------------------
                                              0.188163   data required time
                                             -1.599630   data arrival time
---------------------------------------------------------------------------------------------
                                              1.411467   slack (MET)


Startpoint: _911_ (rising edge-triggered flip-flop clocked by wr_clk)
Endpoint: _874_ (rising edge-triggered flip-flop clocked by wr_clk)
Path Group: wr_clk
Path Type: min

Fanout         Cap        Slew       Delay        Time   Description
---------------------------------------------------------------------------------------------
                      0.150000    0.000000    0.000000   clock wr_clk (rise edge)
                                  0.000000    0.000000   clock network delay (ideal)
                      0.150000    0.000000    0.000000 ^ _911_/CLK (sky130_fd_sc_hd__dfrtp_2)
     8    0.018109    0.176624    0.823511    0.823511 ^ _911_/Q (sky130_fd_sc_hd__dfrtp_2)
                                                         rd_bin_sync[4] (net)
                      0.176624    0.000000    0.823511 ^ _370_/B (sky130_fd_sc_hd__and2b_2)
     3    0.011849    0.129364    0.366693    1.190204 ^ _370_/X (sky130_fd_sc_hd__and2b_2)
                                                         _142_ (net)
                      0.129364    0.000000    1.190204 ^ _410_/A2 (sky130_fd_sc_hd__o21ai_2)
     1    0.004294    0.060881    0.122031    1.312235 v _410_/Y (sky130_fd_sc_hd__o21ai_2)
                                                         _182_ (net)
                      0.060881    0.000000    1.312235 v _411_/A (sky130_fd_sc_hd__nand3_2)
     1    0.004456    0.064592    0.088251    1.400486 ^ _411_/Y (sky130_fd_sc_hd__nand3_2)
                                                         _183_ (net)
                      0.064592    0.000000    1.400486 ^ _426_/A (sky130_fd_sc_hd__nand3_2)
     1    0.004270    0.104821    0.115781    1.516267 v _426_/Y (sky130_fd_sc_hd__nand3_2)
                                                         _198_ (net)
                      0.104821    0.000000    1.516267 v _427_/B1 (sky130_fd_sc_hd__o21ai_2)
     1    0.001853    0.056849    0.087613    1.603880 ^ _427_/Y (sky130_fd_sc_hd__o21ai_2)
                                                         afull_next (net)
                      0.056849    0.000000    1.603880 ^ _874_/D (sky130_fd_sc_hd__dfrtp_2)
                                              1.603880   data arrival time

                      0.150000    0.000000    0.000000   clock wr_clk (rise edge)
                                  0.000000    0.000000   clock network delay (ideal)
                                  0.250000    0.250000   clock uncertainty
                                  0.000000    0.250000   clock reconvergence pessimism
                                              0.250000 ^ _874_/CLK (sky130_fd_sc_hd__dfrtp_2)
                                 -0.060783    0.189217   library hold time
                                              0.189217   data required time
---------------------------------------------------------------------------------------------
                                              0.189217   data required time
                                             -1.603880   data arrival time
---------------------------------------------------------------------------------------------
                                              1.414663   slack (MET)


Startpoint: arst_n (input port clocked by wr_clk)
Endpoint: _873_ (removal check against rising-edge clock wr_clk)
Path Group: asynchronous
Path Type: min

Fanout         Cap        Slew       Delay        Time   Description
---------------------------------------------------------------------------------------------
                      0.150000    0.000000    0.000000   clock wr_clk (rise edge)
                                  0.000000    0.000000   clock network delay (ideal)
                                  2.000000    2.000000 ^ input external delay
    50    0.163166    1.172122    0.818662    2.818662 ^ arst_n (in)
                                                         arst_n (net)
                      1.172122    0.000000    2.818662 ^ _873_/RESET_B (sky130_fd_sc_hd__dfrtp_2)
                                              2.818662   data arrival time

                      0.150000    0.000000    0.000000   clock wr_clk (rise edge)
                                  0.000000    0.000000   clock network delay (ideal)
                                  0.250000    0.250000   clock uncertainty
                                  0.000000    0.250000   clock reconvergence pessimism
                                              0.250000 ^ _873_/CLK (sky130_fd_sc_hd__dfrtp_2)
                                  1.019020    1.269020   library removal time
                                              1.269020   data required time
---------------------------------------------------------------------------------------------
                                              1.269020   data required time
                                             -2.818662   data arrival time
---------------------------------------------------------------------------------------------
                                              1.549643   slack (MET)


Startpoint: arst_n (input port clocked by wr_clk)
Endpoint: _874_ (removal check against rising-edge clock wr_clk)
Path Group: asynchronous
Path Type: min

Fanout         Cap        Slew       Delay        Time   Description
---------------------------------------------------------------------------------------------
                      0.150000    0.000000    0.000000   clock wr_clk (rise edge)
                                  0.000000    0.000000   clock network delay (ideal)
                                  2.000000    2.000000 ^ input external delay
    50    0.163166    1.172122    0.818662    2.818662 ^ arst_n (in)
                                                         arst_n (net)
                      1.172122    0.000000    2.818662 ^ _874_/RESET_B (sky130_fd_sc_hd__dfrtp_2)
                                              2.818662   data arrival time

                      0.150000    0.000000    0.000000   clock wr_clk (rise edge)
                                  0.000000    0.000000   clock network delay (ideal)
                                  0.250000    0.250000   clock uncertainty
                                  0.000000    0.250000   clock reconvergence pessimism
                                              0.250000 ^ _874_/CLK (sky130_fd_sc_hd__dfrtp_2)
                                  1.019020    1.269020   library removal time
                                              1.269020   data required time
---------------------------------------------------------------------------------------------
                                              1.269020   data required time
                                             -2.818662   data arrival time
---------------------------------------------------------------------------------------------
                                              1.549643   slack (MET)


Startpoint: arst_n (input port clocked by wr_clk)
Endpoint: _875_ (removal check against rising-edge clock wr_clk)
Path Group: asynchronous
Path Type: min

Fanout         Cap        Slew       Delay        Time   Description
---------------------------------------------------------------------------------------------
                      0.150000    0.000000    0.000000   clock wr_clk (rise edge)
                                  0.000000    0.000000   clock network delay (ideal)
                                  2.000000    2.000000 ^ input external delay
    50    0.163166    1.172122    0.818662    2.818662 ^ arst_n (in)
                                                         arst_n (net)
                      1.172122    0.000000    2.818662 ^ _875_/RESET_B (sky130_fd_sc_hd__dfrtp_2)
                                              2.818662   data arrival time

                      0.150000    0.000000    0.000000   clock wr_clk (rise edge)
                                  0.000000    0.000000   clock network delay (ideal)
                                  0.250000    0.250000   clock uncertainty
                                  0.000000    0.250000   clock reconvergence pessimism
                                              0.250000 ^ _875_/CLK (sky130_fd_sc_hd__dfrtp_2)
                                  1.019020    1.269020   library removal time
                                              1.269020   data required time
---------------------------------------------------------------------------------------------
                                              1.269020   data required time
                                             -2.818662   data arrival time
---------------------------------------------------------------------------------------------
                                              1.549643   slack (MET)


Startpoint: arst_n (input port clocked by wr_clk)
Endpoint: _876_ (removal check against rising-edge clock wr_clk)
Path Group: asynchronous
Path Type: min

Fanout         Cap        Slew       Delay        Time   Description
---------------------------------------------------------------------------------------------
                      0.150000    0.000000    0.000000   clock wr_clk (rise edge)
                                  0.000000    0.000000   clock network delay (ideal)
                                  2.000000    2.000000 ^ input external delay
    50    0.163166    1.172122    0.818662    2.818662 ^ arst_n (in)
                                                         arst_n (net)
                      1.172122    0.000000    2.818662 ^ _876_/RESET_B (sky130_fd_sc_hd__dfrtp_2)
                                              2.818662   data arrival time

                      0.150000    0.000000    0.000000   clock wr_clk (rise edge)
                                  0.000000    0.000000   clock network delay (ideal)
                                  0.250000    0.250000   clock uncertainty
                                  0.000000    0.250000   clock reconvergence pessimism
                                              0.250000 ^ _876_/CLK (sky130_fd_sc_hd__dfrtp_2)
                                  1.019020    1.269020   library removal time
                                              1.269020   data required time
---------------------------------------------------------------------------------------------
                                              1.269020   data required time
                                             -2.818662   data arrival time
---------------------------------------------------------------------------------------------
                                              1.549643   slack (MET)


Startpoint: arst_n (input port clocked by wr_clk)
Endpoint: _877_ (removal check against rising-edge clock wr_clk)
Path Group: asynchronous
Path Type: min

Fanout         Cap        Slew       Delay        Time   Description
---------------------------------------------------------------------------------------------
                      0.150000    0.000000    0.000000   clock wr_clk (rise edge)
                                  0.000000    0.000000   clock network delay (ideal)
                                  2.000000    2.000000 ^ input external delay
    50    0.163166    1.172122    0.818662    2.818662 ^ arst_n (in)
                                                         arst_n (net)
                      1.172122    0.000000    2.818662 ^ _877_/RESET_B (sky130_fd_sc_hd__dfrtp_2)
                                              2.818662   data arrival time

                      0.150000    0.000000    0.000000   clock wr_clk (rise edge)
                                  0.000000    0.000000   clock network delay (ideal)
                                  0.250000    0.250000   clock uncertainty
                                  0.000000    0.250000   clock reconvergence pessimism
                                              0.250000 ^ _877_/CLK (sky130_fd_sc_hd__dfrtp_2)
                                  1.019020    1.269020   library removal time
                                              1.269020   data required time
---------------------------------------------------------------------------------------------
                                              1.269020   data required time
                                             -2.818662   data arrival time
---------------------------------------------------------------------------------------------
                                              1.549643   slack (MET)


Startpoint: arst_n (input port clocked by wr_clk)
Endpoint: _878_ (removal check against rising-edge clock wr_clk)
Path Group: asynchronous
Path Type: min

Fanout         Cap        Slew       Delay        Time   Description
---------------------------------------------------------------------------------------------
                      0.150000    0.000000    0.000000   clock wr_clk (rise edge)
                                  0.000000    0.000000   clock network delay (ideal)
                                  2.000000    2.000000 ^ input external delay
    50    0.163166    1.172122    0.818662    2.818662 ^ arst_n (in)
                                                         arst_n (net)
                      1.172122    0.000000    2.818662 ^ _878_/RESET_B (sky130_fd_sc_hd__dfrtp_2)
                                              2.818662   data arrival time

                      0.150000    0.000000    0.000000   clock wr_clk (rise edge)
                                  0.000000    0.000000   clock network delay (ideal)
                                  0.250000    0.250000   clock uncertainty
                                  0.000000    0.250000   clock reconvergence pessimism
                                              0.250000 ^ _878_/CLK (sky130_fd_sc_hd__dfrtp_2)
                                  1.019020    1.269020   library removal time
                                              1.269020   data required time
---------------------------------------------------------------------------------------------
                                              1.269020   data required time
                                             -2.818662   data arrival time
---------------------------------------------------------------------------------------------
                                              1.549643   slack (MET)


Startpoint: arst_n (input port clocked by wr_clk)
Endpoint: _879_ (removal check against rising-edge clock wr_clk)
Path Group: asynchronous
Path Type: min

Fanout         Cap        Slew       Delay        Time   Description
---------------------------------------------------------------------------------------------
                      0.150000    0.000000    0.000000   clock wr_clk (rise edge)
                                  0.000000    0.000000   clock network delay (ideal)
                                  2.000000    2.000000 ^ input external delay
    50    0.163166    1.172122    0.818662    2.818662 ^ arst_n (in)
                                                         arst_n (net)
                      1.172122    0.000000    2.818662 ^ _879_/RESET_B (sky130_fd_sc_hd__dfrtp_2)
                                              2.818662   data arrival time

                      0.150000    0.000000    0.000000   clock wr_clk (rise edge)
                                  0.000000    0.000000   clock network delay (ideal)
                                  0.250000    0.250000   clock uncertainty
                                  0.000000    0.250000   clock reconvergence pessimism
                                              0.250000 ^ _879_/CLK (sky130_fd_sc_hd__dfrtp_2)
                                  1.019020    1.269020   library removal time
                                              1.269020   data required time
---------------------------------------------------------------------------------------------
                                              1.269020   data required time
                                             -2.818662   data arrival time
---------------------------------------------------------------------------------------------
                                              1.549643   slack (MET)


Startpoint: arst_n (input port clocked by wr_clk)
Endpoint: _888_ (removal check against rising-edge clock wr_clk)
Path Group: asynchronous
Path Type: min

Fanout         Cap        Slew       Delay        Time   Description
---------------------------------------------------------------------------------------------
                      0.150000    0.000000    0.000000   clock wr_clk (rise edge)
                                  0.000000    0.000000   clock network delay (ideal)
                                  2.000000    2.000000 ^ input external delay
    50    0.163166    1.172122    0.818662    2.818662 ^ arst_n (in)
                                                         arst_n (net)
                      1.172122    0.000000    2.818662 ^ _888_/RESET_B (sky130_fd_sc_hd__dfrtp_2)
                                              2.818662   data arrival time

                      0.150000    0.000000    0.000000   clock wr_clk (rise edge)
                                  0.000000    0.000000   clock network delay (ideal)
                                  0.250000    0.250000   clock uncertainty
                                  0.000000    0.250000   clock reconvergence pessimism
                                              0.250000 ^ _888_/CLK (sky130_fd_sc_hd__dfrtp_2)
                                  1.019020    1.269020   library removal time
                                              1.269020   data required time
---------------------------------------------------------------------------------------------
                                              1.269020   data required time
                                             -2.818662   data arrival time
---------------------------------------------------------------------------------------------
                                              1.549643   slack (MET)


Startpoint: arst_n (input port clocked by wr_clk)
Endpoint: _889_ (removal check against rising-edge clock wr_clk)
Path Group: asynchronous
Path Type: min

Fanout         Cap        Slew       Delay        Time   Description
---------------------------------------------------------------------------------------------
                      0.150000    0.000000    0.000000   clock wr_clk (rise edge)
                                  0.000000    0.000000   clock network delay (ideal)
                                  2.000000    2.000000 ^ input external delay
    50    0.163166    1.172122    0.818662    2.818662 ^ arst_n (in)
                                                         arst_n (net)
                      1.172122    0.000000    2.818662 ^ _889_/RESET_B (sky130_fd_sc_hd__dfrtp_2)
                                              2.818662   data arrival time

                      0.150000    0.000000    0.000000   clock wr_clk (rise edge)
                                  0.000000    0.000000   clock network delay (ideal)
                                  0.250000    0.250000   clock uncertainty
                                  0.000000    0.250000   clock reconvergence pessimism
                                              0.250000 ^ _889_/CLK (sky130_fd_sc_hd__dfrtp_2)
                                  1.019020    1.269020   library removal time
                                              1.269020   data required time
---------------------------------------------------------------------------------------------
                                              1.269020   data required time
                                             -2.818662   data arrival time
---------------------------------------------------------------------------------------------
                                              1.549643   slack (MET)


Startpoint: arst_n (input port clocked by wr_clk)
Endpoint: _890_ (removal check against rising-edge clock wr_clk)
Path Group: asynchronous
Path Type: min

Fanout         Cap        Slew       Delay        Time   Description
---------------------------------------------------------------------------------------------
                      0.150000    0.000000    0.000000   clock wr_clk (rise edge)
                                  0.000000    0.000000   clock network delay (ideal)
                                  2.000000    2.000000 ^ input external delay
    50    0.163166    1.172122    0.818662    2.818662 ^ arst_n (in)
                                                         arst_n (net)
                      1.172122    0.000000    2.818662 ^ _890_/RESET_B (sky130_fd_sc_hd__dfrtp_2)
                                              2.818662   data arrival time

                      0.150000    0.000000    0.000000   clock wr_clk (rise edge)
                                  0.000000    0.000000   clock network delay (ideal)
                                  0.250000    0.250000   clock uncertainty
                                  0.000000    0.250000   clock reconvergence pessimism
                                              0.250000 ^ _890_/CLK (sky130_fd_sc_hd__dfrtp_2)
                                  1.019020    1.269020   library removal time
                                              1.269020   data required time
---------------------------------------------------------------------------------------------
                                              1.269020   data required time
                                             -2.818662   data arrival time
---------------------------------------------------------------------------------------------
                                              1.549643   slack (MET)


Startpoint: arst_n (input port clocked by wr_clk)
Endpoint: _891_ (removal check against rising-edge clock wr_clk)
Path Group: asynchronous
Path Type: min

Fanout         Cap        Slew       Delay        Time   Description
---------------------------------------------------------------------------------------------
                      0.150000    0.000000    0.000000   clock wr_clk (rise edge)
                                  0.000000    0.000000   clock network delay (ideal)
                                  2.000000    2.000000 ^ input external delay
    50    0.163166    1.172122    0.818662    2.818662 ^ arst_n (in)
                                                         arst_n (net)
                      1.172122    0.000000    2.818662 ^ _891_/RESET_B (sky130_fd_sc_hd__dfrtp_2)
                                              2.818662   data arrival time

                      0.150000    0.000000    0.000000   clock wr_clk (rise edge)
                                  0.000000    0.000000   clock network delay (ideal)
                                  0.250000    0.250000   clock uncertainty
                                  0.000000    0.250000   clock reconvergence pessimism
                                              0.250000 ^ _891_/CLK (sky130_fd_sc_hd__dfrtp_2)
                                  1.019020    1.269020   library removal time
                                              1.269020   data required time
---------------------------------------------------------------------------------------------
                                              1.269020   data required time
                                             -2.818662   data arrival time
---------------------------------------------------------------------------------------------
                                              1.549643   slack (MET)


Startpoint: arst_n (input port clocked by wr_clk)
Endpoint: _902_ (removal check against rising-edge clock wr_clk)
Path Group: asynchronous
Path Type: min

Fanout         Cap        Slew       Delay        Time   Description
---------------------------------------------------------------------------------------------
                      0.150000    0.000000    0.000000   clock wr_clk (rise edge)
                                  0.000000    0.000000   clock network delay (ideal)
                                  2.000000    2.000000 ^ input external delay
    50    0.163166    1.172122    0.818662    2.818662 ^ arst_n (in)
                                                         arst_n (net)
                      1.172122    0.000000    2.818662 ^ _902_/RESET_B (sky130_fd_sc_hd__dfrtp_2)
                                              2.818662   data arrival time

                      0.150000    0.000000    0.000000   clock wr_clk (rise edge)
                                  0.000000    0.000000   clock network delay (ideal)
                                  0.250000    0.250000   clock uncertainty
                                  0.000000    0.250000   clock reconvergence pessimism
                                              0.250000 ^ _902_/CLK (sky130_fd_sc_hd__dfrtp_2)
                                  1.019020    1.269020   library removal time
                                              1.269020   data required time
---------------------------------------------------------------------------------------------
                                              1.269020   data required time
                                             -2.818662   data arrival time
---------------------------------------------------------------------------------------------
                                              1.549643   slack (MET)


Startpoint: arst_n (input port clocked by wr_clk)
Endpoint: _903_ (removal check against rising-edge clock wr_clk)
Path Group: asynchronous
Path Type: min

Fanout         Cap        Slew       Delay        Time   Description
---------------------------------------------------------------------------------------------
                      0.150000    0.000000    0.000000   clock wr_clk (rise edge)
                                  0.000000    0.000000   clock network delay (ideal)
                                  2.000000    2.000000 ^ input external delay
    50    0.163166    1.172122    0.818662    2.818662 ^ arst_n (in)
                                                         arst_n (net)
                      1.172122    0.000000    2.818662 ^ _903_/RESET_B (sky130_fd_sc_hd__dfrtp_2)
                                              2.818662   data arrival time

                      0.150000    0.000000    0.000000   clock wr_clk (rise edge)
                                  0.000000    0.000000   clock network delay (ideal)
                                  0.250000    0.250000   clock uncertainty
                                  0.000000    0.250000   clock reconvergence pessimism
                                              0.250000 ^ _903_/CLK (sky130_fd_sc_hd__dfrtp_2)
                                  1.019020    1.269020   library removal time
                                              1.269020   data required time
---------------------------------------------------------------------------------------------
                                              1.269020   data required time
                                             -2.818662   data arrival time
---------------------------------------------------------------------------------------------
                                              1.549643   slack (MET)


Startpoint: arst_n (input port clocked by wr_clk)
Endpoint: _904_ (removal check against rising-edge clock wr_clk)
Path Group: asynchronous
Path Type: min

Fanout         Cap        Slew       Delay        Time   Description
---------------------------------------------------------------------------------------------
                      0.150000    0.000000    0.000000   clock wr_clk (rise edge)
                                  0.000000    0.000000   clock network delay (ideal)
                                  2.000000    2.000000 ^ input external delay
    50    0.163166    1.172122    0.818662    2.818662 ^ arst_n (in)
                                                         arst_n (net)
                      1.172122    0.000000    2.818662 ^ _904_/RESET_B (sky130_fd_sc_hd__dfrtp_2)
                                              2.818662   data arrival time

                      0.150000    0.000000    0.000000   clock wr_clk (rise edge)
                                  0.000000    0.000000   clock network delay (ideal)
                                  0.250000    0.250000   clock uncertainty
                                  0.000000    0.250000   clock reconvergence pessimism
                                              0.250000 ^ _904_/CLK (sky130_fd_sc_hd__dfrtp_2)
                                  1.019020    1.269020   library removal time
                                              1.269020   data required time
---------------------------------------------------------------------------------------------
                                              1.269020   data required time
                                             -2.818662   data arrival time
---------------------------------------------------------------------------------------------
                                              1.549643   slack (MET)


Startpoint: arst_n (input port clocked by wr_clk)
Endpoint: _905_ (removal check against rising-edge clock wr_clk)
Path Group: asynchronous
Path Type: min

Fanout         Cap        Slew       Delay        Time   Description
---------------------------------------------------------------------------------------------
                      0.150000    0.000000    0.000000   clock wr_clk (rise edge)
                                  0.000000    0.000000   clock network delay (ideal)
                                  2.000000    2.000000 ^ input external delay
    50    0.163166    1.172122    0.818662    2.818662 ^ arst_n (in)
                                                         arst_n (net)
                      1.172122    0.000000    2.818662 ^ _905_/RESET_B (sky130_fd_sc_hd__dfrtp_2)
                                              2.818662   data arrival time

                      0.150000    0.000000    0.000000   clock wr_clk (rise edge)
                                  0.000000    0.000000   clock network delay (ideal)
                                  0.250000    0.250000   clock uncertainty
                                  0.000000    0.250000   clock reconvergence pessimism
                                              0.250000 ^ _905_/CLK (sky130_fd_sc_hd__dfrtp_2)
                                  1.019020    1.269020   library removal time
                                              1.269020   data required time
---------------------------------------------------------------------------------------------
                                              1.269020   data required time
                                             -2.818662   data arrival time
---------------------------------------------------------------------------------------------
                                              1.549643   slack (MET)


Startpoint: arst_n (input port clocked by wr_clk)
Endpoint: _906_ (removal check against rising-edge clock wr_clk)
Path Group: asynchronous
Path Type: min

Fanout         Cap        Slew       Delay        Time   Description
---------------------------------------------------------------------------------------------
                      0.150000    0.000000    0.000000   clock wr_clk (rise edge)
                                  0.000000    0.000000   clock network delay (ideal)
                                  2.000000    2.000000 ^ input external delay
    50    0.163166    1.172122    0.818662    2.818662 ^ arst_n (in)
                                                         arst_n (net)
                      1.172122    0.000000    2.818662 ^ _906_/RESET_B (sky130_fd_sc_hd__dfrtp_2)
                                              2.818662   data arrival time

                      0.150000    0.000000    0.000000   clock wr_clk (rise edge)
                                  0.000000    0.000000   clock network delay (ideal)
                                  0.250000    0.250000   clock uncertainty
                                  0.000000    0.250000   clock reconvergence pessimism
                                              0.250000 ^ _906_/CLK (sky130_fd_sc_hd__dfrtp_2)
                                  1.019020    1.269020   library removal time
                                              1.269020   data required time
---------------------------------------------------------------------------------------------
                                              1.269020   data required time
                                             -2.818662   data arrival time
---------------------------------------------------------------------------------------------
                                              1.549643   slack (MET)


Startpoint: arst_n (input port clocked by wr_clk)
Endpoint: _907_ (removal check against rising-edge clock wr_clk)
Path Group: asynchronous
Path Type: min

Fanout         Cap        Slew       Delay        Time   Description
---------------------------------------------------------------------------------------------
                      0.150000    0.000000    0.000000   clock wr_clk (rise edge)
                                  0.000000    0.000000   clock network delay (ideal)
                                  2.000000    2.000000 ^ input external delay
    50    0.163166    1.172122    0.818662    2.818662 ^ arst_n (in)
                                                         arst_n (net)
                      1.172122    0.000000    2.818662 ^ _907_/RESET_B (sky130_fd_sc_hd__dfrtp_2)
                                              2.818662   data arrival time

                      0.150000    0.000000    0.000000   clock wr_clk (rise edge)
                                  0.000000    0.000000   clock network delay (ideal)
                                  0.250000    0.250000   clock uncertainty
                                  0.000000    0.250000   clock reconvergence pessimism
                                              0.250000 ^ _907_/CLK (sky130_fd_sc_hd__dfrtp_2)
                                  1.019020    1.269020   library removal time
                                              1.269020   data required time
---------------------------------------------------------------------------------------------
                                              1.269020   data required time
                                             -2.818662   data arrival time
---------------------------------------------------------------------------------------------
                                              1.549643   slack (MET)


Startpoint: arst_n (input port clocked by wr_clk)
Endpoint: _908_ (removal check against rising-edge clock wr_clk)
Path Group: asynchronous
Path Type: min

Fanout         Cap        Slew       Delay        Time   Description
---------------------------------------------------------------------------------------------
                      0.150000    0.000000    0.000000   clock wr_clk (rise edge)
                                  0.000000    0.000000   clock network delay (ideal)
                                  2.000000    2.000000 ^ input external delay
    50    0.163166    1.172122    0.818662    2.818662 ^ arst_n (in)
                                                         arst_n (net)
                      1.172122    0.000000    2.818662 ^ _908_/RESET_B (sky130_fd_sc_hd__dfrtp_2)
                                              2.818662   data arrival time

                      0.150000    0.000000    0.000000   clock wr_clk (rise edge)
                                  0.000000    0.000000   clock network delay (ideal)
                                  0.250000    0.250000   clock uncertainty
                                  0.000000    0.250000   clock reconvergence pessimism
                                              0.250000 ^ _908_/CLK (sky130_fd_sc_hd__dfrtp_2)
                                  1.019020    1.269020   library removal time
                                              1.269020   data required time
---------------------------------------------------------------------------------------------
                                              1.269020   data required time
                                             -2.818662   data arrival time
---------------------------------------------------------------------------------------------
                                              1.549643   slack (MET)


Startpoint: arst_n (input port clocked by wr_clk)
Endpoint: _909_ (removal check against rising-edge clock wr_clk)
Path Group: asynchronous
Path Type: min

Fanout         Cap        Slew       Delay        Time   Description
---------------------------------------------------------------------------------------------
                      0.150000    0.000000    0.000000   clock wr_clk (rise edge)
                                  0.000000    0.000000   clock network delay (ideal)
                                  2.000000    2.000000 ^ input external delay
    50    0.163166    1.172122    0.818662    2.818662 ^ arst_n (in)
                                                         arst_n (net)
                      1.172122    0.000000    2.818662 ^ _909_/RESET_B (sky130_fd_sc_hd__dfrtp_2)
                                              2.818662   data arrival time

                      0.150000    0.000000    0.000000   clock wr_clk (rise edge)
                                  0.000000    0.000000   clock network delay (ideal)
                                  0.250000    0.250000   clock uncertainty
                                  0.000000    0.250000   clock reconvergence pessimism
                                              0.250000 ^ _909_/CLK (sky130_fd_sc_hd__dfrtp_2)
                                  1.019020    1.269020   library removal time
                                              1.269020   data required time
---------------------------------------------------------------------------------------------
                                              1.269020   data required time
                                             -2.818662   data arrival time
---------------------------------------------------------------------------------------------
                                              1.549643   slack (MET)


Startpoint: arst_n (input port clocked by wr_clk)
Endpoint: _910_ (removal check against rising-edge clock wr_clk)
Path Group: asynchronous
Path Type: min

Fanout         Cap        Slew       Delay        Time   Description
---------------------------------------------------------------------------------------------
                      0.150000    0.000000    0.000000   clock wr_clk (rise edge)
                                  0.000000    0.000000   clock network delay (ideal)
                                  2.000000    2.000000 ^ input external delay
    50    0.163166    1.172122    0.818662    2.818662 ^ arst_n (in)
                                                         arst_n (net)
                      1.172122    0.000000    2.818662 ^ _910_/RESET_B (sky130_fd_sc_hd__dfrtp_2)
                                              2.818662   data arrival time

                      0.150000    0.000000    0.000000   clock wr_clk (rise edge)
                                  0.000000    0.000000   clock network delay (ideal)
                                  0.250000    0.250000   clock uncertainty
                                  0.000000    0.250000   clock reconvergence pessimism
                                              0.250000 ^ _910_/CLK (sky130_fd_sc_hd__dfrtp_2)
                                  1.019020    1.269020   library removal time
                                              1.269020   data required time
---------------------------------------------------------------------------------------------
                                              1.269020   data required time
                                             -2.818662   data arrival time
---------------------------------------------------------------------------------------------
                                              1.549643   slack (MET)


Startpoint: arst_n (input port clocked by wr_clk)
Endpoint: _911_ (removal check against rising-edge clock wr_clk)
Path Group: asynchronous
Path Type: min

Fanout         Cap        Slew       Delay        Time   Description
---------------------------------------------------------------------------------------------
                      0.150000    0.000000    0.000000   clock wr_clk (rise edge)
                                  0.000000    0.000000   clock network delay (ideal)
                                  2.000000    2.000000 ^ input external delay
    50    0.163166    1.172122    0.818662    2.818662 ^ arst_n (in)
                                                         arst_n (net)
                      1.172122    0.000000    2.818662 ^ _911_/RESET_B (sky130_fd_sc_hd__dfrtp_2)
                                              2.818662   data arrival time

                      0.150000    0.000000    0.000000   clock wr_clk (rise edge)
                                  0.000000    0.000000   clock network delay (ideal)
                                  0.250000    0.250000   clock uncertainty
                                  0.000000    0.250000   clock reconvergence pessimism
                                              0.250000 ^ _911_/CLK (sky130_fd_sc_hd__dfrtp_2)
                                  1.019020    1.269020   library removal time
                                              1.269020   data required time
---------------------------------------------------------------------------------------------
                                              1.269020   data required time
                                             -2.818662   data arrival time
---------------------------------------------------------------------------------------------
                                              1.549643   slack (MET)


Startpoint: _874_ (rising edge-triggered flip-flop clocked by wr_clk)
Endpoint: afull (output port clocked by wr_clk)
Path Group: wr_clk
Path Type: min

Fanout         Cap        Slew       Delay        Time   Description
---------------------------------------------------------------------------------------------
                      0.150000    0.000000    0.000000   clock wr_clk (rise edge)
                                  0.000000    0.000000   clock network delay (ideal)
                      0.150000    0.000000    0.000000 ^ _874_/CLK (sky130_fd_sc_hd__dfrtp_2)
     1    0.033442    0.281562    0.906297    0.906297 ^ _874_/Q (sky130_fd_sc_hd__dfrtp_2)
                                                         afull (net)
                      0.281562    0.000000    0.906297 ^ afull (out)
                                              0.906297   data arrival time

                      0.150000    0.000000    0.000000   clock wr_clk (rise edge)
                                  0.000000    0.000000   clock network delay (ideal)
                                  0.250000    0.250000   clock uncertainty
                                  0.000000    0.250000   clock reconvergence pessimism
                                 -2.000000   -1.750000   output external delay
                                             -1.750000   data required time
---------------------------------------------------------------------------------------------
                                             -1.750000   data required time
                                             -0.906297   data arrival time
---------------------------------------------------------------------------------------------
                                              2.656297   slack (MET)


Startpoint: _873_ (rising edge-triggered flip-flop clocked by wr_clk)
Endpoint: full (output port clocked by wr_clk)
Path Group: wr_clk
Path Type: min

Fanout         Cap        Slew       Delay        Time   Description
---------------------------------------------------------------------------------------------
                      0.150000    0.000000    0.000000   clock wr_clk (rise edge)
                                  0.000000    0.000000   clock network delay (ideal)
                      0.150000    0.000000    0.000000 ^ _873_/CLK (sky130_fd_sc_hd__dfrtp_2)
     2    0.038051    0.313124    0.930999    0.930999 ^ _873_/Q (sky130_fd_sc_hd__dfrtp_2)
                                                         full (net)
                      0.313124    0.000000    0.930999 ^ full (out)
                                              0.930999   data arrival time

                      0.150000    0.000000    0.000000   clock wr_clk (rise edge)
                                  0.000000    0.000000   clock network delay (ideal)
                                  0.250000    0.250000   clock uncertainty
                                  0.000000    0.250000   clock reconvergence pessimism
                                 -2.000000   -1.750000   output external delay
                                             -1.750000   data required time
---------------------------------------------------------------------------------------------
                                             -1.750000   data required time
                                             -0.930999   data arrival time
---------------------------------------------------------------------------------------------
                                              2.680999   slack (MET)



