Instance,Terminal,Layer,X location,Y location,Voltage
FILLER_50_301,VGND,li1,144.2100,146.8800,0.000132
FILLER_50_293,VGND,li1,142.1400,146.8800,0.000132
FILLER_50_281,VGND,li1,137.5400,146.8800,0.000132
FILLER_50_277,VGND,li1,133.6300,146.8800,0.000132
FILLER_50_265,VGND,li1,130.1800,146.8800,0.000132
FILLER_50_261,VGND,li1,125.8100,146.8800,0.000132
FILLER_50_253,VGND,li1,123.7400,146.8800,0.000132
FILLER_50_251,VGND,li1,121.2100,146.8800,0.000132
FILLER_50_244,VGND,li1,118.6800,146.8800,0.000132
FILLER_50_237,VGND,li1,115.4600,146.8800,0.000132
FILLER_50_233,VGND,li1,112.9300,146.8800,0.000132
FILLER_50_225,VGND,li1,110.8600,146.8800,0.000132
FILLER_50_216,VGND,li1,105.8000,146.8800,0.000129
FILLER_50_209,VGND,li1,102.5800,146.8800,0.000126
FILLER_50_197,VGND,li1,98.9000,146.8800,0.000121
FILLER_50_193,VGND,li1,94.9900,146.8800,0.000115
FILLER_50_181,VGND,li1,91.5400,146.8800,0.000110
FILLER_50_169,VGND,li1,86.0200,146.8800,0.000102
FILLER_50_165,VGND,li1,82.1100,146.8800,0.000095
FILLER_50_153,VGND,li1,78.6600,146.8800,0.000092
FILLER_50_147,VGND,li1,73.8300,146.8800,0.000083
FILLER_50_141,VGND,li1,70.8400,146.8800,0.000080
FILLER_50_139,VGND,li1,69.6900,146.8800,0.000077
FILLER_50_133,VGND,li1,68.0800,146.8800,0.000077
FILLER_50_125,VGND,li1,63.9400,146.8800,0.000071
FILLER_50_113,VGND,li1,60.2600,146.8800,0.000065
FILLER_50_109,VGND,li1,56.3500,146.8800,0.000058
FILLER_50_97,VGND,li1,52.9000,146.8800,0.000055
FILLER_50_85,VGND,li1,47.3800,146.8800,0.000047
FILLER_50_81,VGND,li1,43.4700,146.8800,0.000041
FILLER_50_69,VGND,li1,40.0200,146.8800,0.000036
FILLER_50_57,VGND,li1,34.5000,146.8800,0.000028
FILLER_50_53,VGND,li1,30.5900,146.8800,0.000021
FILLER_50_41,VGND,li1,27.1400,146.8800,0.000017
FILLER_50_29,VGND,li1,21.6200,146.8800,0.000015
FILLER_50_27,VGND,li1,18.1700,146.8800,0.000015
FILLER_50_15,VGND,li1,15.1800,146.8800,0.000015
FILLER_50_3,VGND,li1,9.6600,146.8800,0.000015
FILLER_49_301,VGND,li1,144.2100,146.8800,0.000132
FILLER_49_293,VGND,li1,142.1400,146.8800,0.000132
FILLER_49_281,VGND,li1,137.5400,146.8800,0.000132
FILLER_49_279,VGND,li1,134.0900,146.8800,0.000132
FILLER_49_273,VGND,li1,132.4800,146.8800,0.000132
FILLER_49_261,VGND,li1,128.3400,146.8800,0.000132
FILLER_49_249,VGND,li1,122.8200,146.8800,0.000132
FILLER_49_237,VGND,li1,117.3000,146.8800,0.000132
FILLER_49_225,VGND,li1,111.7800,146.8800,0.000132
FILLER_49_223,VGND,li1,108.3300,146.8800,0.000131
FILLER_49_215,VGND,li1,106.2600,146.8800,0.000129
FILLER_49_205,VGND,li1,100.7400,146.8800,0.000123
FILLER_49_193,VGND,li1,97.0600,146.8800,0.000118
FILLER_49_181,VGND,li1,91.5400,146.8800,0.000110
FILLER_49_169,VGND,li1,86.0200,146.8800,0.000102
FILLER_49_167,VGND,li1,82.5700,146.8800,0.000095
FILLER_49_161,VGND,li1,80.9600,146.8800,0.000095
FILLER_49_149,VGND,li1,76.8200,146.8800,0.000087
FILLER_49_137,VGND,li1,71.3000,146.8800,0.000080
FILLER_49_125,VGND,li1,65.7800,146.8800,0.000073
FILLER_49_113,VGND,li1,60.2600,146.8800,0.000065
FILLER_49_111,VGND,li1,56.8100,146.8800,0.000058
FILLER_49_105,VGND,li1,55.2000,146.8800,0.000058
FILLER_49_93,VGND,li1,51.0600,146.8800,0.000052
FILLER_49_81,VGND,li1,45.5400,146.8800,0.000044
FILLER_49_69,VGND,li1,40.0200,146.8800,0.000036
FILLER_49_57,VGND,li1,34.5000,146.8800,0.000028
FILLER_49_55,VGND,li1,31.0500,146.8800,0.000021
FILLER_49_51,VGND,li1,29.9000,146.8800,0.000021
FILLER_49_39,VGND,li1,26.2200,146.8800,0.000015
FILLER_49_27,VGND,li1,20.7000,146.8800,0.000015
FILLER_49_15,VGND,li1,15.1800,146.8800,0.000015
FILLER_49_3,VGND,li1,9.6600,146.8800,0.000015
FILLER_48_298,VGND,li1,143.5200,141.4400,0.001144
FILLER_48_286,VGND,li1,139.8400,141.4400,0.001144
FILLER_48_274,VGND,li1,134.3200,141.4400,0.001144
FILLER_48_262,VGND,li1,128.8000,141.4400,0.001144
FILLER_48_253,VGND,li1,123.2800,141.4400,0.001144
FILLER_48_227,VGND,li1,110.6300,141.4400,0.001120
FILLER_48_219,VGND,li1,108.1000,141.4400,0.001100
FILLER_48_197,VGND,li1,96.6000,141.4400,0.001008
FILLER_48_195,VGND,li1,95.4500,141.4400,0.000990
FILLER_48_185,VGND,li1,91.0800,141.4400,0.000959
FILLER_48_177,VGND,li1,88.7800,141.4400,0.000935
FILLER_48_165,VGND,li1,84.1800,141.4400,0.000866
FILLER_48_153,VGND,li1,78.6600,141.4400,0.000815
FILLER_48_141,VGND,li1,73.1400,141.4400,0.000749
FILLER_48_139,VGND,li1,69.6900,141.4400,0.000695
FILLER_48_135,VGND,li1,68.5400,141.4400,0.000695
FILLER_48_123,VGND,li1,64.8600,141.4400,0.000649
FILLER_48_97,VGND,li1,51.5200,141.4400,0.000473
FILLER_48_85,VGND,li1,47.3800,141.4400,0.000425
FILLER_48_83,VGND,li1,43.9300,141.4400,0.000358
FILLER_48_77,VGND,li1,42.3200,141.4400,0.000358
FILLER_48_65,VGND,li1,38.1800,141.4400,0.000304
FILLER_48_53,VGND,li1,32.6600,141.4400,0.000231
FILLER_48_41,VGND,li1,27.1400,141.4400,0.000158
FILLER_48_29,VGND,li1,21.6200,141.4400,0.000132
FILLER_48_27,VGND,li1,18.1700,141.4400,0.000132
FILLER_48_15,VGND,li1,15.1800,141.4400,0.000132
FILLER_48_3,VGND,li1,9.6600,141.4400,0.000132
FILLER_47_301,VGND,li1,144.2100,141.4400,0.001144
FILLER_47_293,VGND,li1,142.1400,141.4400,0.001144
FILLER_47_281,VGND,li1,137.5400,141.4400,0.001144
FILLER_47_276,VGND,li1,133.4000,141.4400,0.001144
FILLER_47_264,VGND,li1,129.7200,141.4400,0.001144
FILLER_47_252,VGND,li1,124.2000,141.4400,0.001144
FILLER_47_225,VGND,li1,109.2500,141.4400,0.001111
FILLER_47_215,VGND,li1,104.8800,141.4400,0.001077
FILLER_47_169,VGND,li1,83.9500,141.4400,0.000866
FILLER_47_167,VGND,li1,82.5700,141.4400,0.000842
FILLER_47_161,VGND,li1,80.9600,141.4400,0.000842
FILLER_47_149,VGND,li1,76.8200,141.4400,0.000779
FILLER_47_128,VGND,li1,64.6300,141.4400,0.000627
FILLER_47_122,VGND,li1,63.0200,141.4400,0.000627
FILLER_47_111,VGND,li1,56.8100,141.4400,0.000528
FILLER_47_105,VGND,li1,55.2000,141.4400,0.000528
FILLER_47_93,VGND,li1,51.0600,141.4400,0.000473
FILLER_47_81,VGND,li1,45.5400,141.4400,0.000385
FILLER_47_69,VGND,li1,40.0200,141.4400,0.000328
FILLER_47_57,VGND,li1,34.5000,141.4400,0.000255
FILLER_47_55,VGND,li1,31.0500,141.4400,0.000195
FILLER_47_51,VGND,li1,29.9000,141.4400,0.000195
FILLER_47_39,VGND,li1,26.2200,141.4400,0.000132
FILLER_47_27,VGND,li1,20.7000,141.4400,0.000132
FILLER_47_15,VGND,li1,15.1800,141.4400,0.000132
FILLER_47_3,VGND,li1,9.6600,141.4400,0.000132
FILLER_46_291,VGND,li1,141.2200,136.0000,0.002100
FILLER_46_279,VGND,li1,136.6200,136.0000,0.002095
FILLER_46_267,VGND,li1,131.1000,136.0000,0.002086
FILLER_46_251,VGND,li1,121.2100,136.0000,0.002042
FILLER_46_247,VGND,li1,120.0600,136.0000,0.002042
FILLER_46_229,VGND,li1,111.3200,136.0000,0.001965
FILLER_46_221,VGND,li1,107.4100,136.0000,0.001903
FILLER_46_217,VGND,li1,106.2600,136.0000,0.001873
FILLER_46_213,VGND,li1,103.7300,136.0000,0.001836
FILLER_46_207,VGND,li1,102.1200,136.0000,0.001836
FILLER_46_195,VGND,li1,95.4500,136.0000,0.001733
FILLER_46_174,VGND,li1,86.2500,136.0000,0.001563
FILLER_46_162,VGND,li1,82.8000,136.0000,0.001493
FILLER_46_150,VGND,li1,77.2800,136.0000,0.001364
FILLER_46_132,VGND,li1,68.0800,136.0000,0.001211
FILLER_46_103,VGND,li1,53.1300,136.0000,0.000856
FILLER_46_97,VGND,li1,51.5200,136.0000,0.000856
FILLER_46_85,VGND,li1,47.3800,136.0000,0.000763
FILLER_46_83,VGND,li1,43.9300,136.0000,0.000649
FILLER_46_77,VGND,li1,42.3200,136.0000,0.000649
FILLER_46_65,VGND,li1,38.1800,136.0000,0.000554
FILLER_46_53,VGND,li1,32.6600,136.0000,0.000384
FILLER_46_41,VGND,li1,27.1400,136.0000,0.000291
FILLER_46_29,VGND,li1,21.6200,136.0000,0.000243
FILLER_46_27,VGND,li1,18.1700,136.0000,0.000243
FILLER_46_15,VGND,li1,15.1800,136.0000,0.000244
FILLER_46_3,VGND,li1,9.6600,136.0000,0.000244
FILLER_45_297,VGND,li1,142.3700,136.0000,0.002100
FILLER_45_293,VGND,li1,141.2200,136.0000,0.002100
FILLER_45_289,VGND,li1,138.6900,136.0000,0.002097
FILLER_45_281,VGND,li1,136.6200,136.0000,0.002095
FILLER_45_279,VGND,li1,134.0900,136.0000,0.002091
FILLER_45_257,VGND,li1,124.4300,136.0000,0.002066
FILLER_45_245,VGND,li1,119.6000,136.0000,0.002030
FILLER_45_233,VGND,li1,115.4600,136.0000,0.002009
FILLER_45_225,VGND,li1,109.7100,136.0000,0.001933
FILLER_45_216,VGND,li1,106.7200,136.0000,0.001903
FILLER_45_204,VGND,li1,102.1200,136.0000,0.001836
FILLER_45_184,VGND,li1,90.6200,136.0000,0.001620
FILLER_45_169,VGND,li1,86.0200,136.0000,0.001563
FILLER_45_166,VGND,li1,82.3400,136.0000,0.001493
FILLER_45_140,VGND,li1,70.1500,136.0000,0.001254
FILLER_45_134,VGND,li1,68.5400,136.0000,0.001211
FILLER_45_122,VGND,li1,64.4000,136.0000,0.001135
FILLER_45_100,VGND,li1,54.2800,136.0000,0.000918
FILLER_45_88,VGND,li1,48.7600,136.0000,0.000763
FILLER_45_63,VGND,li1,34.7300,136.0000,0.000433
FILLER_45_57,VGND,li1,33.1200,136.0000,0.000433
FILLER_45_55,VGND,li1,31.0500,136.0000,0.000384
FILLER_45_47,VGND,li1,28.9800,136.0000,0.000335
FILLER_45_38,VGND,li1,23.2300,136.0000,0.000243
FILLER_45_30,VGND,li1,21.1600,136.0000,0.000243
FILLER_45_18,VGND,li1,16.5600,136.0000,0.000244
FILLER_45_6,VGND,li1,11.0400,136.0000,0.000244
FILLER_44_301,VGND,li1,144.2100,130.5600,0.001426
FILLER_44_279,VGND,li1,134.3200,130.5600,0.001421
FILLER_44_271,VGND,li1,132.0200,130.5600,0.001418
FILLER_44_260,VGND,li1,125.3500,130.5600,0.001408
FILLER_44_251,VGND,li1,121.2100,130.5600,0.001387
FILLER_44_243,VGND,li1,119.1400,130.5600,0.001374
FILLER_44_239,VGND,li1,115.6900,130.5600,0.001350
FILLER_44_233,VGND,li1,114.0800,130.5600,0.001350
FILLER_44_221,VGND,li1,109.9400,130.5600,0.001302
FILLER_44_209,VGND,li1,104.4200,130.5600,0.001266
FILLER_44_197,VGND,li1,98.9000,130.5600,0.001214
FILLER_44_195,VGND,li1,95.4500,130.5600,0.001182
FILLER_44_183,VGND,li1,92.4600,130.5600,0.001145
FILLER_44_171,VGND,li1,86.9400,130.5600,0.001073
FILLER_44_141,VGND,li1,71.0700,130.5600,0.000895
FILLER_44_124,VGND,li1,64.4000,130.5600,0.000818
FILLER_44_105,VGND,li1,54.5100,130.5600,0.000678
FILLER_44_97,VGND,li1,51.9800,130.5600,0.000640
FILLER_44_85,VGND,li1,47.3800,130.5600,0.000557
FILLER_44_80,VGND,li1,43.2400,130.5600,0.000507
FILLER_44_65,VGND,li1,36.8000,130.5600,0.000403
FILLER_44_53,VGND,li1,32.6600,130.5600,0.000325
FILLER_44_27,VGND,li1,18.1700,130.5600,0.000215
FILLER_44_15,VGND,li1,13.3400,130.5600,0.000217
FILLER_44_3,VGND,li1,9.6600,130.5600,0.000217
FILLER_43_301,VGND,li1,144.2100,130.5600,0.001426
FILLER_43_293,VGND,li1,142.1400,130.5600,0.001426
FILLER_43_281,VGND,li1,137.5400,130.5600,0.001424
FILLER_43_277,VGND,li1,133.6300,130.5600,0.001418
FILLER_43_265,VGND,li1,130.1800,130.5600,0.001415
FILLER_43_246,VGND,li1,120.5200,130.5600,0.001387
FILLER_43_223,VGND,li1,108.3300,130.5600,0.001302
FILLER_43_211,VGND,li1,105.3400,130.5600,0.001266
FILLER_43_199,VGND,li1,99.8200,130.5600,0.001214
FILLER_43_173,VGND,li1,85.3300,130.5600,0.001073
FILLER_43_169,VGND,li1,84.1800,130.5600,0.001047
FILLER_43_162,VGND,li1,81.4200,130.5600,0.001024
FILLER_43_151,VGND,li1,75.4400,130.5600,0.000958
FILLER_43_122,VGND,li1,62.5600,130.5600,0.000793
FILLER_43_101,VGND,li1,52.4400,130.5600,0.000640
FILLER_43_93,VGND,li1,50.1400,130.5600,0.000612
FILLER_43_68,VGND,li1,37.0300,130.5600,0.000403
FILLER_43_57,VGND,li1,32.2000,130.5600,0.000325
FILLER_43_52,VGND,li1,30.3600,130.5600,0.000294
FILLER_43_25,VGND,li1,17.4800,130.5600,0.000217
FILLER_43_11,VGND,li1,10.8100,130.5600,0.000217
FILLER_43_3,VGND,li1,8.7400,130.5600,0.000217
FILLER_42_301,VGND,li1,144.2100,125.1200,0.001161
FILLER_42_289,VGND,li1,141.2200,125.1200,0.001161
FILLER_42_277,VGND,li1,135.7000,125.1200,0.001160
FILLER_42_265,VGND,li1,130.1800,125.1200,0.001157
FILLER_42_253,VGND,li1,124.6600,125.1200,0.001155
FILLER_42_248,VGND,li1,120.5200,125.1200,0.001152
FILLER_42_236,VGND,li1,116.8400,125.1200,0.001148
FILLER_42_224,VGND,li1,111.3200,125.1200,0.001134
FILLER_42_220,VGND,li1,106.9500,125.1200,0.001126
FILLER_42_206,VGND,li1,101.2000,125.1200,0.001107
FILLER_42_195,VGND,li1,95.4500,125.1200,0.001089
FILLER_42_169,VGND,li1,83.4900,125.1200,0.001005
FILLER_42_163,VGND,li1,81.8800,125.1200,0.001005
FILLER_42_141,VGND,li1,70.6100,125.1200,0.000895
FILLER_42_129,VGND,li1,65.3200,125.1200,0.000843
FILLER_42_88,VGND,li1,46.9200,125.1200,0.000593
FILLER_42_50,VGND,li1,29.4400,125.1200,0.000267
FILLER_42_27,VGND,li1,18.1700,125.1200,0.000226
FILLER_42_21,VGND,li1,16.5600,125.1200,0.000226
FILLER_42_3,VGND,li1,7.3600,125.1200,0.000231
FILLER_41_301,VGND,li1,144.2100,125.1200,0.001161
FILLER_41_297,VGND,li1,143.0600,125.1200,0.001161
FILLER_41_281,VGND,li1,136.6200,125.1200,0.001160
FILLER_41_277,VGND,li1,133.6300,125.1200,0.001159
FILLER_41_265,VGND,li1,130.1800,125.1200,0.001157
FILLER_41_253,VGND,li1,124.6600,125.1200,0.001155
FILLER_41_228,VGND,li1,113.1600,125.1200,0.001141
FILLER_41_222,VGND,li1,108.1000,125.1200,0.001130
FILLER_41_213,VGND,li1,103.9600,125.1200,0.001117
FILLER_41_204,VGND,li1,100.0500,125.1200,0.001107
FILLER_41_192,VGND,li1,96.6000,125.1200,0.001089
FILLER_41_169,VGND,li1,83.7200,125.1200,0.001020
FILLER_41_165,VGND,li1,82.1100,125.1200,0.001005
FILLER_41_145,VGND,li1,73.1400,125.1200,0.000926
FILLER_41_92,VGND,li1,48.7600,125.1200,0.000622
FILLER_41_73,VGND,li1,39.5600,125.1200,0.000471
FILLER_41_55,VGND,li1,31.0500,125.1200,0.000323
FILLER_41_43,VGND,li1,28.0600,125.1200,0.000267
FILLER_41_30,VGND,li1,20.2400,125.1200,0.000223
FILLER_41_3,VGND,li1,7.3600,125.1200,0.000231
FILLER_40_299,VGND,li1,143.7500,119.6800,0.001548
FILLER_40_273,VGND,li1,132.4800,119.6800,0.001532
FILLER_40_259,VGND,li1,124.8900,119.6800,0.001501
FILLER_40_253,VGND,li1,123.2800,119.6800,0.001490
FILLER_40_248,VGND,li1,120.5200,119.6800,0.001475
FILLER_40_236,VGND,li1,116.8400,119.6800,0.001450
FILLER_40_224,VGND,li1,111.3200,119.6800,0.001411
FILLER_40_197,VGND,li1,98.9000,119.6800,0.001301
FILLER_40_187,VGND,li1,91.7700,119.6800,0.001223
FILLER_40_174,VGND,li1,86.4800,119.6800,0.001156
FILLER_40_162,VGND,li1,82.8000,119.6800,0.001109
FILLER_40_134,VGND,li1,68.5400,119.6800,0.000921
FILLER_40_122,VGND,li1,64.4000,119.6800,0.000862
FILLER_40_97,VGND,li1,51.9800,119.6800,0.000678
FILLER_40_85,VGND,li1,47.3800,119.6800,0.000606
FILLER_40_76,VGND,li1,42.3200,119.6800,0.000528
FILLER_40_49,VGND,li1,28.7500,119.6800,0.000270
FILLER_40_37,VGND,li1,25.3000,119.6800,0.000201
FILLER_40_27,VGND,li1,18.1700,119.6800,0.000205
FILLER_40_15,VGND,li1,15.1800,119.6800,0.000206
FILLER_40_3,VGND,li1,9.6600,119.6800,0.000206
FILLER_39_278,VGND,li1,133.8600,119.6800,0.001532
FILLER_39_216,VGND,li1,105.3400,119.6800,0.001364
FILLER_39_208,VGND,li1,103.0400,119.6800,0.001344
FILLER_39_181,VGND,li1,89.0100,119.6800,0.001194
FILLER_39_169,VGND,li1,86.0200,119.6800,0.001156
FILLER_39_166,VGND,li1,82.3400,119.6800,0.001109
FILLER_39_158,VGND,li1,80.0400,119.6800,0.001079
FILLER_39_146,VGND,li1,75.4400,119.6800,0.001017
FILLER_39_134,VGND,li1,69.9200,119.6800,0.000921
FILLER_39_122,VGND,li1,64.4000,119.6800,0.000862
FILLER_39_113,VGND,li1,57.7300,119.6800,0.000751
FILLER_39_111,VGND,li1,56.8100,119.6800,0.000751
FILLER_39_101,VGND,li1,52.4400,119.6800,0.000678
FILLER_39_93,VGND,li1,50.1400,119.6800,0.000649
FILLER_39_69,VGND,li1,37.9500,119.6800,0.000452
FILLER_39_57,VGND,li1,34.5000,119.6800,0.000366
FILLER_39_53,VGND,li1,30.5900,119.6800,0.000318
FILLER_39_45,VGND,li1,28.0600,119.6800,0.000270
FILLER_39_35,VGND,li1,22.0800,119.6800,0.000204
FILLER_39_27,VGND,li1,19.7800,119.6800,0.000205
FILLER_39_15,VGND,li1,13.3400,119.6800,0.000206
FILLER_39_3,VGND,li1,9.6600,119.6800,0.000206
FILLER_38_301,VGND,li1,144.2100,114.2400,0.001545
FILLER_38_280,VGND,li1,134.5500,114.2400,0.001543
FILLER_38_274,VGND,li1,132.9400,114.2400,0.001543
FILLER_38_262,VGND,li1,128.8000,114.2400,0.001541
FILLER_38_253,VGND,li1,122.3600,114.2400,0.001535
FILLER_38_251,VGND,li1,121.2100,114.2400,0.001524
FILLER_38_247,VGND,li1,120.0600,114.2400,0.001524
FILLER_38_239,VGND,li1,115.6900,114.2400,0.001502
FILLER_38_231,VGND,li1,113.6200,114.2400,0.001491
FILLER_38_223,VGND,li1,108.5600,114.2400,0.001455
FILLER_38_211,VGND,li1,105.3400,114.2400,0.001431
FILLER_38_195,VGND,li1,95.4500,114.2400,0.001367
FILLER_38_169,VGND,li1,83.4900,114.2400,0.001228
FILLER_38_165,VGND,li1,82.3400,114.2400,0.001201
FILLER_38_153,VGND,li1,78.6600,114.2400,0.001171
FILLER_38_141,VGND,li1,73.1400,114.2400,0.001097
FILLER_38_136,VGND,li1,69.0000,114.2400,0.001040
FILLER_38_93,VGND,li1,50.1400,114.2400,0.000752
FILLER_38_80,VGND,li1,43.2400,114.2400,0.000631
FILLER_38_50,VGND,li1,29.9000,114.2400,0.000371
FILLER_38_27,VGND,li1,18.1700,114.2400,0.000251
FILLER_38_21,VGND,li1,16.5600,114.2400,0.000254
FILLER_38_11,VGND,li1,10.8100,114.2400,0.000260
FILLER_38_3,VGND,li1,8.7400,114.2400,0.000260
FILLER_37_301,VGND,li1,144.2100,114.2400,0.001545
FILLER_37_279,VGND,li1,134.0900,114.2400,0.001543
FILLER_37_271,VGND,li1,132.0200,114.2400,0.001543
FILLER_37_249,VGND,li1,120.7500,114.2400,0.001524
FILLER_37_237,VGND,li1,117.3000,114.2400,0.001502
FILLER_37_225,VGND,li1,111.7800,114.2400,0.001473
FILLER_37_220,VGND,li1,107.6400,114.2400,0.001455
FILLER_37_208,VGND,li1,103.9600,114.2400,0.001431
FILLER_37_169,VGND,li1,83.4900,114.2400,0.001228
FILLER_37_159,VGND,li1,78.8900,114.2400,0.001171
FILLER_37_153,VGND,li1,77.2800,114.2400,0.001131
FILLER_37_141,VGND,li1,71.3000,114.2400,0.001071
FILLER_37_129,VGND,li1,67.6200,114.2400,0.001002
FILLER_37_57,VGND,li1,31.9700,114.2400,0.000413
FILLER_37_55,VGND,li1,31.0500,114.2400,0.000371
FILLER_37_51,VGND,li1,29.9000,114.2400,0.000371
FILLER_37_25,VGND,li1,17.2500,114.2400,0.000254
FILLER_37_21,VGND,li1,16.1000,114.2400,0.000254
FILLER_37_3,VGND,li1,7.3600,114.2400,0.000260
FILLER_36_301,VGND,li1,144.2100,108.8000,0.002211
FILLER_36_289,VGND,li1,141.2200,108.8000,0.002211
FILLER_36_277,VGND,li1,135.7000,108.8000,0.002208
FILLER_36_253,VGND,li1,122.8200,108.8000,0.002178
FILLER_36_243,VGND,li1,117.7600,108.8000,0.002160
FILLER_36_231,VGND,li1,114.5400,108.8000,0.002134
FILLER_36_210,VGND,li1,102.3500,108.8000,0.002037
FILLER_36_206,VGND,li1,101.2000,108.8000,0.002037
FILLER_36_184,VGND,li1,90.3900,108.8000,0.001902
FILLER_36_180,VGND,li1,89.2400,108.8000,0.001872
FILLER_36_145,VGND,li1,72.4500,108.8000,0.001610
FILLER_36_141,VGND,li1,71.3000,108.8000,0.001567
FILLER_36_94,VGND,li1,48.9900,108.8000,0.001086
FILLER_36_66,VGND,li1,36.3400,108.8000,0.000713
FILLER_36_49,VGND,li1,28.2900,108.8000,0.000422
FILLER_36_45,VGND,li1,27.1400,108.8000,0.000422
FILLER_36_27,VGND,li1,18.1700,108.8000,0.000377
FILLER_36_21,VGND,li1,16.5600,108.8000,0.000377
FILLER_36_3,VGND,li1,7.3600,108.8000,0.000383
FILLER_35_301,VGND,li1,144.2100,108.8000,0.002211
FILLER_35_295,VGND,li1,141.6800,108.8000,0.002211
FILLER_35_281,VGND,li1,136.1600,108.8000,0.002208
FILLER_35_278,VGND,li1,133.8600,108.8000,0.002207
FILLER_35_270,VGND,li1,131.5600,108.8000,0.002206
FILLER_35_235,VGND,li1,113.8500,108.8000,0.002134
FILLER_35_225,VGND,li1,109.7100,108.8000,0.002106
FILLER_35_223,VGND,li1,108.3300,108.8000,0.002088
FILLER_35_197,VGND,li1,97.5200,108.8000,0.001987
FILLER_35_178,VGND,li1,87.6300,108.8000,0.001872
FILLER_35_165,VGND,li1,82.1100,108.8000,0.001780
FILLER_35_124,VGND,li1,63.4800,108.8000,0.001436
FILLER_35_91,VGND,li1,47.6100,108.8000,0.001020
FILLER_35_57,VGND,li1,31.9700,108.8000,0.000548
FILLER_35_55,VGND,li1,31.0500,108.8000,0.000548
FILLER_35_47,VGND,li1,28.9800,108.8000,0.000481
FILLER_35_11,VGND,li1,11.0400,108.8000,0.000383
FILLER_35_3,VGND,li1,8.7400,108.8000,0.000383
FILLER_34_301,VGND,li1,144.2100,103.3600,0.000967
FILLER_34_253,VGND,li1,122.8200,103.3600,0.000959
FILLER_34_241,VGND,li1,116.8400,103.3600,0.000952
FILLER_34_217,VGND,li1,106.2600,103.3600,0.000930
FILLER_34_188,VGND,li1,93.8400,103.3600,0.000897
FILLER_34_175,VGND,li1,86.9400,103.3600,0.000869
FILLER_34_141,VGND,li1,70.6100,103.3600,0.000792
FILLER_34_130,VGND,li1,65.5500,103.3600,0.000754
FILLER_34_126,VGND,li1,64.4000,103.3600,0.000754
FILLER_34_101,VGND,li1,52.2100,103.3600,0.000623
FILLER_34_97,VGND,li1,51.0600,103.3600,0.000623
FILLER_34_85,VGND,li1,47.3800,103.3600,0.000565
FILLER_34_82,VGND,li1,43.7000,103.3600,0.000530
FILLER_34_72,VGND,li1,38.8700,103.3600,0.000445
FILLER_34_66,VGND,li1,37.2600,103.3600,0.000445
FILLER_34_43,VGND,li1,25.5300,103.3600,0.000235
FILLER_34_37,VGND,li1,23.9200,103.3600,0.000239
FILLER_34_19,VGND,li1,14.4900,103.3600,0.000245
FILLER_34_15,VGND,li1,13.3400,103.3600,0.000245
FILLER_34_3,VGND,li1,9.6600,103.3600,0.000245
FILLER_33_301,VGND,li1,144.2100,103.3600,0.000967
FILLER_33_293,VGND,li1,140.7600,103.3600,0.000967
FILLER_33_281,VGND,li1,137.5400,103.3600,0.000966
FILLER_33_278,VGND,li1,133.8600,103.3600,0.000965
FILLER_33_271,VGND,li1,130.8700,103.3600,0.000964
FILLER_33_259,VGND,li1,127.4200,103.3600,0.000963
FILLER_33_237,VGND,li1,115.0000,103.3600,0.000948
FILLER_33_225,VGND,li1,111.7800,103.3600,0.000941
FILLER_33_221,VGND,li1,107.8700,103.3600,0.000930
FILLER_33_209,VGND,li1,104.4200,103.3600,0.000926
FILLER_33_197,VGND,li1,98.9000,103.3600,0.000913
FILLER_33_187,VGND,li1,91.7700,103.3600,0.000890
FILLER_33_181,VGND,li1,90.1600,103.3600,0.000884
FILLER_33_169,VGND,li1,86.0200,103.3600,0.000869
FILLER_33_167,VGND,li1,82.5700,103.3600,0.000856
FILLER_33_155,VGND,li1,79.5800,103.3600,0.000840
FILLER_33_129,VGND,li1,65.3200,103.3600,0.000754
FILLER_33_104,VGND,li1,53.5900,103.3600,0.000654
FILLER_33_93,VGND,li1,48.9900,103.3600,0.000597
FILLER_33_85,VGND,li1,46.4600,103.3600,0.000565
FILLER_33_68,VGND,li1,38.1800,103.3600,0.000445
FILLER_33_55,VGND,li1,31.0500,103.3600,0.000351
FILLER_33_29,VGND,li1,19.0900,103.3600,0.000243
FILLER_33_25,VGND,li1,17.9400,103.3600,0.000245
FILLER_33_15,VGND,li1,12.6500,103.3600,0.000245
FILLER_33_3,VGND,li1,9.6600,103.3600,0.000245
FILLER_32_300,VGND,li1,143.9800,97.9200,0.000855
FILLER_32_265,VGND,li1,129.2600,97.9200,0.000842
FILLER_32_253,VGND,li1,124.6600,97.9200,0.000836
FILLER_32_251,VGND,li1,121.2100,97.9200,0.000831
FILLER_32_239,VGND,li1,118.2200,97.9200,0.000825
FILLER_32_227,VGND,li1,112.7000,97.9200,0.000811
FILLER_32_217,VGND,li1,105.8000,97.9200,0.000797
FILLER_32_205,VGND,li1,102.5800,97.9200,0.000787
FILLER_32_194,VGND,li1,95.2200,97.9200,0.000762
FILLER_32_165,VGND,li1,84.1800,97.9200,0.000698
FILLER_32_153,VGND,li1,78.6600,97.9200,0.000674
FILLER_32_141,VGND,li1,73.1400,97.9200,0.000639
FILLER_32_134,VGND,li1,68.5400,97.9200,0.000607
FILLER_32_122,VGND,li1,64.4000,97.9200,0.000582
FILLER_32_101,VGND,li1,52.2100,97.9200,0.000493
FILLER_32_91,VGND,li1,47.6100,97.9200,0.000451
FILLER_32_85,VGND,li1,46.0000,97.9200,0.000422
FILLER_32_74,VGND,li1,39.7900,97.9200,0.000375
FILLER_32_25,VGND,li1,17.7100,97.9200,0.000193
FILLER_32_3,VGND,li1,8.2800,97.9200,0.000203
FILLER_31_279,VGND,li1,134.0900,97.9200,0.000848
FILLER_31_273,VGND,li1,132.4800,97.9200,0.000848
FILLER_31_261,VGND,li1,128.3400,97.9200,0.000842
FILLER_31_237,VGND,li1,115.4600,97.9200,0.000819
FILLER_31_225,VGND,li1,111.7800,97.9200,0.000811
FILLER_31_223,VGND,li1,108.3300,97.9200,0.000803
FILLER_31_219,VGND,li1,107.1800,97.9200,0.000797
FILLER_31_196,VGND,li1,96.3700,97.9200,0.000762
FILLER_31_169,VGND,li1,83.7200,97.9200,0.000698
FILLER_31_167,VGND,li1,82.5700,97.9200,0.000698
FILLER_31_155,VGND,li1,79.5800,97.9200,0.000674
FILLER_31_146,VGND,li1,72.9100,97.9200,0.000639
FILLER_31_134,VGND,li1,68.0800,97.9200,0.000607
FILLER_31_122,VGND,li1,64.4000,97.9200,0.000582
FILLER_31_57,VGND,li1,32.2000,97.9200,0.000280
FILLER_31_30,VGND,li1,19.7800,97.9200,0.000187
FILLER_31_3,VGND,li1,7.3600,97.9200,0.000203
FILLER_30_299,VGND,li1,143.7500,92.4800,0.000695
FILLER_30_291,VGND,li1,141.2200,92.4800,0.000695
FILLER_30_265,VGND,li1,128.8000,92.4800,0.000689
FILLER_30_253,VGND,li1,124.6600,92.4800,0.000685
FILLER_30_229,VGND,li1,111.5500,92.4800,0.000671
FILLER_30_205,VGND,li1,100.7400,92.4800,0.000652
FILLER_30_190,VGND,li1,94.3000,92.4800,0.000625
FILLER_30_163,VGND,li1,80.9600,92.4800,0.000569
FILLER_30_154,VGND,li1,76.5900,92.4800,0.000540
FILLER_30_150,VGND,li1,75.4400,92.4800,0.000540
FILLER_30_134,VGND,li1,68.5400,92.4800,0.000493
FILLER_30_122,VGND,li1,64.4000,92.4800,0.000469
FILLER_30_110,VGND,li1,58.8800,92.4800,0.000430
FILLER_30_85,VGND,li1,45.5400,92.4800,0.000321
FILLER_30_57,VGND,li1,32.2000,92.4800,0.000190
FILLER_30_45,VGND,li1,28.9800,92.4800,0.000168
FILLER_30_35,VGND,li1,21.8500,92.4800,0.000118
FILLER_30_29,VGND,li1,20.2400,92.4800,0.000119
FILLER_30_22,VGND,li1,17.0200,92.4800,0.000120
FILLER_30_10,VGND,li1,12.8800,92.4800,0.000121
FILLER_29_293,VGND,li1,141.6800,92.4800,0.000695
FILLER_29_281,VGND,li1,137.5400,92.4800,0.000695
FILLER_29_279,VGND,li1,134.0900,92.4800,0.000693
FILLER_29_273,VGND,li1,132.4800,92.4800,0.000693
FILLER_29_261,VGND,li1,128.3400,92.4800,0.000689
FILLER_29_249,VGND,li1,122.8200,92.4800,0.000683
FILLER_29_237,VGND,li1,117.3000,92.4800,0.000678
FILLER_29_225,VGND,li1,111.7800,92.4800,0.000671
FILLER_29_177,VGND,li1,87.4000,92.4800,0.000600
FILLER_29_169,VGND,li1,85.1000,92.4800,0.000589
FILLER_29_165,VGND,li1,82.1100,92.4800,0.000569
FILLER_29_125,VGND,li1,64.4000,92.4800,0.000469
FILLER_29_113,VGND,li1,60.2600,92.4800,0.000430
FILLER_29_110,VGND,li1,56.5800,92.4800,0.000414
FILLER_29_102,VGND,li1,54.2800,92.4800,0.000398
FILLER_29_90,VGND,li1,49.6800,92.4800,0.000365
FILLER_29_78,VGND,li1,42.3200,92.4800,0.000302
FILLER_29_57,VGND,li1,34.5000,92.4800,0.000226
FILLER_29_55,VGND,li1,31.0500,92.4800,0.000190
FILLER_29_49,VGND,li1,29.4400,92.4800,0.000168
FILLER_29_29,VGND,li1,19.5500,92.4800,0.000119
FILLER_29_11,VGND,li1,10.8100,92.4800,0.000121
FILLER_29_3,VGND,li1,8.7400,92.4800,0.000121
FILLER_28_300,VGND,li1,143.9800,87.0400,0.001075
FILLER_28_293,VGND,li1,140.5300,87.0400,0.001075
FILLER_28_281,VGND,li1,137.5400,87.0400,0.001074
FILLER_28_272,VGND,li1,131.1000,87.0400,0.001068
FILLER_28_264,VGND,li1,127.1900,87.0400,0.001061
FILLER_28_253,VGND,li1,122.8200,87.0400,0.001044
FILLER_28_206,VGND,li1,101.6600,87.0400,0.000962
FILLER_28_195,VGND,li1,95.4500,87.0400,0.000927
FILLER_28_191,VGND,li1,94.3000,87.0400,0.000927
FILLER_28_145,VGND,li1,72.4500,87.0400,0.000774
FILLER_28_141,VGND,li1,71.3000,87.0400,0.000753
FILLER_28_123,VGND,li1,62.3300,87.0400,0.000652
FILLER_28_109,VGND,li1,57.5000,87.0400,0.000610
FILLER_28_97,VGND,li1,52.9000,87.0400,0.000557
FILLER_28_85,VGND,li1,47.3800,87.0400,0.000487
FILLER_28_83,VGND,li1,43.9300,87.0400,0.000422
FILLER_28_77,VGND,li1,42.3200,87.0400,0.000422
FILLER_28_66,VGND,li1,36.5700,87.0400,0.000344
FILLER_28_58,VGND,li1,34.0400,87.0400,0.000309
FILLER_28_25,VGND,li1,17.7100,87.0400,0.000202
FILLER_28_3,VGND,li1,7.3600,87.0400,0.000207
FILLER_27_279,VGND,li1,134.0900,87.0400,0.001071
FILLER_27_262,VGND,li1,128.8000,87.0400,0.001061
FILLER_27_250,VGND,li1,123.2800,87.0400,0.001044
FILLER_27_229,VGND,li1,111.0900,87.0400,0.001000
FILLER_27_225,VGND,li1,109.9400,87.0400,0.001000
FILLER_27_222,VGND,li1,108.1000,87.0400,0.000990
FILLER_27_210,VGND,li1,104.8800,87.0400,0.000977
FILLER_27_198,VGND,li1,99.3600,87.0400,0.000946
FILLER_27_181,VGND,li1,90.6200,87.0400,0.000902
FILLER_27_169,VGND,li1,86.0200,87.0400,0.000878
FILLER_27_165,VGND,li1,82.1100,87.0400,0.000851
FILLER_27_129,VGND,li1,65.7800,87.0400,0.000709
FILLER_27_87,VGND,li1,47.3800,87.0400,0.000487
FILLER_27_69,VGND,li1,37.4900,87.0400,0.000344
FILLER_27_57,VGND,li1,34.5000,87.0400,0.000309
FILLER_27_55,VGND,li1,31.0500,87.0400,0.000268
FILLER_27_29,VGND,li1,19.0900,87.0400,0.000198
FILLER_27_3,VGND,li1,7.3600,87.0400,0.000207
FILLER_26_301,VGND,li1,144.2100,81.6000,0.001434
FILLER_26_279,VGND,li1,134.3200,81.6000,0.001425
FILLER_26_250,VGND,li1,120.9800,81.6000,0.001399
FILLER_26_242,VGND,li1,118.6800,81.6000,0.001393
FILLER_26_232,VGND,li1,112.9300,81.6000,0.001376
FILLER_26_224,VGND,li1,110.4000,81.6000,0.001366
FILLER_26_203,VGND,li1,99.1300,81.6000,0.001318
FILLER_26_197,VGND,li1,97.5200,81.6000,0.001302
FILLER_26_186,VGND,li1,91.3100,81.6000,0.001265
FILLER_26_180,VGND,li1,89.7000,81.6000,0.001265
FILLER_26_168,VGND,li1,85.5600,81.6000,0.001239
FILLER_26_156,VGND,li1,80.0400,81.6000,0.001204
FILLER_26_141,VGND,li1,71.7600,81.6000,0.001101
FILLER_26_134,VGND,li1,68.5400,81.6000,0.001054
FILLER_26_85,VGND,li1,45.3100,81.6000,0.000663
FILLER_26_83,VGND,li1,43.9300,81.6000,0.000613
FILLER_26_79,VGND,li1,42.7800,81.6000,0.000613
FILLER_26_53,VGND,li1,30.1300,81.6000,0.000333
FILLER_26_45,VGND,li1,28.0600,81.6000,0.000286
FILLER_26_20,VGND,li1,16.5600,81.6000,0.000242
FILLER_26_3,VGND,li1,8.7400,81.6000,0.000242
FILLER_25_281,VGND,li1,135.0100,81.6000,0.001425
FILLER_25_278,VGND,li1,133.8600,81.6000,0.001425
FILLER_25_270,VGND,li1,131.5600,81.6000,0.001422
FILLER_25_255,VGND,li1,123.2800,81.6000,0.001405
FILLER_25_247,VGND,li1,120.9800,81.6000,0.001399
FILLER_25_233,VGND,li1,113.1600,81.6000,0.001376
FILLER_25_225,VGND,li1,110.8600,81.6000,0.001366
FILLER_25_221,VGND,li1,107.8700,81.6000,0.001356
FILLER_25_193,VGND,li1,96.1400,81.6000,0.001302
FILLER_25_181,VGND,li1,91.5400,81.6000,0.001277
FILLER_25_169,VGND,li1,86.0200,81.6000,0.001239
FILLER_25_137,VGND,li1,69.4600,81.6000,0.001054
FILLER_25_110,VGND,li1,56.5800,81.6000,0.000869
FILLER_25_57,VGND,li1,31.9700,81.6000,0.000378
FILLER_25_47,VGND,li1,27.3700,81.6000,0.000286
FILLER_25_39,VGND,li1,25.3000,81.6000,0.000237
FILLER_25_27,VGND,li1,20.7000,81.6000,0.000240
FILLER_25_15,VGND,li1,15.1800,81.6000,0.000242
FILLER_25_3,VGND,li1,9.6600,81.6000,0.000242
FILLER_24_296,VGND,li1,142.1400,76.1600,0.001383
FILLER_24_282,VGND,li1,137.0800,76.1600,0.001380
FILLER_24_270,VGND,li1,132.4800,76.1600,0.001376
FILLER_24_258,VGND,li1,126.9600,76.1600,0.001370
FILLER_24_253,VGND,li1,122.1300,76.1600,0.001364
FILLER_24_226,VGND,li1,110.1700,76.1600,0.001344
FILLER_24_214,VGND,li1,106.7200,76.1600,0.001329
FILLER_24_187,VGND,li1,91.7700,76.1600,0.001263
FILLER_24_179,VGND,li1,89.7000,76.1600,0.001250
FILLER_24_141,VGND,li1,70.8400,76.1600,0.001035
FILLER_24_137,VGND,li1,69.2300,76.1600,0.001035
FILLER_24_129,VGND,li1,66.7000,76.1600,0.000996
FILLER_24_119,VGND,li1,60.7200,76.1600,0.000902
FILLER_24_109,VGND,li1,55.8900,76.1600,0.000823
FILLER_24_94,VGND,li1,50.1400,76.1600,0.000727
FILLER_24_85,VGND,li1,44.8500,76.1600,0.000613
FILLER_24_83,VGND,li1,43.9300,76.1600,0.000613
FILLER_24_45,VGND,li1,27.6000,76.1600,0.000293
FILLER_24_29,VGND,li1,20.7000,76.1600,0.000248
FILLER_24_27,VGND,li1,18.1700,76.1600,0.000252
FILLER_24_15,VGND,li1,13.3400,76.1600,0.000258
FILLER_24_3,VGND,li1,9.6600,76.1600,0.000260
FILLER_23_301,VGND,li1,144.2100,76.1600,0.001383
FILLER_23_293,VGND,li1,142.1400,76.1600,0.001383
FILLER_23_281,VGND,li1,137.5400,76.1600,0.001380
FILLER_23_272,VGND,li1,132.4800,76.1600,0.001376
FILLER_23_260,VGND,li1,127.8800,76.1600,0.001370
FILLER_23_251,VGND,li1,121.2100,76.1600,0.001364
FILLER_23_243,VGND,li1,119.1400,76.1600,0.001362
FILLER_23_220,VGND,li1,106.9500,76.1600,0.001329
FILLER_23_216,VGND,li1,105.8000,76.1600,0.001329
FILLER_23_165,VGND,li1,82.1100,76.1600,0.001193
FILLER_23_153,VGND,li1,76.1300,76.1600,0.001130
FILLER_23_133,VGND,li1,67.6200,76.1600,0.000996
FILLER_23_121,VGND,li1,63.9400,76.1600,0.000938
FILLER_23_108,VGND,li1,56.1200,76.1600,0.000823
FILLER_23_96,VGND,li1,52.4400,76.1600,0.000766
FILLER_23_84,VGND,li1,46.9200,76.1600,0.000673
FILLER_23_55,VGND,li1,31.0500,76.1600,0.000355
FILLER_23_51,VGND,li1,29.9000,76.1600,0.000355
FILLER_23_25,VGND,li1,17.2500,76.1600,0.000255
FILLER_23_3,VGND,li1,7.3600,76.1600,0.000260
FILLER_22_301,VGND,li1,144.2100,70.7200,0.001027
FILLER_22_293,VGND,li1,142.1400,70.7200,0.001026
FILLER_22_268,VGND,li1,129.2600,70.7200,0.001020
FILLER_22_253,VGND,li1,122.1300,70.7200,0.001008
FILLER_22_244,VGND,li1,119.6000,70.7200,0.001003
FILLER_22_217,VGND,li1,106.0300,70.7200,0.000959
FILLER_22_129,VGND,li1,65.3200,70.7200,0.000655
FILLER_22_121,VGND,li1,63.0200,70.7200,0.000632
FILLER_22_109,VGND,li1,58.4200,70.7200,0.000580
FILLER_22_97,VGND,li1,52.9000,70.7200,0.000525
FILLER_22_85,VGND,li1,47.3800,70.7200,0.000465
FILLER_22_83,VGND,li1,43.9300,70.7200,0.000424
FILLER_22_79,VGND,li1,42.7800,70.7200,0.000395
FILLER_22_67,VGND,li1,39.1000,70.7200,0.000349
FILLER_22_50,VGND,li1,30.3600,70.7200,0.000250
FILLER_22_27,VGND,li1,18.1700,70.7200,0.000180
FILLER_22_21,VGND,li1,16.5600,70.7200,0.000180
FILLER_22_6,VGND,li1,9.6600,70.7200,0.000187
FILLER_21_298,VGND,li1,142.8300,70.7200,0.001026
FILLER_21_294,VGND,li1,141.6800,70.7200,0.001026
FILLER_21_279,VGND,li1,134.0900,70.7200,0.001026
FILLER_21_270,VGND,li1,130.1800,70.7200,0.001022
FILLER_21_261,VGND,li1,126.0400,70.7200,0.001018
FILLER_21_249,VGND,li1,121.9000,70.7200,0.001008
FILLER_21_237,VGND,li1,117.3000,70.7200,0.000997
FILLER_21_225,VGND,li1,111.7800,70.7200,0.000983
FILLER_21_222,VGND,li1,108.1000,70.7200,0.000970
FILLER_21_178,VGND,li1,88.7800,70.7200,0.000873
FILLER_21_166,VGND,li1,82.3400,70.7200,0.000832
FILLER_21_121,VGND,li1,61.8700,70.7200,0.000632
FILLER_21_113,VGND,li1,59.3400,70.7200,0.000603
FILLER_21_90,VGND,li1,47.3800,70.7200,0.000465
FILLER_21_82,VGND,li1,45.0800,70.7200,0.000424
FILLER_21_66,VGND,li1,37.7200,70.7200,0.000349
FILLER_21_57,VGND,li1,31.9700,70.7200,0.000277
FILLER_21_55,VGND,li1,31.0500,70.7200,0.000250
FILLER_21_51,VGND,li1,29.9000,70.7200,0.000250
FILLER_21_21,VGND,li1,16.5600,70.7200,0.000180
FILLER_21_3,VGND,li1,7.3600,70.7200,0.000187
FILLER_20_296,VGND,li1,142.3700,65.2800,0.000672
FILLER_20_288,VGND,li1,139.8400,65.2800,0.000672
FILLER_20_277,VGND,li1,133.8600,65.2800,0.000671
FILLER_20_265,VGND,li1,130.1800,65.2800,0.000671
FILLER_20_253,VGND,li1,124.6600,65.2800,0.000671
FILLER_20_251,VGND,li1,121.2100,65.2800,0.000671
FILLER_20_239,VGND,li1,118.2200,65.2800,0.000670
FILLER_20_225,VGND,li1,110.4000,65.2800,0.000662
FILLER_20_213,VGND,li1,106.2600,65.2800,0.000654
FILLER_20_190,VGND,li1,94.3000,65.2800,0.000625
FILLER_20_178,VGND,li1,90.1600,65.2800,0.000613
FILLER_20_167,VGND,li1,83.0300,65.2800,0.000591
FILLER_20_149,VGND,li1,74.5200,65.2800,0.000558
FILLER_20_138,VGND,li1,69.4600,65.2800,0.000534
FILLER_20_118,VGND,li1,60.4900,65.2800,0.000482
FILLER_20_109,VGND,li1,55.8900,65.2800,0.000440
FILLER_20_105,VGND,li1,54.7400,65.2800,0.000440
FILLER_20_93,VGND,li1,48.9900,65.2800,0.000394
FILLER_20_85,VGND,li1,46.4600,65.2800,0.000373
FILLER_20_82,VGND,li1,43.7000,65.2800,0.000348
FILLER_20_65,VGND,li1,35.6500,65.2800,0.000268
FILLER_20_48,VGND,li1,27.8300,65.2800,0.000167
FILLER_20_42,VGND,li1,26.2200,65.2800,0.000142
FILLER_20_29,VGND,li1,19.7800,65.2800,0.000151
FILLER_20_22,VGND,li1,17.0200,65.2800,0.000154
FILLER_20_7,VGND,li1,10.1200,65.2800,0.000156
FILLER_19_293,VGND,li1,141.6800,65.2800,0.000672
FILLER_19_281,VGND,li1,137.5400,65.2800,0.000671
FILLER_19_279,VGND,li1,134.0900,65.2800,0.000671
FILLER_19_271,VGND,li1,132.0200,65.2800,0.000671
FILLER_19_252,VGND,li1,122.8200,65.2800,0.000671
FILLER_19_223,VGND,li1,108.3300,65.2800,0.000658
FILLER_19_217,VGND,li1,106.7200,65.2800,0.000654
FILLER_19_205,VGND,li1,102.5800,65.2800,0.000647
FILLER_19_193,VGND,li1,97.0600,65.2800,0.000633
FILLER_19_181,VGND,li1,91.5400,65.2800,0.000613
FILLER_19_169,VGND,li1,86.0200,65.2800,0.000599
FILLER_19_160,VGND,li1,80.9600,65.2800,0.000584
FILLER_19_148,VGND,li1,76.3600,65.2800,0.000566
FILLER_19_113,VGND,li1,57.9600,65.2800,0.000459
FILLER_19_101,VGND,li1,52.4400,65.2800,0.000417
FILLER_19_93,VGND,li1,50.1400,65.2800,0.000394
FILLER_19_57,VGND,li1,33.1200,65.2800,0.000223
FILLER_19_46,VGND,li1,26.9100,65.2800,0.000167
FILLER_19_35,VGND,li1,22.3100,65.2800,0.000146
FILLER_19_9,VGND,li1,9.8900,65.2800,0.000156
FILLER_19_3,VGND,li1,8.2800,65.2800,0.000156
FILLER_18_271,VGND,li1,130.4100,59.8400,0.000763
FILLER_18_265,VGND,li1,128.8000,59.8400,0.000763
FILLER_18_253,VGND,li1,124.6600,59.8400,0.000758
FILLER_18_246,VGND,li1,120.0600,59.8400,0.000753
FILLER_18_234,VGND,li1,115.9200,59.8400,0.000749
FILLER_18_213,VGND,li1,103.7300,59.8400,0.000727
FILLER_18_205,VGND,li1,101.6600,59.8400,0.000722
FILLER_18_195,VGND,li1,95.4500,59.8400,0.000697
FILLER_18_189,VGND,li1,93.8400,59.8400,0.000697
FILLER_18_177,VGND,li1,87.8600,59.8400,0.000673
FILLER_18_165,VGND,li1,84.1800,59.8400,0.000661
FILLER_18_153,VGND,li1,78.6600,59.8400,0.000638
FILLER_18_141,VGND,li1,73.1400,59.8400,0.000609
FILLER_18_137,VGND,li1,69.2300,59.8400,0.000599
FILLER_18_94,VGND,li1,50.1400,59.8400,0.000480
FILLER_18_27,VGND,li1,18.1700,59.8400,0.000214
FILLER_18_21,VGND,li1,16.5600,59.8400,0.000219
FILLER_18_3,VGND,li1,7.1300,59.8400,0.000227
FILLER_17_272,VGND,li1,131.3300,59.8400,0.000766
FILLER_17_264,VGND,li1,128.8000,59.8400,0.000763
FILLER_17_250,VGND,li1,120.7500,59.8400,0.000753
FILLER_17_246,VGND,li1,119.6000,59.8400,0.000753
FILLER_17_225,VGND,li1,109.2500,59.8400,0.000739
FILLER_17_223,VGND,li1,108.3300,59.8400,0.000735
FILLER_17_217,VGND,li1,106.7200,59.8400,0.000735
FILLER_17_182,VGND,li1,89.7000,59.8400,0.000683
FILLER_17_169,VGND,li1,84.1800,59.8400,0.000661
FILLER_17_162,VGND,li1,81.4200,59.8400,0.000649
FILLER_17_150,VGND,li1,77.2800,59.8400,0.000625
FILLER_17_138,VGND,li1,71.7600,59.8400,0.000609
FILLER_17_54,VGND,li1,30.8200,59.8400,0.000281
FILLER_17_21,VGND,li1,15.4100,59.8400,0.000219
FILLER_17_3,VGND,li1,7.3600,59.8400,0.000227
FILLER_16_300,VGND,li1,143.9800,54.4000,0.001379
FILLER_16_265,VGND,li1,130.1800,54.4000,0.001363
FILLER_16_253,VGND,li1,124.6600,54.4000,0.001350
FILLER_16_244,VGND,li1,119.6000,54.4000,0.001337
FILLER_16_221,VGND,li1,107.8700,54.4000,0.001306
FILLER_16_213,VGND,li1,105.3400,54.4000,0.001294
FILLER_16_184,VGND,li1,90.8500,54.4000,0.001196
FILLER_16_153,VGND,li1,77.2800,54.4000,0.001031
FILLER_16_141,VGND,li1,73.1400,54.4000,0.001000
FILLER_16_137,VGND,li1,69.2300,54.4000,0.000952
FILLER_16_125,VGND,li1,65.7800,54.4000,0.000904
FILLER_16_111,VGND,li1,57.9600,54.4000,0.000796
FILLER_16_103,VGND,li1,53.1300,54.4000,0.000730
FILLER_16_97,VGND,li1,51.5200,54.4000,0.000682
FILLER_16_85,VGND,li1,47.3800,54.4000,0.000636
FILLER_16_81,VGND,li1,43.4700,54.4000,0.000573
FILLER_16_73,VGND,li1,40.9400,54.4000,0.000513
FILLER_16_64,VGND,li1,35.1900,54.4000,0.000436
FILLER_16_56,VGND,li1,33.1200,54.4000,0.000392
FILLER_16_27,VGND,li1,18.1700,54.4000,0.000269
FILLER_16_21,VGND,li1,16.5600,54.4000,0.000269
FILLER_16_3,VGND,li1,7.3600,54.4000,0.000274
FILLER_15_288,VGND,li1,139.3800,54.4000,0.001377
FILLER_15_279,VGND,li1,134.0900,54.4000,0.001371
FILLER_15_267,VGND,li1,131.1000,54.4000,0.001363
FILLER_15_258,VGND,li1,124.4300,54.4000,0.001350
FILLER_15_252,VGND,li1,122.8200,54.4000,0.001344
FILLER_15_240,VGND,li1,118.6800,54.4000,0.001337
FILLER_15_225,VGND,li1,109.2500,54.4000,0.001313
FILLER_15_223,VGND,li1,108.3300,54.4000,0.001306
FILLER_15_219,VGND,li1,107.1800,54.4000,0.001306
FILLER_15_175,VGND,li1,86.2500,54.4000,0.001152
FILLER_15_169,VGND,li1,84.6400,54.4000,0.001117
FILLER_15_148,VGND,li1,74.5200,54.4000,0.001000
FILLER_15_136,VGND,li1,70.8400,54.4000,0.000952
FILLER_15_124,VGND,li1,65.3200,54.4000,0.000904
FILLER_15_103,VGND,li1,53.1300,54.4000,0.000730
FILLER_15_91,VGND,li1,50.1400,54.4000,0.000682
FILLER_15_79,VGND,li1,44.6200,54.4000,0.000573
FILLER_15_61,VGND,li1,33.8100,54.4000,0.000392
FILLER_15_57,VGND,li1,32.6600,54.4000,0.000392
FILLER_15_53,VGND,li1,30.5900,54.4000,0.000356
FILLER_15_38,VGND,li1,23.2300,54.4000,0.000257
FILLER_15_34,VGND,li1,22.0800,54.4000,0.000257
FILLER_15_15,VGND,li1,13.1100,54.4000,0.000274
FILLER_15_3,VGND,li1,9.6600,54.4000,0.000274
FILLER_14_298,VGND,li1,142.8300,48.9600,0.001586
FILLER_14_275,VGND,li1,132.2500,48.9600,0.001567
FILLER_14_271,VGND,li1,131.1000,48.9600,0.001567
FILLER_14_265,VGND,li1,127.6500,48.9600,0.001554
FILLER_14_253,VGND,li1,124.6600,48.9600,0.001544
FILLER_14_251,VGND,li1,121.2100,48.9600,0.001531
FILLER_14_247,VGND,li1,120.0600,48.9600,0.001524
FILLER_14_226,VGND,li1,109.7100,48.9600,0.001482
FILLER_14_222,VGND,li1,108.5600,48.9600,0.001482
FILLER_14_141,VGND,li1,71.0700,48.9600,0.001125
FILLER_14_138,VGND,li1,69.4600,48.9600,0.001125
FILLER_14_121,VGND,li1,61.4100,48.9600,0.000979
FILLER_14_115,VGND,li1,59.8000,48.9600,0.000979
FILLER_14_93,VGND,li1,48.7600,48.9600,0.000786
FILLER_14_85,VGND,li1,46.4600,48.9600,0.000739
FILLER_14_83,VGND,li1,43.9300,48.9600,0.000662
FILLER_14_79,VGND,li1,42.7800,48.9600,0.000662
FILLER_14_48,VGND,li1,28.9800,48.9600,0.000319
FILLER_14_37,VGND,li1,23.2300,48.9600,0.000260
FILLER_14_27,VGND,li1,18.1700,48.9600,0.000263
FILLER_14_15,VGND,li1,15.1800,48.9600,0.000264
FILLER_14_3,VGND,li1,9.6600,48.9600,0.000264
FILLER_13_297,VGND,li1,142.6000,48.9600,0.001586
FILLER_13_285,VGND,li1,139.3800,48.9600,0.001586
FILLER_13_268,VGND,li1,131.5600,48.9600,0.001567
FILLER_13_256,VGND,li1,126.0400,48.9600,0.001544
FILLER_13_245,VGND,li1,119.1400,48.9600,0.001524
FILLER_13_203,VGND,li1,99.8200,48.9600,0.001439
FILLER_13_190,VGND,li1,94.3000,48.9600,0.001398
FILLER_13_162,VGND,li1,81.4200,48.9600,0.001281
FILLER_13_113,VGND,li1,57.9600,48.9600,0.000924
FILLER_13_95,VGND,li1,49.4500,48.9600,0.000786
FILLER_13_30,VGND,li1,19.5500,48.9600,0.000263
FILLER_13_26,VGND,li1,18.4000,48.9600,0.000263
FILLER_13_15,VGND,li1,12.8800,48.9600,0.000264
FILLER_13_3,VGND,li1,9.6600,48.9600,0.000264
FILLER_12_293,VGND,li1,141.6800,43.5200,0.001172
FILLER_12_266,VGND,li1,128.3400,43.5200,0.001143
FILLER_12_250,VGND,li1,120.9800,43.5200,0.001115
FILLER_12_242,VGND,li1,118.6800,43.5200,0.001102
FILLER_12_230,VGND,li1,114.0800,43.5200,0.001090
FILLER_12_218,VGND,li1,108.5600,43.5200,0.001069
FILLER_12_195,VGND,li1,95.4500,43.5200,0.001007
FILLER_12_191,VGND,li1,94.3000,43.5200,0.001007
FILLER_12_170,VGND,li1,84.1800,43.5200,0.000945
FILLER_12_155,VGND,li1,78.2000,43.5200,0.000899
FILLER_12_145,VGND,li1,72.4500,43.5200,0.000836
FILLER_12_141,VGND,li1,71.3000,43.5200,0.000836
FILLER_12_137,VGND,li1,69.2300,43.5200,0.000817
FILLER_12_93,VGND,li1,49.2200,43.5200,0.000600
FILLER_12_51,VGND,li1,29.2100,43.5200,0.000262
FILLER_12_45,VGND,li1,27.6000,43.5200,0.000262
FILLER_12_25,VGND,li1,17.7100,43.5200,0.000242
FILLER_12_3,VGND,li1,8.2800,43.5200,0.000251
FILLER_11_296,VGND,li1,142.3700,43.5200,0.001172
FILLER_11_288,VGND,li1,139.8400,43.5200,0.001172
FILLER_11_273,VGND,li1,131.3300,43.5200,0.001151
FILLER_11_249,VGND,li1,121.9000,43.5200,0.001115
FILLER_11_237,VGND,li1,117.3000,43.5200,0.001102
FILLER_11_225,VGND,li1,111.7800,43.5200,0.001081
FILLER_11_223,VGND,li1,108.3300,43.5200,0.001062
FILLER_11_217,VGND,li1,106.7200,43.5200,0.001062
FILLER_11_205,VGND,li1,102.5800,43.5200,0.001041
FILLER_11_193,VGND,li1,97.0600,43.5200,0.001021
FILLER_11_149,VGND,li1,74.7500,43.5200,0.000868
FILLER_11_106,VGND,li1,54.9700,43.5200,0.000658
FILLER_11_71,VGND,li1,38.8700,43.5200,0.000451
FILLER_11_61,VGND,li1,33.8100,43.5200,0.000368
FILLER_11_57,VGND,li1,32.6600,43.5200,0.000331
FILLER_11_22,VGND,li1,16.5600,43.5200,0.000242
FILLER_11_3,VGND,li1,7.5900,43.5200,0.000251
FILLER_10_298,VGND,li1,142.8300,38.0800,0.000393
FILLER_10_294,VGND,li1,141.6800,38.0800,0.000393
FILLER_10_282,VGND,li1,138.0000,38.0800,0.000393
FILLER_10_265,VGND,li1,130.1800,38.0800,0.000393
FILLER_10_253,VGND,li1,124.6600,38.0800,0.000393
FILLER_10_249,VGND,li1,120.7500,38.0800,0.000393
FILLER_10_241,VGND,li1,118.2200,38.0800,0.000393
FILLER_10_229,VGND,li1,113.6200,38.0800,0.000393
FILLER_10_217,VGND,li1,108.1000,38.0800,0.000393
FILLER_10_205,VGND,li1,102.5800,38.0800,0.000391
FILLER_10_195,VGND,li1,95.4500,38.0800,0.000381
FILLER_10_191,VGND,li1,94.3000,38.0800,0.000381
FILLER_10_179,VGND,li1,90.6200,38.0800,0.000374
FILLER_10_169,VGND,li1,83.4900,38.0800,0.000353
FILLER_10_161,VGND,li1,81.4200,38.0800,0.000346
FILLER_10_128,VGND,li1,67.1600,38.0800,0.000299
FILLER_10_116,VGND,li1,61.6400,38.0800,0.000278
FILLER_10_93,VGND,li1,48.9900,38.0800,0.000219
FILLER_10_85,VGND,li1,46.4600,38.0800,0.000207
FILLER_10_83,VGND,li1,43.9300,38.0800,0.000193
FILLER_10_75,VGND,li1,41.8600,38.0800,0.000182
FILLER_10_64,VGND,li1,35.6500,38.0800,0.000142
FILLER_10_56,VGND,li1,33.1200,38.0800,0.000122
FILLER_10_45,VGND,li1,26.9100,38.0800,0.000093
FILLER_10_24,VGND,li1,17.4800,38.0800,0.000090
FILLER_10_3,VGND,li1,9.6600,38.0800,0.000091
FILLER_9_301,VGND,li1,144.2100,38.0800,0.000394
FILLER_9_293,VGND,li1,142.1400,38.0800,0.000393
FILLER_9_281,VGND,li1,137.5400,38.0800,0.000393
FILLER_9_279,VGND,li1,134.0900,38.0800,0.000393
FILLER_9_273,VGND,li1,132.4800,38.0800,0.000393
FILLER_9_261,VGND,li1,128.3400,38.0800,0.000393
FILLER_9_249,VGND,li1,122.8200,38.0800,0.000393
FILLER_9_237,VGND,li1,117.3000,38.0800,0.000393
FILLER_9_225,VGND,li1,111.7800,38.0800,0.000393
FILLER_9_173,VGND,li1,85.3300,38.0800,0.000360
FILLER_9_169,VGND,li1,84.1800,38.0800,0.000353
FILLER_9_167,VGND,li1,82.5700,38.0800,0.000346
FILLER_9_161,VGND,li1,80.9600,38.0800,0.000346
FILLER_9_149,VGND,li1,76.8200,38.0800,0.000334
FILLER_9_140,VGND,li1,70.1500,38.0800,0.000311
FILLER_9_134,VGND,li1,68.5400,38.0800,0.000299
FILLER_9_122,VGND,li1,64.4000,38.0800,0.000289
FILLER_9_113,VGND,li1,57.7300,38.0800,0.000255
FILLER_9_108,VGND,li1,56.1200,38.0800,0.000255
FILLER_9_98,VGND,li1,50.8300,38.0800,0.000230
FILLER_9_90,VGND,li1,48.7600,38.0800,0.000219
FILLER_9_78,VGND,li1,44.1600,38.0800,0.000193
FILLER_9_67,VGND,li1,37.0300,38.0800,0.000156
FILLER_9_63,VGND,li1,34.7300,38.0800,0.000142
FILLER_9_57,VGND,li1,33.1200,38.0800,0.000122
FILLER_9_53,VGND,li1,30.5900,38.0800,0.000110
FILLER_9_41,VGND,li1,27.1400,38.0800,0.000093
FILLER_9_29,VGND,li1,21.6200,38.0800,0.000087
FILLER_9_15,VGND,li1,13.8000,38.0800,0.000091
FILLER_9_3,VGND,li1,9.6600,38.0800,0.000091
FILLER_8_301,VGND,li1,144.2100,32.6400,0.000694
FILLER_8_289,VGND,li1,141.2200,32.6400,0.000694
FILLER_8_277,VGND,li1,135.7000,32.6400,0.000694
FILLER_8_265,VGND,li1,130.1800,32.6400,0.000694
FILLER_8_253,VGND,li1,124.6600,32.6400,0.000694
FILLER_8_250,VGND,li1,120.9800,32.6400,0.000694
FILLER_8_242,VGND,li1,118.6800,32.6400,0.000694
FILLER_8_230,VGND,li1,114.0800,32.6400,0.000694
FILLER_8_218,VGND,li1,108.5600,32.6400,0.000694
FILLER_8_193,VGND,li1,94.9900,32.6400,0.000681
FILLER_8_165,VGND,li1,82.1100,32.6400,0.000636
FILLER_8_157,VGND,li1,79.5800,32.6400,0.000624
FILLER_8_132,VGND,li1,68.0800,32.6400,0.000557
FILLER_8_122,VGND,li1,62.1000,32.6400,0.000507
FILLER_8_103,VGND,li1,53.5900,32.6400,0.000441
FILLER_8_94,VGND,li1,48.9900,32.6400,0.000398
FILLER_8_83,VGND,li1,43.9300,32.6400,0.000331
FILLER_8_77,VGND,li1,42.3200,32.6400,0.000331
FILLER_8_49,VGND,li1,28.7500,32.6400,0.000171
FILLER_8_41,VGND,li1,26.2200,32.6400,0.000126
FILLER_8_29,VGND,li1,21.6200,32.6400,0.000126
FILLER_8_27,VGND,li1,18.1700,32.6400,0.000126
FILLER_8_15,VGND,li1,15.1800,32.6400,0.000126
FILLER_8_3,VGND,li1,9.6600,32.6400,0.000126
FILLER_7_301,VGND,li1,144.2100,32.6400,0.000694
FILLER_7_293,VGND,li1,142.1400,32.6400,0.000694
FILLER_7_281,VGND,li1,137.5400,32.6400,0.000694
FILLER_7_279,VGND,li1,134.0900,32.6400,0.000694
FILLER_7_273,VGND,li1,132.4800,32.6400,0.000694
FILLER_7_261,VGND,li1,128.3400,32.6400,0.000694
FILLER_7_249,VGND,li1,122.8200,32.6400,0.000694
FILLER_7_237,VGND,li1,117.3000,32.6400,0.000694
FILLER_7_225,VGND,li1,111.7800,32.6400,0.000694
FILLER_7_220,VGND,li1,107.6400,32.6400,0.000694
FILLER_7_193,VGND,li1,94.9900,32.6400,0.000681
FILLER_7_169,VGND,li1,85.1000,32.6400,0.000650
FILLER_7_165,VGND,li1,82.1100,32.6400,0.000636
FILLER_7_126,VGND,li1,63.7100,32.6400,0.000525
FILLER_7_113,VGND,li1,58.4200,32.6400,0.000474
FILLER_7_101,VGND,li1,52.4400,32.6400,0.000418
FILLER_7_61,VGND,li1,33.8100,32.6400,0.000226
FILLER_7_57,VGND,li1,32.6600,32.6400,0.000200
FILLER_7_55,VGND,li1,31.0500,32.6400,0.000200
FILLER_7_51,VGND,li1,29.9000,32.6400,0.000171
FILLER_7_39,VGND,li1,26.2200,32.6400,0.000126
FILLER_7_27,VGND,li1,20.7000,32.6400,0.000126
FILLER_7_15,VGND,li1,15.1800,32.6400,0.000126
FILLER_7_3,VGND,li1,9.6600,32.6400,0.000126
FILLER_6_301,VGND,li1,144.2100,27.2000,0.000401
FILLER_6_289,VGND,li1,141.2200,27.2000,0.000401
FILLER_6_277,VGND,li1,135.7000,27.2000,0.000401
FILLER_6_265,VGND,li1,130.1800,27.2000,0.000401
FILLER_6_253,VGND,li1,124.6600,27.2000,0.000401
FILLER_6_250,VGND,li1,120.9800,27.2000,0.000401
FILLER_6_242,VGND,li1,118.6800,27.2000,0.000401
FILLER_6_230,VGND,li1,114.0800,27.2000,0.000401
FILLER_6_218,VGND,li1,108.5600,27.2000,0.000401
FILLER_6_206,VGND,li1,103.0400,27.2000,0.000401
FILLER_6_195,VGND,li1,95.4500,27.2000,0.000400
FILLER_6_187,VGND,li1,93.3800,27.2000,0.000400
FILLER_6_175,VGND,li1,88.7800,27.2000,0.000399
FILLER_6_165,VGND,li1,81.8800,27.2000,0.000392
FILLER_6_157,VGND,li1,79.5800,27.2000,0.000389
FILLER_6_138,VGND,li1,69.4600,27.2000,0.000371
FILLER_6_126,VGND,li1,66.2400,27.2000,0.000362
FILLER_6_109,VGND,li1,55.8900,27.2000,0.000328
FILLER_6_83,VGND,li1,43.9300,27.2000,0.000269
FILLER_6_53,VGND,li1,31.2800,27.2000,0.000168
FILLER_6_27,VGND,li1,18.1700,27.2000,0.000124
FILLER_6_15,VGND,li1,15.1800,27.2000,0.000124
FILLER_6_3,VGND,li1,9.6600,27.2000,0.000124
FILLER_5_301,VGND,li1,144.2100,27.2000,0.000401
FILLER_5_293,VGND,li1,142.1400,27.2000,0.000401
FILLER_5_281,VGND,li1,137.5400,27.2000,0.000401
FILLER_5_279,VGND,li1,134.0900,27.2000,0.000401
FILLER_5_273,VGND,li1,132.4800,27.2000,0.000401
FILLER_5_261,VGND,li1,128.3400,27.2000,0.000401
FILLER_5_249,VGND,li1,122.8200,27.2000,0.000401
FILLER_5_237,VGND,li1,117.3000,27.2000,0.000401
FILLER_5_225,VGND,li1,111.7800,27.2000,0.000401
FILLER_5_223,VGND,li1,108.3300,27.2000,0.000401
FILLER_5_211,VGND,li1,105.3400,27.2000,0.000401
FILLER_5_199,VGND,li1,99.8200,27.2000,0.000401
FILLER_5_187,VGND,li1,94.3000,27.2000,0.000400
FILLER_5_169,VGND,li1,83.4900,27.2000,0.000392
FILLER_5_166,VGND,li1,82.3400,27.2000,0.000392
FILLER_5_158,VGND,li1,80.0400,27.2000,0.000389
FILLER_5_146,VGND,li1,75.4400,27.2000,0.000382
FILLER_5_125,VGND,li1,65.7800,27.2000,0.000362
FILLER_5_113,VGND,li1,58.4200,27.2000,0.000336
FILLER_5_102,VGND,li1,52.9000,27.2000,0.000317
FILLER_5_90,VGND,li1,49.6800,27.2000,0.000295
FILLER_5_73,VGND,li1,39.3300,27.2000,0.000238
FILLER_5_65,VGND,li1,37.2600,27.2000,0.000216
FILLER_5_54,VGND,li1,30.8200,27.2000,0.000168
FILLER_5_23,VGND,li1,16.5600,27.2000,0.000124
FILLER_5_15,VGND,li1,14.2600,27.2000,0.000124
FILLER_5_3,VGND,li1,9.6600,27.2000,0.000124
FILLER_4_301,VGND,li1,144.2100,21.7600,0.000537
FILLER_4_289,VGND,li1,141.2200,21.7600,0.000537
FILLER_4_277,VGND,li1,135.7000,21.7600,0.000537
FILLER_4_265,VGND,li1,130.1800,21.7600,0.000537
FILLER_4_253,VGND,li1,124.6600,21.7600,0.000537
FILLER_4_251,VGND,li1,121.2100,21.7600,0.000537
FILLER_4_245,VGND,li1,119.6000,21.7600,0.000537
FILLER_4_233,VGND,li1,115.4600,21.7600,0.000537
FILLER_4_221,VGND,li1,109.9400,21.7600,0.000537
FILLER_4_209,VGND,li1,104.4200,21.7600,0.000537
FILLER_4_197,VGND,li1,98.9000,21.7600,0.000537
FILLER_4_193,VGND,li1,94.9900,21.7600,0.000535
FILLER_4_171,VGND,li1,84.4100,21.7600,0.000513
FILLER_4_161,VGND,li1,79.8100,21.7600,0.000496
FILLER_4_153,VGND,li1,77.7400,21.7600,0.000488
FILLER_4_141,VGND,li1,73.1400,21.7600,0.000460
FILLER_4_138,VGND,li1,69.4600,21.7600,0.000449
FILLER_4_119,VGND,li1,60.7200,21.7600,0.000401
FILLER_4_97,VGND,li1,51.0600,21.7600,0.000333
FILLER_4_85,VGND,li1,47.3800,21.7600,0.000303
FILLER_4_83,VGND,li1,43.9300,21.7600,0.000265
FILLER_4_79,VGND,li1,42.7800,21.7600,0.000265
FILLER_4_67,VGND,li1,39.1000,21.7600,0.000231
FILLER_4_27,VGND,li1,18.1700,21.7600,0.000113
FILLER_4_15,VGND,li1,15.1800,21.7600,0.000113
FILLER_4_3,VGND,li1,9.6600,21.7600,0.000113
FILLER_3_301,VGND,li1,144.2100,21.7600,0.000537
FILLER_3_293,VGND,li1,142.1400,21.7600,0.000537
FILLER_3_281,VGND,li1,137.5400,21.7600,0.000537
FILLER_3_279,VGND,li1,134.0900,21.7600,0.000537
FILLER_3_273,VGND,li1,132.4800,21.7600,0.000537
FILLER_3_261,VGND,li1,128.3400,21.7600,0.000537
FILLER_3_249,VGND,li1,122.8200,21.7600,0.000537
FILLER_3_237,VGND,li1,117.3000,21.7600,0.000537
FILLER_3_225,VGND,li1,111.7800,21.7600,0.000537
FILLER_3_221,VGND,li1,107.8700,21.7600,0.000537
FILLER_3_209,VGND,li1,104.4200,21.7600,0.000537
FILLER_3_150,VGND,li1,74.9800,21.7600,0.000475
FILLER_3_138,VGND,li1,71.7600,21.7600,0.000460
FILLER_3_90,VGND,li1,48.3000,21.7600,0.000303
FILLER_3_78,VGND,li1,44.1600,21.7600,0.000265
FILLER_3_66,VGND,li1,38.6400,21.7600,0.000231
FILLER_3_52,VGND,li1,30.3600,21.7600,0.000161
FILLER_3_35,VGND,li1,21.8500,21.7600,0.000113
FILLER_3_27,VGND,li1,19.7800,21.7600,0.000113
FILLER_3_15,VGND,li1,15.1800,21.7600,0.000113
FILLER_3_3,VGND,li1,9.6600,21.7600,0.000113
FILLER_2_301,VGND,li1,144.2100,16.3200,0.000343
FILLER_2_289,VGND,li1,141.2200,16.3200,0.000343
FILLER_2_277,VGND,li1,135.7000,16.3200,0.000343
FILLER_2_265,VGND,li1,130.1800,16.3200,0.000343
FILLER_2_253,VGND,li1,124.6600,16.3200,0.000343
FILLER_2_251,VGND,li1,121.2100,16.3200,0.000343
FILLER_2_245,VGND,li1,119.6000,16.3200,0.000343
FILLER_2_233,VGND,li1,115.4600,16.3200,0.000343
FILLER_2_221,VGND,li1,109.9400,16.3200,0.000343
FILLER_2_209,VGND,li1,104.4200,16.3200,0.000343
FILLER_2_197,VGND,li1,98.9000,16.3200,0.000343
FILLER_2_195,VGND,li1,95.4500,16.3200,0.000343
FILLER_2_191,VGND,li1,94.3000,16.3200,0.000343
FILLER_2_165,VGND,li1,81.6500,16.3200,0.000330
FILLER_2_161,VGND,li1,80.5000,16.3200,0.000330
FILLER_2_149,VGND,li1,76.8200,16.3200,0.000320
FILLER_2_138,VGND,li1,69.4600,16.3200,0.000303
FILLER_2_120,VGND,li1,61.1800,16.3200,0.000281
FILLER_2_103,VGND,li1,53.1300,16.3200,0.000239
FILLER_2_97,VGND,li1,51.5200,16.3200,0.000228
FILLER_2_85,VGND,li1,47.3800,16.3200,0.000207
FILLER_2_83,VGND,li1,43.9300,16.3200,0.000178
FILLER_2_77,VGND,li1,42.3200,16.3200,0.000178
FILLER_2_65,VGND,li1,38.1800,16.3200,0.000154
FILLER_2_29,VGND,li1,21.6200,16.3200,0.000073
FILLER_2_27,VGND,li1,18.1700,16.3200,0.000073
FILLER_2_15,VGND,li1,15.1800,16.3200,0.000073
FILLER_2_3,VGND,li1,9.6600,16.3200,0.000073
FILLER_1_301,VGND,li1,144.2100,16.3200,0.000343
FILLER_1_293,VGND,li1,142.1400,16.3200,0.000343
FILLER_1_281,VGND,li1,137.5400,16.3200,0.000343
FILLER_1_279,VGND,li1,134.0900,16.3200,0.000343
FILLER_1_273,VGND,li1,132.4800,16.3200,0.000343
FILLER_1_261,VGND,li1,128.3400,16.3200,0.000343
FILLER_1_249,VGND,li1,122.8200,16.3200,0.000343
FILLER_1_237,VGND,li1,117.3000,16.3200,0.000343
FILLER_1_225,VGND,li1,111.7800,16.3200,0.000343
FILLER_1_223,VGND,li1,108.3300,16.3200,0.000343
FILLER_1_215,VGND,li1,106.2600,16.3200,0.000343
FILLER_1_203,VGND,li1,101.6600,16.3200,0.000343
FILLER_1_191,VGND,li1,96.1400,16.3200,0.000343
FILLER_1_178,VGND,li1,87.6300,16.3200,0.000342
FILLER_1_164,VGND,li1,81.8800,16.3200,0.000330
FILLER_1_152,VGND,li1,78.2000,16.3200,0.000325
FILLER_1_140,VGND,li1,72.6800,16.3200,0.000313
FILLER_1_113,VGND,li1,57.9600,16.3200,0.000262
FILLER_1_111,VGND,li1,56.8100,16.3200,0.000251
FILLER_1_105,VGND,li1,55.2000,16.3200,0.000251
FILLER_1_93,VGND,li1,51.0600,16.3200,0.000228
FILLER_1_81,VGND,li1,45.5400,16.3200,0.000190
FILLER_1_69,VGND,li1,40.0200,16.3200,0.000165
FILLER_1_57,VGND,li1,34.5000,16.3200,0.000128
FILLER_1_39,VGND,li1,25.3000,16.3200,0.000073
FILLER_1_27,VGND,li1,20.7000,16.3200,0.000073
FILLER_1_15,VGND,li1,15.1800,16.3200,0.000073
FILLER_1_3,VGND,li1,9.6600,16.3200,0.000073
FILLER_0_301,VGND,li1,144.2100,10.8800,0.000004
FILLER_0_293,VGND,li1,142.1400,10.8800,0.000004
FILLER_0_281,VGND,li1,137.5400,10.8800,0.000004
FILLER_0_277,VGND,li1,133.6300,10.8800,0.000004
FILLER_0_265,VGND,li1,130.1800,10.8800,0.000004
FILLER_0_253,VGND,li1,124.6600,10.8800,0.000004
FILLER_0_249,VGND,li1,120.7500,10.8800,0.000004
FILLER_0_237,VGND,li1,117.3000,10.8800,0.000004
FILLER_0_225,VGND,li1,111.7800,10.8800,0.000004
FILLER_0_221,VGND,li1,107.8700,10.8800,0.000004
FILLER_0_209,VGND,li1,104.4200,10.8800,0.000004
FILLER_0_197,VGND,li1,98.9000,10.8800,0.000004
FILLER_0_194,VGND,li1,95.2200,10.8800,0.000004
FILLER_0_186,VGND,li1,92.9200,10.8800,0.000004
FILLER_0_174,VGND,li1,88.3200,10.8800,0.000004
FILLER_0_169,VGND,li1,83.7200,10.8800,0.000004
FILLER_0_161,VGND,li1,80.2700,10.8800,0.000004
FILLER_0_153,VGND,li1,77.7400,10.8800,0.000003
FILLER_0_141,VGND,li1,73.1400,10.8800,0.000003
FILLER_0_138,VGND,li1,69.4600,10.8800,0.000003
FILLER_0_126,VGND,li1,66.2400,10.8800,0.000003
FILLER_0_121,VGND,li1,61.4100,10.8800,0.000003
FILLER_0_113,VGND,li1,59.3400,10.8800,0.000003
FILLER_0_109,VGND,li1,56.3500,10.8800,0.000003
FILLER_0_97,VGND,li1,52.9000,10.8800,0.000003
FILLER_0_85,VGND,li1,47.3800,10.8800,0.000002
FILLER_0_81,VGND,li1,43.4700,10.8800,0.000002
FILLER_0_69,VGND,li1,40.0200,10.8800,0.000002
FILLER_0_65,VGND,li1,35.6500,10.8800,0.000002
FILLER_0_57,VGND,li1,33.5800,10.8800,0.000002
FILLER_0_53,VGND,li1,30.5900,10.8800,0.000002
FILLER_0_41,VGND,li1,27.1400,10.8800,0.000001
FILLER_0_29,VGND,li1,21.6200,10.8800,0.000001
FILLER_0_27,VGND,li1,18.1700,10.8800,0.000001
FILLER_0_23,VGND,li1,16.3300,10.8800,0.000001
FILLER_0_15,VGND,li1,14.2600,10.8800,0.000001
FILLER_0_3,VGND,li1,9.6600,10.8800,0.000001
hold133,VGND,li1,86.4800,43.5200,0.000962
hold132,VGND,li1,9.2000,59.8400,0.000227
hold131,VGND,li1,17.4800,108.8000,0.000377
hold130,VGND,li1,17.0200,87.0400,0.000202
hold129,VGND,li1,84.6400,48.9600,0.001319
hold128,VGND,li1,29.4400,81.6000,0.000333
hold127,VGND,li1,68.0800,108.8000,0.001528
hold126,VGND,li1,16.1000,65.2800,0.000154
hold125,VGND,li1,74.9800,97.9200,0.000652
hold124,VGND,li1,93.8400,76.1600,0.001276
hold123,VGND,li1,89.7000,16.3200,0.000343
hold122,VGND,li1,59.8000,119.6800,0.000795
hold121,VGND,li1,41.4000,103.3600,0.000497
hold120,VGND,li1,20.7000,119.6800,0.000204
hold119,VGND,li1,61.1800,27.2000,0.000346
hold118,VGND,li1,20.7000,48.9600,0.000263
hold117,VGND,li1,104.8800,32.6400,0.000694
hold116,VGND,li1,24.8400,65.2800,0.000142
hold115,VGND,li1,51.0600,87.0400,0.000534
hold114,VGND,li1,97.9800,38.0800,0.000387
hold113,VGND,li1,16.5600,103.3600,0.000245
hold112,VGND,li1,17.0200,92.4800,0.000120
hold111,VGND,li1,37.2600,54.4000,0.000471
hold110,VGND,li1,64.4000,32.6400,0.000525
hold109,VGND,li1,38.1800,38.0800,0.000156
hold108,VGND,li1,39.1000,87.0400,0.000380
hold107,VGND,li1,97.9800,97.9200,0.000773
hold106,VGND,li1,72.2200,136.0000,0.001296
hold105,VGND,li1,91.5400,38.0800,0.000374
hold104,VGND,li1,66.2400,114.2400,0.001002
hold103,VGND,li1,30.3600,87.0400,0.000236
hold102,VGND,li1,68.0800,130.5600,0.000868
hold101,VGND,li1,103.5000,59.8400,0.000727
hold100,VGND,li1,92.9200,97.9200,0.000753
hold99,VGND,li1,46.4600,43.5200,0.000563
hold98,VGND,li1,63.0200,76.1600,0.000938
hold97,VGND,li1,74.0600,114.2400,0.001097
hold96,VGND,li1,80.9600,114.2400,0.001201
hold95,VGND,li1,46.0000,125.1200,0.000553
hold94,VGND,li1,41.8600,27.2000,0.000257
hold93,VGND,li1,38.6400,119.6800,0.000452
hold92,VGND,li1,29.4400,97.9200,0.000254
hold91,VGND,li1,28.0600,27.2000,0.000144
hold90,VGND,li1,72.2200,38.0800,0.000319
hold89,VGND,li1,86.0200,76.1600,0.001213
hold88,VGND,li1,59.8000,38.0800,0.000271
hold87,VGND,li1,40.9400,76.1600,0.000553
hold86,VGND,li1,84.1800,87.0400,0.000866
hold85,VGND,li1,46.4600,114.2400,0.000689
hold84,VGND,li1,89.7000,27.2000,0.000399
hold83,VGND,li1,67.1600,21.7600,0.000438
hold82,VGND,li1,55.2000,54.4000,0.000760
hold81,VGND,li1,92.4600,43.5200,0.000997
hold80,VGND,li1,62.5600,136.0000,0.001097
hold79,VGND,li1,16.1000,76.1600,0.000255
hold78,VGND,li1,16.1000,130.5600,0.000217
hold77,VGND,li1,33.5800,48.9600,0.000459
hold76,VGND,li1,60.7200,130.5600,0.000752
hold75,VGND,li1,61.1800,54.4000,0.000839
hold74,VGND,li1,53.8200,27.2000,0.000317
hold73,VGND,li1,34.0400,70.7200,0.000304
hold72,VGND,li1,99.8200,21.7600,0.000537
hold71,VGND,li1,33.5800,27.2000,0.000193
hold70,VGND,li1,33.5800,16.3200,0.000128
hold69,VGND,li1,34.5000,21.7600,0.000192
hold68,VGND,li1,59.3400,43.5200,0.000719
hold67,VGND,li1,16.1000,119.6800,0.000206
hold66,VGND,li1,73.1400,76.1600,0.001081
hold65,VGND,li1,102.5800,48.9600,0.001454
hold64,VGND,li1,90.1600,43.5200,0.000984
hold63,VGND,li1,57.9600,65.2800,0.000459
hold62,VGND,li1,90.6200,59.8400,0.000683
hold61,VGND,li1,28.0600,130.5600,0.000243
hold60,VGND,li1,57.0400,130.5600,0.000716
hold59,VGND,li1,70.8400,97.9200,0.000622
hold58,VGND,li1,106.7200,38.0800,0.000393
hold57,VGND,li1,25.3000,54.4000,0.000248
hold56,VGND,li1,73.6000,48.9600,0.001183
hold55,VGND,li1,78.6600,92.4800,0.000558
hold54,VGND,li1,84.1800,27.2000,0.000396
hold53,VGND,li1,30.3600,97.9200,0.000254
hold52,VGND,li1,20.7000,103.3600,0.000242
hold51,VGND,li1,25.3000,136.0000,0.000243
hold50,VGND,li1,29.4400,38.0800,0.000110
hold49,VGND,li1,45.5400,108.8000,0.000954
hold48,VGND,li1,46.9200,76.1600,0.000673
hold47,VGND,li1,17.0200,38.0800,0.000090
hold46,VGND,li1,51.0600,32.6400,0.000418
hold45,VGND,li1,25.3000,108.8000,0.000357
hold44,VGND,li1,80.9600,130.5600,0.001024
hold43,VGND,li1,84.1800,103.3600,0.000856
hold42,VGND,li1,54.7400,119.6800,0.000721
hold41,VGND,li1,44.1600,136.0000,0.000691
hold40,VGND,li1,35.8800,54.4000,0.000436
hold39,VGND,li1,41.4000,70.7200,0.000395
hold38,VGND,li1,24.3800,76.1600,0.000239
hold37,VGND,li1,40.4800,114.2400,0.000581
hold36,VGND,li1,27.1400,70.7200,0.000215
hold35,VGND,li1,85.5600,65.2800,0.000599
hold34,VGND,li1,51.5200,103.3600,0.000623
hold33,VGND,li1,80.0400,136.0000,0.001449
hold32,VGND,li1,55.2000,27.2000,0.000328
hold31,VGND,li1,24.3800,119.6800,0.000201
hold30,VGND,li1,74.9800,103.3600,0.000820
hold29,VGND,li1,39.5600,38.0800,0.000170
hold28,VGND,li1,26.2200,92.4800,0.000140
hold27,VGND,li1,45.0800,92.4800,0.000321
hold26,VGND,li1,43.7000,87.0400,0.000422
hold25,VGND,li1,72.2200,65.2800,0.000546
hold24,VGND,li1,46.4600,130.5600,0.000557
hold23,VGND,li1,79.5800,32.6400,0.000624
hold22,VGND,li1,25.7600,48.9600,0.000258
hold21,VGND,li1,19.7800,65.2800,0.000151
hold20,VGND,li1,47.8400,114.2400,0.000689
hold19,VGND,li1,78.2000,48.9600,0.001243
hold18,VGND,li1,71.7600,65.2800,0.000546
hold17,VGND,li1,59.3400,76.1600,0.000861
hold16,VGND,li1,102.1200,76.1600,0.001317
hold15,VGND,li1,72.2200,16.3200,0.000313
hold14,VGND,li1,47.8400,59.8400,0.000450
hold13,VGND,li1,66.7000,81.6000,0.001003
hold12,VGND,li1,97.9800,59.8400,0.000712
hold11,VGND,li1,105.8000,70.7200,0.000959
hold10,VGND,li1,59.8000,119.6800,0.000795
hold9,VGND,li1,67.1600,65.2800,0.000522
hold8,VGND,li1,106.7200,92.4800,0.000664
hold7,VGND,li1,97.9800,92.4800,0.000644
hold6,VGND,li1,102.1200,70.7200,0.000948
hold5,VGND,li1,139.3800,108.8000,0.002210
hold4,VGND,li1,108.1000,97.9200,0.000803
hold3,VGND,li1,128.3400,114.2400,0.001541
hold2,VGND,li1,140.3000,125.1200,0.001161
hold1,VGND,li1,113.6200,65.2800,0.000668
clkload14,VGND,li1,119.8300,108.8000,0.002170
clkload13,VGND,li1,119.3700,103.3600,0.000957
clkload12,VGND,li1,93.6100,114.2400,0.001348
clkload11,VGND,li1,89.4700,108.8000,0.001902
clkload10,VGND,li1,97.2900,48.9600,0.001414
clkload9,VGND,li1,89.0100,54.4000,0.001179
clkload8,VGND,li1,84.6400,76.1600,0.001213
clkload7,VGND,li1,71.9900,81.6000,0.001101
clkload6,VGND,li1,57.9600,103.3600,0.000699
clkload5,VGND,li1,55.4300,103.3600,0.000677
clkload4,VGND,li1,34.2700,103.3600,0.000392
clkload3,VGND,li1,54.9700,54.4000,0.000760
clkload2,VGND,li1,51.7500,43.5200,0.000633
clkload1,VGND,li1,33.1200,59.8400,0.000308
clkload0,VGND,li1,28.5200,54.4000,0.000319
clkbuf_4_15_0_wr_clk,VGND,li1,123.9700,114.2400,0.001535
clkbuf_4_14_0_wr_clk,VGND,li1,127.1900,108.8000,0.002203
clkbuf_4_13_0_wr_clk,VGND,li1,93.1500,108.8000,0.001960
clkbuf_4_12_0_wr_clk,VGND,li1,93.6100,108.8000,0.001960
clkbuf_4_11_0_wr_clk,VGND,li1,103.7300,54.4000,0.001294
clkbuf_4_10_0_wr_clk,VGND,li1,89.0100,48.9600,0.001359
clkbuf_4_9_0_wr_clk,VGND,li1,78.8900,76.1600,0.001156
clkbuf_4_8_0_wr_clk,VGND,li1,77.5100,76.1600,0.001156
clkbuf_4_7_0_wr_clk,VGND,li1,54.5100,108.8000,0.001196
clkbuf_4_6_0_wr_clk,VGND,li1,60.0300,108.8000,0.001367
clkbuf_4_5_0_wr_clk,VGND,li1,33.3500,103.3600,0.000392
clkbuf_4_4_0_wr_clk,VGND,li1,28.2900,103.3600,0.000302
clkbuf_4_3_0_wr_clk,VGND,li1,60.0300,54.4000,0.000839
clkbuf_4_2_0_wr_clk,VGND,li1,51.7500,48.9600,0.000848
clkbuf_4_1_0_wr_clk,VGND,li1,27.8300,59.8400,0.000241
clkbuf_4_0_0_wr_clk,VGND,li1,28.7500,54.4000,0.000319
clkbuf_0_wr_clk,VGND,li1,78.2000,81.6000,0.001192
fanout76,VGND,li1,141.6800,59.8400,0.000775
fanout75,VGND,li1,143.0600,108.8000,0.002211
fanout74,VGND,li1,143.0600,103.3600,0.000967
fanout73,VGND,li1,142.6000,103.3600,0.000967
fanout72,VGND,li1,142.1400,97.9200,0.000855
fanout71,VGND,li1,143.5200,59.8400,0.000776
fanout70,VGND,li1,142.1400,87.0400,0.001075
fanout69,VGND,li1,132.4800,103.3600,0.000964
fanout68,VGND,li1,139.8400,59.8400,0.000775
fanout67,VGND,li1,135.7000,54.4000,0.001374
fanout66,VGND,li1,83.4900,130.5600,0.001047
fanout65,VGND,li1,65.3200,136.0000,0.001135
fanout64,VGND,li1,104.6500,70.7200,0.000959
fanout63,VGND,li1,80.9600,70.7200,0.000810
fanout62,VGND,li1,43.9300,103.3600,0.000530
fanout61,VGND,li1,16.1000,87.0400,0.000202
fanout60,VGND,li1,56.3500,43.5200,0.000686
fanout59,VGND,li1,58.4200,21.7600,0.000378
fanout58,VGND,li1,92.6900,43.5200,0.000997
fanout57,VGND,li1,92.4600,16.3200,0.000343
fanout56,VGND,li1,35.6500,38.0800,0.000142
fanout55,VGND,li1,29.4400,27.2000,0.000144
fanout54,VGND,li1,45.3100,125.1200,0.000553
fanout53,VGND,li1,16.1000,130.5600,0.000217
fanout52,VGND,li1,43.4700,76.1600,0.000613
fanout51,VGND,li1,16.1000,76.1600,0.000255
fanout50,VGND,li1,116.8400,54.4000,0.001333
fanout49,VGND,li1,114.5400,54.4000,0.001328
fanout48,VGND,li1,112.2400,54.4000,0.001320
fanout47,VGND,li1,33.5800,81.6000,0.000423
fanout46,VGND,li1,63.0200,43.5200,0.000757
fanout45,VGND,li1,116.8400,81.6000,0.001388
fanout44,VGND,li1,60.7200,87.0400,0.000652
fanout43,VGND,li1,113.6200,76.1600,0.001352
fanout42,VGND,li1,63.9400,70.7200,0.000655
fanout41,VGND,li1,123.2800,76.1600,0.001367
fanout40,VGND,li1,125.1200,81.6000,0.001409
fanout39,VGND,li1,123.2800,81.6000,0.001405
fanout38,VGND,li1,100.2800,114.2400,0.001407
fanout37,VGND,li1,98.4400,119.6800,0.001301
fanout36,VGND,li1,140.3000,76.1600,0.001383
fanout35,VGND,li1,110.4000,114.2400,0.001473
output34,VGND,li1,7.8200,65.2800,0.000156
output33,VGND,li1,65.7800,146.8800,0.000073
output32,VGND,li1,62.5600,10.8800,0.000003
output31,VGND,li1,141.6800,54.4000,0.001379
output30,VGND,li1,81.8800,10.8800,0.000004
output29,VGND,li1,7.8200,92.4800,0.000121
output28,VGND,li1,143.5200,76.1600,0.001383
output27,VGND,li1,72.2200,146.8800,0.000083
output26,VGND,li1,107.6400,146.8800,0.000131
output25,VGND,li1,136.1600,81.6000,0.001428
output24,VGND,li1,143.5200,136.0000,0.002102
output23,VGND,li1,143.5200,54.4000,0.001379
input22,VGND,li1,104.1900,146.8800,0.000126
input21,VGND,li1,7.5900,70.7200,0.000187
input20,VGND,li1,7.5900,136.0000,0.000244
input19,VGND,li1,17.2500,10.8800,0.000001
input18,VGND,li1,84.8700,10.8800,0.000004
input17,VGND,li1,36.5700,10.8800,0.000002
input16,VGND,li1,9.4300,92.4800,0.000121
input15,VGND,li1,143.7500,70.7200,0.001027
input14,VGND,li1,75.2100,146.8800,0.000087
input13,VGND,li1,143.7500,92.4800,0.000695
input12,VGND,li1,143.7500,65.2800,0.000672
input11,VGND,li1,143.7500,65.2800,0.000672
input10,VGND,li1,143.7500,136.0000,0.002102
input9,VGND,li1,126.7300,146.8800,0.000132
input8,VGND,li1,120.2900,146.8800,0.000132
input7,VGND,li1,113.8500,146.8800,0.000132
input6,VGND,li1,117.0700,146.8800,0.000132
input5,VGND,li1,143.7500,48.9600,0.001586
input4,VGND,li1,143.7500,48.9600,0.001586
input3,VGND,li1,143.7500,43.5200,0.001172
input2,VGND,li1,143.7500,43.5200,0.001172
input1,VGND,li1,143.7500,38.0800,0.000394
TAP_TAPCELL_ROW_50_366,VGND,li1,134.5500,147.1710,0.000132
TAP_TAPCELL_ROW_50_365,VGND,li1,121.6700,147.1710,0.000132
TAP_TAPCELL_ROW_50_364,VGND,li1,108.7900,147.1710,0.000131
TAP_TAPCELL_ROW_50_363,VGND,li1,95.9100,147.1710,0.000115
TAP_TAPCELL_ROW_50_362,VGND,li1,83.0300,147.1710,0.000098
TAP_TAPCELL_ROW_50_361,VGND,li1,70.1500,147.1710,0.000080
TAP_TAPCELL_ROW_50_360,VGND,li1,57.2700,147.1710,0.000061
TAP_TAPCELL_ROW_50_359,VGND,li1,44.3900,147.1710,0.000041
TAP_TAPCELL_ROW_50_358,VGND,li1,31.5100,147.1710,0.000021
TAP_TAPCELL_ROW_50_357,VGND,li1,18.6300,147.1710,0.000015
TAP_TAPCELL_ROW_49_356,VGND,li1,134.5500,146.5880,0.000132
TAP_TAPCELL_ROW_49_355,VGND,li1,108.7900,146.5880,0.000131
TAP_TAPCELL_ROW_49_354,VGND,li1,83.0300,146.5880,0.000098
TAP_TAPCELL_ROW_49_353,VGND,li1,57.2700,146.5880,0.000061
TAP_TAPCELL_ROW_49_352,VGND,li1,31.5100,146.5880,0.000021
TAP_TAPCELL_ROW_48_351,VGND,li1,121.6700,141.7310,0.001144
TAP_TAPCELL_ROW_48_350,VGND,li1,95.9100,141.7310,0.001008
TAP_TAPCELL_ROW_48_349,VGND,li1,70.1500,141.7310,0.000695
TAP_TAPCELL_ROW_48_348,VGND,li1,44.3900,141.7310,0.000385
TAP_TAPCELL_ROW_48_347,VGND,li1,18.6300,141.7310,0.000132
TAP_TAPCELL_ROW_47_346,VGND,li1,134.5500,141.1480,0.001144
TAP_TAPCELL_ROW_47_345,VGND,li1,108.7900,141.1480,0.001111
TAP_TAPCELL_ROW_47_344,VGND,li1,83.0300,141.1480,0.000866
TAP_TAPCELL_ROW_47_343,VGND,li1,57.2700,141.1480,0.000555
TAP_TAPCELL_ROW_47_342,VGND,li1,31.5100,141.1480,0.000195
TAP_TAPCELL_ROW_46_341,VGND,li1,121.6700,136.2910,0.002042
TAP_TAPCELL_ROW_46_340,VGND,li1,95.9100,136.2910,0.001733
TAP_TAPCELL_ROW_46_339,VGND,li1,70.1500,136.2910,0.001254
TAP_TAPCELL_ROW_46_338,VGND,li1,44.3900,136.2910,0.000691
TAP_TAPCELL_ROW_46_337,VGND,li1,18.6300,136.2910,0.000243
TAP_TAPCELL_ROW_45_336,VGND,li1,134.5500,135.7080,0.002093
TAP_TAPCELL_ROW_45_335,VGND,li1,108.7900,135.7080,0.001933
TAP_TAPCELL_ROW_45_334,VGND,li1,83.0300,135.7080,0.001493
TAP_TAPCELL_ROW_45_333,VGND,li1,57.2700,135.7080,0.000980
TAP_TAPCELL_ROW_45_332,VGND,li1,31.5100,135.7080,0.000384
TAP_TAPCELL_ROW_44_331,VGND,li1,121.6700,130.8510,0.001387
TAP_TAPCELL_ROW_44_330,VGND,li1,95.9100,130.8510,0.001182
TAP_TAPCELL_ROW_44_329,VGND,li1,70.1500,130.8510,0.000895
TAP_TAPCELL_ROW_44_328,VGND,li1,44.3900,130.8510,0.000507
TAP_TAPCELL_ROW_44_327,VGND,li1,18.6300,130.8510,0.000215
TAP_TAPCELL_ROW_43_326,VGND,li1,134.5500,130.2680,0.001421
TAP_TAPCELL_ROW_43_325,VGND,li1,108.7900,130.2680,0.001302
TAP_TAPCELL_ROW_43_324,VGND,li1,83.0300,130.2680,0.001047
TAP_TAPCELL_ROW_43_323,VGND,li1,57.2700,130.2680,0.000716
TAP_TAPCELL_ROW_43_322,VGND,li1,31.5100,130.2680,0.000294
TAP_TAPCELL_ROW_42_321,VGND,li1,121.6700,125.4110,0.001154
TAP_TAPCELL_ROW_42_320,VGND,li1,95.9100,125.4110,0.001089
TAP_TAPCELL_ROW_42_319,VGND,li1,70.1500,125.4110,0.000895
TAP_TAPCELL_ROW_42_318,VGND,li1,44.3900,125.4110,0.000553
TAP_TAPCELL_ROW_42_317,VGND,li1,18.6300,125.4110,0.000223
TAP_TAPCELL_ROW_41_316,VGND,li1,134.5500,124.8280,0.001159
TAP_TAPCELL_ROW_41_315,VGND,li1,108.7900,124.8280,0.001130
TAP_TAPCELL_ROW_41_314,VGND,li1,83.0300,124.8280,0.001005
TAP_TAPCELL_ROW_41_313,VGND,li1,57.2700,124.8280,0.000744
TAP_TAPCELL_ROW_41_312,VGND,li1,31.5100,124.8280,0.000323
TAP_TAPCELL_ROW_40_311,VGND,li1,121.6700,119.9710,0.001475
TAP_TAPCELL_ROW_40_310,VGND,li1,95.9100,119.9710,0.001259
TAP_TAPCELL_ROW_40_309,VGND,li1,70.1500,119.9710,0.000921
TAP_TAPCELL_ROW_40_308,VGND,li1,44.3900,119.9710,0.000560
TAP_TAPCELL_ROW_40_307,VGND,li1,18.6300,119.9710,0.000205
TAP_TAPCELL_ROW_39_306,VGND,li1,134.5500,119.3880,0.001538
TAP_TAPCELL_ROW_39_305,VGND,li1,108.7900,119.3880,0.001379
TAP_TAPCELL_ROW_39_304,VGND,li1,83.0300,119.3880,0.001109
TAP_TAPCELL_ROW_39_303,VGND,li1,57.2700,119.3880,0.000751
TAP_TAPCELL_ROW_39_302,VGND,li1,31.5100,119.3880,0.000318
TAP_TAPCELL_ROW_38_301,VGND,li1,121.6700,114.5310,0.001524
TAP_TAPCELL_ROW_38_300,VGND,li1,95.9100,114.5310,0.001367
TAP_TAPCELL_ROW_38_299,VGND,li1,70.1500,114.5310,0.001040
TAP_TAPCELL_ROW_38_298,VGND,li1,44.3900,114.5310,0.000631
TAP_TAPCELL_ROW_38_297,VGND,li1,18.6300,114.5310,0.000251
TAP_TAPCELL_ROW_37_296,VGND,li1,134.5500,113.9480,0.001543
TAP_TAPCELL_ROW_37_295,VGND,li1,108.7900,113.9480,0.001455
TAP_TAPCELL_ROW_37_294,VGND,li1,83.0300,113.9480,0.001228
TAP_TAPCELL_ROW_37_293,VGND,li1,57.2700,113.9480,0.000868
TAP_TAPCELL_ROW_37_292,VGND,li1,31.5100,113.9480,0.000371
TAP_TAPCELL_ROW_36_291,VGND,li1,121.6700,109.0910,0.002178
TAP_TAPCELL_ROW_36_290,VGND,li1,95.9100,109.0910,0.001987
TAP_TAPCELL_ROW_36_289,VGND,li1,70.1500,109.0910,0.001567
TAP_TAPCELL_ROW_36_288,VGND,li1,44.3900,109.0910,0.000954
TAP_TAPCELL_ROW_36_287,VGND,li1,18.6300,109.0910,0.000373
TAP_TAPCELL_ROW_35_286,VGND,li1,134.5500,108.5080,0.002207
TAP_TAPCELL_ROW_35_285,VGND,li1,108.7900,108.5080,0.002088
TAP_TAPCELL_ROW_35_284,VGND,li1,83.0300,108.5080,0.001780
TAP_TAPCELL_ROW_35_283,VGND,li1,57.2700,108.5080,0.001301
TAP_TAPCELL_ROW_35_282,VGND,li1,31.5100,108.5080,0.000548
TAP_TAPCELL_ROW_34_281,VGND,li1,121.6700,103.6510,0.000959
TAP_TAPCELL_ROW_34_280,VGND,li1,95.9100,103.6510,0.000903
TAP_TAPCELL_ROW_34_279,VGND,li1,70.1500,103.6510,0.000792
TAP_TAPCELL_ROW_34_278,VGND,li1,44.3900,103.6510,0.000530
TAP_TAPCELL_ROW_34_277,VGND,li1,18.6300,103.6510,0.000243
TAP_TAPCELL_ROW_33_276,VGND,li1,134.5500,103.0680,0.000965
TAP_TAPCELL_ROW_33_275,VGND,li1,108.7900,103.0680,0.000935
TAP_TAPCELL_ROW_33_274,VGND,li1,83.0300,103.0680,0.000856
TAP_TAPCELL_ROW_33_273,VGND,li1,57.2700,103.0680,0.000699
TAP_TAPCELL_ROW_33_272,VGND,li1,31.5100,103.0680,0.000351
TAP_TAPCELL_ROW_32_271,VGND,li1,121.6700,98.2110,0.000831
TAP_TAPCELL_ROW_32_270,VGND,li1,95.9100,98.2110,0.000762
TAP_TAPCELL_ROW_32_269,VGND,li1,70.1500,98.2110,0.000622
TAP_TAPCELL_ROW_32_268,VGND,li1,44.3900,98.2110,0.000422
TAP_TAPCELL_ROW_32_267,VGND,li1,18.6300,98.2110,0.000193
TAP_TAPCELL_ROW_31_266,VGND,li1,134.5500,97.6280,0.000851
TAP_TAPCELL_ROW_31_265,VGND,li1,108.7900,97.6280,0.000803
TAP_TAPCELL_ROW_31_264,VGND,li1,83.0300,97.6280,0.000698
TAP_TAPCELL_ROW_31_263,VGND,li1,57.2700,97.6280,0.000531
TAP_TAPCELL_ROW_31_262,VGND,li1,31.5100,97.6280,0.000280
TAP_TAPCELL_ROW_30_261,VGND,li1,121.6700,92.7710,0.000683
TAP_TAPCELL_ROW_30_260,VGND,li1,95.9100,92.7710,0.000636
TAP_TAPCELL_ROW_30_259,VGND,li1,70.1500,92.7710,0.000508
TAP_TAPCELL_ROW_30_258,VGND,li1,44.3900,92.7710,0.000321
TAP_TAPCELL_ROW_30_257,VGND,li1,18.6300,92.7710,0.000120
TAP_TAPCELL_ROW_29_256,VGND,li1,134.5500,92.1880,0.000695
TAP_TAPCELL_ROW_29_255,VGND,li1,108.7900,92.1880,0.000667
TAP_TAPCELL_ROW_29_254,VGND,li1,83.0300,92.1880,0.000579
TAP_TAPCELL_ROW_29_253,VGND,li1,57.2700,92.1880,0.000414
TAP_TAPCELL_ROW_29_252,VGND,li1,31.5100,92.1880,0.000190
TAP_TAPCELL_ROW_28_251,VGND,li1,121.6700,87.3310,0.001044
TAP_TAPCELL_ROW_28_250,VGND,li1,95.9100,87.3310,0.000927
TAP_TAPCELL_ROW_28_249,VGND,li1,70.1500,87.3310,0.000753
TAP_TAPCELL_ROW_28_248,VGND,li1,44.3900,87.3310,0.000449
TAP_TAPCELL_ROW_28_247,VGND,li1,18.6300,87.3310,0.000198
TAP_TAPCELL_ROW_27_246,VGND,li1,134.5500,86.7480,0.001071
TAP_TAPCELL_ROW_27_245,VGND,li1,108.7900,86.7480,0.000990
TAP_TAPCELL_ROW_27_244,VGND,li1,83.0300,86.7480,0.000851
TAP_TAPCELL_ROW_27_243,VGND,li1,57.2700,86.7480,0.000610
TAP_TAPCELL_ROW_27_242,VGND,li1,31.5100,86.7480,0.000268
TAP_TAPCELL_ROW_26_241,VGND,li1,121.6700,81.8910,0.001399
TAP_TAPCELL_ROW_26_240,VGND,li1,95.9100,81.8910,0.001302
TAP_TAPCELL_ROW_26_239,VGND,li1,70.1500,81.8910,0.001054
TAP_TAPCELL_ROW_26_238,VGND,li1,44.3900,81.8910,0.000613
TAP_TAPCELL_ROW_26_237,VGND,li1,18.6300,81.8910,0.000241
TAP_TAPCELL_ROW_25_236,VGND,li1,134.5500,81.3080,0.001425
TAP_TAPCELL_ROW_25_235,VGND,li1,108.7900,81.3080,0.001356
TAP_TAPCELL_ROW_25_234,VGND,li1,83.0300,81.3080,0.001223
TAP_TAPCELL_ROW_25_233,VGND,li1,57.2700,81.3080,0.000869
TAP_TAPCELL_ROW_25_232,VGND,li1,31.5100,81.3080,0.000378
TAP_TAPCELL_ROW_24_231,VGND,li1,121.6700,76.4510,0.001364
TAP_TAPCELL_ROW_24_230,VGND,li1,95.9100,76.4510,0.001288
TAP_TAPCELL_ROW_24_229,VGND,li1,70.1500,76.4510,0.001035
TAP_TAPCELL_ROW_24_228,VGND,li1,44.3900,76.4510,0.000613
TAP_TAPCELL_ROW_24_227,VGND,li1,18.6300,76.4510,0.000252
TAP_TAPCELL_ROW_23_226,VGND,li1,134.5500,75.8680,0.001378
TAP_TAPCELL_ROW_23_225,VGND,li1,108.7900,75.8680,0.001337
TAP_TAPCELL_ROW_23_224,VGND,li1,83.0300,75.8680,0.001193
TAP_TAPCELL_ROW_23_223,VGND,li1,57.2700,75.8680,0.000823
TAP_TAPCELL_ROW_23_222,VGND,li1,31.5100,75.8680,0.000355
TAP_TAPCELL_ROW_22_221,VGND,li1,121.6700,71.0110,0.001008
TAP_TAPCELL_ROW_22_220,VGND,li1,95.9100,71.0110,0.000920
TAP_TAPCELL_ROW_22_219,VGND,li1,70.1500,71.0110,0.000723
TAP_TAPCELL_ROW_22_218,VGND,li1,44.3900,71.0110,0.000424
TAP_TAPCELL_ROW_22_217,VGND,li1,18.6300,71.0110,0.000177
TAP_TAPCELL_ROW_21_216,VGND,li1,134.5500,70.4280,0.001026
TAP_TAPCELL_ROW_21_215,VGND,li1,108.7900,70.4280,0.000970
TAP_TAPCELL_ROW_21_214,VGND,li1,83.0300,70.4280,0.000832
TAP_TAPCELL_ROW_21_213,VGND,li1,57.2700,70.4280,0.000580
TAP_TAPCELL_ROW_21_212,VGND,li1,31.5100,70.4280,0.000250
TAP_TAPCELL_ROW_20_211,VGND,li1,121.6700,65.5710,0.000671
TAP_TAPCELL_ROW_20_210,VGND,li1,95.9100,65.5710,0.000625
TAP_TAPCELL_ROW_20_209,VGND,li1,70.1500,65.5710,0.000534
TAP_TAPCELL_ROW_20_208,VGND,li1,44.3900,65.5710,0.000348
TAP_TAPCELL_ROW_20_207,VGND,li1,18.6300,65.5710,0.000151
TAP_TAPCELL_ROW_19_206,VGND,li1,134.5500,64.9880,0.000671
TAP_TAPCELL_ROW_19_205,VGND,li1,108.7900,64.9880,0.000658
TAP_TAPCELL_ROW_19_204,VGND,li1,83.0300,64.9880,0.000591
TAP_TAPCELL_ROW_19_203,VGND,li1,57.2700,64.9880,0.000459
TAP_TAPCELL_ROW_19_202,VGND,li1,31.5100,64.9880,0.000223
TAP_TAPCELL_ROW_18_201,VGND,li1,121.6700,60.1310,0.000755
TAP_TAPCELL_ROW_18_200,VGND,li1,95.9100,60.1310,0.000705
TAP_TAPCELL_ROW_18_199,VGND,li1,70.1500,60.1310,0.000599
TAP_TAPCELL_ROW_18_198,VGND,li1,44.3900,60.1310,0.000429
TAP_TAPCELL_ROW_18_197,VGND,li1,18.6300,60.1310,0.000214
TAP_TAPCELL_ROW_17_196,VGND,li1,134.5500,59.5480,0.000768
TAP_TAPCELL_ROW_17_195,VGND,li1,108.7900,59.5480,0.000739
TAP_TAPCELL_ROW_17_194,VGND,li1,83.0300,59.5480,0.000649
TAP_TAPCELL_ROW_17_193,VGND,li1,57.2700,59.5480,0.000535
TAP_TAPCELL_ROW_17_192,VGND,li1,31.5100,59.5480,0.000281
TAP_TAPCELL_ROW_16_191,VGND,li1,121.6700,54.6910,0.001344
TAP_TAPCELL_ROW_16_190,VGND,li1,95.9100,54.6910,0.001239
TAP_TAPCELL_ROW_16_189,VGND,li1,70.1500,54.6910,0.000952
TAP_TAPCELL_ROW_16_188,VGND,li1,44.3900,54.6910,0.000573
TAP_TAPCELL_ROW_16_187,VGND,li1,18.6300,54.6910,0.000264
TAP_TAPCELL_ROW_15_186,VGND,li1,134.5500,54.1080,0.001371
TAP_TAPCELL_ROW_15_185,VGND,li1,108.7900,54.1080,0.001306
TAP_TAPCELL_ROW_15_184,VGND,li1,83.0300,54.1080,0.001117
TAP_TAPCELL_ROW_15_183,VGND,li1,57.2700,54.1080,0.000796
TAP_TAPCELL_ROW_15_182,VGND,li1,31.5100,54.1080,0.000356
TAP_TAPCELL_ROW_14_181,VGND,li1,121.6700,49.2510,0.001531
TAP_TAPCELL_ROW_14_180,VGND,li1,95.9100,49.2510,0.001414
TAP_TAPCELL_ROW_14_179,VGND,li1,70.1500,49.2510,0.001125
TAP_TAPCELL_ROW_14_178,VGND,li1,44.3900,49.2510,0.000662
TAP_TAPCELL_ROW_14_177,VGND,li1,18.6300,49.2510,0.000263
TAP_TAPCELL_ROW_13_176,VGND,li1,134.5500,48.6680,0.001576
TAP_TAPCELL_ROW_13_175,VGND,li1,108.7900,48.6680,0.001482
TAP_TAPCELL_ROW_13_174,VGND,li1,83.0300,48.6680,0.001281
TAP_TAPCELL_ROW_13_173,VGND,li1,57.2700,48.6680,0.000924
TAP_TAPCELL_ROW_13_172,VGND,li1,31.5100,48.6680,0.000411
TAP_TAPCELL_ROW_12_171,VGND,li1,121.6700,43.8110,0.001115
TAP_TAPCELL_ROW_12_170,VGND,li1,95.9100,43.8110,0.001007
TAP_TAPCELL_ROW_12_169,VGND,li1,70.1500,43.8110,0.000817
TAP_TAPCELL_ROW_12_168,VGND,li1,44.3900,43.8110,0.000535
TAP_TAPCELL_ROW_12_167,VGND,li1,18.6300,43.8110,0.000238
TAP_TAPCELL_ROW_11_166,VGND,li1,134.5500,43.2280,0.001160
TAP_TAPCELL_ROW_11_165,VGND,li1,108.7900,43.2280,0.001069
TAP_TAPCELL_ROW_11_164,VGND,li1,83.0300,43.2280,0.000926
TAP_TAPCELL_ROW_11_163,VGND,li1,57.2700,43.2280,0.000686
TAP_TAPCELL_ROW_11_162,VGND,li1,31.5100,43.2280,0.000331
TAP_TAPCELL_ROW_10_161,VGND,li1,121.6700,38.3710,0.000393
TAP_TAPCELL_ROW_10_160,VGND,li1,95.9100,38.3710,0.000381
TAP_TAPCELL_ROW_10_159,VGND,li1,70.1500,38.3710,0.000311
TAP_TAPCELL_ROW_10_158,VGND,li1,44.3900,38.3710,0.000193
TAP_TAPCELL_ROW_10_157,VGND,li1,18.6300,38.3710,0.000090
TAP_TAPCELL_ROW_9_156,VGND,li1,134.5500,37.7880,0.000393
TAP_TAPCELL_ROW_9_155,VGND,li1,108.7900,37.7880,0.000393
TAP_TAPCELL_ROW_9_154,VGND,li1,83.0300,37.7880,0.000353
TAP_TAPCELL_ROW_9_153,VGND,li1,57.2700,37.7880,0.000255
TAP_TAPCELL_ROW_9_152,VGND,li1,31.5100,37.7880,0.000122
TAP_TAPCELL_ROW_8_151,VGND,li1,121.6700,32.9310,0.000694
TAP_TAPCELL_ROW_8_150,VGND,li1,95.9100,32.9310,0.000681
TAP_TAPCELL_ROW_8_149,VGND,li1,70.1500,32.9310,0.000570
TAP_TAPCELL_ROW_8_148,VGND,li1,44.3900,32.9310,0.000352
TAP_TAPCELL_ROW_8_147,VGND,li1,18.6300,32.9310,0.000126
TAP_TAPCELL_ROW_7_146,VGND,li1,134.5500,32.3480,0.000694
TAP_TAPCELL_ROW_7_145,VGND,li1,108.7900,32.3480,0.000694
TAP_TAPCELL_ROW_7_144,VGND,li1,83.0300,32.3480,0.000636
TAP_TAPCELL_ROW_7_143,VGND,li1,57.2700,32.3480,0.000474
TAP_TAPCELL_ROW_7_142,VGND,li1,31.5100,32.3480,0.000200
TAP_TAPCELL_ROW_6_141,VGND,li1,121.6700,27.4910,0.000401
TAP_TAPCELL_ROW_6_140,VGND,li1,95.9100,27.4910,0.000400
TAP_TAPCELL_ROW_6_139,VGND,li1,70.1500,27.4910,0.000371
TAP_TAPCELL_ROW_6_138,VGND,li1,44.3900,27.4910,0.000269
TAP_TAPCELL_ROW_6_137,VGND,li1,18.6300,27.4910,0.000124
TAP_TAPCELL_ROW_5_136,VGND,li1,134.5500,26.9080,0.000401
TAP_TAPCELL_ROW_5_135,VGND,li1,108.7900,26.9080,0.000401
TAP_TAPCELL_ROW_5_134,VGND,li1,83.0300,26.9080,0.000392
TAP_TAPCELL_ROW_5_133,VGND,li1,57.2700,26.9080,0.000336
TAP_TAPCELL_ROW_5_132,VGND,li1,31.5100,26.9080,0.000168
TAP_TAPCELL_ROW_4_131,VGND,li1,121.6700,22.0510,0.000537
TAP_TAPCELL_ROW_4_130,VGND,li1,95.9100,22.0510,0.000535
TAP_TAPCELL_ROW_4_129,VGND,li1,70.1500,22.0510,0.000449
TAP_TAPCELL_ROW_4_128,VGND,li1,44.3900,22.0510,0.000265
TAP_TAPCELL_ROW_4_127,VGND,li1,18.6300,22.0510,0.000113
TAP_TAPCELL_ROW_3_126,VGND,li1,134.5500,21.4680,0.000537
TAP_TAPCELL_ROW_3_125,VGND,li1,108.7900,21.4680,0.000537
TAP_TAPCELL_ROW_3_124,VGND,li1,83.0300,21.4680,0.000505
TAP_TAPCELL_ROW_3_123,VGND,li1,57.2700,21.4680,0.000378
TAP_TAPCELL_ROW_3_122,VGND,li1,31.5100,21.4680,0.000161
TAP_TAPCELL_ROW_2_121,VGND,li1,121.6700,16.6110,0.000343
TAP_TAPCELL_ROW_2_120,VGND,li1,95.9100,16.6110,0.000343
TAP_TAPCELL_ROW_2_119,VGND,li1,70.1500,16.6110,0.000308
TAP_TAPCELL_ROW_2_118,VGND,li1,44.3900,16.6110,0.000190
TAP_TAPCELL_ROW_2_117,VGND,li1,18.6300,16.6110,0.000073
TAP_TAPCELL_ROW_1_116,VGND,li1,134.5500,16.0280,0.000343
TAP_TAPCELL_ROW_1_115,VGND,li1,108.7900,16.0280,0.000343
TAP_TAPCELL_ROW_1_114,VGND,li1,83.0300,16.0280,0.000335
TAP_TAPCELL_ROW_1_113,VGND,li1,57.2700,16.0280,0.000262
TAP_TAPCELL_ROW_1_112,VGND,li1,31.5100,16.0280,0.000116
TAP_TAPCELL_ROW_0_111,VGND,li1,134.5500,11.1710,0.000004
TAP_TAPCELL_ROW_0_110,VGND,li1,121.6700,11.1710,0.000004
TAP_TAPCELL_ROW_0_109,VGND,li1,108.7900,11.1710,0.000004
TAP_TAPCELL_ROW_0_108,VGND,li1,95.9100,11.1710,0.000004
TAP_TAPCELL_ROW_0_107,VGND,li1,83.0300,11.1710,0.000004
TAP_TAPCELL_ROW_0_106,VGND,li1,70.1500,11.1710,0.000003
TAP_TAPCELL_ROW_0_105,VGND,li1,57.2700,11.1710,0.000003
TAP_TAPCELL_ROW_0_104,VGND,li1,44.3900,11.1710,0.000002
TAP_TAPCELL_ROW_0_103,VGND,li1,31.5100,11.1710,0.000002
TAP_TAPCELL_ROW_0_102,VGND,li1,18.6300,11.1710,0.000001
PHY_EDGE_ROW_50_Left_101,VGND,li1,6.2100,146.8800,0.000015
PHY_EDGE_ROW_49_Left_100,VGND,li1,6.2100,146.8800,0.000015
PHY_EDGE_ROW_48_Left_99,VGND,li1,6.2100,141.4400,0.000132
PHY_EDGE_ROW_47_Left_98,VGND,li1,6.2100,141.4400,0.000132
PHY_EDGE_ROW_46_Left_97,VGND,li1,6.2100,136.0000,0.000244
PHY_EDGE_ROW_45_Left_96,VGND,li1,6.2100,136.0000,0.000244
PHY_EDGE_ROW_44_Left_95,VGND,li1,6.2100,130.5600,0.000217
PHY_EDGE_ROW_43_Left_94,VGND,li1,6.2100,130.5600,0.000217
PHY_EDGE_ROW_42_Left_93,VGND,li1,6.2100,125.1200,0.000231
PHY_EDGE_ROW_41_Left_92,VGND,li1,6.2100,125.1200,0.000231
PHY_EDGE_ROW_40_Left_91,VGND,li1,6.2100,119.6800,0.000206
PHY_EDGE_ROW_39_Left_90,VGND,li1,6.2100,119.6800,0.000206
PHY_EDGE_ROW_38_Left_89,VGND,li1,6.2100,114.2400,0.000260
PHY_EDGE_ROW_37_Left_88,VGND,li1,6.2100,114.2400,0.000260
PHY_EDGE_ROW_36_Left_87,VGND,li1,6.2100,108.8000,0.000383
PHY_EDGE_ROW_35_Left_86,VGND,li1,6.2100,108.8000,0.000383
PHY_EDGE_ROW_34_Left_85,VGND,li1,6.2100,103.3600,0.000245
PHY_EDGE_ROW_33_Left_84,VGND,li1,6.2100,103.3600,0.000245
PHY_EDGE_ROW_32_Left_83,VGND,li1,6.2100,97.9200,0.000203
PHY_EDGE_ROW_31_Left_82,VGND,li1,6.2100,97.9200,0.000203
PHY_EDGE_ROW_30_Left_81,VGND,li1,6.2100,92.4800,0.000121
PHY_EDGE_ROW_29_Left_80,VGND,li1,6.2100,92.4800,0.000121
PHY_EDGE_ROW_28_Left_79,VGND,li1,6.2100,87.0400,0.000207
PHY_EDGE_ROW_27_Left_78,VGND,li1,6.2100,87.0400,0.000207
PHY_EDGE_ROW_26_Left_77,VGND,li1,6.2100,81.6000,0.000242
PHY_EDGE_ROW_25_Left_76,VGND,li1,6.2100,81.6000,0.000242
PHY_EDGE_ROW_24_Left_75,VGND,li1,6.2100,76.1600,0.000260
PHY_EDGE_ROW_23_Left_74,VGND,li1,6.2100,76.1600,0.000260
PHY_EDGE_ROW_22_Left_73,VGND,li1,6.2100,70.7200,0.000187
PHY_EDGE_ROW_21_Left_72,VGND,li1,6.2100,70.7200,0.000187
PHY_EDGE_ROW_20_Left_71,VGND,li1,6.2100,65.2800,0.000156
PHY_EDGE_ROW_19_Left_70,VGND,li1,6.2100,65.2800,0.000156
PHY_EDGE_ROW_18_Left_69,VGND,li1,6.2100,59.8400,0.000227
PHY_EDGE_ROW_17_Left_68,VGND,li1,6.2100,59.8400,0.000227
PHY_EDGE_ROW_16_Left_67,VGND,li1,6.2100,54.4000,0.000274
PHY_EDGE_ROW_15_Left_66,VGND,li1,6.2100,54.4000,0.000274
PHY_EDGE_ROW_14_Left_65,VGND,li1,6.2100,48.9600,0.000264
PHY_EDGE_ROW_13_Left_64,VGND,li1,6.2100,48.9600,0.000264
PHY_EDGE_ROW_12_Left_63,VGND,li1,6.2100,43.5200,0.000251
PHY_EDGE_ROW_11_Left_62,VGND,li1,6.2100,43.5200,0.000251
PHY_EDGE_ROW_10_Left_61,VGND,li1,6.2100,38.0800,0.000091
PHY_EDGE_ROW_9_Left_60,VGND,li1,6.2100,38.0800,0.000091
PHY_EDGE_ROW_8_Left_59,VGND,li1,6.2100,32.6400,0.000126
PHY_EDGE_ROW_7_Left_58,VGND,li1,6.2100,32.6400,0.000126
PHY_EDGE_ROW_6_Left_57,VGND,li1,6.2100,27.2000,0.000124
PHY_EDGE_ROW_5_Left_56,VGND,li1,6.2100,27.2000,0.000124
PHY_EDGE_ROW_4_Left_55,VGND,li1,6.2100,21.7600,0.000113
PHY_EDGE_ROW_3_Left_54,VGND,li1,6.2100,21.7600,0.000113
PHY_EDGE_ROW_2_Left_53,VGND,li1,6.2100,16.3200,0.000073
PHY_EDGE_ROW_1_Left_52,VGND,li1,6.2100,16.3200,0.000073
PHY_EDGE_ROW_0_Left_51,VGND,li1,6.2100,10.8800,0.000001
PHY_EDGE_ROW_50_Right_50,VGND,li1,145.1300,146.8800,0.000132
PHY_EDGE_ROW_49_Right_49,VGND,li1,145.1300,146.8800,0.000132
PHY_EDGE_ROW_48_Right_48,VGND,li1,145.1300,141.4400,0.001144
PHY_EDGE_ROW_47_Right_47,VGND,li1,145.1300,141.4400,0.001144
PHY_EDGE_ROW_46_Right_46,VGND,li1,145.1300,136.0000,0.002102
PHY_EDGE_ROW_45_Right_45,VGND,li1,145.1300,136.0000,0.002102
PHY_EDGE_ROW_44_Right_44,VGND,li1,145.1300,130.5600,0.001426
PHY_EDGE_ROW_43_Right_43,VGND,li1,145.1300,130.5600,0.001426
PHY_EDGE_ROW_42_Right_42,VGND,li1,145.1300,125.1200,0.001161
PHY_EDGE_ROW_41_Right_41,VGND,li1,145.1300,125.1200,0.001161
PHY_EDGE_ROW_40_Right_40,VGND,li1,145.1300,119.6800,0.001548
PHY_EDGE_ROW_39_Right_39,VGND,li1,145.1300,119.6800,0.001548
PHY_EDGE_ROW_38_Right_38,VGND,li1,145.1300,114.2400,0.001545
PHY_EDGE_ROW_37_Right_37,VGND,li1,145.1300,114.2400,0.001545
PHY_EDGE_ROW_36_Right_36,VGND,li1,145.1300,108.8000,0.002211
PHY_EDGE_ROW_35_Right_35,VGND,li1,145.1300,108.8000,0.002211
PHY_EDGE_ROW_34_Right_34,VGND,li1,145.1300,103.3600,0.000967
PHY_EDGE_ROW_33_Right_33,VGND,li1,145.1300,103.3600,0.000967
PHY_EDGE_ROW_32_Right_32,VGND,li1,145.1300,97.9200,0.000855
PHY_EDGE_ROW_31_Right_31,VGND,li1,145.1300,97.9200,0.000855
PHY_EDGE_ROW_30_Right_30,VGND,li1,145.1300,92.4800,0.000695
PHY_EDGE_ROW_29_Right_29,VGND,li1,145.1300,92.4800,0.000695
PHY_EDGE_ROW_28_Right_28,VGND,li1,145.1300,87.0400,0.001075
PHY_EDGE_ROW_27_Right_27,VGND,li1,145.1300,87.0400,0.001075
PHY_EDGE_ROW_26_Right_26,VGND,li1,145.1300,81.6000,0.001434
PHY_EDGE_ROW_25_Right_25,VGND,li1,145.1300,81.6000,0.001434
PHY_EDGE_ROW_24_Right_24,VGND,li1,145.1300,76.1600,0.001383
PHY_EDGE_ROW_23_Right_23,VGND,li1,145.1300,76.1600,0.001383
PHY_EDGE_ROW_22_Right_22,VGND,li1,145.1300,70.7200,0.001027
PHY_EDGE_ROW_21_Right_21,VGND,li1,145.1300,70.7200,0.001027
PHY_EDGE_ROW_20_Right_20,VGND,li1,145.1300,65.2800,0.000672
PHY_EDGE_ROW_19_Right_19,VGND,li1,145.1300,65.2800,0.000672
PHY_EDGE_ROW_18_Right_18,VGND,li1,145.1300,59.8400,0.000776
PHY_EDGE_ROW_17_Right_17,VGND,li1,145.1300,59.8400,0.000776
PHY_EDGE_ROW_16_Right_16,VGND,li1,145.1300,54.4000,0.001379
PHY_EDGE_ROW_15_Right_15,VGND,li1,145.1300,54.4000,0.001379
PHY_EDGE_ROW_14_Right_14,VGND,li1,145.1300,48.9600,0.001586
PHY_EDGE_ROW_13_Right_13,VGND,li1,145.1300,48.9600,0.001586
PHY_EDGE_ROW_12_Right_12,VGND,li1,145.1300,43.5200,0.001172
PHY_EDGE_ROW_11_Right_11,VGND,li1,145.1300,43.5200,0.001172
PHY_EDGE_ROW_10_Right_10,VGND,li1,145.1300,38.0800,0.000394
PHY_EDGE_ROW_9_Right_9,VGND,li1,145.1300,38.0800,0.000394
PHY_EDGE_ROW_8_Right_8,VGND,li1,145.1300,32.6400,0.000694
PHY_EDGE_ROW_7_Right_7,VGND,li1,145.1300,32.6400,0.000694
PHY_EDGE_ROW_6_Right_6,VGND,li1,145.1300,27.2000,0.000401
PHY_EDGE_ROW_5_Right_5,VGND,li1,145.1300,27.2000,0.000401
PHY_EDGE_ROW_4_Right_4,VGND,li1,145.1300,21.7600,0.000537
PHY_EDGE_ROW_3_Right_3,VGND,li1,145.1300,21.7600,0.000537
PHY_EDGE_ROW_2_Right_2,VGND,li1,145.1300,16.3200,0.000343
PHY_EDGE_ROW_1_Right_1,VGND,li1,145.1300,16.3200,0.000343
PHY_EDGE_ROW_0_Right_0,VGND,li1,145.1300,10.8800,0.000004
_809_,VGND,li1,17.4800,54.4000,0.000269
_808_,VGND,li1,22.5400,130.5600,0.000213
_807_,VGND,li1,25.7600,21.7600,0.000112
_806_,VGND,li1,85.5600,16.3200,0.000340
_805_,VGND,li1,62.1000,16.3200,0.000281
_804_,VGND,li1,22.5400,81.6000,0.000240
_803_,VGND,li1,73.6000,92.4800,0.000524
_802_,VGND,li1,75.4400,130.5600,0.000958
_801_,VGND,li1,35.4200,76.1600,0.000467
_800_,VGND,li1,35.4200,125.1200,0.000403
_799_,VGND,li1,33.1200,43.5200,0.000331
_798_,VGND,li1,99.8200,54.4000,0.001269
_797_,VGND,li1,55.2000,59.8400,0.000521
_796_,VGND,li1,36.3400,97.9200,0.000334
_795_,VGND,li1,87.8600,97.9200,0.000729
_794_,VGND,li1,51.5200,125.1200,0.000665
_793_,VGND,li1,139.6100,119.6800,0.001548
_792_,VGND,li1,138.4600,119.6800,0.001548
_791_,VGND,li1,122.8200,119.6800,0.001490
_790_,VGND,li1,107.1800,108.8000,0.002088
_789_,VGND,li1,113.6200,65.2800,0.000668
_788_,VGND,li1,134.7800,92.4800,0.000695
_787_,VGND,li1,139.3800,114.2400,0.001545
_786_,VGND,li1,120.0600,103.3600,0.000957
_785_,VGND,li1,103.9600,81.6000,0.001336
_784_,VGND,li1,108.5600,59.8400,0.000739
_783_,VGND,li1,135.9300,97.9200,0.000851
_782_,VGND,li1,139.6100,97.9200,0.000855
_781_,VGND,li1,120.9800,97.9200,0.000831
_780_,VGND,li1,115.9200,87.0400,0.001026
_779_,VGND,li1,116.8400,87.0400,0.001026
_778_,VGND,li1,128.3400,103.3600,0.000963
_777_,VGND,li1,137.5400,103.3600,0.000966
_776_,VGND,li1,111.7800,103.3600,0.000941
_775_,VGND,li1,106.2600,92.4800,0.000664
_774_,VGND,li1,107.6400,87.0400,0.000990
_773_,VGND,li1,128.3400,108.8000,0.002203
_772_,VGND,li1,103.5000,108.8000,0.002058
_771_,VGND,li1,100.7400,103.3600,0.000918
_770_,VGND,li1,101.6600,97.9200,0.000787
_769_,VGND,li1,21.1600,76.1600,0.000248
_768_,VGND,li1,21.1600,114.2400,0.000247
_767_,VGND,li1,22.5400,38.0800,0.000087
_766_,VGND,li1,86.9400,43.5200,0.000962
_765_,VGND,li1,64.8600,43.5200,0.000776
_764_,VGND,li1,23.9200,97.9200,0.000178
_763_,VGND,li1,78.6600,65.2800,0.000576
_762_,VGND,li1,61.1800,103.3600,0.000731
_761_,VGND,li1,119.3700,108.8000,0.002160
_760_,VGND,li1,113.6200,119.6800,0.001429
_759_,VGND,li1,96.6000,114.2400,0.001367
_758_,VGND,li1,89.2400,141.4400,0.000935
_757_,VGND,li1,98.4400,141.4400,0.001033
_756_,VGND,li1,139.3800,130.5600,0.001426
_755_,VGND,li1,101.6600,141.4400,0.001061
_754_,VGND,li1,139.3800,114.2400,0.001545
_753_,VGND,li1,116.8400,92.4800,0.000678
_752_,VGND,li1,102.5800,81.6000,0.001336
_751_,VGND,li1,114.0800,59.8400,0.000747
_750_,VGND,li1,135.0100,70.7200,0.001026
_749_,VGND,li1,129.2600,81.6000,0.001419
_748_,VGND,li1,116.8400,76.1600,0.001357
_747_,VGND,li1,113.1600,70.7200,0.000983
_746_,VGND,li1,114.5400,48.9600,0.001505
_745_,VGND,li1,139.6100,59.8400,0.000775
_744_,VGND,li1,21.6200,70.7200,0.000173
_743_,VGND,li1,22.5400,108.8000,0.000368
_742_,VGND,li1,22.5400,43.5200,0.000230
_741_,VGND,li1,79.1200,54.4000,0.001074
_740_,VGND,li1,65.3200,48.9600,0.001067
_739_,VGND,li1,23.0000,103.3600,0.000239
_738_,VGND,li1,76.3600,70.7200,0.000778
_737_,VGND,li1,61.1800,114.2400,0.000929
_736_,VGND,li1,139.6100,87.0400,0.001075
_735_,VGND,li1,30.8200,59.8400,0.000281
_734_,VGND,li1,34.9600,114.2400,0.000461
_733_,VGND,li1,36.3400,27.2000,0.000216
_732_,VGND,li1,90.6200,32.6400,0.000670
_731_,VGND,li1,59.8000,27.2000,0.000346
_730_,VGND,li1,49.6800,81.6000,0.000747
_729_,VGND,li1,89.7000,76.1600,0.001250
_728_,VGND,li1,68.0800,108.8000,0.001528
_727_,VGND,li1,31.7400,65.2800,0.000223
_726_,VGND,li1,32.2000,108.8000,0.000548
_725_,VGND,li1,33.1200,32.6400,0.000226
_724_,VGND,li1,86.4800,32.6400,0.000650
_723_,VGND,li1,57.9600,32.6400,0.000474
_722_,VGND,li1,52.4400,81.6000,0.000798
_721_,VGND,li1,87.8600,70.7200,0.000873
_720_,VGND,li1,69.4600,103.3600,0.000779
_719_,VGND,li1,11.5000,76.1600,0.000260
_718_,VGND,li1,11.5000,114.2400,0.000260
_717_,VGND,li1,11.9600,43.5200,0.000251
_716_,VGND,li1,79.1200,43.5200,0.000899
_715_,VGND,li1,53.8200,43.5200,0.000658
_714_,VGND,li1,11.5000,97.9200,0.000203
_713_,VGND,li1,69.0000,70.7200,0.000700
_712_,VGND,li1,52.9000,108.8000,0.001196
_711_,VGND,li1,11.5000,70.7200,0.000186
_710_,VGND,li1,11.5000,108.8000,0.000383
_709_,VGND,li1,13.3400,43.5200,0.000251
_708_,VGND,li1,79.1200,48.9600,0.001243
_707_,VGND,li1,53.3600,48.9600,0.000848
_706_,VGND,li1,13.3400,97.9200,0.000201
_705_,VGND,li1,72.2200,76.1600,0.001081
_704_,VGND,li1,53.3600,114.2400,0.000807
_703_,VGND,li1,22.5400,54.4000,0.000257
_702_,VGND,li1,21.6200,130.5600,0.000213
_701_,VGND,li1,28.0600,16.3200,0.000095
_700_,VGND,li1,94.3000,21.7600,0.000535
_699_,VGND,li1,65.3200,16.3200,0.000296
_698_,VGND,li1,23.0000,87.0400,0.000191
_697_,VGND,li1,77.7400,87.0400,0.000819
_696_,VGND,li1,77.7400,125.1200,0.000971
_695_,VGND,li1,42.3200,59.8400,0.000410
_694_,VGND,li1,40.4800,108.8000,0.000827
_693_,VGND,li1,48.3000,27.2000,0.000295
_692_,VGND,li1,99.3600,32.6400,0.000691
_691_,VGND,li1,74.0600,27.2000,0.000382
_690_,VGND,li1,61.1800,81.6000,0.000944
_689_,VGND,li1,99.8200,65.2800,0.000641
_688_,VGND,li1,78.6600,103.3600,0.000840
_687_,VGND,li1,11.5000,59.8400,0.000226
_686_,VGND,li1,11.5000,125.1200,0.000231
_685_,VGND,li1,22.5400,27.2000,0.000122
_684_,VGND,li1,79.1200,21.7600,0.000488
_683_,VGND,li1,53.3600,21.7600,0.000351
_682_,VGND,li1,11.5000,87.0400,0.000207
_681_,VGND,li1,66.2400,87.0400,0.000709
_680_,VGND,li1,68.5400,125.1200,0.000872
_679_,VGND,li1,39.5600,65.2800,0.000310
_678_,VGND,li1,40.0200,108.8000,0.000827
_677_,VGND,li1,43.2400,27.2000,0.000257
_676_,VGND,li1,97.0600,38.0800,0.000387
_675_,VGND,li1,74.0600,32.6400,0.000595
_674_,VGND,li1,61.1800,87.0400,0.000652
_673_,VGND,li1,97.0600,76.1600,0.001288
_672_,VGND,li1,76.3600,108.8000,0.001671
_671_,VGND,li1,11.5000,54.4000,0.000274
_670_,VGND,li1,11.5000,125.1200,0.000231
_669_,VGND,li1,20.7000,27.2000,0.000124
_668_,VGND,li1,86.9400,21.7600,0.000522
_667_,VGND,li1,57.0400,16.3200,0.000262
_666_,VGND,li1,11.5000,87.0400,0.000207
_665_,VGND,li1,70.3800,87.0400,0.000753
_664_,VGND,li1,71.3000,130.5600,0.000895
_663_,VGND,li1,40.0200,76.1600,0.000553
_662_,VGND,li1,40.9400,130.5600,0.000461
_661_,VGND,li1,40.4800,43.5200,0.000451
_660_,VGND,li1,99.8200,48.9600,0.001439
_659_,VGND,li1,65.3200,59.8400,0.000576
_658_,VGND,li1,53.3600,97.9200,0.000493
_657_,VGND,li1,101.2000,92.4800,0.000652
_656_,VGND,li1,61.1800,125.1200,0.000782
_655_,VGND,li1,38.1800,81.6000,0.000523
_654_,VGND,li1,38.6400,136.0000,0.000554
_653_,VGND,li1,38.1800,48.9600,0.000564
_652_,VGND,li1,93.8400,59.8400,0.000697
_651_,VGND,li1,62.1000,65.2800,0.000482
_650_,VGND,li1,40.4800,92.4800,0.000275
_649_,VGND,li1,89.7000,87.0400,0.000902
_648_,VGND,li1,57.0400,136.0000,0.000980
_647_,VGND,li1,32.6600,76.1600,0.000412
_646_,VGND,li1,33.1200,119.6800,0.000366
_645_,VGND,li1,27.6000,48.9600,0.000319
_644_,VGND,li1,86.4800,54.4000,0.001152
_643_,VGND,li1,53.3600,59.8400,0.000507
_642_,VGND,li1,35.8800,97.9200,0.000334
_641_,VGND,li1,85.1000,92.4800,0.000589
_640_,VGND,li1,53.3600,125.1200,0.000691
_639_,VGND,li1,52.4400,70.7200,0.000525
_638_,VGND,li1,57.5000,141.4400,0.000555
_637_,VGND,li1,54.2800,38.0800,0.000242
_636_,VGND,li1,113.6200,48.9600,0.001505
_635_,VGND,li1,74.9800,38.0800,0.000329
_634_,VGND,li1,57.0400,97.9200,0.000531
_633_,VGND,li1,139.3800,81.6000,0.001433
_632_,VGND,li1,69.4600,141.4400,0.000695
_631_,VGND,li1,25.0700,59.8400,0.000196
_630_,VGND,li1,27.3700,130.5600,0.000243
_629_,VGND,li1,33.8100,21.7600,0.000192
_628_,VGND,li1,85.7900,27.2000,0.000396
_627_,VGND,li1,63.2500,21.7600,0.000417
_626_,VGND,li1,22.3100,92.4800,0.000118
_625_,VGND,li1,75.2100,81.6000,0.001150
_624_,VGND,li1,76.1300,136.0000,0.001364
_623_,VGND,li1,89.9300,125.1200,0.001062
_622_,VGND,li1,32.4300,81.6000,0.000378
_621_,VGND,li1,32.4300,125.1200,0.000323
_620_,VGND,li1,36.1100,43.5200,0.000406
_619_,VGND,li1,99.5900,59.8400,0.000712
_618_,VGND,li1,59.5700,59.8400,0.000550
_617_,VGND,li1,39.3300,92.4800,0.000275
_616_,VGND,li1,89.0100,97.9200,0.000729
_615_,VGND,li1,55.8900,119.6800,0.000721
_614_,VGND,li1,26.9100,76.1600,0.000293
_613_,VGND,li1,26.9100,114.2400,0.000309
_612_,VGND,li1,29.2100,43.5200,0.000262
_611_,VGND,li1,85.7900,38.0800,0.000360
_610_,VGND,li1,70.1500,48.9600,0.001125
_609_,VGND,li1,28.7500,103.3600,0.000302
_608_,VGND,li1,85.3300,70.7200,0.000855
_607_,VGND,li1,62.3300,114.2400,0.000929
_606_,VGND,li1,89.9300,114.2400,0.001306
_605_,VGND,li1,22.7700,65.2800,0.000146
_604_,VGND,li1,21.3900,108.8000,0.000368
_603_,VGND,li1,21.8500,48.9600,0.000263
_602_,VGND,li1,93.6100,48.9600,0.001398
_601_,VGND,li1,74.2900,48.9600,0.001183
_600_,VGND,li1,24.1500,92.4800,0.000117
_599_,VGND,li1,82.1100,76.1600,0.001193
_598_,VGND,li1,58.1900,114.2400,0.000868
_597_,VGND,li1,86.2500,108.8000,0.001835
_596_,VGND,li1,36.5700,59.8400,0.000348
_595_,VGND,li1,34.2700,114.2400,0.000461
_594_,VGND,li1,36.1100,32.6400,0.000261
_593_,VGND,li1,92.2300,32.6400,0.000670
_592_,VGND,li1,61.4100,32.6400,0.000507
_591_,VGND,li1,54.9700,87.0400,0.000582
_590_,VGND,li1,98.2100,70.7200,0.000931
_589_,VGND,li1,72.9100,103.3600,0.000808
_588_,VGND,li1,91.3100,119.6800,0.001223
_587_,VGND,li1,29.2100,65.2800,0.000195
_586_,VGND,li1,34.2700,108.8000,0.000649
_585_,VGND,li1,38.8700,32.6400,0.000292
_584_,VGND,li1,87.6300,38.0800,0.000366
_583_,VGND,li1,54.9700,32.6400,0.000441
_582_,VGND,li1,53.5900,76.1600,0.000766
_581_,VGND,li1,93.6100,70.7200,0.000909
_580_,VGND,li1,67.8500,103.3600,0.000779
_579_,VGND,li1,98.2100,108.8000,0.002009
_578_,VGND,li1,13.1100,70.7200,0.000186
_577_,VGND,li1,13.1100,114.2400,0.000257
_576_,VGND,li1,14.4900,38.0800,0.000091
_575_,VGND,li1,81.6500,43.5200,0.000926
_574_,VGND,li1,59.5700,43.5200,0.000719
_573_,VGND,li1,17.2500,97.9200,0.000193
_572_,VGND,li1,67.8500,70.7200,0.000700
_571_,VGND,li1,49.9100,108.8000,0.001086
_570_,VGND,li1,85.7900,114.2400,0.001258
_569_,VGND,li1,13.5700,65.2800,0.000156
_568_,VGND,li1,13.5700,108.8000,0.000380
_567_,VGND,li1,15.4100,48.9600,0.000264
_566_,VGND,li1,80.7300,54.4000,0.001074
_565_,VGND,li1,56.3500,48.9600,0.000924
_564_,VGND,li1,14.9500,103.3600,0.000245
_563_,VGND,li1,72.4500,70.7200,0.000746
_562_,VGND,li1,54.0500,114.2400,0.000807
_561_,VGND,li1,89.4700,114.2400,0.001306
_560_,VGND,li1,85.3300,114.2400,0.001258
_559_,VGND,li1,20.9300,59.8400,0.000211
_558_,VGND,li1,23.2300,125.1200,0.000217
_557_,VGND,li1,29.2100,16.3200,0.000095
_556_,VGND,li1,91.3100,16.3200,0.000343
_555_,VGND,li1,67.8500,16.3200,0.000303
_554_,VGND,li1,28.7500,87.0400,0.000236
_553_,VGND,li1,79.3500,92.4800,0.000558
_552_,VGND,li1,77.9700,130.5600,0.000989
_551_,VGND,li1,87.6300,130.5600,0.001099
_550_,VGND,li1,46.6900,59.8400,0.000450
_549_,VGND,li1,46.6900,108.8000,0.001020
_548_,VGND,li1,46.6900,32.6400,0.000375
_547_,VGND,li1,102.8100,38.0800,0.000391
_546_,VGND,li1,75.6700,32.6400,0.000595
_545_,VGND,li1,65.0900,81.6000,0.001003
_544_,VGND,li1,101.8900,70.7200,0.000948
_543_,VGND,li1,82.1100,108.8000,0.001780
_542_,VGND,li1,94.0700,103.3600,0.000897
_541_,VGND,li1,13.1100,59.8400,0.000226
_540_,VGND,li1,13.1100,130.5600,0.000217
_539_,VGND,li1,20.9300,21.7600,0.000113
_538_,VGND,li1,82.1100,21.7600,0.000505
_537_,VGND,li1,54.0500,21.7600,0.000351
_536_,VGND,li1,13.1100,92.4800,0.000121
_535_,VGND,li1,67.8500,92.4800,0.000493
_534_,VGND,li1,65.5500,130.5600,0.000818
_533_,VGND,li1,85.7900,125.1200,0.001035
_532_,VGND,li1,36.5700,65.2800,0.000268
_531_,VGND,li1,41.1700,103.3600,0.000497
_530_,VGND,li1,49.9100,32.6400,0.000398
_529_,VGND,li1,98.2100,27.2000,0.000401
_528_,VGND,li1,70.6100,27.2000,0.000371
_527_,VGND,li1,58.1900,76.1600,0.000861
_526_,VGND,li1,98.2100,76.1600,0.001299
_525_,VGND,li1,85.3300,108.8000,0.001835
_524_,VGND,li1,89.9300,103.3600,0.000884
_523_,VGND,li1,94.5300,119.6800,0.001259
_522_,VGND,li1,12.1900,65.2800,0.000156
_521_,VGND,li1,17.2500,125.1200,0.000226
_520_,VGND,li1,26.4500,27.2000,0.000117
_519_,VGND,li1,85.3300,16.3200,0.000340
_518_,VGND,li1,58.1900,21.7600,0.000378
_517_,VGND,li1,12.6500,81.6000,0.000242
_516_,VGND,li1,72.4500,92.4800,0.000524
_515_,VGND,li1,67.8500,125.1200,0.000872
_514_,VGND,li1,90.1600,125.1200,0.001062
_513_,VGND,li1,93.6100,125.1200,0.001081
_512_,VGND,li1,46.6900,81.6000,0.000663
_511_,VGND,li1,42.0900,125.1200,0.000516
_510_,VGND,li1,47.1500,48.9600,0.000739
_509_,VGND,li1,105.5700,48.9600,0.001469
_508_,VGND,li1,67.8500,65.2800,0.000522
_507_,VGND,li1,49.9100,97.9200,0.000472
_506_,VGND,li1,98.2100,87.0400,0.000946
_505_,VGND,li1,59.5700,130.5600,0.000752
_504_,VGND,li1,98.2100,125.1200,0.001101
_503_,VGND,li1,93.1500,136.0000,0.001694
_502_,VGND,li1,39.7900,87.0400,0.000380
_501_,VGND,li1,40.2500,130.5600,0.000461
_500_,VGND,li1,39.7900,54.4000,0.000513
_499_,VGND,li1,93.6100,54.4000,0.001220
_498_,VGND,li1,63.2500,65.2800,0.000499
_497_,VGND,li1,42.0900,97.9200,0.000399
_496_,VGND,li1,93.6100,97.9200,0.000753
_495_,VGND,li1,59.5700,136.0000,0.001034
_494_,VGND,li1,89.4700,119.6800,0.001194
_493_,VGND,li1,93.1500,136.0000,0.001694
_492_,VGND,li1,34.2700,70.7200,0.000304
_491_,VGND,li1,34.7300,130.5600,0.000368
_490_,VGND,li1,32.4300,48.9600,0.000411
_489_,VGND,li1,87.1700,59.8400,0.000673
_488_,VGND,li1,54.9700,65.2800,0.000440
_487_,VGND,li1,34.7300,92.4800,0.000226
_486_,VGND,li1,90.8500,92.4800,0.000617
_485_,VGND,li1,54.9700,130.5600,0.000678
_484_,VGND,li1,91.7700,130.5600,0.001145
_483_,VGND,li1,89.0100,136.0000,0.001620
_482_,VGND,li1,51.7500,65.2800,0.000417
_481_,VGND,li1,43.4700,65.2800,0.000348
_480_,VGND,li1,20.4700,59.8400,0.000211
_479_,VGND,li1,39.7900,81.6000,0.000523
_478_,VGND,li1,39.3300,59.8400,0.000379
_477_,VGND,li1,23.6900,70.7200,0.000168
_476_,VGND,li1,59.5700,141.4400,0.000585
_475_,VGND,li1,43.4700,119.6800,0.000528
_474_,VGND,li1,23.6900,125.1200,0.000217
_473_,VGND,li1,39.3300,125.1200,0.000471
_472_,VGND,li1,41.1700,114.2400,0.000581
_471_,VGND,li1,23.6900,114.2400,0.000242
_470_,VGND,li1,53.1300,38.0800,0.000242
_469_,VGND,li1,44.3900,43.5200,0.000535
_468_,VGND,li1,27.8300,21.7600,0.000139
_467_,VGND,li1,40.2500,48.9600,0.000609
_466_,VGND,li1,43.0100,32.6400,0.000331
_465_,VGND,li1,22.3100,43.5200,0.000230
_464_,VGND,li1,106.4900,48.9600,0.001469
_463_,VGND,li1,100.9700,43.5200,0.001041
_462_,VGND,li1,89.4700,21.7600,0.000528
_461_,VGND,li1,96.3700,54.4000,0.001239
_460_,VGND,li1,100.9700,32.6400,0.000691
_459_,VGND,li1,88.0900,48.9600,0.001359
_458_,VGND,li1,74.7500,43.5200,0.000868
_457_,VGND,li1,69.2300,43.5200,0.000817
_456_,VGND,li1,64.1700,21.7600,0.000417
_455_,VGND,li1,63.7100,59.8400,0.000576
_454_,VGND,li1,68.7700,32.6400,0.000557
_453_,VGND,li1,63.2500,48.9600,0.001035
_452_,VGND,li1,59.5700,97.9200,0.000549
_451_,VGND,li1,51.2900,92.4800,0.000365
_450_,VGND,li1,23.6900,87.0400,0.000191
_449_,VGND,li1,44.8500,97.9200,0.000422
_448_,VGND,li1,58.1900,81.6000,0.000869
_447_,VGND,li1,23.6900,97.9200,0.000178
_446_,VGND,li1,139.1500,81.6000,0.001433
_445_,VGND,li1,93.6100,81.6000,0.001290
_444_,VGND,li1,94.5300,87.0400,0.000927
_443_,VGND,li1,77.5100,87.0400,0.000819
_442_,VGND,li1,92.6900,92.4800,0.000625
_441_,VGND,li1,102.8100,76.1600,0.001317
_440_,VGND,li1,94.9900,70.7200,0.000909
_439_,VGND,li1,79.3500,70.7200,0.000810
_438_,VGND,li1,72.4500,136.0000,0.001296
_437_,VGND,li1,75.2100,119.6800,0.001017
_436_,VGND,li1,75.6700,125.1200,0.000951
_435_,VGND,li1,60.0300,125.1200,0.000782
_434_,VGND,li1,76.5900,108.8000,0.001671
_433_,VGND,li1,61.4100,108.8000,0.001367
_432_,VGND,li1,128.1100,70.7200,0.001020
_431_,VGND,li1,129.0300,81.6000,0.001415
_430_,VGND,li1,112.0100,108.8000,0.002122
_429_,VGND,li1,107.1800,119.6800,0.001379
_428_,VGND,li1,132.7100,87.0400,0.001068
_427_,VGND,li1,125.3500,87.0400,0.001056
_426_,VGND,li1,115.2300,81.6000,0.001383
_425_,VGND,li1,133.1700,87.0400,0.001071
_424_,VGND,li1,129.0300,87.0400,0.001065
_423_,VGND,li1,127.4200,81.6000,0.001415
_422_,VGND,li1,126.7300,70.7200,0.001018
_421_,VGND,li1,124.6600,70.7200,0.001013
_420_,VGND,li1,119.8300,65.2800,0.000670
_419_,VGND,li1,111.5500,54.4000,0.001320
_418_,VGND,li1,122.5900,76.1600,0.001364
_417_,VGND,li1,124.4300,76.1600,0.001367
_416_,VGND,li1,123.5100,70.7200,0.001013
_415_,VGND,li1,110.6300,76.1600,0.001344
_414_,VGND,li1,111.5500,76.1600,0.001344
_413_,VGND,li1,114.7700,81.6000,0.001383
_412_,VGND,li1,118.4500,81.6000,0.001388
_411_,VGND,li1,107.8700,76.1600,0.001337
_410_,VGND,li1,116.1500,76.1600,0.001357
_409_,VGND,li1,107.6400,70.7200,0.000970
_408_,VGND,li1,110.1700,54.4000,0.001313
_407_,VGND,li1,114.7700,54.4000,0.001328
_406_,VGND,li1,109.2500,54.4000,0.001313
_405_,VGND,li1,142.8300,81.6000,0.001434
_404_,VGND,li1,106.0300,125.1200,0.001126
_403_,VGND,li1,103.5000,119.6800,0.001344
_402_,VGND,li1,107.8700,125.1200,0.001130
_401_,VGND,li1,106.0300,125.1200,0.001126
_400_,VGND,li1,100.5100,119.6800,0.001321
_399_,VGND,li1,85.3300,125.1200,0.001020
_398_,VGND,li1,103.7300,125.1200,0.001117
_397_,VGND,li1,97.7500,136.0000,0.001771
_396_,VGND,li1,102.8100,125.1200,0.001117
_395_,VGND,li1,101.4300,125.1200,0.001107
_394_,VGND,li1,95.4500,130.5600,0.001182
_393_,VGND,li1,106.9500,119.6800,0.001364
_392_,VGND,li1,97.7500,114.2400,0.001387
_391_,VGND,li1,124.4300,114.2400,0.001538
_390_,VGND,li1,117.5300,114.2400,0.001512
_389_,VGND,li1,101.8900,114.2400,0.001407
_388_,VGND,li1,96.3700,119.6800,0.001279
_387_,VGND,li1,94.5300,119.6800,0.001259
_386_,VGND,li1,92.6900,119.6800,0.001223
_385_,VGND,li1,89.4700,136.0000,0.001620
_384_,VGND,li1,100.0500,136.0000,0.001806
_383_,VGND,li1,96.6000,136.0000,0.001733
_382_,VGND,li1,92.2300,141.4400,0.000959
_381_,VGND,li1,94.0700,141.4400,0.000990
_380_,VGND,li1,103.7300,141.4400,0.001077
_379_,VGND,li1,103.0400,146.8800,0.000126
_378_,VGND,li1,133.8600,54.4000,0.001371
_377_,VGND,li1,136.6200,48.9600,0.001583
_376_,VGND,li1,135.7000,48.9600,0.001583
_375_,VGND,li1,136.3900,43.5200,0.001170
_374_,VGND,li1,127.1900,43.5200,0.001136
_373_,VGND,li1,132.9400,43.5200,0.001160
_372_,VGND,li1,134.0900,38.0800,0.000393
_371_,VGND,li1,129.9500,43.5200,0.001143
_370_,VGND,li1,136.6200,43.5200,0.001170
_369_,VGND,li1,139.1500,43.5200,0.001172
_368_,VGND,li1,133.8600,43.5200,0.001160
_367_,VGND,li1,139.8400,48.9600,0.001586
_366_,VGND,li1,133.6300,48.9600,0.001576
_365_,VGND,li1,138.4600,54.4000,0.001377
_364_,VGND,li1,141.9100,54.4000,0.001379
_363_,VGND,li1,137.5400,59.8400,0.000773
_362_,VGND,li1,135.2400,59.8400,0.000770
_361_,VGND,li1,132.2500,70.7200,0.001024
_360_,VGND,li1,136.3900,65.2800,0.000671
_359_,VGND,li1,136.3900,54.4000,0.001374
_358_,VGND,li1,130.6400,43.5200,0.001151
_357_,VGND,li1,129.0300,48.9600,0.001554
_356_,VGND,li1,125.8100,54.4000,0.001350
_355_,VGND,li1,124.6600,43.5200,0.001125
_354_,VGND,li1,123.5100,43.5200,0.001125
_353_,VGND,li1,121.6700,48.9600,0.001531
_352_,VGND,li1,126.5000,43.5200,0.001136
_351_,VGND,li1,123.9700,59.8400,0.000758
_350_,VGND,li1,127.6500,54.4000,0.001357
_349_,VGND,li1,127.1900,65.2800,0.000671
_348_,VGND,li1,133.1700,59.8400,0.000768
_347_,VGND,li1,131.3300,59.8400,0.000766
_346_,VGND,li1,133.1700,59.8400,0.000768
_345_,VGND,li1,137.7700,70.7200,0.001026
_344_,VGND,li1,132.7100,136.0000,0.002091
_343_,VGND,li1,126.9600,136.0000,0.002077
_342_,VGND,li1,123.7400,136.0000,0.002057
_341_,VGND,li1,116.8400,141.4400,0.001141
_340_,VGND,li1,112.9300,141.4400,0.001131
_339_,VGND,li1,113.1600,141.4400,0.001131
_338_,VGND,li1,115.9200,141.4400,0.001141
_337_,VGND,li1,110.4000,141.4400,0.001111
_336_,VGND,li1,120.0600,141.4400,0.001144
_335_,VGND,li1,118.2200,136.0000,0.002030
_334_,VGND,li1,126.9600,136.0000,0.002077
_333_,VGND,li1,122.3600,136.0000,0.002057
_332_,VGND,li1,130.1800,136.0000,0.002086
_331_,VGND,li1,126.9600,130.5600,0.001408
_330_,VGND,li1,129.2600,130.5600,0.001415
_329_,VGND,li1,130.4100,119.6800,0.001527
_328_,VGND,li1,123.5100,130.5600,0.001403
_327_,VGND,li1,125.3500,130.5600,0.001408
_326_,VGND,li1,115.9200,136.0000,0.002009
_325_,VGND,li1,116.6100,130.5600,0.001364
_324_,VGND,li1,116.1500,130.5600,0.001364
_323_,VGND,li1,113.1600,136.0000,0.001987
_322_,VGND,li1,106.9500,141.4400,0.001100
_321_,VGND,li1,109.2500,136.0000,0.001933
_320_,VGND,li1,111.5500,136.0000,0.001965
_319_,VGND,li1,112.0100,130.5600,0.001336
_318_,VGND,li1,117.9900,130.5600,0.001374
_317_,VGND,li1,118.9100,125.1200,0.001152
_316_,VGND,li1,126.7300,130.5600,0.001408
_315_,VGND,li1,123.5100,130.5600,0.001403
_314_,VGND,li1,128.1100,119.6800,0.001518
_313_,VGND,li1,141.9100,48.9600,0.001586
_312_,VGND,li1,119.3700,141.4400,0.001142
_311_,VGND,li1,117.9900,141.4400,0.001142
_310_,VGND,li1,120.7500,141.4400,0.001144
_309_,VGND,li1,125.3500,141.4400,0.001144
_308_,VGND,li1,139.6100,136.0000,0.002097
_307_,VGND,li1,104.6500,136.0000,0.001873
_306_,VGND,li1,98.6700,136.0000,0.001771
_305_,VGND,li1,109.7100,125.1200,0.001134
