Instance,Terminal,Layer,X location,Y location,Voltage
FILLER_50_301,VPWR,li1,144.2100,149.6000,1.799892
FILLER_50_293,VPWR,li1,142.1400,149.6000,1.799892
FILLER_50_281,VPWR,li1,137.5400,149.6000,1.799892
FILLER_50_277,VPWR,li1,133.6300,149.6000,1.799892
FILLER_50_265,VPWR,li1,130.1800,149.6000,1.799892
FILLER_50_261,VPWR,li1,125.8100,149.6000,1.799892
FILLER_50_253,VPWR,li1,123.7400,149.6000,1.799892
FILLER_50_251,VPWR,li1,121.2100,149.6000,1.799892
FILLER_50_244,VPWR,li1,118.6800,149.6000,1.799892
FILLER_50_237,VPWR,li1,115.4600,149.6000,1.799892
FILLER_50_233,VPWR,li1,112.9300,149.6000,1.799892
FILLER_50_225,VPWR,li1,110.8600,149.6000,1.799893
FILLER_50_216,VPWR,li1,105.8000,149.6000,1.799895
FILLER_50_209,VPWR,li1,102.5800,149.6000,1.799898
FILLER_50_197,VPWR,li1,98.9000,149.6000,1.799902
FILLER_50_193,VPWR,li1,94.9900,149.6000,1.799907
FILLER_50_181,VPWR,li1,91.5400,149.6000,1.799911
FILLER_50_169,VPWR,li1,86.0200,149.6000,1.799917
FILLER_50_165,VPWR,li1,82.1100,149.6000,1.799921
FILLER_50_153,VPWR,li1,78.6600,149.6000,1.799925
FILLER_50_147,VPWR,li1,73.8300,149.6000,1.799932
FILLER_50_141,VPWR,li1,70.8400,149.6000,1.799934
FILLER_50_139,VPWR,li1,69.6900,149.6000,1.799936
FILLER_50_133,VPWR,li1,68.0800,149.6000,1.799936
FILLER_50_125,VPWR,li1,63.9400,149.6000,1.799941
FILLER_50_113,VPWR,li1,60.2600,149.6000,1.799945
FILLER_50_109,VPWR,li1,56.3500,149.6000,1.799950
FILLER_50_97,VPWR,li1,52.9000,149.6000,1.799953
FILLER_50_85,VPWR,li1,47.3800,149.6000,1.799960
FILLER_50_81,VPWR,li1,43.4700,149.6000,1.799964
FILLER_50_69,VPWR,li1,40.0200,149.6000,1.799968
FILLER_50_57,VPWR,li1,34.5000,149.6000,1.799974
FILLER_50_53,VPWR,li1,30.5900,149.6000,1.799979
FILLER_50_41,VPWR,li1,27.1400,149.6000,1.799983
FILLER_50_29,VPWR,li1,21.6200,149.6000,1.799989
FILLER_50_27,VPWR,li1,18.1700,149.6000,1.799989
FILLER_50_15,VPWR,li1,15.1800,149.6000,1.799989
FILLER_50_3,VPWR,li1,9.6600,149.6000,1.799989
FILLER_49_301,VPWR,li1,144.2100,144.1600,1.799652
FILLER_49_293,VPWR,li1,142.1400,144.1600,1.799652
FILLER_49_281,VPWR,li1,137.5400,144.1600,1.799652
FILLER_49_279,VPWR,li1,134.0900,144.1600,1.799652
FILLER_49_273,VPWR,li1,132.4800,144.1600,1.799652
FILLER_49_261,VPWR,li1,128.3400,144.1600,1.799652
FILLER_49_249,VPWR,li1,122.8200,144.1600,1.799652
FILLER_49_237,VPWR,li1,117.3000,144.1600,1.799652
FILLER_49_225,VPWR,li1,111.7800,144.1600,1.799658
FILLER_49_223,VPWR,li1,108.3300,144.1600,1.799662
FILLER_49_215,VPWR,li1,106.2600,144.1600,1.799665
FILLER_49_205,VPWR,li1,100.7400,144.1600,1.799674
FILLER_49_193,VPWR,li1,97.0600,144.1600,1.799688
FILLER_49_181,VPWR,li1,91.5400,144.1600,1.799703
FILLER_49_169,VPWR,li1,86.0200,144.1600,1.799721
FILLER_49_167,VPWR,li1,82.5700,144.1600,1.799738
FILLER_49_161,VPWR,li1,80.9600,144.1600,1.799738
FILLER_49_149,VPWR,li1,76.8200,144.1600,1.799757
FILLER_49_137,VPWR,li1,71.3000,144.1600,1.799772
FILLER_49_125,VPWR,li1,65.7800,144.1600,1.799794
FILLER_49_113,VPWR,li1,60.2600,144.1600,1.799810
FILLER_49_111,VPWR,li1,56.8100,144.1600,1.799828
FILLER_49_105,VPWR,li1,55.2000,144.1600,1.799828
FILLER_49_93,VPWR,li1,51.0600,144.1600,1.799844
FILLER_49_81,VPWR,li1,45.5400,144.1600,1.799870
FILLER_49_69,VPWR,li1,40.0200,144.1600,1.799887
FILLER_49_57,VPWR,li1,34.5000,144.1600,1.799908
FILLER_49_55,VPWR,li1,31.0500,144.1600,1.799926
FILLER_49_51,VPWR,li1,29.9000,144.1600,1.799926
FILLER_49_39,VPWR,li1,26.2200,144.1600,1.799940
FILLER_49_27,VPWR,li1,20.7000,144.1600,1.799961
FILLER_49_15,VPWR,li1,15.1800,144.1600,1.799961
FILLER_49_3,VPWR,li1,9.6600,144.1600,1.799961
FILLER_48_298,VPWR,li1,143.5200,144.1600,1.799652
FILLER_48_286,VPWR,li1,139.8400,144.1600,1.799652
FILLER_48_274,VPWR,li1,134.3200,144.1600,1.799652
FILLER_48_262,VPWR,li1,128.8000,144.1600,1.799652
FILLER_48_253,VPWR,li1,123.2800,144.1600,1.799652
FILLER_48_227,VPWR,li1,110.6300,144.1600,1.799658
FILLER_48_219,VPWR,li1,108.1000,144.1600,1.799662
FILLER_48_197,VPWR,li1,96.6000,144.1600,1.799688
FILLER_48_195,VPWR,li1,95.4500,144.1600,1.799694
FILLER_48_185,VPWR,li1,91.0800,144.1600,1.799703
FILLER_48_177,VPWR,li1,88.7800,144.1600,1.799711
FILLER_48_165,VPWR,li1,84.1800,144.1600,1.799731
FILLER_48_153,VPWR,li1,78.6600,144.1600,1.799746
FILLER_48_141,VPWR,li1,73.1400,144.1600,1.799765
FILLER_48_139,VPWR,li1,69.6900,144.1600,1.799781
FILLER_48_135,VPWR,li1,68.5400,144.1600,1.799781
FILLER_48_123,VPWR,li1,64.8600,144.1600,1.799794
FILLER_48_97,VPWR,li1,51.5200,144.1600,1.799844
FILLER_48_85,VPWR,li1,47.3800,144.1600,1.799858
FILLER_48_83,VPWR,li1,43.9300,144.1600,1.799878
FILLER_48_77,VPWR,li1,42.3200,144.1600,1.799878
FILLER_48_65,VPWR,li1,38.1800,144.1600,1.799894
FILLER_48_53,VPWR,li1,32.6600,144.1600,1.799915
FILLER_48_41,VPWR,li1,27.1400,144.1600,1.799940
FILLER_48_29,VPWR,li1,21.6200,144.1600,1.799961
FILLER_48_27,VPWR,li1,18.1700,144.1600,1.799961
FILLER_48_15,VPWR,li1,15.1800,144.1600,1.799961
FILLER_48_3,VPWR,li1,9.6600,144.1600,1.799961
FILLER_47_301,VPWR,li1,144.2100,138.7200,1.798254
FILLER_47_293,VPWR,li1,142.1400,138.7200,1.798254
FILLER_47_281,VPWR,li1,137.5400,138.7200,1.798254
FILLER_47_276,VPWR,li1,133.4000,138.7200,1.798254
FILLER_47_264,VPWR,li1,129.7200,138.7200,1.798254
FILLER_47_252,VPWR,li1,124.2000,138.7200,1.798257
FILLER_47_225,VPWR,li1,109.2500,138.7200,1.798330
FILLER_47_215,VPWR,li1,104.8800,138.7200,1.798369
FILLER_47_169,VPWR,li1,83.9500,138.7200,1.798665
FILLER_47_167,VPWR,li1,82.5700,138.7200,1.798695
FILLER_47_161,VPWR,li1,80.9600,138.7200,1.798695
FILLER_47_149,VPWR,li1,76.8200,138.7200,1.798782
FILLER_47_128,VPWR,li1,64.6300,138.7200,1.798968
FILLER_47_122,VPWR,li1,63.0200,138.7200,1.799004
FILLER_47_111,VPWR,li1,56.8100,138.7200,1.799139
FILLER_47_105,VPWR,li1,55.2000,138.7200,1.799139
FILLER_47_93,VPWR,li1,51.0600,138.7200,1.799219
FILLER_47_81,VPWR,li1,45.5400,138.7200,1.799348
FILLER_47_69,VPWR,li1,40.0200,138.7200,1.799433
FILLER_47_57,VPWR,li1,34.5000,138.7200,1.799540
FILLER_47_55,VPWR,li1,31.0500,138.7200,1.799629
FILLER_47_51,VPWR,li1,29.9000,138.7200,1.799629
FILLER_47_39,VPWR,li1,26.2200,138.7200,1.799700
FILLER_47_27,VPWR,li1,20.7000,138.7200,1.799806
FILLER_47_15,VPWR,li1,15.1800,138.7200,1.799806
FILLER_47_3,VPWR,li1,9.6600,138.7200,1.799806
FILLER_46_291,VPWR,li1,141.2200,138.7200,1.798254
FILLER_46_279,VPWR,li1,136.6200,138.7200,1.798254
FILLER_46_267,VPWR,li1,131.1000,138.7200,1.798254
FILLER_46_251,VPWR,li1,121.2100,138.7200,1.798265
FILLER_46_247,VPWR,li1,120.0600,138.7200,1.798265
FILLER_46_229,VPWR,li1,111.3200,138.7200,1.798309
FILLER_46_221,VPWR,li1,107.4100,138.7200,1.798345
FILLER_46_217,VPWR,li1,106.2600,138.7200,1.798369
FILLER_46_213,VPWR,li1,103.7300,138.7200,1.798396
FILLER_46_207,VPWR,li1,102.1200,138.7200,1.798396
FILLER_46_195,VPWR,li1,95.4500,138.7200,1.798474
FILLER_46_174,VPWR,li1,86.2500,138.7200,1.798608
FILLER_46_162,VPWR,li1,82.8000,138.7200,1.798665
FILLER_46_150,VPWR,li1,77.2800,138.7200,1.798782
FILLER_46_132,VPWR,li1,68.0800,138.7200,1.798908
FILLER_46_103,VPWR,li1,53.1300,138.7200,1.799179
FILLER_46_97,VPWR,li1,51.5200,138.7200,1.799219
FILLER_46_85,VPWR,li1,47.3800,138.7200,1.799290
FILLER_46_83,VPWR,li1,43.9300,138.7200,1.799388
FILLER_46_77,VPWR,li1,42.3200,138.7200,1.799388
FILLER_46_65,VPWR,li1,38.1800,138.7200,1.799468
FILLER_46_53,VPWR,li1,32.6600,138.7200,1.799575
FILLER_46_41,VPWR,li1,27.1400,138.7200,1.799700
FILLER_46_29,VPWR,li1,21.6200,138.7200,1.799806
FILLER_46_27,VPWR,li1,18.1700,138.7200,1.799806
FILLER_46_15,VPWR,li1,15.1800,138.7200,1.799806
FILLER_46_3,VPWR,li1,9.6600,138.7200,1.799806
FILLER_45_297,VPWR,li1,142.3700,133.2800,1.798312
FILLER_45_293,VPWR,li1,141.2200,133.2800,1.798312
FILLER_45_289,VPWR,li1,138.6900,133.2800,1.798314
FILLER_45_281,VPWR,li1,136.6200,133.2800,1.798319
FILLER_45_279,VPWR,li1,134.0900,133.2800,1.798324
FILLER_45_257,VPWR,li1,124.4300,133.2800,1.798366
FILLER_45_245,VPWR,li1,119.6000,133.2800,1.798403
FILLER_45_233,VPWR,li1,115.4600,133.2800,1.798450
FILLER_45_225,VPWR,li1,109.7100,133.2800,1.798503
FILLER_45_216,VPWR,li1,106.7200,133.2800,1.798524
FILLER_45_204,VPWR,li1,102.1200,133.2800,1.798571
FILLER_45_184,VPWR,li1,90.6200,133.2800,1.798712
FILLER_45_169,VPWR,li1,86.0200,133.2800,1.798755
FILLER_45_166,VPWR,li1,82.3400,133.2800,1.798801
FILLER_45_140,VPWR,li1,70.1500,133.2800,1.798968
FILLER_45_134,VPWR,li1,68.5400,133.2800,1.798999
FILLER_45_122,VPWR,li1,64.4000,133.2800,1.799055
FILLER_45_100,VPWR,li1,54.2800,133.2800,1.799215
FILLER_45_88,VPWR,li1,48.7600,133.2800,1.799329
FILLER_45_63,VPWR,li1,34.7300,133.2800,1.799574
FILLER_45_57,VPWR,li1,33.1200,133.2800,1.799574
FILLER_45_55,VPWR,li1,31.0500,133.2800,1.799612
FILLER_45_47,VPWR,li1,28.9800,133.2800,1.799666
FILLER_45_38,VPWR,li1,23.2300,133.2800,1.799756
FILLER_45_30,VPWR,li1,21.1600,133.2800,1.799796
FILLER_45_18,VPWR,li1,16.5600,133.2800,1.799793
FILLER_45_6,VPWR,li1,11.0400,133.2800,1.799793
FILLER_44_301,VPWR,li1,144.2100,133.2800,1.798310
FILLER_44_279,VPWR,li1,134.3200,133.2800,1.798324
FILLER_44_271,VPWR,li1,132.0200,133.2800,1.798329
FILLER_44_260,VPWR,li1,125.3500,133.2800,1.798355
FILLER_44_251,VPWR,li1,121.2100,133.2800,1.798385
FILLER_44_243,VPWR,li1,119.1400,133.2800,1.798403
FILLER_44_239,VPWR,li1,115.6900,133.2800,1.798450
FILLER_44_233,VPWR,li1,114.0800,133.2800,1.798450
FILLER_44_221,VPWR,li1,109.9400,133.2800,1.798503
FILLER_44_209,VPWR,li1,104.4200,133.2800,1.798547
FILLER_44_197,VPWR,li1,98.9000,133.2800,1.798607
FILLER_44_195,VPWR,li1,95.4500,133.2800,1.798642
FILLER_44_183,VPWR,li1,92.4600,133.2800,1.798676
FILLER_44_171,VPWR,li1,86.9400,133.2800,1.798755
FILLER_44_141,VPWR,li1,71.0700,133.2800,1.798968
FILLER_44_124,VPWR,li1,64.4000,133.2800,1.799055
FILLER_44_105,VPWR,li1,54.5100,133.2800,1.799215
FILLER_44_97,VPWR,li1,51.9800,133.2800,1.799253
FILLER_44_85,VPWR,li1,47.3800,133.2800,1.799329
FILLER_44_80,VPWR,li1,43.2400,133.2800,1.799397
FILLER_44_65,VPWR,li1,36.8000,133.2800,1.799508
FILLER_44_53,VPWR,li1,32.6600,133.2800,1.799612
FILLER_44_27,VPWR,li1,18.1700,133.2800,1.799794
FILLER_44_15,VPWR,li1,13.3400,133.2800,1.799793
FILLER_44_3,VPWR,li1,9.6600,133.2800,1.799793
FILLER_43_301,VPWR,li1,144.2100,127.8400,1.798709
FILLER_43_293,VPWR,li1,142.1400,127.8400,1.798709
FILLER_43_281,VPWR,li1,137.5400,127.8400,1.798709
FILLER_43_277,VPWR,li1,133.6300,127.8400,1.798709
FILLER_43_265,VPWR,li1,130.1800,127.8400,1.798709
FILLER_43_246,VPWR,li1,120.5200,127.8400,1.798714
FILLER_43_223,VPWR,li1,108.3300,127.8400,1.798745
FILLER_43_211,VPWR,li1,105.3400,127.8400,1.798766
FILLER_43_199,VPWR,li1,99.8200,127.8400,1.798799
FILLER_43_173,VPWR,li1,85.3300,127.8400,1.798897
FILLER_43_169,VPWR,li1,84.1800,127.8400,1.798914
FILLER_43_162,VPWR,li1,81.4200,127.8400,1.798934
FILLER_43_151,VPWR,li1,75.4400,127.8400,1.798991
FILLER_43_122,VPWR,li1,62.5600,127.8400,1.799139
FILLER_43_101,VPWR,li1,52.4400,127.8400,1.799273
FILLER_43_93,VPWR,li1,50.1400,127.8400,1.799304
FILLER_43_68,VPWR,li1,37.0300,127.8400,1.799508
FILLER_43_57,VPWR,li1,32.2000,127.8400,1.799605
FILLER_43_52,VPWR,li1,30.3600,127.8400,1.799642
FILLER_43_25,VPWR,li1,17.4800,127.8400,1.799777
FILLER_43_11,VPWR,li1,10.8100,127.8400,1.799771
FILLER_43_3,VPWR,li1,8.7400,127.8400,1.799771
FILLER_42_301,VPWR,li1,144.2100,127.8400,1.798709
FILLER_42_289,VPWR,li1,141.2200,127.8400,1.798709
FILLER_42_277,VPWR,li1,135.7000,127.8400,1.798709
FILLER_42_265,VPWR,li1,130.1800,127.8400,1.798709
FILLER_42_253,VPWR,li1,124.6600,127.8400,1.798710
FILLER_42_248,VPWR,li1,120.5200,127.8400,1.798714
FILLER_42_236,VPWR,li1,116.8400,127.8400,1.798719
FILLER_42_224,VPWR,li1,111.3200,127.8400,1.798729
FILLER_42_220,VPWR,li1,106.9500,127.8400,1.798755
FILLER_42_206,VPWR,li1,101.2000,127.8400,1.798781
FILLER_42_195,VPWR,li1,95.4500,127.8400,1.798816
FILLER_42_169,VPWR,li1,83.4900,127.8400,1.798914
FILLER_42_163,VPWR,li1,81.8800,127.8400,1.798934
FILLER_42_141,VPWR,li1,70.6100,127.8400,1.799048
FILLER_42_129,VPWR,li1,65.3200,127.8400,1.799105
FILLER_42_88,VPWR,li1,46.9200,127.8400,1.799359
FILLER_42_50,VPWR,li1,29.4400,127.8400,1.799642
FILLER_42_27,VPWR,li1,18.1700,127.8400,1.799780
FILLER_42_21,VPWR,li1,16.5600,127.8400,1.799777
FILLER_42_3,VPWR,li1,7.3600,127.8400,1.799771
FILLER_41_301,VPWR,li1,144.2100,122.4000,1.798577
FILLER_41_297,VPWR,li1,143.0600,122.4000,1.798577
FILLER_41_281,VPWR,li1,136.6200,122.4000,1.798581
FILLER_41_277,VPWR,li1,133.6300,122.4000,1.798588
FILLER_41_265,VPWR,li1,130.1800,122.4000,1.798592
FILLER_41_253,VPWR,li1,124.6600,122.4000,1.798606
FILLER_41_228,VPWR,li1,113.1600,122.4000,1.798652
FILLER_41_222,VPWR,li1,108.1000,122.4000,1.798676
FILLER_41_213,VPWR,li1,103.9600,122.4000,1.798702
FILLER_41_204,VPWR,li1,100.0500,122.4000,1.798733
FILLER_41_192,VPWR,li1,96.6000,122.4000,1.798748
FILLER_41_169,VPWR,li1,83.7200,122.4000,1.798870
FILLER_41_165,VPWR,li1,82.1100,122.4000,1.798870
FILLER_41_145,VPWR,li1,73.1400,122.4000,1.798969
FILLER_41_92,VPWR,li1,48.7600,122.4000,1.799320
FILLER_41_73,VPWR,li1,39.5600,122.4000,1.799459
FILLER_41_55,VPWR,li1,31.0500,122.4000,1.799592
FILLER_41_43,VPWR,li1,28.0600,122.4000,1.799647
FILLER_41_30,VPWR,li1,20.2400,122.4000,1.799794
FILLER_41_3,VPWR,li1,7.3600,122.4000,1.799784
FILLER_40_299,VPWR,li1,143.7500,122.4000,1.798577
FILLER_40_273,VPWR,li1,132.4800,122.4000,1.798588
FILLER_40_259,VPWR,li1,124.8900,122.4000,1.798606
FILLER_40_253,VPWR,li1,123.2800,122.4000,1.798616
FILLER_40_248,VPWR,li1,120.5200,122.4000,1.798625
FILLER_40_236,VPWR,li1,116.8400,122.4000,1.798635
FILLER_40_224,VPWR,li1,111.3200,122.4000,1.798661
FILLER_40_197,VPWR,li1,98.9000,122.4000,1.798733
FILLER_40_187,VPWR,li1,91.7700,122.4000,1.798782
FILLER_40_174,VPWR,li1,86.4800,122.4000,1.798837
FILLER_40_162,VPWR,li1,82.8000,122.4000,1.798870
FILLER_40_134,VPWR,li1,68.5400,122.4000,1.799027
FILLER_40_122,VPWR,li1,64.4000,122.4000,1.799079
FILLER_40_97,VPWR,li1,51.9800,122.4000,1.799249
FILLER_40_85,VPWR,li1,47.3800,122.4000,1.799320
FILLER_40_76,VPWR,li1,42.3200,122.4000,1.799403
FILLER_40_49,VPWR,li1,28.7500,122.4000,1.799647
FILLER_40_37,VPWR,li1,25.3000,122.4000,1.799699
FILLER_40_27,VPWR,li1,18.1700,122.4000,1.799790
FILLER_40_15,VPWR,li1,15.1800,122.4000,1.799788
FILLER_40_3,VPWR,li1,9.6600,122.4000,1.799784
FILLER_39_278,VPWR,li1,133.8600,116.9600,1.798315
FILLER_39_216,VPWR,li1,105.3400,116.9600,1.798462
FILLER_39_208,VPWR,li1,103.0400,116.9600,1.798480
FILLER_39_181,VPWR,li1,89.0100,116.9600,1.798639
FILLER_39_169,VPWR,li1,86.0200,116.9600,1.798684
FILLER_39_166,VPWR,li1,82.3400,116.9600,1.798735
FILLER_39_158,VPWR,li1,80.0400,116.9600,1.798789
FILLER_39_146,VPWR,li1,75.4400,116.9600,1.798836
FILLER_39_134,VPWR,li1,69.9200,116.9600,1.798930
FILLER_39_122,VPWR,li1,64.4000,116.9600,1.798999
FILLER_39_113,VPWR,li1,57.7300,116.9600,1.799116
FILLER_39_111,VPWR,li1,56.8100,116.9600,1.799116
FILLER_39_101,VPWR,li1,52.4400,116.9600,1.799187
FILLER_39_93,VPWR,li1,50.1400,116.9600,1.799226
FILLER_39_69,VPWR,li1,37.9500,116.9600,1.799445
FILLER_39_57,VPWR,li1,34.5000,116.9600,1.799512
FILLER_39_53,VPWR,li1,30.5900,116.9600,1.799606
FILLER_39_45,VPWR,li1,28.0600,116.9600,1.799644
FILLER_39_35,VPWR,li1,22.0800,116.9600,1.799774
FILLER_39_27,VPWR,li1,19.7800,116.9600,1.799772
FILLER_39_15,VPWR,li1,13.3400,116.9600,1.799770
FILLER_39_3,VPWR,li1,9.6600,116.9600,1.799770
FILLER_38_301,VPWR,li1,144.2100,116.9600,1.798300
FILLER_38_280,VPWR,li1,134.5500,116.9600,1.798315
FILLER_38_274,VPWR,li1,132.9400,116.9600,1.798315
FILLER_38_262,VPWR,li1,128.8000,116.9600,1.798325
FILLER_38_253,VPWR,li1,122.3600,116.9600,1.798349
FILLER_38_251,VPWR,li1,121.2100,116.9600,1.798362
FILLER_38_247,VPWR,li1,120.0600,116.9600,1.798362
FILLER_38_239,VPWR,li1,115.6900,116.9600,1.798389
FILLER_38_231,VPWR,li1,113.6200,116.9600,1.798402
FILLER_38_223,VPWR,li1,108.5600,116.9600,1.798448
FILLER_38_211,VPWR,li1,105.3400,116.9600,1.798462
FILLER_38_195,VPWR,li1,95.4500,116.9600,1.798554
FILLER_38_169,VPWR,li1,83.4900,116.9600,1.798735
FILLER_38_165,VPWR,li1,82.3400,116.9600,1.798735
FILLER_38_153,VPWR,li1,78.6600,116.9600,1.798789
FILLER_38_141,VPWR,li1,73.1400,116.9600,1.798870
FILLER_38_136,VPWR,li1,69.0000,116.9600,1.798930
FILLER_38_93,VPWR,li1,50.1400,116.9600,1.799226
FILLER_38_80,VPWR,li1,43.2400,116.9600,1.799343
FILLER_38_50,VPWR,li1,29.9000,116.9600,1.799606
FILLER_38_27,VPWR,li1,18.1700,116.9600,1.799772
FILLER_38_21,VPWR,li1,16.5600,116.9600,1.799770
FILLER_38_11,VPWR,li1,10.8100,116.9600,1.799770
FILLER_38_3,VPWR,li1,8.7400,116.9600,1.799770
FILLER_37_301,VPWR,li1,144.2100,111.5200,1.798358
FILLER_37_279,VPWR,li1,134.0900,111.5200,1.798360
FILLER_37_271,VPWR,li1,132.0200,111.5200,1.798360
FILLER_37_249,VPWR,li1,120.7500,111.5200,1.798380
FILLER_37_237,VPWR,li1,117.3000,111.5200,1.798390
FILLER_37_225,VPWR,li1,111.7800,111.5200,1.798412
FILLER_37_220,VPWR,li1,107.6400,111.5200,1.798431
FILLER_37_208,VPWR,li1,103.9600,111.5200,1.798448
FILLER_37_169,VPWR,li1,83.4900,111.5200,1.798620
FILLER_37_159,VPWR,li1,78.8900,111.5200,1.798672
FILLER_37_153,VPWR,li1,77.2800,111.5200,1.798714
FILLER_37_141,VPWR,li1,71.3000,111.5200,1.798792
FILLER_37_129,VPWR,li1,67.6200,111.5200,1.798829
FILLER_37_57,VPWR,li1,31.9700,111.5200,1.799490
FILLER_37_55,VPWR,li1,31.0500,111.5200,1.799537
FILLER_37_51,VPWR,li1,29.9000,111.5200,1.799537
FILLER_37_25,VPWR,li1,17.2500,111.5200,1.799733
FILLER_37_21,VPWR,li1,16.1000,111.5200,1.799733
FILLER_37_3,VPWR,li1,7.3600,111.5200,1.799728
FILLER_36_301,VPWR,li1,144.2100,111.5200,1.798358
FILLER_36_289,VPWR,li1,141.2200,111.5200,1.798358
FILLER_36_277,VPWR,li1,135.7000,111.5200,1.798360
FILLER_36_253,VPWR,li1,122.8200,111.5200,1.798374
FILLER_36_243,VPWR,li1,117.7600,111.5200,1.798390
FILLER_36_231,VPWR,li1,114.5400,111.5200,1.798401
FILLER_36_210,VPWR,li1,102.3500,111.5200,1.798462
FILLER_36_206,VPWR,li1,101.2000,111.5200,1.798462
FILLER_36_184,VPWR,li1,90.3900,111.5200,1.798549
FILLER_36_180,VPWR,li1,89.2400,111.5200,1.798549
FILLER_36_145,VPWR,li1,72.4500,111.5200,1.798759
FILLER_36_141,VPWR,li1,71.3000,111.5200,1.798792
FILLER_36_94,VPWR,li1,48.9900,111.5200,1.799139
FILLER_36_66,VPWR,li1,36.3400,111.5200,1.799395
FILLER_36_49,VPWR,li1,28.2900,111.5200,1.799606
FILLER_36_45,VPWR,li1,27.1400,111.5200,1.799606
FILLER_36_27,VPWR,li1,18.1700,111.5200,1.799735
FILLER_36_21,VPWR,li1,16.5600,111.5200,1.799733
FILLER_36_3,VPWR,li1,7.3600,111.5200,1.799728
FILLER_35_301,VPWR,li1,144.2100,106.0800,1.797949
FILLER_35_295,VPWR,li1,141.6800,106.0800,1.797949
FILLER_35_281,VPWR,li1,136.1600,106.0800,1.797951
FILLER_35_278,VPWR,li1,133.8600,106.0800,1.797953
FILLER_35_270,VPWR,li1,131.5600,106.0800,1.797955
FILLER_35_235,VPWR,li1,113.8500,106.0800,1.798017
FILLER_35_225,VPWR,li1,109.7100,106.0800,1.798045
FILLER_35_223,VPWR,li1,108.3300,106.0800,1.798045
FILLER_35_197,VPWR,li1,97.5200,106.0800,1.798123
FILLER_35_178,VPWR,li1,87.6300,106.0800,1.798210
FILLER_35_165,VPWR,li1,82.1100,106.0800,1.798265
FILLER_35_124,VPWR,li1,63.4800,106.0800,1.798517
FILLER_35_91,VPWR,li1,47.6100,106.0800,1.798860
FILLER_35_57,VPWR,li1,31.9700,106.0800,1.799299
FILLER_35_55,VPWR,li1,31.0500,106.0800,1.799299
FILLER_35_47,VPWR,li1,28.9800,106.0800,1.799383
FILLER_35_11,VPWR,li1,11.0400,106.0800,1.799635
FILLER_35_3,VPWR,li1,8.7400,106.0800,1.799635
FILLER_34_301,VPWR,li1,144.2100,106.0800,1.797949
FILLER_34_253,VPWR,li1,122.8200,106.0800,1.797982
FILLER_34_241,VPWR,li1,116.8400,106.0800,1.798003
FILLER_34_217,VPWR,li1,106.2600,106.0800,1.798056
FILLER_34_188,VPWR,li1,93.8400,106.0800,1.798140
FILLER_34_175,VPWR,li1,86.9400,106.0800,1.798210
FILLER_34_141,VPWR,li1,70.6100,106.0800,1.798419
FILLER_34_130,VPWR,li1,65.5500,106.0800,1.798486
FILLER_34_126,VPWR,li1,64.4000,106.0800,1.798517
FILLER_34_101,VPWR,li1,52.2100,106.0800,1.798738
FILLER_34_97,VPWR,li1,51.0600,106.0800,1.798796
FILLER_34_85,VPWR,li1,47.3800,106.0800,1.798860
FILLER_34_82,VPWR,li1,43.7000,106.0800,1.798954
FILLER_34_72,VPWR,li1,38.8700,106.0800,1.799123
FILLER_34_66,VPWR,li1,37.2600,106.0800,1.799123
FILLER_34_43,VPWR,li1,25.5300,106.0800,1.799531
FILLER_34_37,VPWR,li1,23.9200,106.0800,1.799531
FILLER_34_19,VPWR,li1,14.4900,106.0800,1.799635
FILLER_34_15,VPWR,li1,13.3400,106.0800,1.799635
FILLER_34_3,VPWR,li1,9.6600,106.0800,1.799635
FILLER_33_301,VPWR,li1,144.2100,100.6400,1.799277
FILLER_33_293,VPWR,li1,140.7600,100.6400,1.799277
FILLER_33_281,VPWR,li1,137.5400,100.6400,1.799278
FILLER_33_278,VPWR,li1,133.8600,100.6400,1.799281
FILLER_33_271,VPWR,li1,130.8700,100.6400,1.799285
FILLER_33_259,VPWR,li1,127.4200,100.6400,1.799287
FILLER_33_237,VPWR,li1,115.0000,100.6400,1.799306
FILLER_33_225,VPWR,li1,111.7800,100.6400,1.799313
FILLER_33_221,VPWR,li1,107.8700,100.6400,1.799321
FILLER_33_209,VPWR,li1,104.4200,100.6400,1.799330
FILLER_33_197,VPWR,li1,98.9000,100.6400,1.799347
FILLER_33_187,VPWR,li1,91.7700,100.6400,1.799366
FILLER_33_181,VPWR,li1,90.1600,100.6400,1.799376
FILLER_33_169,VPWR,li1,86.0200,100.6400,1.799388
FILLER_33_167,VPWR,li1,82.5700,100.6400,1.799402
FILLER_33_155,VPWR,li1,79.5800,100.6400,1.799417
FILLER_33_129,VPWR,li1,65.3200,100.6400,1.799482
FILLER_33_104,VPWR,li1,53.5900,100.6400,1.799550
FILLER_33_93,VPWR,li1,48.9900,100.6400,1.799585
FILLER_33_85,VPWR,li1,46.4600,100.6400,1.799608
FILLER_33_68,VPWR,li1,38.1800,100.6400,1.799673
FILLER_33_55,VPWR,li1,31.0500,100.6400,1.799742
FILLER_33_29,VPWR,li1,19.0900,100.6400,1.799844
FILLER_33_25,VPWR,li1,17.9400,100.6400,1.799844
FILLER_33_15,VPWR,li1,12.6500,100.6400,1.799838
FILLER_33_3,VPWR,li1,9.6600,100.6400,1.799838
FILLER_32_300,VPWR,li1,143.9800,100.6400,1.799277
FILLER_32_265,VPWR,li1,129.2600,100.6400,1.799285
FILLER_32_253,VPWR,li1,124.6600,100.6400,1.799290
FILLER_32_251,VPWR,li1,121.2100,100.6400,1.799296
FILLER_32_239,VPWR,li1,118.2200,100.6400,1.799299
FILLER_32_227,VPWR,li1,112.7000,100.6400,1.799313
FILLER_32_217,VPWR,li1,105.8000,100.6400,1.799330
FILLER_32_205,VPWR,li1,102.5800,100.6400,1.799335
FILLER_32_194,VPWR,li1,95.2200,100.6400,1.799358
FILLER_32_165,VPWR,li1,84.1800,100.6400,1.799402
FILLER_32_153,VPWR,li1,78.6600,100.6400,1.799417
FILLER_32_141,VPWR,li1,73.1400,100.6400,1.799440
FILLER_32_134,VPWR,li1,68.5400,100.6400,1.799460
FILLER_32_122,VPWR,li1,64.4000,100.6400,1.799482
FILLER_32_101,VPWR,li1,52.2100,100.6400,1.799565
FILLER_32_91,VPWR,li1,47.6100,100.6400,1.799608
FILLER_32_85,VPWR,li1,46.0000,100.6400,1.799608
FILLER_32_74,VPWR,li1,39.7900,100.6400,1.799673
FILLER_32_25,VPWR,li1,17.7100,100.6400,1.799844
FILLER_32_3,VPWR,li1,8.2800,100.6400,1.799838
FILLER_31_279,VPWR,li1,134.0900,95.2000,1.799005
FILLER_31_273,VPWR,li1,132.4800,95.2000,1.799005
FILLER_31_261,VPWR,li1,128.3400,95.2000,1.799012
FILLER_31_237,VPWR,li1,115.4600,95.2000,1.799036
FILLER_31_225,VPWR,li1,111.7800,95.2000,1.799046
FILLER_31_223,VPWR,li1,108.3300,95.2000,1.799054
FILLER_31_219,VPWR,li1,107.1800,95.2000,1.799059
FILLER_31_196,VPWR,li1,96.3700,95.2000,1.799095
FILLER_31_169,VPWR,li1,83.7200,95.2000,1.799163
FILLER_31_167,VPWR,li1,82.5700,95.2000,1.799177
FILLER_31_155,VPWR,li1,79.5800,95.2000,1.799193
FILLER_31_146,VPWR,li1,72.9100,95.2000,1.799240
FILLER_31_134,VPWR,li1,68.0800,95.2000,1.799276
FILLER_31_122,VPWR,li1,64.4000,95.2000,1.799307
FILLER_31_57,VPWR,li1,32.2000,95.2000,1.799676
FILLER_31_30,VPWR,li1,19.7800,95.2000,1.799820
FILLER_31_3,VPWR,li1,7.3600,95.2000,1.799811
FILLER_30_299,VPWR,li1,143.7500,95.2000,1.798998
FILLER_30_291,VPWR,li1,141.2200,95.2000,1.798998
FILLER_30_265,VPWR,li1,128.8000,95.2000,1.799012
FILLER_30_253,VPWR,li1,124.6600,95.2000,1.799018
FILLER_30_229,VPWR,li1,111.5500,95.2000,1.799046
FILLER_30_205,VPWR,li1,100.7400,95.2000,1.799075
FILLER_30_190,VPWR,li1,94.3000,95.2000,1.799105
FILLER_30_163,VPWR,li1,80.9600,95.2000,1.799177
FILLER_30_154,VPWR,li1,76.5900,95.2000,1.799220
FILLER_30_150,VPWR,li1,75.4400,95.2000,1.799220
FILLER_30_134,VPWR,li1,68.5400,95.2000,1.799276
FILLER_30_122,VPWR,li1,64.4000,95.2000,1.799307
FILLER_30_110,VPWR,li1,58.8800,95.2000,1.799368
FILLER_30_85,VPWR,li1,45.5400,95.2000,1.799503
FILLER_30_57,VPWR,li1,32.2000,95.2000,1.799676
FILLER_30_45,VPWR,li1,28.9800,95.2000,1.799713
FILLER_30_35,VPWR,li1,21.8500,95.2000,1.799823
FILLER_30_29,VPWR,li1,20.2400,95.2000,1.799820
FILLER_30_22,VPWR,li1,17.0200,95.2000,1.799817
FILLER_30_10,VPWR,li1,12.8800,95.2000,1.799811
FILLER_29_293,VPWR,li1,141.6800,89.7600,1.798963
FILLER_29_281,VPWR,li1,137.5400,89.7600,1.798963
FILLER_29_279,VPWR,li1,134.0900,89.7600,1.798964
FILLER_29_273,VPWR,li1,132.4800,89.7600,1.798966
FILLER_29_261,VPWR,li1,128.3400,89.7600,1.798971
FILLER_29_249,VPWR,li1,122.8200,89.7600,1.798983
FILLER_29_237,VPWR,li1,117.3000,89.7600,1.798996
FILLER_29_225,VPWR,li1,111.7800,89.7600,1.799011
FILLER_29_177,VPWR,li1,87.4000,89.7600,1.799125
FILLER_29_169,VPWR,li1,85.1000,89.7600,1.799149
FILLER_29_165,VPWR,li1,82.1100,89.7600,1.799164
FILLER_29_125,VPWR,li1,64.4000,89.7600,1.799327
FILLER_29_113,VPWR,li1,60.2600,89.7600,1.799374
FILLER_29_110,VPWR,li1,56.5800,89.7600,1.799415
FILLER_29_102,VPWR,li1,54.2800,89.7600,1.799457
FILLER_29_90,VPWR,li1,49.6800,89.7600,1.799493
FILLER_29_78,VPWR,li1,42.3200,89.7600,1.799577
FILLER_29_57,VPWR,li1,34.5000,89.7600,1.799677
FILLER_29_55,VPWR,li1,31.0500,89.7600,1.799734
FILLER_29_49,VPWR,li1,29.4400,89.7600,1.799734
FILLER_29_29,VPWR,li1,19.5500,89.7600,1.799830
FILLER_29_11,VPWR,li1,10.8100,89.7600,1.799819
FILLER_29_3,VPWR,li1,8.7400,89.7600,1.799819
FILLER_28_300,VPWR,li1,143.9800,89.7600,1.798963
FILLER_28_293,VPWR,li1,140.5300,89.7600,1.798963
FILLER_28_281,VPWR,li1,137.5400,89.7600,1.798963
FILLER_28_272,VPWR,li1,131.1000,89.7600,1.798966
FILLER_28_264,VPWR,li1,127.1900,89.7600,1.798971
FILLER_28_253,VPWR,li1,122.8200,89.7600,1.798983
FILLER_28_206,VPWR,li1,101.6600,89.7600,1.799048
FILLER_28_195,VPWR,li1,95.4500,89.7600,1.799077
FILLER_28_191,VPWR,li1,94.3000,89.7600,1.799091
FILLER_28_145,VPWR,li1,72.4500,89.7600,1.799245
FILLER_28_141,VPWR,li1,71.3000,89.7600,1.799268
FILLER_28_123,VPWR,li1,62.3300,89.7600,1.799351
FILLER_28_109,VPWR,li1,57.5000,89.7600,1.799415
FILLER_28_97,VPWR,li1,52.9000,89.7600,1.799457
FILLER_28_85,VPWR,li1,47.3800,89.7600,1.799519
FILLER_28_83,VPWR,li1,43.9300,89.7600,1.799577
FILLER_28_77,VPWR,li1,42.3200,89.7600,1.799577
FILLER_28_66,VPWR,li1,36.5700,89.7600,1.799646
FILLER_28_58,VPWR,li1,34.0400,89.7600,1.799677
FILLER_28_25,VPWR,li1,17.7100,89.7600,1.799825
FILLER_28_3,VPWR,li1,7.3600,89.7600,1.799819
FILLER_27_279,VPWR,li1,134.0900,84.3200,1.799001
FILLER_27_262,VPWR,li1,128.8000,84.3200,1.799005
FILLER_27_250,VPWR,li1,123.2800,84.3200,1.799015
FILLER_27_229,VPWR,li1,111.0900,84.3200,1.799045
FILLER_27_225,VPWR,li1,109.9400,84.3200,1.799045
FILLER_27_222,VPWR,li1,108.1000,84.3200,1.799051
FILLER_27_210,VPWR,li1,104.8800,84.3200,1.799064
FILLER_27_198,VPWR,li1,99.3600,84.3200,1.799084
FILLER_27_181,VPWR,li1,90.6200,84.3200,1.799130
FILLER_27_169,VPWR,li1,86.0200,84.3200,1.799154
FILLER_27_165,VPWR,li1,82.1100,84.3200,1.799174
FILLER_27_129,VPWR,li1,65.7800,84.3200,1.799296
FILLER_27_87,VPWR,li1,47.3800,84.3200,1.799474
FILLER_27_69,VPWR,li1,37.4900,84.3200,1.799598
FILLER_27_57,VPWR,li1,34.5000,84.3200,1.799639
FILLER_27_55,VPWR,li1,31.0500,84.3200,1.799700
FILLER_27_29,VPWR,li1,19.0900,84.3200,1.799813
FILLER_27_3,VPWR,li1,7.3600,84.3200,1.799803
FILLER_26_301,VPWR,li1,144.2100,84.3200,1.798995
FILLER_26_279,VPWR,li1,134.3200,84.3200,1.799001
FILLER_26_250,VPWR,li1,120.9800,84.3200,1.799019
FILLER_26_242,VPWR,li1,118.6800,84.3200,1.799022
FILLER_26_232,VPWR,li1,112.9300,84.3200,1.799036
FILLER_26_224,VPWR,li1,110.4000,84.3200,1.799045
FILLER_26_203,VPWR,li1,99.1300,84.3200,1.799084
FILLER_26_197,VPWR,li1,97.5200,84.3200,1.799097
FILLER_26_186,VPWR,li1,91.3100,84.3200,1.799130
FILLER_26_180,VPWR,li1,89.7000,84.3200,1.799130
FILLER_26_168,VPWR,li1,85.5600,84.3200,1.799154
FILLER_26_156,VPWR,li1,80.0400,84.3200,1.799186
FILLER_26_141,VPWR,li1,71.7600,84.3200,1.799252
FILLER_26_134,VPWR,li1,68.5400,84.3200,1.799267
FILLER_26_85,VPWR,li1,45.3100,84.3200,1.799500
FILLER_26_83,VPWR,li1,43.9300,84.3200,1.799530
FILLER_26_79,VPWR,li1,42.7800,84.3200,1.799530
FILLER_26_53,VPWR,li1,30.1300,84.3200,1.799700
FILLER_26_45,VPWR,li1,28.0600,84.3200,1.799729
FILLER_26_20,VPWR,li1,16.5600,84.3200,1.799810
FILLER_26_3,VPWR,li1,8.7400,84.3200,1.799803
FILLER_25_281,VPWR,li1,135.0100,78.8800,1.798423
FILLER_25_278,VPWR,li1,133.8600,78.8800,1.798423
FILLER_25_270,VPWR,li1,131.5600,78.8800,1.798427
FILLER_25_255,VPWR,li1,123.2800,78.8800,1.798446
FILLER_25_247,VPWR,li1,120.9800,78.8800,1.798451
FILLER_25_233,VPWR,li1,113.1600,78.8800,1.798472
FILLER_25_225,VPWR,li1,110.8600,78.8800,1.798478
FILLER_25_221,VPWR,li1,107.8700,78.8800,1.798491
FILLER_25_193,VPWR,li1,96.1400,78.8800,1.798530
FILLER_25_181,VPWR,li1,91.5400,78.8800,1.798549
FILLER_25_169,VPWR,li1,86.0200,78.8800,1.798574
FILLER_25_137,VPWR,li1,69.4600,78.8800,1.798750
FILLER_25_110,VPWR,li1,56.5800,78.8800,1.798983
FILLER_25_57,VPWR,li1,31.9700,78.8800,1.799491
FILLER_25_47,VPWR,li1,27.3700,78.8800,1.799589
FILLER_25_39,VPWR,li1,25.3000,78.8800,1.799661
FILLER_25_27,VPWR,li1,20.7000,78.8800,1.799751
FILLER_25_15,VPWR,li1,15.1800,78.8800,1.799749
FILLER_25_3,VPWR,li1,9.6600,78.8800,1.799749
FILLER_24_296,VPWR,li1,142.1400,78.8800,1.798411
FILLER_24_282,VPWR,li1,137.0800,78.8800,1.798418
FILLER_24_270,VPWR,li1,132.4800,78.8800,1.798427
FILLER_24_258,VPWR,li1,126.9600,78.8800,1.798437
FILLER_24_253,VPWR,li1,122.1300,78.8800,1.798451
FILLER_24_226,VPWR,li1,110.1700,78.8800,1.798485
FILLER_24_214,VPWR,li1,106.7200,78.8800,1.798491
FILLER_24_187,VPWR,li1,91.7700,78.8800,1.798549
FILLER_24_179,VPWR,li1,89.7000,78.8800,1.798557
FILLER_24_141,VPWR,li1,70.8400,78.8800,1.798750
FILLER_24_137,VPWR,li1,69.2300,78.8800,1.798750
FILLER_24_129,VPWR,li1,66.7000,78.8800,1.798792
FILLER_24_119,VPWR,li1,60.7200,78.8800,1.798894
FILLER_24_109,VPWR,li1,55.8900,78.8800,1.798983
FILLER_24_94,VPWR,li1,50.1400,78.8800,1.799093
FILLER_24_85,VPWR,li1,44.8500,78.8800,1.799218
FILLER_24_83,VPWR,li1,43.9300,78.8800,1.799218
FILLER_24_45,VPWR,li1,27.6000,78.8800,1.799589
FILLER_24_29,VPWR,li1,20.7000,78.8800,1.799751
FILLER_24_27,VPWR,li1,18.1700,78.8800,1.799750
FILLER_24_15,VPWR,li1,13.3400,78.8800,1.799749
FILLER_24_3,VPWR,li1,9.6600,78.8800,1.799749
FILLER_23_301,VPWR,li1,144.2100,73.4400,1.798595
FILLER_23_293,VPWR,li1,142.1400,73.4400,1.798595
FILLER_23_281,VPWR,li1,137.5400,73.4400,1.798595
FILLER_23_272,VPWR,li1,132.4800,73.4400,1.798597
FILLER_23_260,VPWR,li1,127.8800,73.4400,1.798602
FILLER_23_251,VPWR,li1,121.2100,73.4400,1.798612
FILLER_23_243,VPWR,li1,119.1400,73.4400,1.798616
FILLER_23_220,VPWR,li1,106.9500,73.4400,1.798655
FILLER_23_216,VPWR,li1,105.8000,73.4400,1.798666
FILLER_23_165,VPWR,li1,82.1100,73.4400,1.798831
FILLER_23_153,VPWR,li1,76.1300,73.4400,1.798907
FILLER_23_133,VPWR,li1,67.6200,73.4400,1.799025
FILLER_23_121,VPWR,li1,63.9400,73.4400,1.799095
FILLER_23_108,VPWR,li1,56.1200,73.4400,1.799203
FILLER_23_96,VPWR,li1,52.4400,73.4400,1.799261
FILLER_23_84,VPWR,li1,46.9200,73.4400,1.799348
FILLER_23_55,VPWR,li1,31.0500,73.4400,1.799629
FILLER_23_51,VPWR,li1,29.9000,73.4400,1.799629
FILLER_23_25,VPWR,li1,17.2500,73.4400,1.799779
FILLER_23_3,VPWR,li1,7.3600,73.4400,1.799773
FILLER_22_301,VPWR,li1,144.2100,73.4400,1.798595
FILLER_22_293,VPWR,li1,142.1400,73.4400,1.798595
FILLER_22_268,VPWR,li1,129.2600,73.4400,1.798600
FILLER_22_253,VPWR,li1,122.1300,73.4400,1.798612
FILLER_22_244,VPWR,li1,119.6000,73.4400,1.798616
FILLER_22_217,VPWR,li1,106.0300,73.4400,1.798666
FILLER_22_129,VPWR,li1,65.3200,73.4400,1.799060
FILLER_22_121,VPWR,li1,63.0200,73.4400,1.799095
FILLER_22_109,VPWR,li1,58.4200,73.4400,1.799166
FILLER_22_97,VPWR,li1,52.9000,73.4400,1.799261
FILLER_22_85,VPWR,li1,47.3800,73.4400,1.799348
FILLER_22_83,VPWR,li1,43.9300,73.4400,1.799414
FILLER_22_79,VPWR,li1,42.7800,73.4400,1.799414
FILLER_22_67,VPWR,li1,39.1000,73.4400,1.799473
FILLER_22_50,VPWR,li1,30.3600,73.4400,1.799629
FILLER_22_27,VPWR,li1,18.1700,73.4400,1.799782
FILLER_22_21,VPWR,li1,16.5600,73.4400,1.799779
FILLER_22_6,VPWR,li1,9.6600,73.4400,1.799773
FILLER_21_298,VPWR,li1,142.8300,68.0000,1.799210
FILLER_21_294,VPWR,li1,141.6800,68.0000,1.799210
FILLER_21_279,VPWR,li1,134.0900,68.0000,1.799211
FILLER_21_270,VPWR,li1,130.1800,68.0000,1.799211
FILLER_21_261,VPWR,li1,126.0400,68.0000,1.799212
FILLER_21_249,VPWR,li1,121.9000,68.0000,1.799213
FILLER_21_237,VPWR,li1,117.3000,68.0000,1.799214
FILLER_21_225,VPWR,li1,111.7800,68.0000,1.799218
FILLER_21_222,VPWR,li1,108.1000,68.0000,1.799220
FILLER_21_178,VPWR,li1,88.7800,68.0000,1.799261
FILLER_21_166,VPWR,li1,82.3400,68.0000,1.799291
FILLER_21_121,VPWR,li1,61.8700,68.0000,1.799417
FILLER_21_113,VPWR,li1,59.3400,68.0000,1.799439
FILLER_21_90,VPWR,li1,47.3800,68.0000,1.799556
FILLER_21_82,VPWR,li1,45.0800,68.0000,1.799583
FILLER_21_66,VPWR,li1,37.7200,68.0000,1.799645
FILLER_21_57,VPWR,li1,31.9700,68.0000,1.799713
FILLER_21_55,VPWR,li1,31.0500,68.0000,1.799737
FILLER_21_51,VPWR,li1,29.9000,68.0000,1.799737
FILLER_21_21,VPWR,li1,16.5600,68.0000,1.799837
FILLER_21_3,VPWR,li1,7.3600,68.0000,1.799829
FILLER_20_296,VPWR,li1,142.3700,68.0000,1.799210
FILLER_20_288,VPWR,li1,139.8400,68.0000,1.799210
FILLER_20_277,VPWR,li1,133.8600,68.0000,1.799211
FILLER_20_265,VPWR,li1,130.1800,68.0000,1.799211
FILLER_20_253,VPWR,li1,124.6600,68.0000,1.799212
FILLER_20_251,VPWR,li1,121.2100,68.0000,1.799213
FILLER_20_239,VPWR,li1,118.2200,68.0000,1.799214
FILLER_20_225,VPWR,li1,110.4000,68.0000,1.799218
FILLER_20_213,VPWR,li1,106.2600,68.0000,1.799221
FILLER_20_190,VPWR,li1,94.3000,68.0000,1.799242
FILLER_20_178,VPWR,li1,90.1600,68.0000,1.799261
FILLER_20_167,VPWR,li1,83.0300,68.0000,1.799282
FILLER_20_149,VPWR,li1,74.5200,68.0000,1.799324
FILLER_20_138,VPWR,li1,69.4600,68.0000,1.799360
FILLER_20_118,VPWR,li1,60.4900,68.0000,1.799439
FILLER_20_109,VPWR,li1,55.8900,68.0000,1.799478
FILLER_20_105,VPWR,li1,54.7400,68.0000,1.799478
FILLER_20_93,VPWR,li1,48.9900,68.0000,1.799531
FILLER_20_85,VPWR,li1,46.4600,68.0000,1.799556
FILLER_20_82,VPWR,li1,43.7000,68.0000,1.799583
FILLER_20_65,VPWR,li1,35.6500,68.0000,1.799686
FILLER_20_48,VPWR,li1,27.8300,68.0000,1.799783
FILLER_20_42,VPWR,li1,26.2200,68.0000,1.799783
FILLER_20_29,VPWR,li1,19.7800,68.0000,1.799840
FILLER_20_22,VPWR,li1,17.0200,68.0000,1.799837
FILLER_20_7,VPWR,li1,10.1200,68.0000,1.799829
FILLER_19_293,VPWR,li1,141.6800,62.5600,1.799266
FILLER_19_281,VPWR,li1,137.5400,62.5600,1.799267
FILLER_19_279,VPWR,li1,134.0900,62.5600,1.799268
FILLER_19_271,VPWR,li1,132.0200,62.5600,1.799269
FILLER_19_252,VPWR,li1,122.8200,62.5600,1.799271
FILLER_19_223,VPWR,li1,108.3300,62.5600,1.799292
FILLER_19_217,VPWR,li1,106.7200,62.5600,1.799292
FILLER_19_205,VPWR,li1,102.5800,62.5600,1.799308
FILLER_19_193,VPWR,li1,97.0600,62.5600,1.799326
FILLER_19_181,VPWR,li1,91.5400,62.5600,1.799345
FILLER_19_169,VPWR,li1,86.0200,62.5600,1.799363
FILLER_19_160,VPWR,li1,80.9600,62.5600,1.799383
FILLER_19_148,VPWR,li1,76.3600,62.5600,1.799404
FILLER_19_113,VPWR,li1,57.9600,62.5600,1.799494
FILLER_19_101,VPWR,li1,52.4400,62.5600,1.799529
FILLER_19_93,VPWR,li1,50.1400,62.5600,1.799548
FILLER_19_57,VPWR,li1,33.1200,62.5600,1.799725
FILLER_19_46,VPWR,li1,26.9100,62.5600,1.799778
FILLER_19_35,VPWR,li1,22.3100,62.5600,1.799853
FILLER_19_9,VPWR,li1,9.8900,62.5600,1.799840
FILLER_19_3,VPWR,li1,8.2800,62.5600,1.799840
FILLER_18_271,VPWR,li1,130.4100,62.5600,1.799269
FILLER_18_265,VPWR,li1,128.8000,62.5600,1.799269
FILLER_18_253,VPWR,li1,124.6600,62.5600,1.799270
FILLER_18_246,VPWR,li1,120.0600,62.5600,1.799271
FILLER_18_234,VPWR,li1,115.9200,62.5600,1.799274
FILLER_18_213,VPWR,li1,103.7300,62.5600,1.799302
FILLER_18_205,VPWR,li1,101.6600,62.5600,1.799308
FILLER_18_195,VPWR,li1,95.4500,62.5600,1.799334
FILLER_18_189,VPWR,li1,93.8400,62.5600,1.799334
FILLER_18_177,VPWR,li1,87.8600,62.5600,1.799356
FILLER_18_165,VPWR,li1,84.1800,62.5600,1.799375
FILLER_18_153,VPWR,li1,78.6600,62.5600,1.799392
FILLER_18_141,VPWR,li1,73.1400,62.5600,1.799413
FILLER_18_137,VPWR,li1,69.2300,62.5600,1.799435
FILLER_18_94,VPWR,li1,50.1400,62.5600,1.799548
FILLER_18_27,VPWR,li1,18.1700,62.5600,1.799848
FILLER_18_21,VPWR,li1,16.5600,62.5600,1.799845
FILLER_18_3,VPWR,li1,7.1300,62.5600,1.799840
FILLER_17_272,VPWR,li1,131.3300,57.1200,1.798801
FILLER_17_264,VPWR,li1,128.8000,57.1200,1.798809
FILLER_17_250,VPWR,li1,120.7500,57.1200,1.798836
FILLER_17_246,VPWR,li1,119.6000,57.1200,1.798836
FILLER_17_225,VPWR,li1,109.2500,57.1200,1.798876
FILLER_17_223,VPWR,li1,108.3300,57.1200,1.798876
FILLER_17_217,VPWR,li1,106.7200,57.1200,1.798886
FILLER_17_182,VPWR,li1,89.7000,57.1200,1.798973
FILLER_17_169,VPWR,li1,84.1800,57.1200,1.799024
FILLER_17_162,VPWR,li1,81.4200,57.1200,1.799043
FILLER_17_150,VPWR,li1,77.2800,57.1200,1.799087
FILLER_17_138,VPWR,li1,71.7600,57.1200,1.799120
FILLER_17_54,VPWR,li1,30.8200,57.1200,1.799576
FILLER_17_21,VPWR,li1,15.4100,57.1200,1.799762
FILLER_17_3,VPWR,li1,7.3600,57.1200,1.799758
FILLER_16_300,VPWR,li1,143.9800,57.1200,1.798783
FILLER_16_265,VPWR,li1,130.1800,57.1200,1.798809
FILLER_16_253,VPWR,li1,124.6600,57.1200,1.798823
FILLER_16_244,VPWR,li1,119.6000,57.1200,1.798836
FILLER_16_221,VPWR,li1,107.8700,57.1200,1.798876
FILLER_16_213,VPWR,li1,105.3400,57.1200,1.798886
FILLER_16_184,VPWR,li1,90.8500,57.1200,1.798973
FILLER_16_153,VPWR,li1,77.2800,57.1200,1.799087
FILLER_16_141,VPWR,li1,73.1400,57.1200,1.799120
FILLER_16_137,VPWR,li1,69.2300,57.1200,1.799142
FILLER_16_125,VPWR,li1,65.7800,57.1200,1.799175
FILLER_16_111,VPWR,li1,57.9600,57.1200,1.799254
FILLER_16_103,VPWR,li1,53.1300,57.1200,1.799315
FILLER_16_97,VPWR,li1,51.5200,57.1200,1.799315
FILLER_16_85,VPWR,li1,47.3800,57.1200,1.799363
FILLER_16_81,VPWR,li1,43.4700,57.1200,1.799410
FILLER_16_73,VPWR,li1,40.9400,57.1200,1.799441
FILLER_16_64,VPWR,li1,35.1900,57.1200,1.799516
FILLER_16_56,VPWR,li1,33.1200,57.1200,1.799545
FILLER_16_27,VPWR,li1,18.1700,57.1200,1.799765
FILLER_16_21,VPWR,li1,16.5600,57.1200,1.799762
FILLER_16_3,VPWR,li1,7.3600,57.1200,1.799758
FILLER_15_288,VPWR,li1,139.3800,51.6800,1.798485
FILLER_15_279,VPWR,li1,134.0900,51.6800,1.798494
FILLER_15_267,VPWR,li1,131.1000,51.6800,1.798501
FILLER_15_258,VPWR,li1,124.4300,51.6800,1.798518
FILLER_15_252,VPWR,li1,122.8200,51.6800,1.798527
FILLER_15_240,VPWR,li1,118.6800,51.6800,1.798533
FILLER_15_225,VPWR,li1,109.2500,51.6800,1.798564
FILLER_15_223,VPWR,li1,108.3300,51.6800,1.798564
FILLER_15_219,VPWR,li1,107.1800,51.6800,1.798573
FILLER_15_175,VPWR,li1,86.2500,51.6800,1.798722
FILLER_15_169,VPWR,li1,84.6400,51.6800,1.798754
FILLER_15_148,VPWR,li1,74.5200,51.6800,1.798858
FILLER_15_136,VPWR,li1,70.8400,51.6800,1.798907
FILLER_15_124,VPWR,li1,65.3200,51.6800,1.798957
FILLER_15_103,VPWR,li1,53.1300,51.6800,1.799144
FILLER_15_91,VPWR,li1,50.1400,51.6800,1.799200
FILLER_15_79,VPWR,li1,44.6200,51.6800,1.799277
FILLER_15_61,VPWR,li1,33.8100,51.6800,1.799514
FILLER_15_57,VPWR,li1,32.6600,51.6800,1.799514
FILLER_15_53,VPWR,li1,30.5900,51.6800,1.799552
FILLER_15_38,VPWR,li1,23.2300,51.6800,1.799709
FILLER_15_34,VPWR,li1,22.0800,51.6800,1.799764
FILLER_15_15,VPWR,li1,13.1100,51.6800,1.799761
FILLER_15_3,VPWR,li1,9.6600,51.6800,1.799761
FILLER_14_298,VPWR,li1,142.8300,51.6800,1.798485
FILLER_14_275,VPWR,li1,132.2500,51.6800,1.798501
FILLER_14_271,VPWR,li1,131.1000,51.6800,1.798501
FILLER_14_265,VPWR,li1,127.6500,51.6800,1.798510
FILLER_14_253,VPWR,li1,124.6600,51.6800,1.798518
FILLER_14_251,VPWR,li1,121.2100,51.6800,1.798527
FILLER_14_247,VPWR,li1,120.0600,51.6800,1.798533
FILLER_14_226,VPWR,li1,109.7100,51.6800,1.798564
FILLER_14_222,VPWR,li1,108.5600,51.6800,1.798564
FILLER_14_141,VPWR,li1,71.0700,51.6800,1.798907
FILLER_14_138,VPWR,li1,69.4600,51.6800,1.798907
FILLER_14_121,VPWR,li1,61.4100,51.6800,1.799022
FILLER_14_115,VPWR,li1,59.8000,51.6800,1.799022
FILLER_14_93,VPWR,li1,48.7600,51.6800,1.799200
FILLER_14_85,VPWR,li1,46.4600,51.6800,1.799243
FILLER_14_83,VPWR,li1,43.9300,51.6800,1.799312
FILLER_14_79,VPWR,li1,42.7800,51.6800,1.799312
FILLER_14_48,VPWR,li1,28.9800,51.6800,1.799594
FILLER_14_37,VPWR,li1,23.2300,51.6800,1.799709
FILLER_14_27,VPWR,li1,18.1700,51.6800,1.799761
FILLER_14_15,VPWR,li1,15.1800,51.6800,1.799761
FILLER_14_3,VPWR,li1,9.6600,51.6800,1.799761
FILLER_13_297,VPWR,li1,142.6000,46.2400,1.798845
FILLER_13_285,VPWR,li1,139.3800,46.2400,1.798845
FILLER_13_268,VPWR,li1,131.5600,46.2400,1.798859
FILLER_13_256,VPWR,li1,126.0400,46.2400,1.798871
FILLER_13_245,VPWR,li1,119.1400,46.2400,1.798888
FILLER_13_203,VPWR,li1,99.8200,46.2400,1.798945
FILLER_13_190,VPWR,li1,94.3000,46.2400,1.798984
FILLER_13_162,VPWR,li1,81.4200,46.2400,1.799058
FILLER_13_113,VPWR,li1,57.9600,46.2400,1.799274
FILLER_13_95,VPWR,li1,49.4500,46.2400,1.799372
FILLER_13_30,VPWR,li1,19.5500,46.2400,1.799799
FILLER_13_26,VPWR,li1,18.4000,46.2400,1.799797
FILLER_13_15,VPWR,li1,12.8800,46.2400,1.799791
FILLER_13_3,VPWR,li1,9.6600,46.2400,1.799791
FILLER_12_293,VPWR,li1,141.6800,46.2400,1.798845
FILLER_12_266,VPWR,li1,128.3400,46.2400,1.798865
FILLER_12_250,VPWR,li1,120.9800,46.2400,1.798883
FILLER_12_242,VPWR,li1,118.6800,46.2400,1.798888
FILLER_12_230,VPWR,li1,114.0800,46.2400,1.798901
FILLER_12_218,VPWR,li1,108.5600,46.2400,1.798916
FILLER_12_195,VPWR,li1,95.4500,46.2400,1.798969
FILLER_12_191,VPWR,li1,94.3000,46.2400,1.798984
FILLER_12_170,VPWR,li1,84.1800,46.2400,1.799038
FILLER_12_155,VPWR,li1,78.2000,46.2400,1.799083
FILLER_12_145,VPWR,li1,72.4500,46.2400,1.799138
FILLER_12_141,VPWR,li1,71.3000,46.2400,1.799138
FILLER_12_137,VPWR,li1,69.2300,46.2400,1.799156
FILLER_12_93,VPWR,li1,49.2200,46.2400,1.799372
FILLER_12_51,VPWR,li1,29.2100,46.2400,1.799702
FILLER_12_45,VPWR,li1,27.6000,46.2400,1.799702
FILLER_12_25,VPWR,li1,17.7100,46.2400,1.799797
FILLER_12_3,VPWR,li1,8.2800,46.2400,1.799791
FILLER_11_296,VPWR,li1,142.3700,40.8000,1.799103
FILLER_11_288,VPWR,li1,139.8400,40.8000,1.799103
FILLER_11_273,VPWR,li1,131.3300,40.8000,1.799117
FILLER_11_249,VPWR,li1,121.9000,40.8000,1.799144
FILLER_11_237,VPWR,li1,117.3000,40.8000,1.799154
FILLER_11_225,VPWR,li1,111.7800,40.8000,1.799170
FILLER_11_223,VPWR,li1,108.3300,40.8000,1.799185
FILLER_11_217,VPWR,li1,106.7200,40.8000,1.799185
FILLER_11_205,VPWR,li1,102.5800,40.8000,1.799197
FILLER_11_193,VPWR,li1,97.0600,40.8000,1.799213
FILLER_11_149,VPWR,li1,74.7500,40.8000,1.799314
FILLER_11_106,VPWR,li1,54.9700,40.8000,1.799471
FILLER_11_71,VPWR,li1,38.8700,40.8000,1.799637
FILLER_11_61,VPWR,li1,33.8100,40.8000,1.799689
FILLER_11_57,VPWR,li1,32.6600,40.8000,1.799717
FILLER_11_22,VPWR,li1,16.5600,40.8000,1.799832
FILLER_11_3,VPWR,li1,7.5900,40.8000,1.799827
FILLER_10_298,VPWR,li1,142.8300,40.8000,1.799103
FILLER_10_294,VPWR,li1,141.6800,40.8000,1.799103
FILLER_10_282,VPWR,li1,138.0000,40.8000,1.799104
FILLER_10_265,VPWR,li1,130.1800,40.8000,1.799117
FILLER_10_253,VPWR,li1,124.6600,40.8000,1.799133
FILLER_10_249,VPWR,li1,120.7500,40.8000,1.799144
FILLER_10_241,VPWR,li1,118.2200,40.8000,1.799154
FILLER_10_229,VPWR,li1,113.6200,40.8000,1.799165
FILLER_10_217,VPWR,li1,108.1000,40.8000,1.799185
FILLER_10_205,VPWR,li1,102.5800,40.8000,1.799197
FILLER_10_195,VPWR,li1,95.4500,40.8000,1.799222
FILLER_10_191,VPWR,li1,94.3000,40.8000,1.799222
FILLER_10_179,VPWR,li1,90.6200,40.8000,1.799236
FILLER_10_169,VPWR,li1,83.4900,40.8000,1.799266
FILLER_10_161,VPWR,li1,81.4200,40.8000,1.799276
FILLER_10_128,VPWR,li1,67.1600,40.8000,1.799367
FILLER_10_116,VPWR,li1,61.6400,40.8000,1.799411
FILLER_10_93,VPWR,li1,48.9900,40.8000,1.799521
FILLER_10_85,VPWR,li1,46.4600,40.8000,1.799546
FILLER_10_83,VPWR,li1,43.9300,40.8000,1.799571
FILLER_10_75,VPWR,li1,41.8600,40.8000,1.799595
FILLER_10_64,VPWR,li1,35.6500,40.8000,1.799667
FILLER_10_56,VPWR,li1,33.1200,40.8000,1.799717
FILLER_10_45,VPWR,li1,26.9100,40.8000,1.799774
FILLER_10_24,VPWR,li1,17.4800,40.8000,1.799832
FILLER_10_3,VPWR,li1,9.6600,40.8000,1.799827
FILLER_9_301,VPWR,li1,144.2100,35.3600,1.799373
FILLER_9_293,VPWR,li1,142.1400,35.3600,1.799373
FILLER_9_281,VPWR,li1,137.5400,35.3600,1.799373
FILLER_9_279,VPWR,li1,134.0900,35.3600,1.799373
FILLER_9_273,VPWR,li1,132.4800,35.3600,1.799373
FILLER_9_261,VPWR,li1,128.3400,35.3600,1.799373
FILLER_9_249,VPWR,li1,122.8200,35.3600,1.799373
FILLER_9_237,VPWR,li1,117.3000,35.3600,1.799373
FILLER_9_225,VPWR,li1,111.7800,35.3600,1.799373
FILLER_9_173,VPWR,li1,85.3300,35.3600,1.799424
FILLER_9_169,VPWR,li1,84.1800,35.3600,1.799424
FILLER_9_167,VPWR,li1,82.5700,35.3600,1.799434
FILLER_9_161,VPWR,li1,80.9600,35.3600,1.799445
FILLER_9_149,VPWR,li1,76.8200,35.3600,1.799458
FILLER_9_140,VPWR,li1,70.1500,35.3600,1.799493
FILLER_9_134,VPWR,li1,68.5400,35.3600,1.799505
FILLER_9_122,VPWR,li1,64.4000,35.3600,1.799527
FILLER_9_113,VPWR,li1,57.7300,35.3600,1.799584
FILLER_9_108,VPWR,li1,56.1200,35.3600,1.799584
FILLER_9_98,VPWR,li1,50.8300,35.3600,1.799626
FILLER_9_90,VPWR,li1,48.7600,35.3600,1.799645
FILLER_9_78,VPWR,li1,44.1600,35.3600,1.799685
FILLER_9_67,VPWR,li1,37.0300,35.3600,1.799764
FILLER_9_63,VPWR,li1,34.7300,35.3600,1.799788
FILLER_9_57,VPWR,li1,33.1200,35.3600,1.799788
FILLER_9_53,VPWR,li1,30.5900,35.3600,1.799813
FILLER_9_41,VPWR,li1,27.1400,35.3600,1.799855
FILLER_9_29,VPWR,li1,21.6200,35.3600,1.799899
FILLER_9_15,VPWR,li1,13.8000,35.3600,1.799897
FILLER_9_3,VPWR,li1,9.6600,35.3600,1.799897
FILLER_8_301,VPWR,li1,144.2100,35.3600,1.799373
FILLER_8_289,VPWR,li1,141.2200,35.3600,1.799373
FILLER_8_277,VPWR,li1,135.7000,35.3600,1.799373
FILLER_8_265,VPWR,li1,130.1800,35.3600,1.799373
FILLER_8_253,VPWR,li1,124.6600,35.3600,1.799373
FILLER_8_250,VPWR,li1,120.9800,35.3600,1.799373
FILLER_8_242,VPWR,li1,118.6800,35.3600,1.799373
FILLER_8_230,VPWR,li1,114.0800,35.3600,1.799373
FILLER_8_218,VPWR,li1,108.5600,35.3600,1.799373
FILLER_8_193,VPWR,li1,94.9900,35.3600,1.799388
FILLER_8_165,VPWR,li1,82.1100,35.3600,1.799434
FILLER_8_157,VPWR,li1,79.5800,35.3600,1.799445
FILLER_8_132,VPWR,li1,68.0800,35.3600,1.799505
FILLER_8_122,VPWR,li1,62.1000,35.3600,1.799542
FILLER_8_103,VPWR,li1,53.5900,35.3600,1.799607
FILLER_8_94,VPWR,li1,48.9900,35.3600,1.799645
FILLER_8_83,VPWR,li1,43.9300,35.3600,1.799702
FILLER_8_77,VPWR,li1,42.3200,35.3600,1.799702
FILLER_8_49,VPWR,li1,28.7500,35.3600,1.799830
FILLER_8_41,VPWR,li1,26.2200,35.3600,1.799855
FILLER_8_29,VPWR,li1,21.6200,35.3600,1.799899
FILLER_8_27,VPWR,li1,18.1700,35.3600,1.799897
FILLER_8_15,VPWR,li1,15.1800,35.3600,1.799897
FILLER_8_3,VPWR,li1,9.6600,35.3600,1.799897
FILLER_7_301,VPWR,li1,144.2100,29.9200,1.799368
FILLER_7_293,VPWR,li1,142.1400,29.9200,1.799368
FILLER_7_281,VPWR,li1,137.5400,29.9200,1.799368
FILLER_7_279,VPWR,li1,134.0900,29.9200,1.799368
FILLER_7_273,VPWR,li1,132.4800,29.9200,1.799368
FILLER_7_261,VPWR,li1,128.3400,29.9200,1.799368
FILLER_7_249,VPWR,li1,122.8200,29.9200,1.799368
FILLER_7_237,VPWR,li1,117.3000,29.9200,1.799368
FILLER_7_225,VPWR,li1,111.7800,29.9200,1.799368
FILLER_7_220,VPWR,li1,107.6400,29.9200,1.799368
FILLER_7_193,VPWR,li1,94.9900,29.9200,1.799379
FILLER_7_169,VPWR,li1,85.1000,29.9200,1.799401
FILLER_7_165,VPWR,li1,82.1100,29.9200,1.799408
FILLER_7_126,VPWR,li1,63.7100,29.9200,1.799483
FILLER_7_113,VPWR,li1,58.4200,29.9200,1.799521
FILLER_7_101,VPWR,li1,52.4400,29.9200,1.799554
FILLER_7_61,VPWR,li1,33.8100,29.9200,1.799735
FILLER_7_57,VPWR,li1,32.6600,29.9200,1.799735
FILLER_7_55,VPWR,li1,31.0500,29.9200,1.799766
FILLER_7_51,VPWR,li1,29.9000,29.9200,1.799766
FILLER_7_39,VPWR,li1,26.2200,29.9200,1.799808
FILLER_7_27,VPWR,li1,20.7000,29.9200,1.799874
FILLER_7_15,VPWR,li1,15.1800,29.9200,1.799874
FILLER_7_3,VPWR,li1,9.6600,29.9200,1.799874
FILLER_6_301,VPWR,li1,144.2100,29.9200,1.799368
FILLER_6_289,VPWR,li1,141.2200,29.9200,1.799368
FILLER_6_277,VPWR,li1,135.7000,29.9200,1.799368
FILLER_6_265,VPWR,li1,130.1800,29.9200,1.799368
FILLER_6_253,VPWR,li1,124.6600,29.9200,1.799368
FILLER_6_250,VPWR,li1,120.9800,29.9200,1.799368
FILLER_6_242,VPWR,li1,118.6800,29.9200,1.799368
FILLER_6_230,VPWR,li1,114.0800,29.9200,1.799368
FILLER_6_218,VPWR,li1,108.5600,29.9200,1.799368
FILLER_6_206,VPWR,li1,103.0400,29.9200,1.799369
FILLER_6_195,VPWR,li1,95.4500,29.9200,1.799376
FILLER_6_187,VPWR,li1,93.3800,29.9200,1.799379
FILLER_6_175,VPWR,li1,88.7800,29.9200,1.799389
FILLER_6_165,VPWR,li1,81.8800,29.9200,1.799408
FILLER_6_157,VPWR,li1,79.5800,29.9200,1.799416
FILLER_6_138,VPWR,li1,69.4600,29.9200,1.799456
FILLER_6_126,VPWR,li1,66.2400,29.9200,1.799470
FILLER_6_109,VPWR,li1,55.8900,29.9200,1.799537
FILLER_6_83,VPWR,li1,43.9300,29.9200,1.799621
FILLER_6_53,VPWR,li1,31.2800,29.9200,1.799766
FILLER_6_27,VPWR,li1,18.1700,29.9200,1.799874
FILLER_6_15,VPWR,li1,15.1800,29.9200,1.799874
FILLER_6_3,VPWR,li1,9.6600,29.9200,1.799874
FILLER_5_301,VPWR,li1,144.2100,24.4800,1.799647
FILLER_5_293,VPWR,li1,142.1400,24.4800,1.799647
FILLER_5_281,VPWR,li1,137.5400,24.4800,1.799647
FILLER_5_279,VPWR,li1,134.0900,24.4800,1.799647
FILLER_5_273,VPWR,li1,132.4800,24.4800,1.799647
FILLER_5_261,VPWR,li1,128.3400,24.4800,1.799647
FILLER_5_249,VPWR,li1,122.8200,24.4800,1.799647
FILLER_5_237,VPWR,li1,117.3000,24.4800,1.799647
FILLER_5_225,VPWR,li1,111.7800,24.4800,1.799647
FILLER_5_223,VPWR,li1,108.3300,24.4800,1.799647
FILLER_5_211,VPWR,li1,105.3400,24.4800,1.799647
FILLER_5_199,VPWR,li1,99.8200,24.4800,1.799647
FILLER_5_187,VPWR,li1,94.3000,24.4800,1.799647
FILLER_5_169,VPWR,li1,83.4900,24.4800,1.799658
FILLER_5_166,VPWR,li1,82.3400,24.4800,1.799658
FILLER_5_158,VPWR,li1,80.0400,24.4800,1.799662
FILLER_5_146,VPWR,li1,75.4400,24.4800,1.799671
FILLER_5_125,VPWR,li1,65.7800,24.4800,1.799691
FILLER_5_113,VPWR,li1,58.4200,24.4800,1.799716
FILLER_5_102,VPWR,li1,52.9000,24.4800,1.799732
FILLER_5_90,VPWR,li1,49.6800,24.4800,1.799746
FILLER_5_73,VPWR,li1,39.3300,24.4800,1.799794
FILLER_5_65,VPWR,li1,37.2600,24.4800,1.799804
FILLER_5_54,VPWR,li1,30.8200,24.4800,1.799848
FILLER_5_23,VPWR,li1,16.5600,24.4800,1.799911
FILLER_5_15,VPWR,li1,14.2600,24.4800,1.799911
FILLER_5_3,VPWR,li1,9.6600,24.4800,1.799911
FILLER_4_301,VPWR,li1,144.2100,24.4800,1.799647
FILLER_4_289,VPWR,li1,141.2200,24.4800,1.799647
FILLER_4_277,VPWR,li1,135.7000,24.4800,1.799647
FILLER_4_265,VPWR,li1,130.1800,24.4800,1.799647
FILLER_4_253,VPWR,li1,124.6600,24.4800,1.799647
FILLER_4_251,VPWR,li1,121.2100,24.4800,1.799647
FILLER_4_245,VPWR,li1,119.6000,24.4800,1.799647
FILLER_4_233,VPWR,li1,115.4600,24.4800,1.799647
FILLER_4_221,VPWR,li1,109.9400,24.4800,1.799647
FILLER_4_209,VPWR,li1,104.4200,24.4800,1.799647
FILLER_4_197,VPWR,li1,98.9000,24.4800,1.799647
FILLER_4_193,VPWR,li1,94.9900,24.4800,1.799647
FILLER_4_171,VPWR,li1,84.4100,24.4800,1.799654
FILLER_4_161,VPWR,li1,79.8100,24.4800,1.799662
FILLER_4_153,VPWR,li1,77.7400,24.4800,1.799666
FILLER_4_141,VPWR,li1,73.1400,24.4800,1.799675
FILLER_4_138,VPWR,li1,69.4600,24.4800,1.799683
FILLER_4_119,VPWR,li1,60.7200,24.4800,1.799705
FILLER_4_97,VPWR,li1,51.0600,24.4800,1.799746
FILLER_4_85,VPWR,li1,47.3800,24.4800,1.799756
FILLER_4_83,VPWR,li1,43.9300,24.4800,1.799775
FILLER_4_79,VPWR,li1,42.7800,24.4800,1.799775
FILLER_4_67,VPWR,li1,39.1000,24.4800,1.799794
FILLER_4_27,VPWR,li1,18.1700,24.4800,1.799911
FILLER_4_15,VPWR,li1,15.1800,24.4800,1.799911
FILLER_4_3,VPWR,li1,9.6600,24.4800,1.799911
FILLER_3_301,VPWR,li1,144.2100,19.0400,1.799452
FILLER_3_293,VPWR,li1,142.1400,19.0400,1.799452
FILLER_3_281,VPWR,li1,137.5400,19.0400,1.799452
FILLER_3_279,VPWR,li1,134.0900,19.0400,1.799452
FILLER_3_273,VPWR,li1,132.4800,19.0400,1.799452
FILLER_3_261,VPWR,li1,128.3400,19.0400,1.799452
FILLER_3_249,VPWR,li1,122.8200,19.0400,1.799452
FILLER_3_237,VPWR,li1,117.3000,19.0400,1.799452
FILLER_3_225,VPWR,li1,111.7800,19.0400,1.799452
FILLER_3_221,VPWR,li1,107.8700,19.0400,1.799452
FILLER_3_209,VPWR,li1,104.4200,19.0400,1.799452
FILLER_3_150,VPWR,li1,74.9800,19.0400,1.799492
FILLER_3_138,VPWR,li1,71.7600,19.0400,1.799504
FILLER_3_90,VPWR,li1,48.3000,19.0400,1.799656
FILLER_3_78,VPWR,li1,44.1600,19.0400,1.799683
FILLER_3_66,VPWR,li1,38.6400,19.0400,1.799733
FILLER_3_52,VPWR,li1,30.3600,19.0400,1.799800
FILLER_3_35,VPWR,li1,21.8500,19.0400,1.799890
FILLER_3_27,VPWR,li1,19.7800,19.0400,1.799890
FILLER_3_15,VPWR,li1,15.1800,19.0400,1.799890
FILLER_3_3,VPWR,li1,9.6600,19.0400,1.799890
FILLER_2_301,VPWR,li1,144.2100,19.0400,1.799452
FILLER_2_289,VPWR,li1,141.2200,19.0400,1.799452
FILLER_2_277,VPWR,li1,135.7000,19.0400,1.799452
FILLER_2_265,VPWR,li1,130.1800,19.0400,1.799452
FILLER_2_253,VPWR,li1,124.6600,19.0400,1.799452
FILLER_2_251,VPWR,li1,121.2100,19.0400,1.799452
FILLER_2_245,VPWR,li1,119.6000,19.0400,1.799452
FILLER_2_233,VPWR,li1,115.4600,19.0400,1.799452
FILLER_2_221,VPWR,li1,109.9400,19.0400,1.799452
FILLER_2_209,VPWR,li1,104.4200,19.0400,1.799452
FILLER_2_197,VPWR,li1,98.9000,19.0400,1.799452
FILLER_2_195,VPWR,li1,95.4500,19.0400,1.799454
FILLER_2_191,VPWR,li1,94.3000,19.0400,1.799454
FILLER_2_165,VPWR,li1,81.6500,19.0400,1.799470
FILLER_2_161,VPWR,li1,80.5000,19.0400,1.799476
FILLER_2_149,VPWR,li1,76.8200,19.0400,1.799485
FILLER_2_138,VPWR,li1,69.4600,19.0400,1.799513
FILLER_2_120,VPWR,li1,61.1800,19.0400,1.799554
FILLER_2_103,VPWR,li1,53.1300,19.0400,1.799622
FILLER_2_97,VPWR,li1,51.5200,19.0400,1.799622
FILLER_2_85,VPWR,li1,47.3800,19.0400,1.799656
FILLER_2_83,VPWR,li1,43.9300,19.0400,1.799698
FILLER_2_77,VPWR,li1,42.3200,19.0400,1.799698
FILLER_2_65,VPWR,li1,38.1800,19.0400,1.799733
FILLER_2_29,VPWR,li1,21.6200,19.0400,1.799890
FILLER_2_27,VPWR,li1,18.1700,19.0400,1.799890
FILLER_2_15,VPWR,li1,15.1800,19.0400,1.799890
FILLER_2_3,VPWR,li1,9.6600,19.0400,1.799890
FILLER_1_301,VPWR,li1,144.2100,13.6000,1.799868
FILLER_1_293,VPWR,li1,142.1400,13.6000,1.799868
FILLER_1_281,VPWR,li1,137.5400,13.6000,1.799868
FILLER_1_279,VPWR,li1,134.0900,13.6000,1.799868
FILLER_1_273,VPWR,li1,132.4800,13.6000,1.799868
FILLER_1_261,VPWR,li1,128.3400,13.6000,1.799868
FILLER_1_249,VPWR,li1,122.8200,13.6000,1.799868
FILLER_1_237,VPWR,li1,117.3000,13.6000,1.799868
FILLER_1_225,VPWR,li1,111.7800,13.6000,1.799868
FILLER_1_223,VPWR,li1,108.3300,13.6000,1.799868
FILLER_1_215,VPWR,li1,106.2600,13.6000,1.799868
FILLER_1_203,VPWR,li1,101.6600,13.6000,1.799868
FILLER_1_191,VPWR,li1,96.1400,13.6000,1.799868
FILLER_1_178,VPWR,li1,87.6300,13.6000,1.799870
FILLER_1_164,VPWR,li1,81.8800,13.6000,1.799875
FILLER_1_152,VPWR,li1,78.2000,13.6000,1.799877
FILLER_1_140,VPWR,li1,72.6800,13.6000,1.799881
FILLER_1_113,VPWR,li1,57.9600,13.6000,1.799900
FILLER_1_111,VPWR,li1,56.8100,13.6000,1.799904
FILLER_1_105,VPWR,li1,55.2000,13.6000,1.799904
FILLER_1_93,VPWR,li1,51.0600,13.6000,1.799912
FILLER_1_81,VPWR,li1,45.5400,13.6000,1.799923
FILLER_1_69,VPWR,li1,40.0200,13.6000,1.799935
FILLER_1_57,VPWR,li1,34.5000,13.6000,1.799948
FILLER_1_39,VPWR,li1,25.3000,13.6000,1.799966
FILLER_1_27,VPWR,li1,20.7000,13.6000,1.799977
FILLER_1_15,VPWR,li1,15.1800,13.6000,1.799976
FILLER_1_3,VPWR,li1,9.6600,13.6000,1.799976
FILLER_0_301,VPWR,li1,144.2100,13.6000,1.799868
FILLER_0_293,VPWR,li1,142.1400,13.6000,1.799868
FILLER_0_281,VPWR,li1,137.5400,13.6000,1.799868
FILLER_0_277,VPWR,li1,133.6300,13.6000,1.799868
FILLER_0_265,VPWR,li1,130.1800,13.6000,1.799868
FILLER_0_253,VPWR,li1,124.6600,13.6000,1.799868
FILLER_0_249,VPWR,li1,120.7500,13.6000,1.799868
FILLER_0_237,VPWR,li1,117.3000,13.6000,1.799868
FILLER_0_225,VPWR,li1,111.7800,13.6000,1.799868
FILLER_0_221,VPWR,li1,107.8700,13.6000,1.799868
FILLER_0_209,VPWR,li1,104.4200,13.6000,1.799868
FILLER_0_197,VPWR,li1,98.9000,13.6000,1.799868
FILLER_0_194,VPWR,li1,95.2200,13.6000,1.799868
FILLER_0_186,VPWR,li1,92.9200,13.6000,1.799868
FILLER_0_174,VPWR,li1,88.3200,13.6000,1.799870
FILLER_0_169,VPWR,li1,83.7200,13.6000,1.799873
FILLER_0_161,VPWR,li1,80.2700,13.6000,1.799875
FILLER_0_153,VPWR,li1,77.7400,13.6000,1.799877
FILLER_0_141,VPWR,li1,73.1400,13.6000,1.799881
FILLER_0_138,VPWR,li1,69.4600,13.6000,1.799884
FILLER_0_126,VPWR,li1,66.2400,13.6000,1.799886
FILLER_0_121,VPWR,li1,61.4100,13.6000,1.799891
FILLER_0_113,VPWR,li1,59.3400,13.6000,1.799895
FILLER_0_109,VPWR,li1,56.3500,13.6000,1.799904
FILLER_0_97,VPWR,li1,52.9000,13.6000,1.799908
FILLER_0_85,VPWR,li1,47.3800,13.6000,1.799920
FILLER_0_81,VPWR,li1,43.4700,13.6000,1.799928
FILLER_0_69,VPWR,li1,40.0200,13.6000,1.799935
FILLER_0_65,VPWR,li1,35.6500,13.6000,1.799944
FILLER_0_57,VPWR,li1,33.5800,13.6000,1.799948
FILLER_0_53,VPWR,li1,30.5900,13.6000,1.799957
FILLER_0_41,VPWR,li1,27.1400,13.6000,1.799962
FILLER_0_29,VPWR,li1,21.6200,13.6000,1.799977
FILLER_0_27,VPWR,li1,18.1700,13.6000,1.799977
FILLER_0_23,VPWR,li1,16.3300,13.6000,1.799976
FILLER_0_15,VPWR,li1,14.2600,13.6000,1.799976
FILLER_0_3,VPWR,li1,9.6600,13.6000,1.799976
hold133,VPWR,li1,86.4800,46.2400,1.799020
hold132,VPWR,li1,9.2000,62.5600,1.799840
hold131,VPWR,li1,17.4800,106.0800,1.799636
hold130,VPWR,li1,17.0200,84.3200,1.799810
hold129,VPWR,li1,84.6400,51.6800,1.798754
hold128,VPWR,li1,29.4400,78.8800,1.799540
hold127,VPWR,li1,68.0800,111.5200,1.798829
hold126,VPWR,li1,16.1000,62.5600,1.799845
hold125,VPWR,li1,74.9800,95.2000,1.799220
hold124,VPWR,li1,93.8400,78.8800,1.798538
hold123,VPWR,li1,89.7000,13.6000,1.799869
hold122,VPWR,li1,59.8000,122.4000,1.799138
hold121,VPWR,li1,41.4000,100.6400,1.799645
hold120,VPWR,li1,20.7000,122.4000,1.799794
hold119,VPWR,li1,61.1800,24.4800,1.799705
hold118,VPWR,li1,20.7000,51.6800,1.799764
hold117,VPWR,li1,104.8800,29.9200,1.799368
hold116,VPWR,li1,24.8400,62.5600,1.799803
hold115,VPWR,li1,51.0600,84.3200,1.799446
hold114,VPWR,li1,97.9800,40.8000,1.799213
hold113,VPWR,li1,16.5600,106.0800,1.799636
hold112,VPWR,li1,17.0200,89.7600,1.799825
hold111,VPWR,li1,37.2600,57.1200,1.799488
hold110,VPWR,li1,64.4000,35.3600,1.799527
hold109,VPWR,li1,38.1800,40.8000,1.799637
hold108,VPWR,li1,39.1000,89.7600,1.799614
hold107,VPWR,li1,97.9800,100.6400,1.799347
hold106,VPWR,li1,72.2200,133.2800,1.798937
hold105,VPWR,li1,91.5400,35.3600,1.799397
hold104,VPWR,li1,66.2400,116.9600,1.798971
hold103,VPWR,li1,30.3600,89.7600,1.799734
hold102,VPWR,li1,68.0800,133.2800,1.798999
hold101,VPWR,li1,103.5000,57.1200,1.798894
hold100,VPWR,li1,92.9200,100.6400,1.799366
hold99,VPWR,li1,46.4600,46.2400,1.799409
hold98,VPWR,li1,63.0200,78.8800,1.798854
hold97,VPWR,li1,74.0600,111.5200,1.798759
hold96,VPWR,li1,80.9600,111.5200,1.798645
hold95,VPWR,li1,46.0000,122.4000,1.799366
hold94,VPWR,li1,41.8600,29.9200,1.799639
hold93,VPWR,li1,38.6400,122.4000,1.799459
hold92,VPWR,li1,29.4400,95.2000,1.799713
hold91,VPWR,li1,28.0600,29.9200,1.799786
hold90,VPWR,li1,72.2200,35.3600,1.799481
hold89,VPWR,li1,86.0200,78.8800,1.798574
hold88,VPWR,li1,59.8000,35.3600,1.799557
hold87,VPWR,li1,40.9400,73.4400,1.799443
hold86,VPWR,li1,84.1800,89.7600,1.799149
hold85,VPWR,li1,46.4600,116.9600,1.799287
hold84,VPWR,li1,89.7000,24.4800,1.799647
hold83,VPWR,li1,67.1600,24.4800,1.799691
hold82,VPWR,li1,55.2000,51.6800,1.799090
hold81,VPWR,li1,92.4600,40.8000,1.799229
hold80,VPWR,li1,62.5600,138.7200,1.799004
hold79,VPWR,li1,16.1000,78.8800,1.799749
hold78,VPWR,li1,16.1000,133.2800,1.799793
hold77,VPWR,li1,33.5800,46.2400,1.799601
hold76,VPWR,li1,60.7200,133.2800,1.799129
hold75,VPWR,li1,61.1800,57.1200,1.799230
hold74,VPWR,li1,53.8200,29.9200,1.799554
hold73,VPWR,li1,34.0400,68.0000,1.799686
hold72,VPWR,li1,99.8200,19.0400,1.799452
hold71,VPWR,li1,33.5800,24.4800,1.799823
hold70,VPWR,li1,33.5800,19.0400,1.799771
hold69,VPWR,li1,34.5000,24.4800,1.799823
hold68,VPWR,li1,59.3400,46.2400,1.799250
hold67,VPWR,li1,16.1000,116.9600,1.799770
hold66,VPWR,li1,73.1400,78.8800,1.798704
hold65,VPWR,li1,102.5800,46.2400,1.798935
hold64,VPWR,li1,90.1600,46.2400,1.798998
hold63,VPWR,li1,57.9600,68.0000,1.799456
hold62,VPWR,li1,90.6200,62.5600,1.799345
hold61,VPWR,li1,28.0600,133.2800,1.799666
hold60,VPWR,li1,57.0400,133.2800,1.799170
hold59,VPWR,li1,70.8400,95.2000,1.799258
hold58,VPWR,li1,106.7200,35.3600,1.799373
hold57,VPWR,li1,25.3000,51.6800,1.799663
hold56,VPWR,li1,73.6000,51.6800,1.798858
hold55,VPWR,li1,78.6600,95.2000,1.799193
hold54,VPWR,li1,84.1800,29.9200,1.799401
hold53,VPWR,li1,30.3600,100.6400,1.799767
hold52,VPWR,li1,20.7000,106.0800,1.799641
hold51,VPWR,li1,25.3000,133.2800,1.799717
hold50,VPWR,li1,29.4400,40.8000,1.799745
hold49,VPWR,li1,45.5400,106.0800,1.798907
hold48,VPWR,li1,46.9200,78.8800,1.799162
hold47,VPWR,li1,17.0200,35.3600,1.799897
hold46,VPWR,li1,51.0600,35.3600,1.799626
hold45,VPWR,li1,25.3000,106.0800,1.799531
hold44,VPWR,li1,80.9600,133.2800,1.798829
hold43,VPWR,li1,84.1800,106.0800,1.798240
hold42,VPWR,li1,54.7400,116.9600,1.799149
hold41,VPWR,li1,44.1600,133.2800,1.799397
hold40,VPWR,li1,35.8800,51.6800,1.799444
hold39,VPWR,li1,41.4000,68.0000,1.799606
hold38,VPWR,li1,24.3800,78.8800,1.799661
hold37,VPWR,li1,40.4800,116.9600,1.799395
hold36,VPWR,li1,27.1400,68.0000,1.799783
hold35,VPWR,li1,85.5600,68.0000,1.799273
hold34,VPWR,li1,51.5200,100.6400,1.799565
hold33,VPWR,li1,80.0400,133.2800,1.798829
hold32,VPWR,li1,55.2000,24.4800,1.799723
hold31,VPWR,li1,24.3800,116.9600,1.799733
hold30,VPWR,li1,74.9800,100.6400,1.799432
hold29,VPWR,li1,39.5600,35.3600,1.799733
hold28,VPWR,li1,26.2200,89.7600,1.799775
hold27,VPWR,li1,45.0800,89.7600,1.799552
hold26,VPWR,li1,43.7000,84.3200,1.799530
hold25,VPWR,li1,72.2200,68.0000,1.799339
hold24,VPWR,li1,46.4600,127.8400,1.799359
hold23,VPWR,li1,79.5800,29.9200,1.799416
hold22,VPWR,li1,25.7600,51.6800,1.799663
hold21,VPWR,li1,19.7800,62.5600,1.799848
hold20,VPWR,li1,47.8400,111.5200,1.799183
hold19,VPWR,li1,78.2000,46.2400,1.799083
hold18,VPWR,li1,71.7600,62.5600,1.799425
hold17,VPWR,li1,59.3400,73.4400,1.799166
hold16,VPWR,li1,102.1200,78.8800,1.798505
hold15,VPWR,li1,72.2200,19.0400,1.799504
hold14,VPWR,li1,47.8400,57.1200,1.799363
hold13,VPWR,li1,66.7000,78.8800,1.798792
hold12,VPWR,li1,97.9800,62.5600,1.799319
hold11,VPWR,li1,105.8000,68.0000,1.799221
hold10,VPWR,li1,59.8000,116.9600,1.799069
hold9,VPWR,li1,67.1600,68.0000,1.799374
hold8,VPWR,li1,106.7200,89.7600,1.799027
hold7,VPWR,li1,97.9800,95.2000,1.799086
hold6,VPWR,li1,102.1200,73.4400,1.798678
hold5,VPWR,li1,139.3800,106.0800,1.797949
hold4,VPWR,li1,108.1000,100.6400,1.799321
hold3,VPWR,li1,128.3400,111.5200,1.798362
hold2,VPWR,li1,140.3000,122.4000,1.798577
hold1,VPWR,li1,113.6200,68.0000,1.799216
clkload14,VPWR,li1,119.8300,111.5200,1.798380
clkload13,VPWR,li1,119.3700,106.0800,1.797992
clkload12,VPWR,li1,93.6100,116.9600,1.798576
clkload11,VPWR,li1,89.4700,106.0800,1.798182
clkload10,VPWR,li1,97.2900,46.2400,1.798959
clkload9,VPWR,li1,89.0100,51.6800,1.798694
clkload8,VPWR,li1,84.6400,73.4400,1.798807
clkload7,VPWR,li1,71.9900,78.8800,1.798704
clkload6,VPWR,li1,57.9600,106.0800,1.798620
clkload5,VPWR,li1,55.4300,100.6400,1.799537
clkload4,VPWR,li1,34.2700,100.6400,1.799706
clkload3,VPWR,li1,54.9700,57.1200,1.799294
clkload2,VPWR,li1,51.7500,40.8000,1.799493
clkload1,VPWR,li1,33.1200,57.1200,1.799545
clkload0,VPWR,li1,28.5200,51.6800,1.799594
clkbuf_4_15_0_wr_clk,VPWR,li1,123.9700,111.5200,1.798365
clkbuf_4_14_0_wr_clk,VPWR,li1,127.1900,106.0800,1.797959
clkbuf_4_13_0_wr_clk,VPWR,li1,93.1500,111.5200,1.798510
clkbuf_4_12_0_wr_clk,VPWR,li1,93.6100,106.0800,1.798140
clkbuf_4_11_0_wr_clk,VPWR,li1,103.7300,51.6800,1.798579
clkbuf_4_10_0_wr_clk,VPWR,li1,89.0100,51.6800,1.798694
clkbuf_4_9_0_wr_clk,VPWR,li1,78.8900,73.4400,1.798862
clkbuf_4_8_0_wr_clk,VPWR,li1,77.5100,78.8800,1.798617
clkbuf_4_7_0_wr_clk,VPWR,li1,54.5100,106.0800,1.798680
clkbuf_4_6_0_wr_clk,VPWR,li1,60.0300,106.0800,1.798570
clkbuf_4_5_0_wr_clk,VPWR,li1,33.3500,106.0800,1.799229
clkbuf_4_4_0_wr_clk,VPWR,li1,28.2900,106.0800,1.799383
clkbuf_4_3_0_wr_clk,VPWR,li1,60.0300,51.6800,1.799022
clkbuf_4_2_0_wr_clk,VPWR,li1,51.7500,51.6800,1.799144
clkbuf_4_1_0_wr_clk,VPWR,li1,27.8300,57.1200,1.799617
clkbuf_4_0_0_wr_clk,VPWR,li1,28.7500,57.1200,1.799617
clkbuf_0_wr_clk,VPWR,li1,78.2000,78.8800,1.798617
fanout76,VPWR,li1,141.6800,62.5600,1.799266
fanout75,VPWR,li1,143.0600,106.0800,1.797949
fanout74,VPWR,li1,143.0600,106.0800,1.797949
fanout73,VPWR,li1,142.6000,100.6400,1.799277
fanout72,VPWR,li1,142.1400,100.6400,1.799277
fanout71,VPWR,li1,143.5200,62.5600,1.799266
fanout70,VPWR,li1,142.1400,89.7600,1.798963
fanout69,VPWR,li1,132.4800,100.6400,1.799281
fanout68,VPWR,li1,139.8400,62.5600,1.799266
fanout67,VPWR,li1,135.7000,57.1200,1.798790
fanout66,VPWR,li1,83.4900,133.2800,1.798801
fanout65,VPWR,li1,65.3200,138.7200,1.798968
fanout64,VPWR,li1,104.6500,73.4400,1.798666
fanout63,VPWR,li1,80.9600,68.0000,1.799291
fanout62,VPWR,li1,43.9300,100.6400,1.799625
fanout61,VPWR,li1,16.1000,89.7600,1.799825
fanout60,VPWR,li1,56.3500,40.8000,1.799454
fanout59,VPWR,li1,58.4200,19.0400,1.799579
fanout58,VPWR,li1,92.6900,46.2400,1.798984
fanout57,VPWR,li1,92.4600,13.6000,1.799868
fanout56,VPWR,li1,35.6500,35.3600,1.799764
fanout55,VPWR,li1,29.4400,24.4800,1.799848
fanout54,VPWR,li1,45.3100,127.8400,1.799391
fanout53,VPWR,li1,16.1000,127.8400,1.799777
fanout52,VPWR,li1,43.4700,73.4400,1.799414
fanout51,VPWR,li1,16.1000,73.4400,1.799779
fanout50,VPWR,li1,116.8400,57.1200,1.798845
fanout49,VPWR,li1,114.5400,57.1200,1.798853
fanout48,VPWR,li1,112.2400,51.6800,1.798551
fanout47,VPWR,li1,33.5800,78.8800,1.799444
fanout46,VPWR,li1,63.0200,40.8000,1.799411
fanout45,VPWR,li1,116.8400,78.8800,1.798461
fanout44,VPWR,li1,60.7200,89.7600,1.799374
fanout43,VPWR,li1,113.6200,73.4400,1.798631
fanout42,VPWR,li1,63.9400,68.0000,1.799401
fanout41,VPWR,li1,123.2800,78.8800,1.798446
fanout40,VPWR,li1,125.1200,78.8800,1.798441
fanout39,VPWR,li1,123.2800,84.3200,1.799015
fanout38,VPWR,li1,100.2800,116.9600,1.798502
fanout37,VPWR,li1,98.4400,116.9600,1.798527
fanout36,VPWR,li1,140.3000,78.8800,1.798412
fanout35,VPWR,li1,110.4000,116.9600,1.798423
output34,VPWR,li1,7.8200,68.0000,1.799829
output33,VPWR,li1,65.7800,149.6000,1.799939
output32,VPWR,li1,62.5600,13.6000,1.799891
output31,VPWR,li1,141.6800,51.6800,1.798485
output30,VPWR,li1,81.8800,13.6000,1.799875
output29,VPWR,li1,7.8200,95.2000,1.799811
output28,VPWR,li1,143.5200,78.8800,1.798411
output27,VPWR,li1,72.2200,149.6000,1.799932
output26,VPWR,li1,107.6400,149.6000,1.799893
output25,VPWR,li1,136.1600,78.8800,1.798418
output24,VPWR,li1,143.5200,133.2800,1.798310
output23,VPWR,li1,143.5200,51.6800,1.798485
input22,VPWR,li1,104.1900,149.6000,1.799898
input21,VPWR,li1,7.5900,73.4400,1.799773
input20,VPWR,li1,7.5900,133.2800,1.799793
input19,VPWR,li1,17.2500,13.6000,1.799976
input18,VPWR,li1,84.8700,13.6000,1.799871
input17,VPWR,li1,36.5700,13.6000,1.799944
input16,VPWR,li1,9.4300,95.2000,1.799811
input15,VPWR,li1,143.7500,68.0000,1.799210
input14,VPWR,li1,75.2100,149.6000,1.799928
input13,VPWR,li1,143.7500,89.7600,1.798963
input12,VPWR,li1,143.7500,68.0000,1.799210
input11,VPWR,li1,143.7500,62.5600,1.799266
input10,VPWR,li1,143.7500,138.7200,1.798254
input9,VPWR,li1,126.7300,149.6000,1.799892
input8,VPWR,li1,120.2900,149.6000,1.799892
input7,VPWR,li1,113.8500,149.6000,1.799892
input6,VPWR,li1,117.0700,149.6000,1.799892
input5,VPWR,li1,143.7500,51.6800,1.798485
input4,VPWR,li1,143.7500,46.2400,1.798845
input3,VPWR,li1,143.7500,46.2400,1.798845
input2,VPWR,li1,143.7500,40.8000,1.799103
input1,VPWR,li1,143.7500,40.8000,1.799103
TAP_TAPCELL_ROW_50_366,VPWR,li1,134.5500,149.2930,1.799892
TAP_TAPCELL_ROW_50_365,VPWR,li1,121.6700,149.2930,1.799892
TAP_TAPCELL_ROW_50_364,VPWR,li1,108.7900,149.2930,1.799893
TAP_TAPCELL_ROW_50_363,VPWR,li1,95.9100,149.2930,1.799907
TAP_TAPCELL_ROW_50_362,VPWR,li1,83.0300,149.2930,1.799921
TAP_TAPCELL_ROW_50_361,VPWR,li1,70.1500,149.2930,1.799934
TAP_TAPCELL_ROW_50_360,VPWR,li1,57.2700,149.2930,1.799950
TAP_TAPCELL_ROW_50_359,VPWR,li1,44.3900,149.2930,1.799964
TAP_TAPCELL_ROW_50_358,VPWR,li1,31.5100,149.2930,1.799979
TAP_TAPCELL_ROW_50_357,VPWR,li1,18.6300,149.2930,1.799989
TAP_TAPCELL_ROW_49_356,VPWR,li1,134.5500,144.4660,1.799652
TAP_TAPCELL_ROW_49_355,VPWR,li1,108.7900,144.4660,1.799662
TAP_TAPCELL_ROW_49_354,VPWR,li1,83.0300,144.4660,1.799731
TAP_TAPCELL_ROW_49_353,VPWR,li1,57.2700,144.4660,1.799820
TAP_TAPCELL_ROW_49_352,VPWR,li1,31.5100,144.4660,1.799926
TAP_TAPCELL_ROW_48_351,VPWR,li1,121.6700,143.8530,1.799652
TAP_TAPCELL_ROW_48_350,VPWR,li1,95.9100,143.8530,1.799688
TAP_TAPCELL_ROW_48_349,VPWR,li1,70.1500,143.8530,1.799781
TAP_TAPCELL_ROW_48_348,VPWR,li1,44.3900,143.8530,1.799870
TAP_TAPCELL_ROW_48_347,VPWR,li1,18.6300,143.8530,1.799961
TAP_TAPCELL_ROW_47_346,VPWR,li1,134.5500,139.0260,1.798254
TAP_TAPCELL_ROW_47_345,VPWR,li1,108.7900,139.0260,1.798330
TAP_TAPCELL_ROW_47_344,VPWR,li1,83.0300,139.0260,1.798665
TAP_TAPCELL_ROW_47_343,VPWR,li1,57.2700,139.0260,1.799104
TAP_TAPCELL_ROW_47_342,VPWR,li1,31.5100,139.0260,1.799629
TAP_TAPCELL_ROW_46_341,VPWR,li1,121.6700,138.4130,1.798265
TAP_TAPCELL_ROW_46_340,VPWR,li1,95.9100,138.4130,1.798474
TAP_TAPCELL_ROW_46_339,VPWR,li1,70.1500,138.4130,1.798873
TAP_TAPCELL_ROW_46_338,VPWR,li1,44.3900,138.4130,1.799348
TAP_TAPCELL_ROW_46_337,VPWR,li1,18.6300,138.4130,1.799806
TAP_TAPCELL_ROW_45_336,VPWR,li1,134.5500,133.5860,1.798324
TAP_TAPCELL_ROW_45_335,VPWR,li1,108.7900,133.5860,1.798503
TAP_TAPCELL_ROW_45_334,VPWR,li1,83.0300,133.5860,1.798801
TAP_TAPCELL_ROW_45_333,VPWR,li1,57.2700,133.5860,1.799170
TAP_TAPCELL_ROW_45_332,VPWR,li1,31.5100,133.5860,1.799612
TAP_TAPCELL_ROW_44_331,VPWR,li1,121.6700,132.9730,1.798385
TAP_TAPCELL_ROW_44_330,VPWR,li1,95.9100,132.9730,1.798642
TAP_TAPCELL_ROW_44_329,VPWR,li1,70.1500,132.9730,1.798968
TAP_TAPCELL_ROW_44_328,VPWR,li1,44.3900,132.9730,1.799397
TAP_TAPCELL_ROW_44_327,VPWR,li1,18.6300,132.9730,1.799794
TAP_TAPCELL_ROW_43_326,VPWR,li1,134.5500,128.1460,1.798709
TAP_TAPCELL_ROW_43_325,VPWR,li1,108.7900,128.1460,1.798745
TAP_TAPCELL_ROW_43_324,VPWR,li1,83.0300,128.1460,1.798934
TAP_TAPCELL_ROW_43_323,VPWR,li1,57.2700,128.1460,1.799207
TAP_TAPCELL_ROW_43_322,VPWR,li1,31.5100,128.1460,1.799605
TAP_TAPCELL_ROW_42_321,VPWR,li1,121.6700,127.5330,1.798714
TAP_TAPCELL_ROW_42_320,VPWR,li1,95.9100,127.5330,1.798816
TAP_TAPCELL_ROW_42_319,VPWR,li1,70.1500,127.5330,1.799048
TAP_TAPCELL_ROW_42_318,VPWR,li1,44.3900,127.5330,1.799391
TAP_TAPCELL_ROW_42_317,VPWR,li1,18.6300,127.5330,1.799780
TAP_TAPCELL_ROW_41_316,VPWR,li1,134.5500,122.7060,1.798584
TAP_TAPCELL_ROW_41_315,VPWR,li1,108.7900,122.7060,1.798676
TAP_TAPCELL_ROW_41_314,VPWR,li1,83.0300,122.7060,1.798870
TAP_TAPCELL_ROW_41_313,VPWR,li1,57.2700,122.7060,1.799193
TAP_TAPCELL_ROW_41_312,VPWR,li1,31.5100,122.7060,1.799592
TAP_TAPCELL_ROW_40_311,VPWR,li1,121.6700,122.0930,1.798616
TAP_TAPCELL_ROW_40_310,VPWR,li1,95.9100,122.0930,1.798762
TAP_TAPCELL_ROW_40_309,VPWR,li1,70.1500,122.0930,1.799027
TAP_TAPCELL_ROW_40_308,VPWR,li1,44.3900,122.0930,1.799366
TAP_TAPCELL_ROW_40_307,VPWR,li1,18.6300,122.0930,1.799790
TAP_TAPCELL_ROW_39_306,VPWR,li1,134.5500,117.2660,1.798315
TAP_TAPCELL_ROW_39_305,VPWR,li1,108.7900,117.2660,1.798448
TAP_TAPCELL_ROW_39_304,VPWR,li1,83.0300,117.2660,1.798735
TAP_TAPCELL_ROW_39_303,VPWR,li1,57.2700,117.2660,1.799116
TAP_TAPCELL_ROW_39_302,VPWR,li1,31.5100,117.2660,1.799606
TAP_TAPCELL_ROW_38_301,VPWR,li1,121.6700,116.6530,1.798362
TAP_TAPCELL_ROW_38_300,VPWR,li1,95.9100,116.6530,1.798554
TAP_TAPCELL_ROW_38_299,VPWR,li1,70.1500,116.6530,1.798930
TAP_TAPCELL_ROW_38_298,VPWR,li1,44.3900,116.6530,1.799343
TAP_TAPCELL_ROW_38_297,VPWR,li1,18.6300,116.6530,1.799772
TAP_TAPCELL_ROW_37_296,VPWR,li1,134.5500,111.8260,1.798360
TAP_TAPCELL_ROW_37_295,VPWR,li1,108.7900,111.8260,1.798431
TAP_TAPCELL_ROW_37_294,VPWR,li1,83.0300,111.8260,1.798620
TAP_TAPCELL_ROW_37_293,VPWR,li1,57.2700,111.8260,1.798991
TAP_TAPCELL_ROW_37_292,VPWR,li1,31.5100,111.8260,1.799537
TAP_TAPCELL_ROW_36_291,VPWR,li1,121.6700,111.2130,1.798374
TAP_TAPCELL_ROW_36_290,VPWR,li1,95.9100,111.2130,1.798491
TAP_TAPCELL_ROW_36_289,VPWR,li1,70.1500,111.2130,1.798792
TAP_TAPCELL_ROW_36_288,VPWR,li1,44.3900,111.2130,1.799228
TAP_TAPCELL_ROW_36_287,VPWR,li1,18.6300,111.2130,1.799735
TAP_TAPCELL_ROW_35_286,VPWR,li1,134.5500,106.3860,1.797953
TAP_TAPCELL_ROW_35_285,VPWR,li1,108.7900,106.3860,1.798045
TAP_TAPCELL_ROW_35_284,VPWR,li1,83.0300,106.3860,1.798265
TAP_TAPCELL_ROW_35_283,VPWR,li1,57.2700,106.3860,1.798620
TAP_TAPCELL_ROW_35_282,VPWR,li1,31.5100,106.3860,1.799299
TAP_TAPCELL_ROW_34_281,VPWR,li1,121.6700,105.7730,1.797982
TAP_TAPCELL_ROW_34_280,VPWR,li1,95.9100,105.7730,1.798123
TAP_TAPCELL_ROW_34_279,VPWR,li1,70.1500,105.7730,1.798419
TAP_TAPCELL_ROW_34_278,VPWR,li1,44.3900,105.7730,1.798954
TAP_TAPCELL_ROW_34_277,VPWR,li1,18.6300,105.7730,1.799639
TAP_TAPCELL_ROW_33_276,VPWR,li1,134.5500,100.9460,1.799279
TAP_TAPCELL_ROW_33_275,VPWR,li1,108.7900,100.9460,1.799321
TAP_TAPCELL_ROW_33_274,VPWR,li1,83.0300,100.9460,1.799402
TAP_TAPCELL_ROW_33_273,VPWR,li1,57.2700,100.9460,1.799525
TAP_TAPCELL_ROW_33_272,VPWR,li1,31.5100,100.9460,1.799742
TAP_TAPCELL_ROW_32_271,VPWR,li1,121.6700,100.3330,1.799296
TAP_TAPCELL_ROW_32_270,VPWR,li1,95.9100,100.3330,1.799353
TAP_TAPCELL_ROW_32_269,VPWR,li1,70.1500,100.3330,1.799460
TAP_TAPCELL_ROW_32_268,VPWR,li1,44.3900,100.3330,1.799625
TAP_TAPCELL_ROW_32_267,VPWR,li1,18.6300,100.3330,1.799844
TAP_TAPCELL_ROW_31_266,VPWR,li1,134.5500,95.5060,1.799002
TAP_TAPCELL_ROW_31_265,VPWR,li1,108.7900,95.5060,1.799054
TAP_TAPCELL_ROW_31_264,VPWR,li1,83.0300,95.5060,1.799163
TAP_TAPCELL_ROW_31_263,VPWR,li1,57.2700,95.5060,1.799368
TAP_TAPCELL_ROW_31_262,VPWR,li1,31.5100,95.5060,1.799676
TAP_TAPCELL_ROW_30_261,VPWR,li1,121.6700,94.8930,1.799023
TAP_TAPCELL_ROW_30_260,VPWR,li1,95.9100,94.8930,1.799095
TAP_TAPCELL_ROW_30_259,VPWR,li1,70.1500,94.8930,1.799258
TAP_TAPCELL_ROW_30_258,VPWR,li1,44.3900,94.8930,1.799503
TAP_TAPCELL_ROW_30_257,VPWR,li1,18.6300,94.8930,1.799817
TAP_TAPCELL_ROW_29_256,VPWR,li1,134.5500,90.0660,1.798964
TAP_TAPCELL_ROW_29_255,VPWR,li1,108.7900,90.0660,1.799021
TAP_TAPCELL_ROW_29_254,VPWR,li1,83.0300,90.0660,1.799164
TAP_TAPCELL_ROW_29_253,VPWR,li1,57.2700,90.0660,1.799415
TAP_TAPCELL_ROW_29_252,VPWR,li1,31.5100,90.0660,1.799708
TAP_TAPCELL_ROW_28_251,VPWR,li1,121.6700,89.4530,1.798983
TAP_TAPCELL_ROW_28_250,VPWR,li1,95.9100,89.4530,1.799077
TAP_TAPCELL_ROW_28_249,VPWR,li1,70.1500,89.4530,1.799268
TAP_TAPCELL_ROW_28_248,VPWR,li1,44.3900,89.4530,1.799552
TAP_TAPCELL_ROW_28_247,VPWR,li1,18.6300,89.4530,1.799830
TAP_TAPCELL_ROW_27_246,VPWR,li1,134.5500,84.6260,1.798999
TAP_TAPCELL_ROW_27_245,VPWR,li1,108.7900,84.6260,1.799051
TAP_TAPCELL_ROW_27_244,VPWR,li1,83.0300,84.6260,1.799174
TAP_TAPCELL_ROW_27_243,VPWR,li1,57.2700,84.6260,1.799365
TAP_TAPCELL_ROW_27_242,VPWR,li1,31.5100,84.6260,1.799700
TAP_TAPCELL_ROW_26_241,VPWR,li1,121.6700,84.0130,1.799019
TAP_TAPCELL_ROW_26_240,VPWR,li1,95.9100,84.0130,1.799097
TAP_TAPCELL_ROW_26_239,VPWR,li1,70.1500,84.0130,1.799267
TAP_TAPCELL_ROW_26_238,VPWR,li1,44.3900,84.0130,1.799530
TAP_TAPCELL_ROW_26_237,VPWR,li1,18.6300,84.0130,1.799813
TAP_TAPCELL_ROW_25_236,VPWR,li1,134.5500,79.1860,1.798423
TAP_TAPCELL_ROW_25_235,VPWR,li1,108.7900,79.1860,1.798485
TAP_TAPCELL_ROW_25_234,VPWR,li1,83.0300,79.1860,1.798593
TAP_TAPCELL_ROW_25_233,VPWR,li1,57.2700,79.1860,1.798983
TAP_TAPCELL_ROW_25_232,VPWR,li1,31.5100,79.1860,1.799491
TAP_TAPCELL_ROW_24_231,VPWR,li1,121.6700,78.5730,1.798451
TAP_TAPCELL_ROW_24_230,VPWR,li1,95.9100,78.5730,1.798530
TAP_TAPCELL_ROW_24_229,VPWR,li1,70.1500,78.5730,1.798750
TAP_TAPCELL_ROW_24_228,VPWR,li1,44.3900,78.5730,1.799218
TAP_TAPCELL_ROW_24_227,VPWR,li1,18.6300,78.5730,1.799750
TAP_TAPCELL_ROW_23_226,VPWR,li1,134.5500,73.7460,1.798595
TAP_TAPCELL_ROW_23_225,VPWR,li1,108.7900,73.7460,1.798648
TAP_TAPCELL_ROW_23_224,VPWR,li1,83.0300,73.7460,1.798831
TAP_TAPCELL_ROW_23_223,VPWR,li1,57.2700,73.7460,1.799203
TAP_TAPCELL_ROW_23_222,VPWR,li1,31.5100,73.7460,1.799629
TAP_TAPCELL_ROW_22_221,VPWR,li1,121.6700,73.1330,1.798612
TAP_TAPCELL_ROW_22_220,VPWR,li1,95.9100,73.1330,1.798715
TAP_TAPCELL_ROW_22_219,VPWR,li1,70.1500,73.1330,1.798986
TAP_TAPCELL_ROW_22_218,VPWR,li1,44.3900,73.1330,1.799414
TAP_TAPCELL_ROW_22_217,VPWR,li1,18.6300,73.1330,1.799782
TAP_TAPCELL_ROW_21_216,VPWR,li1,134.5500,68.3060,1.799211
TAP_TAPCELL_ROW_21_215,VPWR,li1,108.7900,68.3060,1.799220
TAP_TAPCELL_ROW_21_214,VPWR,li1,83.0300,68.3060,1.799282
TAP_TAPCELL_ROW_21_213,VPWR,li1,57.2700,68.3060,1.799456
TAP_TAPCELL_ROW_21_212,VPWR,li1,31.5100,68.3060,1.799737
TAP_TAPCELL_ROW_20_211,VPWR,li1,121.6700,67.6930,1.799213
TAP_TAPCELL_ROW_20_210,VPWR,li1,95.9100,67.6930,1.799242
TAP_TAPCELL_ROW_20_209,VPWR,li1,70.1500,67.6930,1.799360
TAP_TAPCELL_ROW_20_208,VPWR,li1,44.3900,67.6930,1.799583
TAP_TAPCELL_ROW_20_207,VPWR,li1,18.6300,67.6930,1.799840
TAP_TAPCELL_ROW_19_206,VPWR,li1,134.5500,62.8660,1.799268
TAP_TAPCELL_ROW_19_205,VPWR,li1,108.7900,62.8660,1.799287
TAP_TAPCELL_ROW_19_204,VPWR,li1,83.0300,62.8660,1.799375
TAP_TAPCELL_ROW_19_203,VPWR,li1,57.2700,62.8660,1.799494
TAP_TAPCELL_ROW_19_202,VPWR,li1,31.5100,62.8660,1.799725
TAP_TAPCELL_ROW_18_201,VPWR,li1,121.6700,62.2530,1.799271
TAP_TAPCELL_ROW_18_200,VPWR,li1,95.9100,62.2530,1.799326
TAP_TAPCELL_ROW_18_199,VPWR,li1,70.1500,62.2530,1.799425
TAP_TAPCELL_ROW_18_198,VPWR,li1,44.3900,62.2530,1.799601
TAP_TAPCELL_ROW_18_197,VPWR,li1,18.6300,62.2530,1.799848
TAP_TAPCELL_ROW_17_196,VPWR,li1,134.5500,57.4260,1.798795
TAP_TAPCELL_ROW_17_195,VPWR,li1,108.7900,57.4260,1.798876
TAP_TAPCELL_ROW_17_194,VPWR,li1,83.0300,57.4260,1.799024
TAP_TAPCELL_ROW_17_193,VPWR,li1,57.2700,57.4260,1.799254
TAP_TAPCELL_ROW_17_192,VPWR,li1,31.5100,57.4260,1.799576
TAP_TAPCELL_ROW_16_191,VPWR,li1,121.6700,56.8130,1.798830
TAP_TAPCELL_ROW_16_190,VPWR,li1,95.9100,56.8130,1.798932
TAP_TAPCELL_ROW_16_189,VPWR,li1,70.1500,56.8130,1.799142
TAP_TAPCELL_ROW_16_188,VPWR,li1,44.3900,56.8130,1.799410
TAP_TAPCELL_ROW_16_187,VPWR,li1,18.6300,56.8130,1.799765
TAP_TAPCELL_ROW_15_186,VPWR,li1,134.5500,51.9860,1.798494
TAP_TAPCELL_ROW_15_185,VPWR,li1,108.7900,51.9860,1.798564
TAP_TAPCELL_ROW_15_184,VPWR,li1,83.0300,51.9860,1.798754
TAP_TAPCELL_ROW_15_183,VPWR,li1,57.2700,51.9860,1.799060
TAP_TAPCELL_ROW_15_182,VPWR,li1,31.5100,51.9860,1.799552
TAP_TAPCELL_ROW_14_181,VPWR,li1,121.6700,51.3730,1.798527
TAP_TAPCELL_ROW_14_180,VPWR,li1,95.9100,51.3730,1.798634
TAP_TAPCELL_ROW_14_179,VPWR,li1,70.1500,51.3730,1.798907
TAP_TAPCELL_ROW_14_178,VPWR,li1,44.3900,51.3730,1.799312
TAP_TAPCELL_ROW_14_177,VPWR,li1,18.6300,51.3730,1.799761
TAP_TAPCELL_ROW_13_176,VPWR,li1,134.5500,46.5460,1.798852
TAP_TAPCELL_ROW_13_175,VPWR,li1,108.7900,46.5460,1.798916
TAP_TAPCELL_ROW_13_174,VPWR,li1,83.0300,46.5460,1.799058
TAP_TAPCELL_ROW_13_173,VPWR,li1,57.2700,46.5460,1.799274
TAP_TAPCELL_ROW_13_172,VPWR,li1,31.5100,46.5460,1.799635
TAP_TAPCELL_ROW_12_171,VPWR,li1,121.6700,45.9330,1.798883
TAP_TAPCELL_ROW_12_170,VPWR,li1,95.9100,45.9330,1.798969
TAP_TAPCELL_ROW_12_169,VPWR,li1,70.1500,45.9330,1.799156
TAP_TAPCELL_ROW_12_168,VPWR,li1,44.3900,45.9330,1.799438
TAP_TAPCELL_ROW_12_167,VPWR,li1,18.6300,45.9330,1.799797
TAP_TAPCELL_ROW_11_166,VPWR,li1,134.5500,41.1060,1.799108
TAP_TAPCELL_ROW_11_165,VPWR,li1,108.7900,41.1060,1.799179
TAP_TAPCELL_ROW_11_164,VPWR,li1,83.0300,41.1060,1.799276
TAP_TAPCELL_ROW_11_163,VPWR,li1,57.2700,41.1060,1.799454
TAP_TAPCELL_ROW_11_162,VPWR,li1,31.5100,41.1060,1.799717
TAP_TAPCELL_ROW_10_161,VPWR,li1,121.6700,40.4930,1.799144
TAP_TAPCELL_ROW_10_160,VPWR,li1,95.9100,40.4930,1.799222
TAP_TAPCELL_ROW_10_159,VPWR,li1,70.1500,40.4930,1.799351
TAP_TAPCELL_ROW_10_158,VPWR,li1,44.3900,40.4930,1.799571
TAP_TAPCELL_ROW_10_157,VPWR,li1,18.6300,40.4930,1.799835
TAP_TAPCELL_ROW_9_156,VPWR,li1,134.5500,35.6660,1.799373
TAP_TAPCELL_ROW_9_155,VPWR,li1,108.7900,35.6660,1.799373
TAP_TAPCELL_ROW_9_154,VPWR,li1,83.0300,35.6660,1.799434
TAP_TAPCELL_ROW_9_153,VPWR,li1,57.2700,35.6660,1.799584
TAP_TAPCELL_ROW_9_152,VPWR,li1,31.5100,35.6660,1.799813
TAP_TAPCELL_ROW_8_151,VPWR,li1,121.6700,35.0530,1.799373
TAP_TAPCELL_ROW_8_150,VPWR,li1,95.9100,35.0530,1.799388
TAP_TAPCELL_ROW_8_149,VPWR,li1,70.1500,35.0530,1.799493
TAP_TAPCELL_ROW_8_148,VPWR,li1,44.3900,35.0530,1.799685
TAP_TAPCELL_ROW_8_147,VPWR,li1,18.6300,35.0530,1.799897
TAP_TAPCELL_ROW_7_146,VPWR,li1,134.5500,30.2260,1.799368
TAP_TAPCELL_ROW_7_145,VPWR,li1,108.7900,30.2260,1.799368
TAP_TAPCELL_ROW_7_144,VPWR,li1,83.0300,30.2260,1.799408
TAP_TAPCELL_ROW_7_143,VPWR,li1,57.2700,30.2260,1.799521
TAP_TAPCELL_ROW_7_142,VPWR,li1,31.5100,30.2260,1.799766
TAP_TAPCELL_ROW_6_141,VPWR,li1,121.6700,29.6130,1.799368
TAP_TAPCELL_ROW_6_140,VPWR,li1,95.9100,29.6130,1.799376
TAP_TAPCELL_ROW_6_139,VPWR,li1,70.1500,29.6130,1.799456
TAP_TAPCELL_ROW_6_138,VPWR,li1,44.3900,29.6130,1.799621
TAP_TAPCELL_ROW_6_137,VPWR,li1,18.6300,29.6130,1.799874
TAP_TAPCELL_ROW_5_136,VPWR,li1,134.5500,24.7860,1.799647
TAP_TAPCELL_ROW_5_135,VPWR,li1,108.7900,24.7860,1.799647
TAP_TAPCELL_ROW_5_134,VPWR,li1,83.0300,24.7860,1.799658
TAP_TAPCELL_ROW_5_133,VPWR,li1,57.2700,24.7860,1.799716
TAP_TAPCELL_ROW_5_132,VPWR,li1,31.5100,24.7860,1.799836
TAP_TAPCELL_ROW_4_131,VPWR,li1,121.6700,24.1730,1.799647
TAP_TAPCELL_ROW_4_130,VPWR,li1,95.9100,24.1730,1.799647
TAP_TAPCELL_ROW_4_129,VPWR,li1,70.1500,24.1730,1.799683
TAP_TAPCELL_ROW_4_128,VPWR,li1,44.3900,24.1730,1.799775
TAP_TAPCELL_ROW_4_127,VPWR,li1,18.6300,24.1730,1.799911
TAP_TAPCELL_ROW_3_126,VPWR,li1,134.5500,19.3460,1.799452
TAP_TAPCELL_ROW_3_125,VPWR,li1,108.7900,19.3460,1.799452
TAP_TAPCELL_ROW_3_124,VPWR,li1,83.0300,19.3460,1.799470
TAP_TAPCELL_ROW_3_123,VPWR,li1,57.2700,19.3460,1.799579
TAP_TAPCELL_ROW_3_122,VPWR,li1,31.5100,19.3460,1.799800
TAP_TAPCELL_ROW_2_121,VPWR,li1,121.6700,18.7330,1.799452
TAP_TAPCELL_ROW_2_120,VPWR,li1,95.9100,18.7330,1.799454
TAP_TAPCELL_ROW_2_119,VPWR,li1,70.1500,18.7330,1.799513
TAP_TAPCELL_ROW_2_118,VPWR,li1,44.3900,18.7330,1.799683
TAP_TAPCELL_ROW_2_117,VPWR,li1,18.6300,18.7330,1.799890
TAP_TAPCELL_ROW_1_116,VPWR,li1,134.5500,13.9060,1.799868
TAP_TAPCELL_ROW_1_115,VPWR,li1,108.7900,13.9060,1.799868
TAP_TAPCELL_ROW_1_114,VPWR,li1,83.0300,13.9060,1.799873
TAP_TAPCELL_ROW_1_113,VPWR,li1,57.2700,13.9060,1.799900
TAP_TAPCELL_ROW_1_112,VPWR,li1,31.5100,13.9060,1.799952
TAP_TAPCELL_ROW_0_111,VPWR,li1,134.5500,13.2930,1.799868
TAP_TAPCELL_ROW_0_110,VPWR,li1,121.6700,13.2930,1.799868
TAP_TAPCELL_ROW_0_109,VPWR,li1,108.7900,13.2930,1.799868
TAP_TAPCELL_ROW_0_108,VPWR,li1,95.9100,13.2930,1.799868
TAP_TAPCELL_ROW_0_107,VPWR,li1,83.0300,13.2930,1.799873
TAP_TAPCELL_ROW_0_106,VPWR,li1,70.1500,13.2930,1.799884
TAP_TAPCELL_ROW_0_105,VPWR,li1,57.2700,13.2930,1.799900
TAP_TAPCELL_ROW_0_104,VPWR,li1,44.3900,13.2930,1.799928
TAP_TAPCELL_ROW_0_103,VPWR,li1,31.5100,13.2930,1.799952
TAP_TAPCELL_ROW_0_102,VPWR,li1,18.6300,13.2930,1.799977
PHY_EDGE_ROW_50_Left_101,VPWR,li1,6.2100,149.6000,1.799989
PHY_EDGE_ROW_49_Left_100,VPWR,li1,6.2100,144.1600,1.799961
PHY_EDGE_ROW_48_Left_99,VPWR,li1,6.2100,144.1600,1.799961
PHY_EDGE_ROW_47_Left_98,VPWR,li1,6.2100,138.7200,1.799806
PHY_EDGE_ROW_46_Left_97,VPWR,li1,6.2100,138.7200,1.799806
PHY_EDGE_ROW_45_Left_96,VPWR,li1,6.2100,133.2800,1.799793
PHY_EDGE_ROW_44_Left_95,VPWR,li1,6.2100,133.2800,1.799793
PHY_EDGE_ROW_43_Left_94,VPWR,li1,6.2100,127.8400,1.799771
PHY_EDGE_ROW_42_Left_93,VPWR,li1,6.2100,127.8400,1.799771
PHY_EDGE_ROW_41_Left_92,VPWR,li1,6.2100,122.4000,1.799784
PHY_EDGE_ROW_40_Left_91,VPWR,li1,6.2100,122.4000,1.799784
PHY_EDGE_ROW_39_Left_90,VPWR,li1,6.2100,116.9600,1.799770
PHY_EDGE_ROW_38_Left_89,VPWR,li1,6.2100,116.9600,1.799770
PHY_EDGE_ROW_37_Left_88,VPWR,li1,6.2100,111.5200,1.799728
PHY_EDGE_ROW_36_Left_87,VPWR,li1,6.2100,111.5200,1.799728
PHY_EDGE_ROW_35_Left_86,VPWR,li1,6.2100,106.0800,1.799635
PHY_EDGE_ROW_34_Left_85,VPWR,li1,6.2100,106.0800,1.799635
PHY_EDGE_ROW_33_Left_84,VPWR,li1,6.2100,100.6400,1.799838
PHY_EDGE_ROW_32_Left_83,VPWR,li1,6.2100,100.6400,1.799838
PHY_EDGE_ROW_31_Left_82,VPWR,li1,6.2100,95.2000,1.799811
PHY_EDGE_ROW_30_Left_81,VPWR,li1,6.2100,95.2000,1.799811
PHY_EDGE_ROW_29_Left_80,VPWR,li1,6.2100,89.7600,1.799819
PHY_EDGE_ROW_28_Left_79,VPWR,li1,6.2100,89.7600,1.799819
PHY_EDGE_ROW_27_Left_78,VPWR,li1,6.2100,84.3200,1.799803
PHY_EDGE_ROW_26_Left_77,VPWR,li1,6.2100,84.3200,1.799803
PHY_EDGE_ROW_25_Left_76,VPWR,li1,6.2100,78.8800,1.799749
PHY_EDGE_ROW_24_Left_75,VPWR,li1,6.2100,78.8800,1.799749
PHY_EDGE_ROW_23_Left_74,VPWR,li1,6.2100,73.4400,1.799773
PHY_EDGE_ROW_22_Left_73,VPWR,li1,6.2100,73.4400,1.799773
PHY_EDGE_ROW_21_Left_72,VPWR,li1,6.2100,68.0000,1.799829
PHY_EDGE_ROW_20_Left_71,VPWR,li1,6.2100,68.0000,1.799829
PHY_EDGE_ROW_19_Left_70,VPWR,li1,6.2100,62.5600,1.799840
PHY_EDGE_ROW_18_Left_69,VPWR,li1,6.2100,62.5600,1.799840
PHY_EDGE_ROW_17_Left_68,VPWR,li1,6.2100,57.1200,1.799758
PHY_EDGE_ROW_16_Left_67,VPWR,li1,6.2100,57.1200,1.799758
PHY_EDGE_ROW_15_Left_66,VPWR,li1,6.2100,51.6800,1.799761
PHY_EDGE_ROW_14_Left_65,VPWR,li1,6.2100,51.6800,1.799761
PHY_EDGE_ROW_13_Left_64,VPWR,li1,6.2100,46.2400,1.799791
PHY_EDGE_ROW_12_Left_63,VPWR,li1,6.2100,46.2400,1.799791
PHY_EDGE_ROW_11_Left_62,VPWR,li1,6.2100,40.8000,1.799827
PHY_EDGE_ROW_10_Left_61,VPWR,li1,6.2100,40.8000,1.799827
PHY_EDGE_ROW_9_Left_60,VPWR,li1,6.2100,35.3600,1.799897
PHY_EDGE_ROW_8_Left_59,VPWR,li1,6.2100,35.3600,1.799897
PHY_EDGE_ROW_7_Left_58,VPWR,li1,6.2100,29.9200,1.799874
PHY_EDGE_ROW_6_Left_57,VPWR,li1,6.2100,29.9200,1.799874
PHY_EDGE_ROW_5_Left_56,VPWR,li1,6.2100,24.4800,1.799911
PHY_EDGE_ROW_4_Left_55,VPWR,li1,6.2100,24.4800,1.799911
PHY_EDGE_ROW_3_Left_54,VPWR,li1,6.2100,19.0400,1.799890
PHY_EDGE_ROW_2_Left_53,VPWR,li1,6.2100,19.0400,1.799890
PHY_EDGE_ROW_1_Left_52,VPWR,li1,6.2100,13.6000,1.799976
PHY_EDGE_ROW_0_Left_51,VPWR,li1,6.2100,13.6000,1.799976
PHY_EDGE_ROW_50_Right_50,VPWR,li1,145.1300,149.6000,1.799892
PHY_EDGE_ROW_49_Right_49,VPWR,li1,145.1300,144.1600,1.799652
PHY_EDGE_ROW_48_Right_48,VPWR,li1,145.1300,144.1600,1.799652
PHY_EDGE_ROW_47_Right_47,VPWR,li1,145.1300,138.7200,1.798254
PHY_EDGE_ROW_46_Right_46,VPWR,li1,145.1300,138.7200,1.798254
PHY_EDGE_ROW_45_Right_45,VPWR,li1,145.1300,133.2800,1.798310
PHY_EDGE_ROW_44_Right_44,VPWR,li1,145.1300,133.2800,1.798310
PHY_EDGE_ROW_43_Right_43,VPWR,li1,145.1300,127.8400,1.798709
PHY_EDGE_ROW_42_Right_42,VPWR,li1,145.1300,127.8400,1.798709
PHY_EDGE_ROW_41_Right_41,VPWR,li1,145.1300,122.4000,1.798577
PHY_EDGE_ROW_40_Right_40,VPWR,li1,145.1300,122.4000,1.798577
PHY_EDGE_ROW_39_Right_39,VPWR,li1,145.1300,116.9600,1.798300
PHY_EDGE_ROW_38_Right_38,VPWR,li1,145.1300,116.9600,1.798300
PHY_EDGE_ROW_37_Right_37,VPWR,li1,145.1300,111.5200,1.798358
PHY_EDGE_ROW_36_Right_36,VPWR,li1,145.1300,111.5200,1.798358
PHY_EDGE_ROW_35_Right_35,VPWR,li1,145.1300,106.0800,1.797949
PHY_EDGE_ROW_34_Right_34,VPWR,li1,145.1300,106.0800,1.797949
PHY_EDGE_ROW_33_Right_33,VPWR,li1,145.1300,100.6400,1.799277
PHY_EDGE_ROW_32_Right_32,VPWR,li1,145.1300,100.6400,1.799277
PHY_EDGE_ROW_31_Right_31,VPWR,li1,145.1300,95.2000,1.798998
PHY_EDGE_ROW_30_Right_30,VPWR,li1,145.1300,95.2000,1.798998
PHY_EDGE_ROW_29_Right_29,VPWR,li1,145.1300,89.7600,1.798963
PHY_EDGE_ROW_28_Right_28,VPWR,li1,145.1300,89.7600,1.798963
PHY_EDGE_ROW_27_Right_27,VPWR,li1,145.1300,84.3200,1.798995
PHY_EDGE_ROW_26_Right_26,VPWR,li1,145.1300,84.3200,1.798995
PHY_EDGE_ROW_25_Right_25,VPWR,li1,145.1300,78.8800,1.798411
PHY_EDGE_ROW_24_Right_24,VPWR,li1,145.1300,78.8800,1.798411
PHY_EDGE_ROW_23_Right_23,VPWR,li1,145.1300,73.4400,1.798595
PHY_EDGE_ROW_22_Right_22,VPWR,li1,145.1300,73.4400,1.798595
PHY_EDGE_ROW_21_Right_21,VPWR,li1,145.1300,68.0000,1.799210
PHY_EDGE_ROW_20_Right_20,VPWR,li1,145.1300,68.0000,1.799210
PHY_EDGE_ROW_19_Right_19,VPWR,li1,145.1300,62.5600,1.799266
PHY_EDGE_ROW_18_Right_18,VPWR,li1,145.1300,62.5600,1.799266
PHY_EDGE_ROW_17_Right_17,VPWR,li1,145.1300,57.1200,1.798783
PHY_EDGE_ROW_16_Right_16,VPWR,li1,145.1300,57.1200,1.798783
PHY_EDGE_ROW_15_Right_15,VPWR,li1,145.1300,51.6800,1.798485
PHY_EDGE_ROW_14_Right_14,VPWR,li1,145.1300,51.6800,1.798485
PHY_EDGE_ROW_13_Right_13,VPWR,li1,145.1300,46.2400,1.798845
PHY_EDGE_ROW_12_Right_12,VPWR,li1,145.1300,46.2400,1.798845
PHY_EDGE_ROW_11_Right_11,VPWR,li1,145.1300,40.8000,1.799103
PHY_EDGE_ROW_10_Right_10,VPWR,li1,145.1300,40.8000,1.799103
PHY_EDGE_ROW_9_Right_9,VPWR,li1,145.1300,35.3600,1.799373
PHY_EDGE_ROW_8_Right_8,VPWR,li1,145.1300,35.3600,1.799373
PHY_EDGE_ROW_7_Right_7,VPWR,li1,145.1300,29.9200,1.799368
PHY_EDGE_ROW_6_Right_6,VPWR,li1,145.1300,29.9200,1.799368
PHY_EDGE_ROW_5_Right_5,VPWR,li1,145.1300,24.4800,1.799647
PHY_EDGE_ROW_4_Right_4,VPWR,li1,145.1300,24.4800,1.799647
PHY_EDGE_ROW_3_Right_3,VPWR,li1,145.1300,19.0400,1.799452
PHY_EDGE_ROW_2_Right_2,VPWR,li1,145.1300,19.0400,1.799452
PHY_EDGE_ROW_1_Right_1,VPWR,li1,145.1300,13.6000,1.799868
PHY_EDGE_ROW_0_Right_0,VPWR,li1,145.1300,13.6000,1.799868
_809_,VPWR,li1,17.4800,51.6800,1.799761
_808_,VPWR,li1,22.5400,133.2800,1.799796
_807_,VPWR,li1,25.7600,19.0400,1.799844
_806_,VPWR,li1,85.5600,19.0400,1.799459
_805_,VPWR,li1,62.1000,13.6000,1.799891
_804_,VPWR,li1,22.5400,84.3200,1.799819
_803_,VPWR,li1,73.6000,89.7600,1.799245
_802_,VPWR,li1,75.4400,133.2800,1.798890
_801_,VPWR,li1,35.4200,73.4400,1.799552
_800_,VPWR,li1,35.4200,122.4000,1.799512
_799_,VPWR,li1,33.1200,46.2400,1.799635
_798_,VPWR,li1,99.8200,57.1200,1.798911
_797_,VPWR,li1,55.2000,62.5600,1.799509
_796_,VPWR,li1,36.3400,95.2000,1.799628
_795_,VPWR,li1,87.8600,95.2000,1.799132
_794_,VPWR,li1,51.5200,127.8400,1.799304
_793_,VPWR,li1,139.6100,116.9600,1.798300
_792_,VPWR,li1,138.4600,122.4000,1.798578
_791_,VPWR,li1,122.8200,116.9600,1.798349
_790_,VPWR,li1,107.1800,111.5200,1.798431
_789_,VPWR,li1,113.6200,62.5600,1.799276
_788_,VPWR,li1,134.7800,95.2000,1.799002
_787_,VPWR,li1,139.3800,116.9600,1.798300
_786_,VPWR,li1,120.0600,100.6400,1.799296
_785_,VPWR,li1,103.9600,84.3200,1.799064
_784_,VPWR,li1,108.5600,62.5600,1.799287
_783_,VPWR,li1,135.9300,100.6400,1.799279
_782_,VPWR,li1,139.6100,95.2000,1.798998
_781_,VPWR,li1,120.9800,95.2000,1.799023
_780_,VPWR,li1,115.9200,84.3200,1.799028
_779_,VPWR,li1,116.8400,89.7600,1.798996
_778_,VPWR,li1,128.3400,106.0800,1.797959
_777_,VPWR,li1,137.5400,106.0800,1.797951
_776_,VPWR,li1,111.7800,106.0800,1.798027
_775_,VPWR,li1,106.2600,95.2000,1.799059
_774_,VPWR,li1,107.6400,89.7600,1.799027
_773_,VPWR,li1,128.3400,111.5200,1.798362
_772_,VPWR,li1,103.5000,106.0800,1.798071
_771_,VPWR,li1,100.7400,106.0800,1.798088
_770_,VPWR,li1,101.6600,95.2000,1.799075
_769_,VPWR,li1,21.1600,73.4400,1.799787
_768_,VPWR,li1,21.1600,111.5200,1.799738
_767_,VPWR,li1,22.5400,40.8000,1.799839
_766_,VPWR,li1,86.9400,40.8000,1.799254
_765_,VPWR,li1,64.8600,46.2400,1.799208
_764_,VPWR,li1,23.9200,95.2000,1.799789
_763_,VPWR,li1,78.6600,68.0000,1.799301
_762_,VPWR,li1,61.1800,100.6400,1.799500
_761_,VPWR,li1,119.3700,106.0800,1.797992
_760_,VPWR,li1,113.6200,116.9600,1.798402
_759_,VPWR,li1,96.6000,111.5200,1.798491
_758_,VPWR,li1,89.2400,138.7200,1.798563
_757_,VPWR,li1,98.4400,138.7200,1.798444
_756_,VPWR,li1,139.3800,133.2800,1.798314
_755_,VPWR,li1,101.6600,144.1600,1.799674
_754_,VPWR,li1,139.3800,111.5200,1.798358
_753_,VPWR,li1,116.8400,95.2000,1.799036
_752_,VPWR,li1,102.5800,78.8800,1.798505
_751_,VPWR,li1,114.0800,57.1200,1.798853
_750_,VPWR,li1,135.0100,73.4400,1.798595
_749_,VPWR,li1,129.2600,84.3200,1.799005
_748_,VPWR,li1,116.8400,78.8800,1.798461
_747_,VPWR,li1,113.1600,73.4400,1.798631
_746_,VPWR,li1,114.5400,51.6800,1.798544
_745_,VPWR,li1,139.6100,57.1200,1.798785
_744_,VPWR,li1,21.6200,68.0000,1.799843
_743_,VPWR,li1,22.5400,111.5200,1.799738
_742_,VPWR,li1,22.5400,46.2400,1.799802
_741_,VPWR,li1,79.1200,51.6800,1.798795
_740_,VPWR,li1,65.3200,51.6800,1.798957
_739_,VPWR,li1,23.0000,100.6400,1.799849
_738_,VPWR,li1,76.3600,68.0000,1.799313
_737_,VPWR,li1,61.1800,111.5200,1.798924
_736_,VPWR,li1,139.6100,84.3200,1.798995
_735_,VPWR,li1,30.8200,62.5600,1.799750
_734_,VPWR,li1,34.9600,116.9600,1.799512
_733_,VPWR,li1,36.3400,29.9200,1.799696
_732_,VPWR,li1,90.6200,29.9200,1.799384
_731_,VPWR,li1,59.8000,29.9200,1.799504
_730_,VPWR,li1,49.6800,84.3200,1.799446
_729_,VPWR,li1,89.7000,73.4400,1.798761
_728_,VPWR,li1,68.0800,106.0800,1.798451
_727_,VPWR,li1,31.7400,68.0000,1.799713
_726_,VPWR,li1,32.2000,111.5200,1.799490
_725_,VPWR,li1,33.1200,35.3600,1.799788
_724_,VPWR,li1,86.4800,35.3600,1.799414
_723_,VPWR,li1,57.9600,35.3600,1.799569
_722_,VPWR,li1,52.4400,78.8800,1.799048
_721_,VPWR,li1,87.8600,73.4400,1.798776
_720_,VPWR,li1,69.4600,100.6400,1.799460
_719_,VPWR,li1,11.5000,73.4400,1.799773
_718_,VPWR,li1,11.5000,111.5200,1.799728
_717_,VPWR,li1,11.9600,40.8000,1.799827
_716_,VPWR,li1,79.1200,40.8000,1.799288
_715_,VPWR,li1,53.8200,46.2400,1.799317
_714_,VPWR,li1,11.5000,95.2000,1.799811
_713_,VPWR,li1,69.0000,68.0000,1.799360
_712_,VPWR,li1,52.9000,111.5200,1.799065
_711_,VPWR,li1,11.5000,68.0000,1.799829
_710_,VPWR,li1,11.5000,111.5200,1.799728
_709_,VPWR,li1,13.3400,46.2400,1.799791
_708_,VPWR,li1,79.1200,51.6800,1.798795
_707_,VPWR,li1,53.3600,46.2400,1.799317
_706_,VPWR,li1,13.3400,100.6400,1.799838
_705_,VPWR,li1,72.2200,73.4400,1.798955
_704_,VPWR,li1,53.3600,111.5200,1.799065
_703_,VPWR,li1,22.5400,57.1200,1.799723
_702_,VPWR,li1,21.6200,127.8400,1.799785
_701_,VPWR,li1,28.0600,19.0400,1.799821
_700_,VPWR,li1,94.3000,19.0400,1.799454
_699_,VPWR,li1,65.3200,19.0400,1.799535
_698_,VPWR,li1,23.0000,84.3200,1.799819
_697_,VPWR,li1,77.7400,84.3200,1.799200
_696_,VPWR,li1,77.7400,122.4000,1.798914
_695_,VPWR,li1,42.3200,57.1200,1.799441
_694_,VPWR,li1,40.4800,111.5200,1.799305
_693_,VPWR,li1,48.3000,29.9200,1.799584
_692_,VPWR,li1,99.3600,29.9200,1.799371
_691_,VPWR,li1,74.0600,29.9200,1.799433
_690_,VPWR,li1,61.1800,78.8800,1.798894
_689_,VPWR,li1,99.8200,68.0000,1.799229
_688_,VPWR,li1,78.6600,106.0800,1.798305
_687_,VPWR,li1,11.5000,57.1200,1.799758
_686_,VPWR,li1,11.5000,127.8400,1.799771
_685_,VPWR,li1,22.5400,29.9200,1.799850
_684_,VPWR,li1,79.1200,19.0400,1.799476
_683_,VPWR,li1,53.3600,19.0400,1.799606
_682_,VPWR,li1,11.5000,84.3200,1.799803
_681_,VPWR,li1,66.2400,89.7600,1.799307
_680_,VPWR,li1,68.5400,122.4000,1.799027
_679_,VPWR,li1,39.5600,68.0000,1.799624
_678_,VPWR,li1,40.0200,106.0800,1.799049
_677_,VPWR,li1,43.2400,24.4800,1.799775
_676_,VPWR,li1,97.0600,35.3600,1.799383
_675_,VPWR,li1,74.0600,35.3600,1.799470
_674_,VPWR,li1,61.1800,84.3200,1.799329
_673_,VPWR,li1,97.0600,73.4400,1.798715
_672_,VPWR,li1,76.3600,111.5200,1.798714
_671_,VPWR,li1,11.5000,57.1200,1.799758
_670_,VPWR,li1,11.5000,122.4000,1.799784
_669_,VPWR,li1,20.7000,24.4800,1.799911
_668_,VPWR,li1,86.9400,19.0400,1.799459
_667_,VPWR,li1,57.0400,19.0400,1.799579
_666_,VPWR,li1,11.5000,89.7600,1.799819
_665_,VPWR,li1,70.3800,84.3200,1.799252
_664_,VPWR,li1,71.3000,127.8400,1.799048
_663_,VPWR,li1,40.0200,78.8800,1.799304
_662_,VPWR,li1,40.9400,127.8400,1.799468
_661_,VPWR,li1,40.4800,46.2400,1.799495
_660_,VPWR,li1,99.8200,51.6800,1.798605
_659_,VPWR,li1,65.3200,57.1200,1.799175
_658_,VPWR,li1,53.3600,95.2000,1.799403
_657_,VPWR,li1,101.2000,89.7600,1.799048
_656_,VPWR,li1,61.1800,122.4000,1.799138
_655_,VPWR,li1,38.1800,84.3200,1.799598
_654_,VPWR,li1,38.6400,133.2800,1.799474
_653_,VPWR,li1,38.1800,51.6800,1.799398
_652_,VPWR,li1,93.8400,57.1200,1.798945
_651_,VPWR,li1,62.1000,62.5600,1.799461
_650_,VPWR,li1,40.4800,95.2000,1.799551
_649_,VPWR,li1,89.7000,89.7600,1.799109
_648_,VPWR,li1,57.0400,138.7200,1.799104
_647_,VPWR,li1,32.6600,78.8800,1.799491
_646_,VPWR,li1,33.1200,122.4000,1.799553
_645_,VPWR,li1,27.6000,46.2400,1.799702
_644_,VPWR,li1,86.4800,57.1200,1.798995
_643_,VPWR,li1,53.3600,57.1200,1.799294
_642_,VPWR,li1,35.8800,100.6400,1.799706
_641_,VPWR,li1,85.1000,95.2000,1.799149
_640_,VPWR,li1,53.3600,122.4000,1.799249
_639_,VPWR,li1,52.4400,68.0000,1.799504
_638_,VPWR,li1,57.5000,144.1600,1.799820
_637_,VPWR,li1,54.2800,40.8000,1.799471
_636_,VPWR,li1,113.6200,46.2400,1.798901
_635_,VPWR,li1,74.9800,40.8000,1.799314
_634_,VPWR,li1,57.0400,100.6400,1.799537
_633_,VPWR,li1,139.3800,84.3200,1.798995
_632_,VPWR,li1,69.4600,138.7200,1.798908
_631_,VPWR,li1,25.0700,62.5600,1.799803
_630_,VPWR,li1,27.3700,127.8400,1.799678
_629_,VPWR,li1,33.8100,19.0400,1.799771
_628_,VPWR,li1,85.7900,24.4800,1.799654
_627_,VPWR,li1,63.2500,24.4800,1.799697
_626_,VPWR,li1,22.3100,89.7600,1.799836
_625_,VPWR,li1,75.2100,84.3200,1.799217
_624_,VPWR,li1,76.1300,133.2800,1.798890
_623_,VPWR,li1,89.9300,127.8400,1.798856
_622_,VPWR,li1,32.4300,84.3200,1.799668
_621_,VPWR,li1,32.4300,127.8400,1.799605
_620_,VPWR,li1,36.1100,40.8000,1.799667
_619_,VPWR,li1,99.5900,57.1200,1.798911
_618_,VPWR,li1,59.5700,57.1200,1.799230
_617_,VPWR,li1,39.3300,89.7600,1.799614
_616_,VPWR,li1,89.0100,100.6400,1.799376
_615_,VPWR,li1,55.8900,122.4000,1.799193
_614_,VPWR,li1,26.9100,73.4400,1.799681
_613_,VPWR,li1,26.9100,111.5200,1.799606
_612_,VPWR,li1,29.2100,40.8000,1.799745
_611_,VPWR,li1,85.7900,40.8000,1.799254
_610_,VPWR,li1,70.1500,46.2400,1.799156
_609_,VPWR,li1,28.7500,100.6400,1.799767
_608_,VPWR,li1,85.3300,68.0000,1.799273
_607_,VPWR,li1,62.3300,116.9600,1.799030
_606_,VPWR,li1,89.9300,116.9600,1.798639
_605_,VPWR,li1,22.7700,68.0000,1.799843
_604_,VPWR,li1,21.3900,106.0800,1.799641
_603_,VPWR,li1,21.8500,46.2400,1.799802
_602_,VPWR,li1,93.6100,51.6800,1.798654
_601_,VPWR,li1,74.2900,46.2400,1.799113
_600_,VPWR,li1,24.1500,95.2000,1.799789
_599_,VPWR,li1,82.1100,78.8800,1.798593
_598_,VPWR,li1,58.1900,116.9600,1.799116
_597_,VPWR,li1,86.2500,111.5200,1.798592
_596_,VPWR,li1,36.5700,57.1200,1.799516
_595_,VPWR,li1,34.2700,111.5200,1.799440
_594_,VPWR,li1,36.1100,29.9200,1.799696
_593_,VPWR,li1,92.2300,35.3600,1.799397
_592_,VPWR,li1,61.4100,29.9200,1.799504
_591_,VPWR,li1,54.9700,84.3200,1.799390
_590_,VPWR,li1,98.2100,73.4400,1.798701
_589_,VPWR,li1,72.9100,106.0800,1.798380
_588_,VPWR,li1,91.3100,116.9600,1.798607
_587_,VPWR,li1,29.2100,62.5600,1.799750
_586_,VPWR,li1,34.2700,106.0800,1.799229
_585_,VPWR,li1,38.8700,35.3600,1.799733
_584_,VPWR,li1,87.6300,35.3600,1.799414
_583_,VPWR,li1,54.9700,29.9200,1.799537
_582_,VPWR,li1,53.5900,78.8800,1.799048
_581_,VPWR,li1,93.6100,73.4400,1.798732
_580_,VPWR,li1,67.8500,106.0800,1.798451
_579_,VPWR,li1,98.2100,111.5200,1.798478
_578_,VPWR,li1,13.1100,73.4400,1.799773
_577_,VPWR,li1,13.1100,116.9600,1.799770
_576_,VPWR,li1,14.4900,40.8000,1.799830
_575_,VPWR,li1,81.6500,46.2400,1.799058
_574_,VPWR,li1,59.5700,40.8000,1.799428
_573_,VPWR,li1,17.2500,95.2000,1.799817
_572_,VPWR,li1,67.8500,73.4400,1.799025
_571_,VPWR,li1,49.9100,106.0800,1.798796
_570_,VPWR,li1,85.7900,116.9600,1.798684
_569_,VPWR,li1,13.5700,68.0000,1.799833
_568_,VPWR,li1,13.5700,106.0800,1.799635
_567_,VPWR,li1,15.4100,46.2400,1.799794
_566_,VPWR,li1,80.7300,57.1200,1.799043
_565_,VPWR,li1,56.3500,51.6800,1.799090
_564_,VPWR,li1,14.9500,100.6400,1.799840
_563_,VPWR,li1,72.4500,73.4400,1.798955
_562_,VPWR,li1,54.0500,116.9600,1.799187
_561_,VPWR,li1,89.4700,111.5200,1.798549
_560_,VPWR,li1,85.3300,111.5200,1.798592
_559_,VPWR,li1,20.9300,62.5600,1.799853
_558_,VPWR,li1,23.2300,122.4000,1.799737
_557_,VPWR,li1,29.2100,13.6000,1.799957
_556_,VPWR,li1,91.3100,19.0400,1.799455
_555_,VPWR,li1,67.8500,13.6000,1.799886
_554_,VPWR,li1,28.7500,84.3200,1.799729
_553_,VPWR,li1,79.3500,89.7600,1.799185
_552_,VPWR,li1,77.9700,127.8400,1.798967
_551_,VPWR,li1,87.6300,127.8400,1.798876
_550_,VPWR,li1,46.6900,62.5600,1.799575
_549_,VPWR,li1,46.6900,111.5200,1.799183
_548_,VPWR,li1,46.6900,35.3600,1.799663
_547_,VPWR,li1,102.8100,35.3600,1.799375
_546_,VPWR,li1,75.6700,29.9200,1.799433
_545_,VPWR,li1,65.0900,84.3200,1.799296
_544_,VPWR,li1,101.8900,68.0000,1.799226
_543_,VPWR,li1,82.1100,111.5200,1.798645
_542_,VPWR,li1,94.0700,100.6400,1.799358
_541_,VPWR,li1,13.1100,62.5600,1.799841
_540_,VPWR,li1,13.1100,127.8400,1.799774
_539_,VPWR,li1,20.9300,24.4800,1.799911
_538_,VPWR,li1,82.1100,24.4800,1.799658
_537_,VPWR,li1,54.0500,24.4800,1.799732
_536_,VPWR,li1,13.1100,89.7600,1.799822
_535_,VPWR,li1,67.8500,89.7600,1.799307
_534_,VPWR,li1,65.5500,127.8400,1.799105
_533_,VPWR,li1,85.7900,127.8400,1.798897
_532_,VPWR,li1,36.5700,62.5600,1.799671
_531_,VPWR,li1,41.1700,106.0800,1.799049
_530_,VPWR,li1,49.9100,29.9200,1.799584
_529_,VPWR,li1,98.2100,29.9200,1.799371
_528_,VPWR,li1,70.6100,24.4800,1.799683
_527_,VPWR,li1,58.1900,78.8800,1.798941
_526_,VPWR,li1,98.2100,78.8800,1.798521
_525_,VPWR,li1,85.3300,106.0800,1.798240
_524_,VPWR,li1,89.9300,106.0800,1.798182
_523_,VPWR,li1,94.5300,116.9600,1.798576
_522_,VPWR,li1,12.1900,62.5600,1.799841
_521_,VPWR,li1,17.2500,122.4000,1.799790
_520_,VPWR,li1,26.4500,24.4800,1.799867
_519_,VPWR,li1,85.3300,13.6000,1.799871
_518_,VPWR,li1,58.1900,24.4800,1.799716
_517_,VPWR,li1,12.6500,84.3200,1.799803
_516_,VPWR,li1,72.4500,95.2000,1.799240
_515_,VPWR,li1,67.8500,127.8400,1.799075
_514_,VPWR,li1,90.1600,122.4000,1.798800
_513_,VPWR,li1,93.6100,127.8400,1.798828
_512_,VPWR,li1,46.6900,78.8800,1.799162
_511_,VPWR,li1,42.0900,122.4000,1.799403
_510_,VPWR,li1,47.1500,46.2400,1.799409
_509_,VPWR,li1,105.5700,51.6800,1.798573
_508_,VPWR,li1,67.8500,62.5600,1.799435
_507_,VPWR,li1,49.9100,100.6400,1.799585
_506_,VPWR,li1,98.2100,89.7600,1.799063
_505_,VPWR,li1,59.5700,127.8400,1.799176
_504_,VPWR,li1,98.2100,127.8400,1.798799
_503_,VPWR,li1,93.1500,138.7200,1.798505
_502_,VPWR,li1,39.7900,84.3200,1.799568
_501_,VPWR,li1,40.2500,133.2800,1.799474
_500_,VPWR,li1,39.7900,51.6800,1.799398
_499_,VPWR,li1,93.6100,57.1200,1.798945
_498_,VPWR,li1,63.2500,68.0000,1.799417
_497_,VPWR,li1,42.0900,100.6400,1.799645
_496_,VPWR,li1,93.6100,95.2000,1.799105
_495_,VPWR,li1,59.5700,133.2800,1.799129
_494_,VPWR,li1,89.4700,122.4000,1.798800
_493_,VPWR,li1,93.1500,133.2800,1.798676
_492_,VPWR,li1,34.2700,73.4400,1.799552
_491_,VPWR,li1,34.7300,127.8400,1.799548
_490_,VPWR,li1,32.4300,51.6800,1.799514
_489_,VPWR,li1,87.1700,57.1200,1.798995
_488_,VPWR,li1,54.9700,62.5600,1.799509
_487_,VPWR,li1,34.7300,95.2000,1.799628
_486_,VPWR,li1,90.8500,95.2000,1.799118
_485_,VPWR,li1,54.9700,127.8400,1.799238
_484_,VPWR,li1,91.7700,127.8400,1.798842
_483_,VPWR,li1,89.0100,138.7200,1.798563
_482_,VPWR,li1,51.7500,68.0000,1.799504
_481_,VPWR,li1,43.4700,62.5600,1.799601
_480_,VPWR,li1,20.4700,57.1200,1.799767
_479_,VPWR,li1,39.7900,78.8800,1.799304
_478_,VPWR,li1,39.3300,62.5600,1.799641
_477_,VPWR,li1,23.6900,73.4400,1.799739
_476_,VPWR,li1,59.5700,138.7200,1.799057
_475_,VPWR,li1,43.4700,116.9600,1.799343
_474_,VPWR,li1,23.6900,127.8400,1.799745
_473_,VPWR,li1,39.3300,127.8400,1.799468
_472_,VPWR,li1,41.1700,111.5200,1.799305
_471_,VPWR,li1,23.6900,116.9600,1.799733
_470_,VPWR,li1,53.1300,35.3600,1.799607
_469_,VPWR,li1,44.3900,40.8000,1.799571
_468_,VPWR,li1,27.8300,24.4800,1.799867
_467_,VPWR,li1,40.2500,46.2400,1.799495
_466_,VPWR,li1,43.0100,29.9200,1.799639
_465_,VPWR,li1,22.3100,40.8000,1.799839
_464_,VPWR,li1,106.4900,46.2400,1.798922
_463_,VPWR,li1,100.9700,46.2400,1.798945
_462_,VPWR,li1,89.4700,24.4800,1.799647
_461_,VPWR,li1,96.3700,51.6800,1.798634
_460_,VPWR,li1,100.9700,35.3600,1.799376
_459_,VPWR,li1,88.0900,46.2400,1.799020
_458_,VPWR,li1,74.7500,46.2400,1.799113
_457_,VPWR,li1,69.2300,40.8000,1.799351
_456_,VPWR,li1,64.1700,19.0400,1.799535
_455_,VPWR,li1,63.7100,62.5600,1.799461
_454_,VPWR,li1,68.7700,29.9200,1.799456
_453_,VPWR,li1,63.2500,46.2400,1.799208
_452_,VPWR,li1,59.5700,95.2000,1.799348
_451_,VPWR,li1,51.2900,95.2000,1.799424
_450_,VPWR,li1,23.6900,89.7600,1.799809
_449_,VPWR,li1,44.8500,95.2000,1.799503
_448_,VPWR,li1,58.1900,84.3200,1.799365
_447_,VPWR,li1,23.6900,100.6400,1.799825
_446_,VPWR,li1,139.1500,78.8800,1.798412
_445_,VPWR,li1,93.6100,84.3200,1.799107
_444_,VPWR,li1,94.5300,84.3200,1.799107
_443_,VPWR,li1,77.5100,89.7600,1.799200
_442_,VPWR,li1,92.6900,89.7600,1.799091
_441_,VPWR,li1,102.8100,73.4400,1.798678
_440_,VPWR,li1,94.9900,68.0000,1.799242
_439_,VPWR,li1,79.3500,73.4400,1.798862
_438_,VPWR,li1,72.4500,138.7200,1.798835
_437_,VPWR,li1,75.2100,122.4000,1.798942
_436_,VPWR,li1,75.6700,127.8400,1.798991
_435_,VPWR,li1,60.0300,127.8400,1.799176
_434_,VPWR,li1,76.5900,106.0800,1.798343
_433_,VPWR,li1,61.4100,111.5200,1.798924
_432_,VPWR,li1,128.1100,68.0000,1.799211
_431_,VPWR,li1,129.0300,78.8800,1.798432
_430_,VPWR,li1,112.0100,106.0800,1.798027
_429_,VPWR,li1,107.1800,116.9600,1.798448
_428_,VPWR,li1,132.7100,84.3200,1.799001
_427_,VPWR,li1,125.3500,89.7600,1.798974
_426_,VPWR,li1,115.2300,84.3200,1.799028
_425_,VPWR,li1,133.1700,89.7600,1.798964
_424_,VPWR,li1,129.0300,89.7600,1.798968
_423_,VPWR,li1,127.4200,78.8800,1.798437
_422_,VPWR,li1,126.7300,73.4400,1.798602
_421_,VPWR,li1,124.6600,68.0000,1.799212
_420_,VPWR,li1,119.8300,62.5600,1.799271
_419_,VPWR,li1,111.5500,57.1200,1.798861
_418_,VPWR,li1,122.5900,73.4400,1.798612
_417_,VPWR,li1,124.4300,73.4400,1.798607
_416_,VPWR,li1,123.5100,73.4400,1.798607
_415_,VPWR,li1,110.6300,73.4400,1.798640
_414_,VPWR,li1,111.5500,78.8800,1.798478
_413_,VPWR,li1,114.7700,78.8800,1.798472
_412_,VPWR,li1,118.4500,78.8800,1.798461
_411_,VPWR,li1,107.8700,73.4400,1.798655
_410_,VPWR,li1,116.1500,73.4400,1.798623
_409_,VPWR,li1,107.6400,73.4400,1.798655
_408_,VPWR,li1,110.1700,51.6800,1.798558
_407_,VPWR,li1,114.7700,51.6800,1.798544
_406_,VPWR,li1,109.2500,57.1200,1.798876
_405_,VPWR,li1,142.8300,78.8800,1.798411
_404_,VPWR,li1,106.0300,127.8400,1.798755
_403_,VPWR,li1,103.5000,122.4000,1.798702
_402_,VPWR,li1,107.8700,127.8400,1.798745
_401_,VPWR,li1,106.0300,122.4000,1.798687
_400_,VPWR,li1,100.5100,116.9600,1.798502
_399_,VPWR,li1,85.3300,122.4000,1.798837
_398_,VPWR,li1,103.7300,127.8400,1.798766
_397_,VPWR,li1,97.7500,138.7200,1.798444
_396_,VPWR,li1,102.8100,122.4000,1.798715
_395_,VPWR,li1,101.4300,122.4000,1.798715
_394_,VPWR,li1,95.4500,127.8400,1.798816
_393_,VPWR,li1,106.9500,122.4000,1.798687
_392_,VPWR,li1,97.7500,116.9600,1.798527
_391_,VPWR,li1,124.4300,116.9600,1.798340
_390_,VPWR,li1,117.5300,116.9600,1.798377
_389_,VPWR,li1,101.8900,116.9600,1.798502
_388_,VPWR,li1,96.3700,116.9600,1.798554
_387_,VPWR,li1,94.5300,122.4000,1.798762
_386_,VPWR,li1,92.6900,122.4000,1.798782
_385_,VPWR,li1,89.4700,133.2800,1.798712
_384_,VPWR,li1,100.0500,138.7200,1.798419
_383_,VPWR,li1,96.6000,133.2800,1.798642
_382_,VPWR,li1,92.2300,144.1600,1.799703
_381_,VPWR,li1,94.0700,144.1600,1.799694
_380_,VPWR,li1,103.7300,138.7200,1.798396
_379_,VPWR,li1,103.0400,144.1600,1.799670
_378_,VPWR,li1,133.8600,57.1200,1.798795
_377_,VPWR,li1,136.6200,51.6800,1.798487
_376_,VPWR,li1,135.7000,46.2400,1.798847
_375_,VPWR,li1,136.3900,40.8000,1.799104
_374_,VPWR,li1,127.1900,40.8000,1.799125
_373_,VPWR,li1,132.9400,40.8000,1.799108
_372_,VPWR,li1,134.0900,40.8000,1.799108
_371_,VPWR,li1,129.9500,40.8000,1.799117
_370_,VPWR,li1,136.6200,46.2400,1.798847
_369_,VPWR,li1,139.1500,46.2400,1.798845
_368_,VPWR,li1,133.8600,46.2400,1.798852
_367_,VPWR,li1,139.8400,51.6800,1.798485
_366_,VPWR,li1,133.6300,51.6800,1.798494
_365_,VPWR,li1,138.4600,57.1200,1.798785
_364_,VPWR,li1,141.9100,57.1200,1.798783
_363_,VPWR,li1,137.5400,62.5600,1.799267
_362_,VPWR,li1,135.2400,62.5600,1.799267
_361_,VPWR,li1,132.2500,68.0000,1.799211
_360_,VPWR,li1,136.3900,68.0000,1.799211
_359_,VPWR,li1,136.3900,51.6800,1.798487
_358_,VPWR,li1,130.6400,46.2400,1.798859
_357_,VPWR,li1,129.0300,51.6800,1.798510
_356_,VPWR,li1,125.8100,51.6800,1.798518
_355_,VPWR,li1,124.6600,40.8000,1.799133
_354_,VPWR,li1,123.5100,46.2400,1.798877
_353_,VPWR,li1,121.6700,46.2400,1.798883
_352_,VPWR,li1,126.5000,46.2400,1.798871
_351_,VPWR,li1,123.9700,57.1200,1.798823
_350_,VPWR,li1,127.6500,51.6800,1.798510
_349_,VPWR,li1,127.1900,62.5600,1.799269
_348_,VPWR,li1,133.1700,57.1200,1.798795
_347_,VPWR,li1,131.3300,62.5600,1.799269
_346_,VPWR,li1,133.1700,62.5600,1.799268
_345_,VPWR,li1,137.7700,68.0000,1.799211
_344_,VPWR,li1,132.7100,133.2800,1.798329
_343_,VPWR,li1,126.9600,133.2800,1.798355
_342_,VPWR,li1,123.7400,138.7200,1.798257
_341_,VPWR,li1,116.8400,138.7200,1.798276
_340_,VPWR,li1,112.9300,144.1600,1.799655
_339_,VPWR,li1,113.1600,138.7200,1.798295
_338_,VPWR,li1,115.9200,144.1600,1.799652
_337_,VPWR,li1,110.4000,138.7200,1.798330
_336_,VPWR,li1,120.0600,138.7200,1.798265
_335_,VPWR,li1,118.2200,138.7200,1.798269
_334_,VPWR,li1,126.9600,138.7200,1.798254
_333_,VPWR,li1,122.3600,133.2800,1.798385
_332_,VPWR,li1,130.1800,133.2800,1.798338
_331_,VPWR,li1,126.9600,133.2800,1.798355
_330_,VPWR,li1,129.2600,133.2800,1.798338
_329_,VPWR,li1,130.4100,116.9600,1.798325
_328_,VPWR,li1,123.5100,133.2800,1.798366
_327_,VPWR,li1,125.3500,127.8400,1.798709
_326_,VPWR,li1,115.9200,138.7200,1.798276
_325_,VPWR,li1,116.6100,133.2800,1.798426
_324_,VPWR,li1,116.1500,127.8400,1.798719
_323_,VPWR,li1,113.1600,138.7200,1.798295
_322_,VPWR,li1,106.9500,138.7200,1.798345
_321_,VPWR,li1,109.2500,138.7200,1.798330
_320_,VPWR,li1,111.5500,133.2800,1.798474
_319_,VPWR,li1,112.0100,127.8400,1.798729
_318_,VPWR,li1,117.9900,127.8400,1.798716
_317_,VPWR,li1,118.9100,122.4000,1.798625
_316_,VPWR,li1,126.7300,127.8400,1.798709
_315_,VPWR,li1,123.5100,127.8400,1.798710
_314_,VPWR,li1,128.1100,122.4000,1.798595
_313_,VPWR,li1,141.9100,51.6800,1.798485
_312_,VPWR,li1,119.3700,144.1600,1.799652
_311_,VPWR,li1,117.9900,144.1600,1.799652
_310_,VPWR,li1,120.7500,144.1600,1.799652
_309_,VPWR,li1,125.3500,144.1600,1.799652
_308_,VPWR,li1,139.6100,133.2800,1.798314
_307_,VPWR,li1,104.6500,138.7200,1.798369
_306_,VPWR,li1,98.6700,133.2800,1.798607
_305_,VPWR,li1,109.7100,122.4000,1.798676
