
===========================================================================
report_checks -path_delay min (Hold)
============================================================================
======================= min_ss_100C_1v60 Corner ===================================

Startpoint: _761_ (rising edge-triggered flip-flop clocked by wr_clk)
Endpoint: _761_ (rising edge-triggered flip-flop clocked by wr_clk)
Path Group: wr_clk
Path Type: min

Fanout         Cap        Slew       Delay        Time   Description
---------------------------------------------------------------------------------------------
                                  0.000000    0.000000   clock wr_clk (rise edge)
                                  0.000000    0.000000   clock source latency
     1    0.023797    0.176583    0.121462    0.121462 ^ wr_clk (in)
                                                         wr_clk (net)
                      0.176607    0.000000    0.121462 ^ clkbuf_0_wr_clk/A (sky130_fd_sc_hd__clkbuf_16)
    16    0.102935    0.180447    0.367202    0.488664 ^ clkbuf_0_wr_clk/X (sky130_fd_sc_hd__clkbuf_16)
                                                         clknet_0_wr_clk (net)
                      0.180454    0.001401    0.490065 ^ clkbuf_4_14_0_wr_clk/A (sky130_fd_sc_hd__clkbuf_8)
     6    0.034532    0.116639    0.318207    0.808272 ^ clkbuf_4_14_0_wr_clk/X (sky130_fd_sc_hd__clkbuf_8)
                                                         clknet_4_14_0_wr_clk (net)
                      0.116641    0.000711    0.808983 ^ _761_/CLK (sky130_fd_sc_hd__dfrtp_4)
     4    0.025670    0.179248    0.922466    1.731449 ^ _761_/Q (sky130_fd_sc_hd__dfrtp_4)
                                                         wr_bin[4] (net)
                      0.179248    0.000447    1.731896 ^ _430_/A (sky130_fd_sc_hd__xnor2_1)
     1    0.002287    0.070286    0.169751    1.901647 v _430_/Y (sky130_fd_sc_hd__xnor2_1)
                                                         wr_bin_next[4] (net)
                      0.070286    0.000014    1.901661 v _761_/D (sky130_fd_sc_hd__dfrtp_4)
                                              1.901661   data arrival time

                                  0.000000    0.000000   clock wr_clk (rise edge)
                                  0.000000    0.000000   clock source latency
     1    0.023797    0.176583    0.121462    0.121462 ^ wr_clk (in)
                                                         wr_clk (net)
                      0.176607    0.000000    0.121462 ^ clkbuf_0_wr_clk/A (sky130_fd_sc_hd__clkbuf_16)
    16    0.102935    0.180447    0.367202    0.488664 ^ clkbuf_0_wr_clk/X (sky130_fd_sc_hd__clkbuf_16)
                                                         clknet_0_wr_clk (net)
                      0.180454    0.001401    0.490065 ^ clkbuf_4_14_0_wr_clk/A (sky130_fd_sc_hd__clkbuf_8)
     6    0.034532    0.116639    0.318207    0.808272 ^ clkbuf_4_14_0_wr_clk/X (sky130_fd_sc_hd__clkbuf_8)
                                                         clknet_4_14_0_wr_clk (net)
                      0.116641    0.000711    0.808983 ^ _761_/CLK (sky130_fd_sc_hd__dfrtp_4)
                                  0.250000    1.058983   clock uncertainty
                                  0.000000    1.058983   clock reconvergence pessimism
                                 -0.080324    0.978659   library hold time
                                              0.978659   data required time
---------------------------------------------------------------------------------------------
                                              0.978659   data required time
                                             -1.901661   data arrival time
---------------------------------------------------------------------------------------------
                                              0.923002   slack (MET)


Startpoint: _792_ (rising edge-triggered flip-flop clocked by wr_clk)
Endpoint: _755_ (rising edge-triggered flip-flop clocked by wr_clk)
Path Group: wr_clk
Path Type: min

Fanout         Cap        Slew       Delay        Time   Description
---------------------------------------------------------------------------------------------
                                  0.000000    0.000000   clock wr_clk (rise edge)
                                  0.000000    0.000000   clock source latency
     1    0.023797    0.176583    0.121462    0.121462 ^ wr_clk (in)
                                                         wr_clk (net)
                      0.176607    0.000000    0.121462 ^ clkbuf_0_wr_clk/A (sky130_fd_sc_hd__clkbuf_16)
    16    0.102935    0.180447    0.367202    0.488664 ^ clkbuf_0_wr_clk/X (sky130_fd_sc_hd__clkbuf_16)
                                                         clknet_0_wr_clk (net)
                      0.180454    0.001426    0.490090 ^ clkbuf_4_15_0_wr_clk/A (sky130_fd_sc_hd__clkbuf_8)
     7    0.032701    0.112391    0.315079    0.805170 ^ clkbuf_4_15_0_wr_clk/X (sky130_fd_sc_hd__clkbuf_8)
                                                         clknet_4_15_0_wr_clk (net)
                      0.112391    0.000304    0.805474 ^ _792_/CLK (sky130_fd_sc_hd__dfrtp_1)
     2    0.015116    0.226973    0.788574    1.594048 ^ _792_/Q (sky130_fd_sc_hd__dfrtp_1)
                                                         rd_gray_sync2[3] (net)
                      0.226973    0.000170    1.594218 ^ _391_/A (sky130_fd_sc_hd__xnor2_1)
     1    0.005409    0.109653    0.286343    1.880561 ^ _391_/Y (sky130_fd_sc_hd__xnor2_1)
                                                         _216_ (net)
                      0.109653    0.000110    1.880671 ^ _404_/A (sky130_fd_sc_hd__nor2_1)
     1    0.004581    0.050241    0.107331    1.988002 v _404_/Y (sky130_fd_sc_hd__nor2_1)
                                                         full_next (net)
                      0.050241    0.000093    1.988095 v _755_/D (sky130_fd_sc_hd__dfrtp_1)
                                              1.988095   data arrival time

                                  0.000000    0.000000   clock wr_clk (rise edge)
                                  0.000000    0.000000   clock source latency
     1    0.023797    0.176583    0.121462    0.121462 ^ wr_clk (in)
                                                         wr_clk (net)
                      0.176607    0.000000    0.121462 ^ clkbuf_0_wr_clk/A (sky130_fd_sc_hd__clkbuf_16)
    16    0.102935    0.180447    0.367202    0.488664 ^ clkbuf_0_wr_clk/X (sky130_fd_sc_hd__clkbuf_16)
                                                         clknet_0_wr_clk (net)
                      0.180450    0.001181    0.489845 ^ clkbuf_4_13_0_wr_clk/A (sky130_fd_sc_hd__clkbuf_8)
     8    0.039976    0.129768    0.328448    0.818293 ^ clkbuf_4_13_0_wr_clk/X (sky130_fd_sc_hd__clkbuf_8)
                                                         clknet_4_13_0_wr_clk (net)
                      0.129770    0.000714    0.819007 ^ _755_/CLK (sky130_fd_sc_hd__dfrtp_1)
                                  0.250000    1.069007   clock uncertainty
                                  0.000000    1.069007   clock reconvergence pessimism
                                 -0.075362    0.993645   library hold time
                                              0.993645   data required time
---------------------------------------------------------------------------------------------
                                              0.993645   data required time
                                             -1.988095   data arrival time
---------------------------------------------------------------------------------------------
                                              0.994450   slack (MET)


Startpoint: _758_ (rising edge-triggered flip-flop clocked by wr_clk)
Endpoint: _758_ (rising edge-triggered flip-flop clocked by wr_clk)
Path Group: wr_clk
Path Type: min

Fanout         Cap        Slew       Delay        Time   Description
---------------------------------------------------------------------------------------------
                                  0.000000    0.000000   clock wr_clk (rise edge)
                                  0.000000    0.000000   clock source latency
     1    0.023797    0.176583    0.121462    0.121462 ^ wr_clk (in)
                                                         wr_clk (net)
                      0.176607    0.000000    0.121462 ^ clkbuf_0_wr_clk/A (sky130_fd_sc_hd__clkbuf_16)
    16    0.102935    0.180447    0.367202    0.488664 ^ clkbuf_0_wr_clk/X (sky130_fd_sc_hd__clkbuf_16)
                                                         clknet_0_wr_clk (net)
                      0.180450    0.001181    0.489845 ^ clkbuf_4_13_0_wr_clk/A (sky130_fd_sc_hd__clkbuf_8)
     8    0.039976    0.129768    0.328448    0.818293 ^ clkbuf_4_13_0_wr_clk/X (sky130_fd_sc_hd__clkbuf_8)
                                                         clknet_4_13_0_wr_clk (net)
                      0.129770    0.000756    0.819049 ^ _758_/CLK (sky130_fd_sc_hd__dfrtp_1)
     5    0.017741    0.260891    0.821525    1.640574 ^ _758_/Q (sky130_fd_sc_hd__dfrtp_1)
                                                         wr_bin[1] (net)
                      0.260891    0.000181    1.640755 ^ _384_/A (sky130_fd_sc_hd__nor2_1)
     2    0.009685    0.111819    0.209142    1.849897 v _384_/Y (sky130_fd_sc_hd__nor2_1)
                                                         _212_ (net)
                      0.111819    0.000109    1.850007 v _385_/B (sky130_fd_sc_hd__nor2_1)
     1    0.002790    0.133871    0.156933    2.006940 ^ _385_/Y (sky130_fd_sc_hd__nor2_1)
                                                         wr_bin_next[1] (net)
                      0.133871    0.000031    2.006971 ^ _758_/D (sky130_fd_sc_hd__dfrtp_1)
                                              2.006971   data arrival time

                                  0.000000    0.000000   clock wr_clk (rise edge)
                                  0.000000    0.000000   clock source latency
     1    0.023797    0.176583    0.121462    0.121462 ^ wr_clk (in)
                                                         wr_clk (net)
                      0.176607    0.000000    0.121462 ^ clkbuf_0_wr_clk/A (sky130_fd_sc_hd__clkbuf_16)
    16    0.102935    0.180447    0.367202    0.488664 ^ clkbuf_0_wr_clk/X (sky130_fd_sc_hd__clkbuf_16)
                                                         clknet_0_wr_clk (net)
                      0.180450    0.001181    0.489845 ^ clkbuf_4_13_0_wr_clk/A (sky130_fd_sc_hd__clkbuf_8)
     8    0.039976    0.129768    0.328448    0.818293 ^ clkbuf_4_13_0_wr_clk/X (sky130_fd_sc_hd__clkbuf_8)
                                                         clknet_4_13_0_wr_clk (net)
                      0.129770    0.000756    0.819049 ^ _758_/CLK (sky130_fd_sc_hd__dfrtp_1)
                                  0.250000    1.069049   clock uncertainty
                                  0.000000    1.069049   clock reconvergence pessimism
                                 -0.081695    0.987353   library hold time
                                              0.987353   data required time
---------------------------------------------------------------------------------------------
                                              0.987353   data required time
                                             -2.006971   data arrival time
---------------------------------------------------------------------------------------------
                                              1.019618   slack (MET)


Startpoint: _761_ (rising edge-triggered flip-flop clocked by wr_clk)
Endpoint: _773_ (rising edge-triggered flip-flop clocked by wr_clk)
Path Group: wr_clk
Path Type: min

Fanout         Cap        Slew       Delay        Time   Description
---------------------------------------------------------------------------------------------
                                  0.000000    0.000000   clock wr_clk (rise edge)
                                  0.000000    0.000000   clock source latency
     1    0.023797    0.176583    0.121462    0.121462 ^ wr_clk (in)
                                                         wr_clk (net)
                      0.176607    0.000000    0.121462 ^ clkbuf_0_wr_clk/A (sky130_fd_sc_hd__clkbuf_16)
    16    0.102935    0.180447    0.367202    0.488664 ^ clkbuf_0_wr_clk/X (sky130_fd_sc_hd__clkbuf_16)
                                                         clknet_0_wr_clk (net)
                      0.180454    0.001401    0.490065 ^ clkbuf_4_14_0_wr_clk/A (sky130_fd_sc_hd__clkbuf_8)
     6    0.034532    0.116639    0.318207    0.808272 ^ clkbuf_4_14_0_wr_clk/X (sky130_fd_sc_hd__clkbuf_8)
                                                         clknet_4_14_0_wr_clk (net)
                      0.116641    0.000711    0.808983 ^ _761_/CLK (sky130_fd_sc_hd__dfrtp_4)
     4    0.025670    0.179248    0.922466    1.731449 ^ _761_/Q (sky130_fd_sc_hd__dfrtp_4)
                                                         wr_bin[4] (net)
                      0.179248    0.000370    1.731819 ^ _390_/A (sky130_fd_sc_hd__xnor2_1)
     2    0.007609    0.147768    0.234743    1.966562 v _390_/Y (sky130_fd_sc_hd__xnor2_1)
                                                         wr_gray_next[3] (net)
                      0.147768    0.000068    1.966631 v _773_/D (sky130_fd_sc_hd__dfrtp_1)
                                              1.966631   data arrival time

                                  0.000000    0.000000   clock wr_clk (rise edge)
                                  0.000000    0.000000   clock source latency
     1    0.023797    0.176583    0.121462    0.121462 ^ wr_clk (in)
                                                         wr_clk (net)
                      0.176607    0.000000    0.121462 ^ clkbuf_0_wr_clk/A (sky130_fd_sc_hd__clkbuf_16)
    16    0.102935    0.180447    0.367202    0.488664 ^ clkbuf_0_wr_clk/X (sky130_fd_sc_hd__clkbuf_16)
                                                         clknet_0_wr_clk (net)
                      0.180454    0.001401    0.490065 ^ clkbuf_4_14_0_wr_clk/A (sky130_fd_sc_hd__clkbuf_8)
     6    0.034532    0.116639    0.318207    0.808272 ^ clkbuf_4_14_0_wr_clk/X (sky130_fd_sc_hd__clkbuf_8)
                                                         clknet_4_14_0_wr_clk (net)
                      0.116639    0.000368    0.808640 ^ _773_/CLK (sky130_fd_sc_hd__dfrtp_1)
                                  0.250000    1.058640   clock uncertainty
                                  0.000000    1.058640   clock reconvergence pessimism
                                 -0.114765    0.943874   library hold time
                                              0.943874   data required time
---------------------------------------------------------------------------------------------
                                              0.943874   data required time
                                             -1.966631   data arrival time
---------------------------------------------------------------------------------------------
                                              1.022756   slack (MET)


Startpoint: _758_ (rising edge-triggered flip-flop clocked by wr_clk)
Endpoint: _770_ (rising edge-triggered flip-flop clocked by wr_clk)
Path Group: wr_clk
Path Type: min

Fanout         Cap        Slew       Delay        Time   Description
---------------------------------------------------------------------------------------------
                                  0.000000    0.000000   clock wr_clk (rise edge)
                                  0.000000    0.000000   clock source latency
     1    0.023797    0.176583    0.121462    0.121462 ^ wr_clk (in)
                                                         wr_clk (net)
                      0.176607    0.000000    0.121462 ^ clkbuf_0_wr_clk/A (sky130_fd_sc_hd__clkbuf_16)
    16    0.102935    0.180447    0.367202    0.488664 ^ clkbuf_0_wr_clk/X (sky130_fd_sc_hd__clkbuf_16)
                                                         clknet_0_wr_clk (net)
                      0.180450    0.001181    0.489845 ^ clkbuf_4_13_0_wr_clk/A (sky130_fd_sc_hd__clkbuf_8)
     8    0.039976    0.129768    0.328448    0.818293 ^ clkbuf_4_13_0_wr_clk/X (sky130_fd_sc_hd__clkbuf_8)
                                                         clknet_4_13_0_wr_clk (net)
                      0.129770    0.000756    0.819049 ^ _758_/CLK (sky130_fd_sc_hd__dfrtp_1)
     5    0.017741    0.260891    0.821525    1.640574 ^ _758_/Q (sky130_fd_sc_hd__dfrtp_1)
                                                         wr_bin[1] (net)
                      0.260891    0.000175    1.640749 ^ _397_/A (sky130_fd_sc_hd__xnor2_1)
     2    0.011620    0.203175    0.312913    1.953661 v _397_/Y (sky130_fd_sc_hd__xnor2_1)
                                                         wr_gray_next[0] (net)
                      0.203175    0.000313    1.953974 v _770_/D (sky130_fd_sc_hd__dfrtp_1)
                                              1.953974   data arrival time

                                  0.000000    0.000000   clock wr_clk (rise edge)
                                  0.000000    0.000000   clock source latency
     1    0.023797    0.176583    0.121462    0.121462 ^ wr_clk (in)
                                                         wr_clk (net)
                      0.176607    0.000000    0.121462 ^ clkbuf_0_wr_clk/A (sky130_fd_sc_hd__clkbuf_16)
    16    0.102935    0.180447    0.367202    0.488664 ^ clkbuf_0_wr_clk/X (sky130_fd_sc_hd__clkbuf_16)
                                                         clknet_0_wr_clk (net)
                      0.180449    0.001095    0.489758 ^ clkbuf_4_12_0_wr_clk/A (sky130_fd_sc_hd__clkbuf_8)
     8    0.034474    0.116594    0.318401    0.808160 ^ clkbuf_4_12_0_wr_clk/X (sky130_fd_sc_hd__clkbuf_8)
                                                         clknet_4_12_0_wr_clk (net)
                      0.116594    0.000158    0.808318 ^ _770_/CLK (sky130_fd_sc_hd__dfrtp_1)
                                  0.250000    1.058318   clock uncertainty
                                  0.000000    1.058318   clock reconvergence pessimism
                                 -0.135348    0.922970   library hold time
                                              0.922970   data required time
---------------------------------------------------------------------------------------------
                                              0.922970   data required time
                                             -1.953974   data arrival time
---------------------------------------------------------------------------------------------
                                              1.031004   slack (MET)


Startpoint: _757_ (rising edge-triggered flip-flop clocked by wr_clk)
Endpoint: _757_ (rising edge-triggered flip-flop clocked by wr_clk)
Path Group: wr_clk
Path Type: min

Fanout         Cap        Slew       Delay        Time   Description
---------------------------------------------------------------------------------------------
                                  0.000000    0.000000   clock wr_clk (rise edge)
                                  0.000000    0.000000   clock source latency
     1    0.023797    0.176583    0.121462    0.121462 ^ wr_clk (in)
                                                         wr_clk (net)
                      0.176607    0.000000    0.121462 ^ clkbuf_0_wr_clk/A (sky130_fd_sc_hd__clkbuf_16)
    16    0.102935    0.180447    0.367202    0.488664 ^ clkbuf_0_wr_clk/X (sky130_fd_sc_hd__clkbuf_16)
                                                         clknet_0_wr_clk (net)
                      0.180450    0.001181    0.489845 ^ clkbuf_4_13_0_wr_clk/A (sky130_fd_sc_hd__clkbuf_8)
     8    0.039976    0.129768    0.328448    0.818293 ^ clkbuf_4_13_0_wr_clk/X (sky130_fd_sc_hd__clkbuf_8)
                                                         clknet_4_13_0_wr_clk (net)
                      0.129770    0.000720    0.819013 ^ _757_/CLK (sky130_fd_sc_hd__dfrtp_1)
     6    0.019452    0.282991    0.837759    1.656772 ^ _757_/Q (sky130_fd_sc_hd__dfrtp_1)
                                                         wr_bin[0] (net)
                      0.282991    0.000046    1.656818 ^ _380_/A (sky130_fd_sc_hd__nor2_1)
     2    0.008973    0.096035    0.212598    1.869417 v _380_/Y (sky130_fd_sc_hd__nor2_1)
                                                         _209_ (net)
                      0.096035    0.000111    1.869527 v _382_/A (sky130_fd_sc_hd__nor2_1)
     1    0.002587    0.127151    0.171507    2.041034 ^ _382_/Y (sky130_fd_sc_hd__nor2_1)
                                                         wr_bin_next[0] (net)
                      0.127151    0.000027    2.041061 ^ _757_/D (sky130_fd_sc_hd__dfrtp_1)
                                              2.041061   data arrival time

                                  0.000000    0.000000   clock wr_clk (rise edge)
                                  0.000000    0.000000   clock source latency
     1    0.023797    0.176583    0.121462    0.121462 ^ wr_clk (in)
                                                         wr_clk (net)
                      0.176607    0.000000    0.121462 ^ clkbuf_0_wr_clk/A (sky130_fd_sc_hd__clkbuf_16)
    16    0.102935    0.180447    0.367202    0.488664 ^ clkbuf_0_wr_clk/X (sky130_fd_sc_hd__clkbuf_16)
                                                         clknet_0_wr_clk (net)
                      0.180450    0.001181    0.489845 ^ clkbuf_4_13_0_wr_clk/A (sky130_fd_sc_hd__clkbuf_8)
     8    0.039976    0.129768    0.328448    0.818293 ^ clkbuf_4_13_0_wr_clk/X (sky130_fd_sc_hd__clkbuf_8)
                                                         clknet_4_13_0_wr_clk (net)
                      0.129770    0.000720    0.819013 ^ _757_/CLK (sky130_fd_sc_hd__dfrtp_1)
                                  0.250000    1.069013   clock uncertainty
                                  0.000000    1.069013   clock reconvergence pessimism
                                 -0.080163    0.988850   library hold time
                                              0.988850   data required time
---------------------------------------------------------------------------------------------
                                              0.988850   data required time
                                             -2.041061   data arrival time
---------------------------------------------------------------------------------------------
                                              1.052211   slack (MET)


Startpoint: arst_n (input port clocked by wr_clk)
Endpoint: _789_ (removal check against rising-edge clock wr_clk)
Path Group: asynchronous
Path Type: min

Fanout         Cap        Slew       Delay        Time   Description
---------------------------------------------------------------------------------------------
                                  0.000000    0.000000   clock wr_clk (rise edge)
                                  0.000000    0.000000   clock network delay (propagated)
                                  2.000000    2.000000 ^ input external delay
     1    0.002701    0.031606    0.015250    2.015250 ^ arst_n (in)
                                                         arst_n (net)
                      0.031606    0.000000    2.015250 ^ input11/A (sky130_fd_sc_hd__clkbuf_1)
     1    0.002196    0.062309    0.124921    2.140172 ^ input11/X (sky130_fd_sc_hd__clkbuf_1)
                                                         net11 (net)
                      0.062309    0.000020    2.140192 ^ fanout76/A (sky130_fd_sc_hd__buf_2)
     5    0.036066    0.285582    0.349105    2.489297 ^ fanout76/X (sky130_fd_sc_hd__buf_2)
                                                         net76 (net)
                      0.285582    0.000064    2.489361 ^ fanout71/A (sky130_fd_sc_hd__buf_2)
     8    0.035825    0.284257    0.447795    2.937156 ^ fanout71/X (sky130_fd_sc_hd__buf_2)
                                                         net71 (net)
                      0.284257    0.000846    2.938002 ^ _789_/RESET_B (sky130_fd_sc_hd__dfrtp_1)
                                              2.938002   data arrival time

                                  0.000000    0.000000   clock wr_clk (rise edge)
                                  0.000000    0.000000   clock source latency
     1    0.023797    0.176583    0.121462    0.121462 ^ wr_clk (in)
                                                         wr_clk (net)
                      0.176607    0.000000    0.121462 ^ clkbuf_0_wr_clk/A (sky130_fd_sc_hd__clkbuf_16)
    16    0.102935    0.180447    0.367202    0.488664 ^ clkbuf_0_wr_clk/X (sky130_fd_sc_hd__clkbuf_16)
                                                         clknet_0_wr_clk (net)
                      0.180447    0.000836    0.489500 ^ clkbuf_4_11_0_wr_clk/A (sky130_fd_sc_hd__clkbuf_8)
     8    0.036273    0.120887    0.321675    0.811175 ^ clkbuf_4_11_0_wr_clk/X (sky130_fd_sc_hd__clkbuf_8)
                                                         clknet_4_11_0_wr_clk (net)
                      0.120887    0.000278    0.811453 ^ _789_/CLK (sky130_fd_sc_hd__dfrtp_1)
                                  0.250000    1.061453   clock uncertainty
                                  0.000000    1.061453   clock reconvergence pessimism
                                  0.738587    1.800040   library removal time
                                              1.800040   data required time
---------------------------------------------------------------------------------------------
                                              1.800040   data required time
                                             -2.938002   data arrival time
---------------------------------------------------------------------------------------------
                                              1.137962   slack (MET)


Startpoint: arst_n (input port clocked by wr_clk)
Endpoint: _784_ (removal check against rising-edge clock wr_clk)
Path Group: asynchronous
Path Type: min

Fanout         Cap        Slew       Delay        Time   Description
---------------------------------------------------------------------------------------------
                                  0.000000    0.000000   clock wr_clk (rise edge)
                                  0.000000    0.000000   clock network delay (propagated)
                                  2.000000    2.000000 ^ input external delay
     1    0.002701    0.031606    0.015250    2.015250 ^ arst_n (in)
                                                         arst_n (net)
                      0.031606    0.000000    2.015250 ^ input11/A (sky130_fd_sc_hd__clkbuf_1)
     1    0.002196    0.062309    0.124921    2.140172 ^ input11/X (sky130_fd_sc_hd__clkbuf_1)
                                                         net11 (net)
                      0.062309    0.000020    2.140192 ^ fanout76/A (sky130_fd_sc_hd__buf_2)
     5    0.036066    0.285582    0.349105    2.489297 ^ fanout76/X (sky130_fd_sc_hd__buf_2)
                                                         net76 (net)
                      0.285582    0.000064    2.489361 ^ fanout71/A (sky130_fd_sc_hd__buf_2)
     8    0.035825    0.284257    0.447795    2.937156 ^ fanout71/X (sky130_fd_sc_hd__buf_2)
                                                         net71 (net)
                      0.284257    0.000841    2.937997 ^ _784_/RESET_B (sky130_fd_sc_hd__dfrtp_1)
                                              2.937997   data arrival time

                                  0.000000    0.000000   clock wr_clk (rise edge)
                                  0.000000    0.000000   clock source latency
     1    0.023797    0.176583    0.121462    0.121462 ^ wr_clk (in)
                                                         wr_clk (net)
                      0.176607    0.000000    0.121462 ^ clkbuf_0_wr_clk/A (sky130_fd_sc_hd__clkbuf_16)
    16    0.102935    0.180447    0.367202    0.488664 ^ clkbuf_0_wr_clk/X (sky130_fd_sc_hd__clkbuf_16)
                                                         clknet_0_wr_clk (net)
                      0.180447    0.000836    0.489500 ^ clkbuf_4_11_0_wr_clk/A (sky130_fd_sc_hd__clkbuf_8)
     8    0.036273    0.120887    0.321675    0.811175 ^ clkbuf_4_11_0_wr_clk/X (sky130_fd_sc_hd__clkbuf_8)
                                                         clknet_4_11_0_wr_clk (net)
                      0.120887    0.000233    0.811409 ^ _784_/CLK (sky130_fd_sc_hd__dfrtp_1)
                                  0.250000    1.061409   clock uncertainty
                                  0.000000    1.061409   clock reconvergence pessimism
                                  0.738587    1.799995   library removal time
                                              1.799995   data required time
---------------------------------------------------------------------------------------------
                                              1.799995   data required time
                                             -2.937997   data arrival time
---------------------------------------------------------------------------------------------
                                              1.138002   slack (MET)


Startpoint: arst_n (input port clocked by wr_clk)
Endpoint: _757_ (removal check against rising-edge clock wr_clk)
Path Group: asynchronous
Path Type: min

Fanout         Cap        Slew       Delay        Time   Description
---------------------------------------------------------------------------------------------
                                  0.000000    0.000000   clock wr_clk (rise edge)
                                  0.000000    0.000000   clock network delay (propagated)
                                  2.000000    2.000000 ^ input external delay
     1    0.002701    0.031606    0.015250    2.015250 ^ arst_n (in)
                                                         arst_n (net)
                      0.031606    0.000000    2.015250 ^ input11/A (sky130_fd_sc_hd__clkbuf_1)
     1    0.002196    0.062309    0.124921    2.140172 ^ input11/X (sky130_fd_sc_hd__clkbuf_1)
                                                         net11 (net)
                      0.062309    0.000020    2.140192 ^ fanout76/A (sky130_fd_sc_hd__buf_2)
     5    0.036066    0.285582    0.349105    2.489297 ^ fanout76/X (sky130_fd_sc_hd__buf_2)
                                                         net76 (net)
                      0.285582    0.000340    2.489637 ^ fanout75/A (sky130_fd_sc_hd__buf_2)
     6    0.041663    0.327934    0.477517    2.967154 ^ fanout75/X (sky130_fd_sc_hd__buf_2)
                                                         net75 (net)
                      0.327947    0.002454    2.969608 ^ _757_/RESET_B (sky130_fd_sc_hd__dfrtp_1)
                                              2.969608   data arrival time

                                  0.000000    0.000000   clock wr_clk (rise edge)
                                  0.000000    0.000000   clock source latency
     1    0.023797    0.176583    0.121462    0.121462 ^ wr_clk (in)
                                                         wr_clk (net)
                      0.176607    0.000000    0.121462 ^ clkbuf_0_wr_clk/A (sky130_fd_sc_hd__clkbuf_16)
    16    0.102935    0.180447    0.367202    0.488664 ^ clkbuf_0_wr_clk/X (sky130_fd_sc_hd__clkbuf_16)
                                                         clknet_0_wr_clk (net)
                      0.180450    0.001181    0.489845 ^ clkbuf_4_13_0_wr_clk/A (sky130_fd_sc_hd__clkbuf_8)
     8    0.039976    0.129768    0.328448    0.818293 ^ clkbuf_4_13_0_wr_clk/X (sky130_fd_sc_hd__clkbuf_8)
                                                         clknet_4_13_0_wr_clk (net)
                      0.129770    0.000720    0.819013 ^ _757_/CLK (sky130_fd_sc_hd__dfrtp_1)
                                  0.250000    1.069013   clock uncertainty
                                  0.000000    1.069013   clock reconvergence pessimism
                                  0.754668    1.823681   library removal time
                                              1.823681   data required time
---------------------------------------------------------------------------------------------
                                              1.823681   data required time
                                             -2.969608   data arrival time
---------------------------------------------------------------------------------------------
                                              1.145927   slack (MET)


Startpoint: arst_n (input port clocked by wr_clk)
Endpoint: _758_ (removal check against rising-edge clock wr_clk)
Path Group: asynchronous
Path Type: min

Fanout         Cap        Slew       Delay        Time   Description
---------------------------------------------------------------------------------------------
                                  0.000000    0.000000   clock wr_clk (rise edge)
                                  0.000000    0.000000   clock network delay (propagated)
                                  2.000000    2.000000 ^ input external delay
     1    0.002701    0.031606    0.015250    2.015250 ^ arst_n (in)
                                                         arst_n (net)
                      0.031606    0.000000    2.015250 ^ input11/A (sky130_fd_sc_hd__clkbuf_1)
     1    0.002196    0.062309    0.124921    2.140172 ^ input11/X (sky130_fd_sc_hd__clkbuf_1)
                                                         net11 (net)
                      0.062309    0.000020    2.140192 ^ fanout76/A (sky130_fd_sc_hd__buf_2)
     5    0.036066    0.285582    0.349105    2.489297 ^ fanout76/X (sky130_fd_sc_hd__buf_2)
                                                         net76 (net)
                      0.285582    0.000340    2.489637 ^ fanout75/A (sky130_fd_sc_hd__buf_2)
     6    0.041663    0.327934    0.477517    2.967154 ^ fanout75/X (sky130_fd_sc_hd__buf_2)
                                                         net75 (net)
                      0.327948    0.002544    2.969698 ^ _758_/RESET_B (sky130_fd_sc_hd__dfrtp_1)
                                              2.969698   data arrival time

                                  0.000000    0.000000   clock wr_clk (rise edge)
                                  0.000000    0.000000   clock source latency
     1    0.023797    0.176583    0.121462    0.121462 ^ wr_clk (in)
                                                         wr_clk (net)
                      0.176607    0.000000    0.121462 ^ clkbuf_0_wr_clk/A (sky130_fd_sc_hd__clkbuf_16)
    16    0.102935    0.180447    0.367202    0.488664 ^ clkbuf_0_wr_clk/X (sky130_fd_sc_hd__clkbuf_16)
                                                         clknet_0_wr_clk (net)
                      0.180450    0.001181    0.489845 ^ clkbuf_4_13_0_wr_clk/A (sky130_fd_sc_hd__clkbuf_8)
     8    0.039976    0.129768    0.328448    0.818293 ^ clkbuf_4_13_0_wr_clk/X (sky130_fd_sc_hd__clkbuf_8)
                                                         clknet_4_13_0_wr_clk (net)
                      0.129770    0.000756    0.819049 ^ _758_/CLK (sky130_fd_sc_hd__dfrtp_1)
                                  0.250000    1.069049   clock uncertainty
                                  0.000000    1.069049   clock reconvergence pessimism
                                  0.754668    1.823717   library removal time
                                              1.823717   data required time
---------------------------------------------------------------------------------------------
                                              1.823717   data required time
                                             -2.969698   data arrival time
---------------------------------------------------------------------------------------------
                                              1.145981   slack (MET)


Startpoint: _758_ (rising edge-triggered flip-flop clocked by wr_clk)
Endpoint: _771_ (rising edge-triggered flip-flop clocked by wr_clk)
Path Group: wr_clk
Path Type: min

Fanout         Cap        Slew       Delay        Time   Description
---------------------------------------------------------------------------------------------
                                  0.000000    0.000000   clock wr_clk (rise edge)
                                  0.000000    0.000000   clock source latency
     1    0.023797    0.176583    0.121462    0.121462 ^ wr_clk (in)
                                                         wr_clk (net)
                      0.176607    0.000000    0.121462 ^ clkbuf_0_wr_clk/A (sky130_fd_sc_hd__clkbuf_16)
    16    0.102935    0.180447    0.367202    0.488664 ^ clkbuf_0_wr_clk/X (sky130_fd_sc_hd__clkbuf_16)
                                                         clknet_0_wr_clk (net)
                      0.180450    0.001181    0.489845 ^ clkbuf_4_13_0_wr_clk/A (sky130_fd_sc_hd__clkbuf_8)
     8    0.039976    0.129768    0.328448    0.818293 ^ clkbuf_4_13_0_wr_clk/X (sky130_fd_sc_hd__clkbuf_8)
                                                         clknet_4_13_0_wr_clk (net)
                      0.129770    0.000756    0.819049 ^ _758_/CLK (sky130_fd_sc_hd__dfrtp_1)
     5    0.017741    0.260891    0.821525    1.640574 ^ _758_/Q (sky130_fd_sc_hd__dfrtp_1)
                                                         wr_bin[1] (net)
                      0.260891    0.000181    1.640755 ^ _384_/A (sky130_fd_sc_hd__nor2_1)
     2    0.009685    0.111819    0.209142    1.849897 v _384_/Y (sky130_fd_sc_hd__nor2_1)
                                                         _212_ (net)
                      0.111819    0.000126    1.850024 v _394_/B (sky130_fd_sc_hd__xnor2_1)
     3    0.010293    0.183202    0.308866    2.158890 v _394_/Y (sky130_fd_sc_hd__xnor2_1)
                                                         wr_gray_next[1] (net)
                      0.183202    0.000154    2.159044 v _771_/D (sky130_fd_sc_hd__dfrtp_1)
                                              2.159044   data arrival time

                                  0.000000    0.000000   clock wr_clk (rise edge)
                                  0.000000    0.000000   clock source latency
     1    0.023797    0.176583    0.121462    0.121462 ^ wr_clk (in)
                                                         wr_clk (net)
                      0.176607    0.000000    0.121462 ^ clkbuf_0_wr_clk/A (sky130_fd_sc_hd__clkbuf_16)
    16    0.102935    0.180447    0.367202    0.488664 ^ clkbuf_0_wr_clk/X (sky130_fd_sc_hd__clkbuf_16)
                                                         clknet_0_wr_clk (net)
                      0.180449    0.001095    0.489758 ^ clkbuf_4_12_0_wr_clk/A (sky130_fd_sc_hd__clkbuf_8)
     8    0.034474    0.116594    0.318401    0.808160 ^ clkbuf_4_12_0_wr_clk/X (sky130_fd_sc_hd__clkbuf_8)
                                                         clknet_4_12_0_wr_clk (net)
                      0.116594    0.000122    0.808281 ^ _771_/CLK (sky130_fd_sc_hd__dfrtp_1)
                                  0.250000    1.058281   clock uncertainty
                                  0.000000    1.058281   clock reconvergence pessimism
                                 -0.127932    0.930349   library hold time
                                              0.930349   data required time
---------------------------------------------------------------------------------------------
                                              0.930349   data required time
                                             -2.159044   data arrival time
---------------------------------------------------------------------------------------------
                                              1.228695   slack (MET)


Startpoint: _759_ (rising edge-triggered flip-flop clocked by wr_clk)
Endpoint: _759_ (rising edge-triggered flip-flop clocked by wr_clk)
Path Group: wr_clk
Path Type: min

Fanout         Cap        Slew       Delay        Time   Description
---------------------------------------------------------------------------------------------
                                  0.000000    0.000000   clock wr_clk (rise edge)
                                  0.000000    0.000000   clock source latency
     1    0.023797    0.176583    0.121462    0.121462 ^ wr_clk (in)
                                                         wr_clk (net)
                      0.176607    0.000000    0.121462 ^ clkbuf_0_wr_clk/A (sky130_fd_sc_hd__clkbuf_16)
    16    0.102935    0.180447    0.367202    0.488664 ^ clkbuf_0_wr_clk/X (sky130_fd_sc_hd__clkbuf_16)
                                                         clknet_0_wr_clk (net)
                      0.180450    0.001181    0.489845 ^ clkbuf_4_13_0_wr_clk/A (sky130_fd_sc_hd__clkbuf_8)
     8    0.039976    0.129768    0.328448    0.818293 ^ clkbuf_4_13_0_wr_clk/X (sky130_fd_sc_hd__clkbuf_8)
                                                         clknet_4_13_0_wr_clk (net)
                      0.129768    0.000265    0.818557 ^ _759_/CLK (sky130_fd_sc_hd__dfrtp_1)
     2    0.007417    0.133613    0.716980    1.535537 ^ _759_/Q (sky130_fd_sc_hd__dfrtp_1)
                                                         wr_bin[2] (net)
                      0.133613    0.000025    1.535563 ^ fanout38/A (sky130_fd_sc_hd__buf_2)
    10    0.038851    0.306258    0.397684    1.933246 ^ fanout38/X (sky130_fd_sc_hd__buf_2)
                                                         net38 (net)
                      0.306258    0.000507    1.933753 ^ _386_/A (sky130_fd_sc_hd__nor2_1)
     2    0.007973    0.091942    0.213262    2.147015 v _386_/Y (sky130_fd_sc_hd__nor2_1)
                                                         _213_ (net)
                      0.091942    0.000074    2.147088 v _388_/A (sky130_fd_sc_hd__nor2_1)
     1    0.002740    0.131243    0.173132    2.320220 ^ _388_/Y (sky130_fd_sc_hd__nor2_1)
                                                         wr_bin_next[2] (net)
                      0.131243    0.000031    2.320251 ^ _759_/D (sky130_fd_sc_hd__dfrtp_1)
                                              2.320251   data arrival time

                                  0.000000    0.000000   clock wr_clk (rise edge)
                                  0.000000    0.000000   clock source latency
     1    0.023797    0.176583    0.121462    0.121462 ^ wr_clk (in)
                                                         wr_clk (net)
                      0.176607    0.000000    0.121462 ^ clkbuf_0_wr_clk/A (sky130_fd_sc_hd__clkbuf_16)
    16    0.102935    0.180447    0.367202    0.488664 ^ clkbuf_0_wr_clk/X (sky130_fd_sc_hd__clkbuf_16)
                                                         clknet_0_wr_clk (net)
                      0.180450    0.001181    0.489845 ^ clkbuf_4_13_0_wr_clk/A (sky130_fd_sc_hd__clkbuf_8)
     8    0.039976    0.129768    0.328448    0.818293 ^ clkbuf_4_13_0_wr_clk/X (sky130_fd_sc_hd__clkbuf_8)
                                                         clknet_4_13_0_wr_clk (net)
                      0.129768    0.000265    0.818557 ^ _759_/CLK (sky130_fd_sc_hd__dfrtp_1)
                                  0.250000    1.068557   clock uncertainty
                                  0.000000    1.068557   clock reconvergence pessimism
                                 -0.081096    0.987461   library hold time
                                              0.987461   data required time
---------------------------------------------------------------------------------------------
                                              0.987461   data required time
                                             -2.320251   data arrival time
---------------------------------------------------------------------------------------------
                                              1.332790   slack (MET)


Startpoint: _760_ (rising edge-triggered flip-flop clocked by wr_clk)
Endpoint: _772_ (rising edge-triggered flip-flop clocked by wr_clk)
Path Group: wr_clk
Path Type: min

Fanout         Cap        Slew       Delay        Time   Description
---------------------------------------------------------------------------------------------
                                  0.000000    0.000000   clock wr_clk (rise edge)
                                  0.000000    0.000000   clock source latency
     1    0.023797    0.176583    0.121462    0.121462 ^ wr_clk (in)
                                                         wr_clk (net)
                      0.176607    0.000000    0.121462 ^ clkbuf_0_wr_clk/A (sky130_fd_sc_hd__clkbuf_16)
    16    0.102935    0.180447    0.367202    0.488664 ^ clkbuf_0_wr_clk/X (sky130_fd_sc_hd__clkbuf_16)
                                                         clknet_0_wr_clk (net)
                      0.180454    0.001426    0.490090 ^ clkbuf_4_15_0_wr_clk/A (sky130_fd_sc_hd__clkbuf_8)
     7    0.032701    0.112391    0.315079    0.805170 ^ clkbuf_4_15_0_wr_clk/X (sky130_fd_sc_hd__clkbuf_8)
                                                         clknet_4_15_0_wr_clk (net)
                      0.112391    0.000255    0.805425 ^ _760_/CLK (sky130_fd_sc_hd__dfrtp_1)
     4    0.014271    0.216104    0.780559    1.585984 ^ _760_/Q (sky130_fd_sc_hd__dfrtp_1)
                                                         wr_bin[3] (net)
                      0.216104    0.000061    1.586045 ^ fanout37/A (sky130_fd_sc_hd__clkbuf_4)
    10    0.042705    0.216210    0.423625    2.009670 ^ fanout37/X (sky130_fd_sc_hd__clkbuf_4)
                                                         net37 (net)
                      0.216210    0.000144    2.009814 ^ _392_/A (sky130_fd_sc_hd__xnor2_1)
     2    0.009243    0.167455    0.268557    2.278370 v _392_/Y (sky130_fd_sc_hd__xnor2_1)
                                                         wr_gray_next[2] (net)
                      0.167455    0.000089    2.278460 v _772_/D (sky130_fd_sc_hd__dfrtp_1)
                                              2.278460   data arrival time

                                  0.000000    0.000000   clock wr_clk (rise edge)
                                  0.000000    0.000000   clock source latency
     1    0.023797    0.176583    0.121462    0.121462 ^ wr_clk (in)
                                                         wr_clk (net)
                      0.176607    0.000000    0.121462 ^ clkbuf_0_wr_clk/A (sky130_fd_sc_hd__clkbuf_16)
    16    0.102935    0.180447    0.367202    0.488664 ^ clkbuf_0_wr_clk/X (sky130_fd_sc_hd__clkbuf_16)
                                                         clknet_0_wr_clk (net)
                      0.180449    0.001095    0.489758 ^ clkbuf_4_12_0_wr_clk/A (sky130_fd_sc_hd__clkbuf_8)
     8    0.034474    0.116594    0.318401    0.808160 ^ clkbuf_4_12_0_wr_clk/X (sky130_fd_sc_hd__clkbuf_8)
                                                         clknet_4_12_0_wr_clk (net)
                      0.116594    0.000078    0.808238 ^ _772_/CLK (sky130_fd_sc_hd__dfrtp_1)
                                  0.250000    1.058238   clock uncertainty
                                  0.000000    1.058238   clock reconvergence pessimism
                                 -0.122086    0.936152   library hold time
                                              0.936152   data required time
---------------------------------------------------------------------------------------------
                                              0.936152   data required time
                                             -2.278460   data arrival time
---------------------------------------------------------------------------------------------
                                              1.342308   slack (MET)


Startpoint: _760_ (rising edge-triggered flip-flop clocked by wr_clk)
Endpoint: _756_ (rising edge-triggered flip-flop clocked by wr_clk)
Path Group: wr_clk
Path Type: min

Fanout         Cap        Slew       Delay        Time   Description
---------------------------------------------------------------------------------------------
                                  0.000000    0.000000   clock wr_clk (rise edge)
                                  0.000000    0.000000   clock source latency
     1    0.023797    0.176583    0.121462    0.121462 ^ wr_clk (in)
                                                         wr_clk (net)
                      0.176607    0.000000    0.121462 ^ clkbuf_0_wr_clk/A (sky130_fd_sc_hd__clkbuf_16)
    16    0.102935    0.180447    0.367202    0.488664 ^ clkbuf_0_wr_clk/X (sky130_fd_sc_hd__clkbuf_16)
                                                         clknet_0_wr_clk (net)
                      0.180454    0.001426    0.490090 ^ clkbuf_4_15_0_wr_clk/A (sky130_fd_sc_hd__clkbuf_8)
     7    0.032701    0.112391    0.315079    0.805170 ^ clkbuf_4_15_0_wr_clk/X (sky130_fd_sc_hd__clkbuf_8)
                                                         clknet_4_15_0_wr_clk (net)
                      0.112391    0.000255    0.805425 ^ _760_/CLK (sky130_fd_sc_hd__dfrtp_1)
     4    0.014271    0.216104    0.780559    1.585984 ^ _760_/Q (sky130_fd_sc_hd__dfrtp_1)
                                                         wr_bin[3] (net)
                      0.216104    0.000252    1.586236 ^ _316_/A (sky130_fd_sc_hd__nand2_1)
     2    0.005184    0.110506    0.185445    1.771681 v _316_/Y (sky130_fd_sc_hd__nand2_1)
                                                         _147_ (net)
                      0.110506    0.000044    1.771724 v _330_/A (sky130_fd_sc_hd__nand3_1)
     2    0.005650    0.119673    0.152275    1.924000 ^ _330_/Y (sky130_fd_sc_hd__nand3_1)
                                                         _161_ (net)
                      0.119673    0.000046    1.924046 ^ _332_/A1 (sky130_fd_sc_hd__a21o_1)
     1    0.001506    0.044038    0.205611    2.129657 ^ _332_/X (sky130_fd_sc_hd__a21o_1)
                                                         _163_ (net)
                      0.044038    0.000005    2.129662 ^ _344_/A (sky130_fd_sc_hd__and2_1)
     1    0.002489    0.075481    0.199912    2.329574 ^ _344_/X (sky130_fd_sc_hd__and2_1)
                                                         afull_next (net)
                      0.075481    0.000024    2.329598 ^ _756_/D (sky130_fd_sc_hd__dfrtp_1)
                                              2.329598   data arrival time

                                  0.000000    0.000000   clock wr_clk (rise edge)
                                  0.000000    0.000000   clock source latency
     1    0.023797    0.176583    0.121462    0.121462 ^ wr_clk (in)
                                                         wr_clk (net)
                      0.176607    0.000000    0.121462 ^ clkbuf_0_wr_clk/A (sky130_fd_sc_hd__clkbuf_16)
    16    0.102935    0.180447    0.367202    0.488664 ^ clkbuf_0_wr_clk/X (sky130_fd_sc_hd__clkbuf_16)
                                                         clknet_0_wr_clk (net)
                      0.180454    0.001426    0.490090 ^ clkbuf_4_15_0_wr_clk/A (sky130_fd_sc_hd__clkbuf_8)
     7    0.032701    0.112391    0.315079    0.805170 ^ clkbuf_4_15_0_wr_clk/X (sky130_fd_sc_hd__clkbuf_8)
                                                         clknet_4_15_0_wr_clk (net)
                      0.112391    0.000254    0.805424 ^ _756_/CLK (sky130_fd_sc_hd__dfrtp_1)
                                  0.250000    1.055423   clock uncertainty
                                  0.000000    1.055423   clock reconvergence pessimism
                                 -0.071234    0.984189   library hold time
                                              0.984189   data required time
---------------------------------------------------------------------------------------------
                                              0.984189   data required time
                                             -2.329598   data arrival time
---------------------------------------------------------------------------------------------
                                              1.345409   slack (MET)


Startpoint: _784_ (rising edge-triggered flip-flop clocked by wr_clk)
Endpoint: _789_ (rising edge-triggered flip-flop clocked by wr_clk)
Path Group: wr_clk
Path Type: min

Fanout         Cap        Slew       Delay        Time   Description
---------------------------------------------------------------------------------------------
                                  0.000000    0.000000   clock wr_clk (rise edge)
                                  0.000000    0.000000   clock source latency
     1    0.023797    0.176583    0.121462    0.121462 ^ wr_clk (in)
                                                         wr_clk (net)
                      0.176607    0.000000    0.121462 ^ clkbuf_0_wr_clk/A (sky130_fd_sc_hd__clkbuf_16)
    16    0.102935    0.180447    0.367202    0.488664 ^ clkbuf_0_wr_clk/X (sky130_fd_sc_hd__clkbuf_16)
                                                         clknet_0_wr_clk (net)
                      0.180447    0.000836    0.489500 ^ clkbuf_4_11_0_wr_clk/A (sky130_fd_sc_hd__clkbuf_8)
     8    0.036273    0.120887    0.321675    0.811175 ^ clkbuf_4_11_0_wr_clk/X (sky130_fd_sc_hd__clkbuf_8)
                                                         clknet_4_11_0_wr_clk (net)
                      0.120887    0.000233    0.811409 ^ _784_/CLK (sky130_fd_sc_hd__dfrtp_1)
     1    0.002171    0.071040    0.649973    1.461381 ^ _784_/Q (sky130_fd_sc_hd__dfrtp_1)
                                                         rd_gray_sync1[0] (net)
                      0.071040    0.000022    1.461404 ^ hold1/A (sky130_fd_sc_hd__dlygate4sd3_1)
     1    0.002261    0.088240    1.033015    2.494419 ^ hold1/X (sky130_fd_sc_hd__dlygate4sd3_1)
                                                         net77 (net)
                      0.088240    0.000020    2.494439 ^ _789_/D (sky130_fd_sc_hd__dfrtp_1)
                                              2.494439   data arrival time

                                  0.000000    0.000000   clock wr_clk (rise edge)
                                  0.000000    0.000000   clock source latency
     1    0.023797    0.176583    0.121462    0.121462 ^ wr_clk (in)
                                                         wr_clk (net)
                      0.176607    0.000000    0.121462 ^ clkbuf_0_wr_clk/A (sky130_fd_sc_hd__clkbuf_16)
    16    0.102935    0.180447    0.367202    0.488664 ^ clkbuf_0_wr_clk/X (sky130_fd_sc_hd__clkbuf_16)
                                                         clknet_0_wr_clk (net)
                      0.180447    0.000836    0.489500 ^ clkbuf_4_11_0_wr_clk/A (sky130_fd_sc_hd__clkbuf_8)
     8    0.036273    0.120887    0.321675    0.811175 ^ clkbuf_4_11_0_wr_clk/X (sky130_fd_sc_hd__clkbuf_8)
                                                         clknet_4_11_0_wr_clk (net)
                      0.120887    0.000278    0.811453 ^ _789_/CLK (sky130_fd_sc_hd__dfrtp_1)
                                  0.250000    1.061453   clock uncertainty
                                  0.000000    1.061453   clock reconvergence pessimism
                                 -0.072750    0.988704   library hold time
                                              0.988704   data required time
---------------------------------------------------------------------------------------------
                                              0.988704   data required time
                                             -2.494439   data arrival time
---------------------------------------------------------------------------------------------
                                              1.505735   slack (MET)


Startpoint: _787_ (rising edge-triggered flip-flop clocked by wr_clk)
Endpoint: _792_ (rising edge-triggered flip-flop clocked by wr_clk)
Path Group: wr_clk
Path Type: min

Fanout         Cap        Slew       Delay        Time   Description
---------------------------------------------------------------------------------------------
                                  0.000000    0.000000   clock wr_clk (rise edge)
                                  0.000000    0.000000   clock source latency
     1    0.023797    0.176583    0.121462    0.121462 ^ wr_clk (in)
                                                         wr_clk (net)
                      0.176607    0.000000    0.121462 ^ clkbuf_0_wr_clk/A (sky130_fd_sc_hd__clkbuf_16)
    16    0.102935    0.180447    0.367202    0.488664 ^ clkbuf_0_wr_clk/X (sky130_fd_sc_hd__clkbuf_16)
                                                         clknet_0_wr_clk (net)
                      0.180454    0.001426    0.490090 ^ clkbuf_4_15_0_wr_clk/A (sky130_fd_sc_hd__clkbuf_8)
     7    0.032701    0.112391    0.315079    0.805170 ^ clkbuf_4_15_0_wr_clk/X (sky130_fd_sc_hd__clkbuf_8)
                                                         clknet_4_15_0_wr_clk (net)
                      0.112391    0.000274    0.805444 ^ _787_/CLK (sky130_fd_sc_hd__dfrtp_1)
     1    0.002762    0.077971    0.654089    1.459533 ^ _787_/Q (sky130_fd_sc_hd__dfrtp_1)
                                                         rd_gray_sync1[3] (net)
                      0.077971    0.000035    1.459568 ^ hold2/A (sky130_fd_sc_hd__dlygate4sd3_1)
     1    0.002115    0.086223    1.033808    2.493376 ^ hold2/X (sky130_fd_sc_hd__dlygate4sd3_1)
                                                         net78 (net)
                      0.086223    0.000018    2.493394 ^ _792_/D (sky130_fd_sc_hd__dfrtp_1)
                                              2.493394   data arrival time

                                  0.000000    0.000000   clock wr_clk (rise edge)
                                  0.000000    0.000000   clock source latency
     1    0.023797    0.176583    0.121462    0.121462 ^ wr_clk (in)
                                                         wr_clk (net)
                      0.176607    0.000000    0.121462 ^ clkbuf_0_wr_clk/A (sky130_fd_sc_hd__clkbuf_16)
    16    0.102935    0.180447    0.367202    0.488664 ^ clkbuf_0_wr_clk/X (sky130_fd_sc_hd__clkbuf_16)
                                                         clknet_0_wr_clk (net)
                      0.180454    0.001426    0.490090 ^ clkbuf_4_15_0_wr_clk/A (sky130_fd_sc_hd__clkbuf_8)
     7    0.032701    0.112391    0.315079    0.805170 ^ clkbuf_4_15_0_wr_clk/X (sky130_fd_sc_hd__clkbuf_8)
                                                         clknet_4_15_0_wr_clk (net)
                      0.112391    0.000304    0.805474 ^ _792_/CLK (sky130_fd_sc_hd__dfrtp_1)
                                  0.250000    1.055474   clock uncertainty
                                  0.000000    1.055474   clock reconvergence pessimism
                                 -0.073684    0.981789   library hold time
                                              0.981789   data required time
---------------------------------------------------------------------------------------------
                                              0.981789   data required time
                                             -2.493394   data arrival time
---------------------------------------------------------------------------------------------
                                              1.511605   slack (MET)


Startpoint: _786_ (rising edge-triggered flip-flop clocked by wr_clk)
Endpoint: _791_ (rising edge-triggered flip-flop clocked by wr_clk)
Path Group: wr_clk
Path Type: min

Fanout         Cap        Slew       Delay        Time   Description
---------------------------------------------------------------------------------------------
                                  0.000000    0.000000   clock wr_clk (rise edge)
                                  0.000000    0.000000   clock source latency
     1    0.023797    0.176583    0.121462    0.121462 ^ wr_clk (in)
                                                         wr_clk (net)
                      0.176607    0.000000    0.121462 ^ clkbuf_0_wr_clk/A (sky130_fd_sc_hd__clkbuf_16)
    16    0.102935    0.180447    0.367202    0.488664 ^ clkbuf_0_wr_clk/X (sky130_fd_sc_hd__clkbuf_16)
                                                         clknet_0_wr_clk (net)
                      0.180454    0.001401    0.490065 ^ clkbuf_4_14_0_wr_clk/A (sky130_fd_sc_hd__clkbuf_8)
     6    0.034532    0.116639    0.318207    0.808272 ^ clkbuf_4_14_0_wr_clk/X (sky130_fd_sc_hd__clkbuf_8)
                                                         clknet_4_14_0_wr_clk (net)
                      0.116642    0.000773    0.809045 ^ _786_/CLK (sky130_fd_sc_hd__dfrtp_1)
     1    0.003327    0.084675    0.663822    1.472867 ^ _786_/Q (sky130_fd_sc_hd__dfrtp_1)
                                                         rd_gray_sync1[2] (net)
                      0.084675    0.000047    1.472914 ^ hold3/A (sky130_fd_sc_hd__dlygate4sd3_1)
     1    0.002590    0.089283    1.043778    2.516692 ^ hold3/X (sky130_fd_sc_hd__dlygate4sd3_1)
                                                         net79 (net)
                      0.089283    0.000028    2.516720 ^ _791_/D (sky130_fd_sc_hd__dfrtp_1)
                                              2.516720   data arrival time

                                  0.000000    0.000000   clock wr_clk (rise edge)
                                  0.000000    0.000000   clock source latency
     1    0.023797    0.176583    0.121462    0.121462 ^ wr_clk (in)
                                                         wr_clk (net)
                      0.176607    0.000000    0.121462 ^ clkbuf_0_wr_clk/A (sky130_fd_sc_hd__clkbuf_16)
    16    0.102935    0.180447    0.367202    0.488664 ^ clkbuf_0_wr_clk/X (sky130_fd_sc_hd__clkbuf_16)
                                                         clknet_0_wr_clk (net)
                      0.180454    0.001426    0.490090 ^ clkbuf_4_15_0_wr_clk/A (sky130_fd_sc_hd__clkbuf_8)
     7    0.032701    0.112391    0.315079    0.805170 ^ clkbuf_4_15_0_wr_clk/X (sky130_fd_sc_hd__clkbuf_8)
                                                         clknet_4_15_0_wr_clk (net)
                      0.112391    0.000234    0.805404 ^ _791_/CLK (sky130_fd_sc_hd__dfrtp_1)
                                  0.250000    1.055404   clock uncertainty
                                  0.000000    1.055404   clock reconvergence pessimism
                                 -0.074382    0.981022   library hold time
                                              0.981022   data required time
---------------------------------------------------------------------------------------------
                                              0.981022   data required time
                                             -2.516720   data arrival time
---------------------------------------------------------------------------------------------
                                              1.535698   slack (MET)


Startpoint: _788_ (rising edge-triggered flip-flop clocked by wr_clk)
Endpoint: _793_ (rising edge-triggered flip-flop clocked by wr_clk)
Path Group: wr_clk
Path Type: min

Fanout         Cap        Slew       Delay        Time   Description
---------------------------------------------------------------------------------------------
                                  0.000000    0.000000   clock wr_clk (rise edge)
                                  0.000000    0.000000   clock source latency
     1    0.023797    0.176583    0.121462    0.121462 ^ wr_clk (in)
                                                         wr_clk (net)
                      0.176607    0.000000    0.121462 ^ clkbuf_0_wr_clk/A (sky130_fd_sc_hd__clkbuf_16)
    16    0.102935    0.180447    0.367202    0.488664 ^ clkbuf_0_wr_clk/X (sky130_fd_sc_hd__clkbuf_16)
                                                         clknet_0_wr_clk (net)
                      0.180454    0.001401    0.490065 ^ clkbuf_4_14_0_wr_clk/A (sky130_fd_sc_hd__clkbuf_8)
     6    0.034532    0.116639    0.318207    0.808272 ^ clkbuf_4_14_0_wr_clk/X (sky130_fd_sc_hd__clkbuf_8)
                                                         clknet_4_14_0_wr_clk (net)
                      0.116643    0.000852    0.809124 ^ _788_/CLK (sky130_fd_sc_hd__dfrtp_1)
     1    0.003031    0.081121    0.659769    1.468892 ^ _788_/Q (sky130_fd_sc_hd__dfrtp_1)
                                                         rd_gray_sync1[4] (net)
                      0.081121    0.000044    1.468936 ^ hold5/A (sky130_fd_sc_hd__dlygate4sd3_1)
     1    0.003419    0.100649    1.055071    2.524007 ^ hold5/X (sky130_fd_sc_hd__dlygate4sd3_1)
                                                         net81 (net)
                      0.100649    0.000048    2.524056 ^ _793_/D (sky130_fd_sc_hd__dfrtp_2)
                                              2.524056   data arrival time

                                  0.000000    0.000000   clock wr_clk (rise edge)
                                  0.000000    0.000000   clock source latency
     1    0.023797    0.176583    0.121462    0.121462 ^ wr_clk (in)
                                                         wr_clk (net)
                      0.176607    0.000000    0.121462 ^ clkbuf_0_wr_clk/A (sky130_fd_sc_hd__clkbuf_16)
    16    0.102935    0.180447    0.367202    0.488664 ^ clkbuf_0_wr_clk/X (sky130_fd_sc_hd__clkbuf_16)
                                                         clknet_0_wr_clk (net)
                      0.180454    0.001426    0.490090 ^ clkbuf_4_15_0_wr_clk/A (sky130_fd_sc_hd__clkbuf_8)
     7    0.032701    0.112391    0.315079    0.805170 ^ clkbuf_4_15_0_wr_clk/X (sky130_fd_sc_hd__clkbuf_8)
                                                         clknet_4_15_0_wr_clk (net)
                      0.112391    0.000296    0.805466 ^ _793_/CLK (sky130_fd_sc_hd__dfrtp_2)
                                  0.250000    1.055466   clock uncertainty
                                  0.000000    1.055466   clock reconvergence pessimism
                                 -0.076911    0.978555   library hold time
                                              0.978555   data required time
---------------------------------------------------------------------------------------------
                                              0.978555   data required time
                                             -2.524056   data arrival time
---------------------------------------------------------------------------------------------
                                              1.545501   slack (MET)


Startpoint: _785_ (rising edge-triggered flip-flop clocked by wr_clk)
Endpoint: _790_ (rising edge-triggered flip-flop clocked by wr_clk)
Path Group: wr_clk
Path Type: min

Fanout         Cap        Slew       Delay        Time   Description
---------------------------------------------------------------------------------------------
                                  0.000000    0.000000   clock wr_clk (rise edge)
                                  0.000000    0.000000   clock source latency
     1    0.023797    0.176583    0.121462    0.121462 ^ wr_clk (in)
                                                         wr_clk (net)
                      0.176607    0.000000    0.121462 ^ clkbuf_0_wr_clk/A (sky130_fd_sc_hd__clkbuf_16)
    16    0.102935    0.180447    0.367202    0.488664 ^ clkbuf_0_wr_clk/X (sky130_fd_sc_hd__clkbuf_16)
                                                         clknet_0_wr_clk (net)
                      0.180449    0.001095    0.489758 ^ clkbuf_4_12_0_wr_clk/A (sky130_fd_sc_hd__clkbuf_8)
     8    0.034474    0.116594    0.318401    0.808160 ^ clkbuf_4_12_0_wr_clk/X (sky130_fd_sc_hd__clkbuf_8)
                                                         clknet_4_12_0_wr_clk (net)
                      0.116594    0.000213    0.808373 ^ _785_/CLK (sky130_fd_sc_hd__dfrtp_1)
     1    0.004140    0.094436    0.674927    1.483300 ^ _785_/Q (sky130_fd_sc_hd__dfrtp_1)
                                                         rd_gray_sync1[1] (net)
                      0.094436    0.000076    1.483376 ^ hold4/A (sky130_fd_sc_hd__dlygate4sd3_1)
     1    0.003333    0.098174    1.059013    2.542389 ^ hold4/X (sky130_fd_sc_hd__dlygate4sd3_1)
                                                         net80 (net)
                      0.098174    0.000048    2.542438 ^ _790_/D (sky130_fd_sc_hd__dfrtp_1)
                                              2.542438   data arrival time

                                  0.000000    0.000000   clock wr_clk (rise edge)
                                  0.000000    0.000000   clock source latency
     1    0.023797    0.176583    0.121462    0.121462 ^ wr_clk (in)
                                                         wr_clk (net)
                      0.176607    0.000000    0.121462 ^ clkbuf_0_wr_clk/A (sky130_fd_sc_hd__clkbuf_16)
    16    0.102935    0.180447    0.367202    0.488664 ^ clkbuf_0_wr_clk/X (sky130_fd_sc_hd__clkbuf_16)
                                                         clknet_0_wr_clk (net)
                      0.180450    0.001181    0.489845 ^ clkbuf_4_13_0_wr_clk/A (sky130_fd_sc_hd__clkbuf_8)
     8    0.039976    0.129768    0.328448    0.818293 ^ clkbuf_4_13_0_wr_clk/X (sky130_fd_sc_hd__clkbuf_8)
                                                         clknet_4_13_0_wr_clk (net)
                      0.129768    0.000218    0.818511 ^ _790_/CLK (sky130_fd_sc_hd__dfrtp_1)
                                  0.250000    1.068511   clock uncertainty
                                  0.000000    1.068511   clock reconvergence pessimism
                                 -0.073557    0.994954   library hold time
                                              0.994954   data required time
---------------------------------------------------------------------------------------------
                                              0.994954   data required time
                                             -2.542438   data arrival time
---------------------------------------------------------------------------------------------
                                              1.547483   slack (MET)


Startpoint: _760_ (rising edge-triggered flip-flop clocked by wr_clk)
Endpoint: _760_ (rising edge-triggered flip-flop clocked by wr_clk)
Path Group: wr_clk
Path Type: min

Fanout         Cap        Slew       Delay        Time   Description
---------------------------------------------------------------------------------------------
                                  0.000000    0.000000   clock wr_clk (rise edge)
                                  0.000000    0.000000   clock source latency
     1    0.023797    0.176583    0.121462    0.121462 ^ wr_clk (in)
                                                         wr_clk (net)
                      0.176607    0.000000    0.121462 ^ clkbuf_0_wr_clk/A (sky130_fd_sc_hd__clkbuf_16)
    16    0.102935    0.180447    0.367202    0.488664 ^ clkbuf_0_wr_clk/X (sky130_fd_sc_hd__clkbuf_16)
                                                         clknet_0_wr_clk (net)
                      0.180454    0.001426    0.490090 ^ clkbuf_4_15_0_wr_clk/A (sky130_fd_sc_hd__clkbuf_8)
     7    0.032701    0.112391    0.315079    0.805170 ^ clkbuf_4_15_0_wr_clk/X (sky130_fd_sc_hd__clkbuf_8)
                                                         clknet_4_15_0_wr_clk (net)
                      0.112391    0.000255    0.805425 ^ _760_/CLK (sky130_fd_sc_hd__dfrtp_1)
     4    0.014271    0.216104    0.780559    1.585984 ^ _760_/Q (sky130_fd_sc_hd__dfrtp_1)
                                                         wr_bin[3] (net)
                      0.216104    0.000061    1.586045 ^ fanout37/A (sky130_fd_sc_hd__clkbuf_4)
    10    0.042705    0.216210    0.423625    2.009670 ^ fanout37/X (sky130_fd_sc_hd__clkbuf_4)
                                                         net37 (net)
                      0.216210    0.000153    2.009823 ^ _389_/A (sky130_fd_sc_hd__nor2_1)
     2    0.008278    0.098361    0.181561    2.191385 v _389_/Y (sky130_fd_sc_hd__nor2_1)
                                                         _215_ (net)
                      0.098361    0.000047    2.191432 v _429_/A_N (sky130_fd_sc_hd__and2b_1)
     1    0.002922    0.073244    0.378492    2.569924 ^ _429_/X (sky130_fd_sc_hd__and2b_1)
                                                         wr_bin_next[3] (net)
                      0.073244    0.000026    2.569950 ^ _760_/D (sky130_fd_sc_hd__dfrtp_1)
                                              2.569950   data arrival time

                                  0.000000    0.000000   clock wr_clk (rise edge)
                                  0.000000    0.000000   clock source latency
     1    0.023797    0.176583    0.121462    0.121462 ^ wr_clk (in)
                                                         wr_clk (net)
                      0.176607    0.000000    0.121462 ^ clkbuf_0_wr_clk/A (sky130_fd_sc_hd__clkbuf_16)
    16    0.102935    0.180447    0.367202    0.488664 ^ clkbuf_0_wr_clk/X (sky130_fd_sc_hd__clkbuf_16)
                                                         clknet_0_wr_clk (net)
                      0.180454    0.001426    0.490090 ^ clkbuf_4_15_0_wr_clk/A (sky130_fd_sc_hd__clkbuf_8)
     7    0.032701    0.112391    0.315079    0.805170 ^ clkbuf_4_15_0_wr_clk/X (sky130_fd_sc_hd__clkbuf_8)
                                                         clknet_4_15_0_wr_clk (net)
                      0.112391    0.000255    0.805425 ^ _760_/CLK (sky130_fd_sc_hd__dfrtp_1)
                                  0.250000    1.055425   clock uncertainty
                                  0.000000    1.055425   clock reconvergence pessimism
                                 -0.070724    0.984701   library hold time
                                              0.984701   data required time
---------------------------------------------------------------------------------------------
                                              0.984701   data required time
                                             -2.569950   data arrival time
---------------------------------------------------------------------------------------------
                                              1.585249   slack (MET)


Startpoint: arst_n (input port clocked by wr_clk)
Endpoint: _785_ (removal check against rising-edge clock wr_clk)
Path Group: asynchronous
Path Type: min

Fanout         Cap        Slew       Delay        Time   Description
---------------------------------------------------------------------------------------------
                                  0.000000    0.000000   clock wr_clk (rise edge)
                                  0.000000    0.000000   clock network delay (propagated)
                                  2.000000    2.000000 ^ input external delay
     1    0.002701    0.031606    0.015250    2.015250 ^ arst_n (in)
                                                         arst_n (net)
                      0.031606    0.000000    2.015250 ^ input11/A (sky130_fd_sc_hd__clkbuf_1)
     1    0.002196    0.062309    0.124921    2.140172 ^ input11/X (sky130_fd_sc_hd__clkbuf_1)
                                                         net11 (net)
                      0.062309    0.000020    2.140192 ^ fanout76/A (sky130_fd_sc_hd__buf_2)
     5    0.036066    0.285582    0.349105    2.489297 ^ fanout76/X (sky130_fd_sc_hd__buf_2)
                                                         net76 (net)
                      0.285582    0.000064    2.489361 ^ fanout71/A (sky130_fd_sc_hd__buf_2)
     8    0.035825    0.284257    0.447795    2.937156 ^ fanout71/X (sky130_fd_sc_hd__buf_2)
                                                         net71 (net)
                      0.284257    0.000398    2.937554 ^ fanout70/A (sky130_fd_sc_hd__clkbuf_4)
    10    0.043181    0.218894    0.454786    3.392340 ^ fanout70/X (sky130_fd_sc_hd__clkbuf_4)
                                                         net70 (net)
                      0.218900    0.001476    3.393816 ^ _785_/RESET_B (sky130_fd_sc_hd__dfrtp_1)
                                              3.393816   data arrival time

                                  0.000000    0.000000   clock wr_clk (rise edge)
                                  0.000000    0.000000   clock source latency
     1    0.023797    0.176583    0.121462    0.121462 ^ wr_clk (in)
                                                         wr_clk (net)
                      0.176607    0.000000    0.121462 ^ clkbuf_0_wr_clk/A (sky130_fd_sc_hd__clkbuf_16)
    16    0.102935    0.180447    0.367202    0.488664 ^ clkbuf_0_wr_clk/X (sky130_fd_sc_hd__clkbuf_16)
                                                         clknet_0_wr_clk (net)
                      0.180449    0.001095    0.489758 ^ clkbuf_4_12_0_wr_clk/A (sky130_fd_sc_hd__clkbuf_8)
     8    0.034474    0.116594    0.318401    0.808160 ^ clkbuf_4_12_0_wr_clk/X (sky130_fd_sc_hd__clkbuf_8)
                                                         clknet_4_12_0_wr_clk (net)
                      0.116594    0.000213    0.808373 ^ _785_/CLK (sky130_fd_sc_hd__dfrtp_1)
                                  0.250000    1.058373   clock uncertainty
                                  0.000000    1.058373   clock reconvergence pessimism
                                  0.717230    1.775603   library removal time
                                              1.775603   data required time
---------------------------------------------------------------------------------------------
                                              1.775603   data required time
                                             -3.393816   data arrival time
---------------------------------------------------------------------------------------------
                                              1.618213   slack (MET)


Startpoint: arst_n (input port clocked by wr_clk)
Endpoint: _755_ (removal check against rising-edge clock wr_clk)
Path Group: asynchronous
Path Type: min

Fanout         Cap        Slew       Delay        Time   Description
---------------------------------------------------------------------------------------------
                                  0.000000    0.000000   clock wr_clk (rise edge)
                                  0.000000    0.000000   clock network delay (propagated)
                                  2.000000    2.000000 ^ input external delay
     1    0.002701    0.031606    0.015250    2.015250 ^ arst_n (in)
                                                         arst_n (net)
                      0.031606    0.000000    2.015250 ^ input11/A (sky130_fd_sc_hd__clkbuf_1)
     1    0.002196    0.062309    0.124921    2.140172 ^ input11/X (sky130_fd_sc_hd__clkbuf_1)
                                                         net11 (net)
                      0.062309    0.000020    2.140192 ^ fanout76/A (sky130_fd_sc_hd__buf_2)
     5    0.036066    0.285582    0.349105    2.489297 ^ fanout76/X (sky130_fd_sc_hd__buf_2)
                                                         net76 (net)
                      0.285582    0.000340    2.489637 ^ fanout75/A (sky130_fd_sc_hd__buf_2)
     6    0.041663    0.327934    0.477517    2.967154 ^ fanout75/X (sky130_fd_sc_hd__buf_2)
                                                         net75 (net)
                      0.327934    0.000183    2.967336 ^ fanout74/A (sky130_fd_sc_hd__buf_2)
     7    0.035551    0.282467    0.462602    3.429938 ^ fanout74/X (sky130_fd_sc_hd__buf_2)
                                                         net74 (net)
                      0.282469    0.001292    3.431230 ^ _755_/RESET_B (sky130_fd_sc_hd__dfrtp_1)
                                              3.431230   data arrival time

                                  0.000000    0.000000   clock wr_clk (rise edge)
                                  0.000000    0.000000   clock source latency
     1    0.023797    0.176583    0.121462    0.121462 ^ wr_clk (in)
                                                         wr_clk (net)
                      0.176607    0.000000    0.121462 ^ clkbuf_0_wr_clk/A (sky130_fd_sc_hd__clkbuf_16)
    16    0.102935    0.180447    0.367202    0.488664 ^ clkbuf_0_wr_clk/X (sky130_fd_sc_hd__clkbuf_16)
                                                         clknet_0_wr_clk (net)
                      0.180450    0.001181    0.489845 ^ clkbuf_4_13_0_wr_clk/A (sky130_fd_sc_hd__clkbuf_8)
     8    0.039976    0.129768    0.328448    0.818293 ^ clkbuf_4_13_0_wr_clk/X (sky130_fd_sc_hd__clkbuf_8)
                                                         clknet_4_13_0_wr_clk (net)
                      0.129770    0.000714    0.819007 ^ _755_/CLK (sky130_fd_sc_hd__dfrtp_1)
                                  0.250000    1.069007   clock uncertainty
                                  0.000000    1.069007   clock reconvergence pessimism
                                  0.740709    1.809715   library removal time
                                              1.809715   data required time
---------------------------------------------------------------------------------------------
                                              1.809715   data required time
                                             -3.431230   data arrival time
---------------------------------------------------------------------------------------------
                                              1.621514   slack (MET)


Startpoint: arst_n (input port clocked by wr_clk)
Endpoint: _773_ (removal check against rising-edge clock wr_clk)
Path Group: asynchronous
Path Type: min

Fanout         Cap        Slew       Delay        Time   Description
---------------------------------------------------------------------------------------------
                                  0.000000    0.000000   clock wr_clk (rise edge)
                                  0.000000    0.000000   clock network delay (propagated)
                                  2.000000    2.000000 ^ input external delay
     1    0.002701    0.031606    0.015250    2.015250 ^ arst_n (in)
                                                         arst_n (net)
                      0.031606    0.000000    2.015250 ^ input11/A (sky130_fd_sc_hd__clkbuf_1)
     1    0.002196    0.062309    0.124921    2.140172 ^ input11/X (sky130_fd_sc_hd__clkbuf_1)
                                                         net11 (net)
                      0.062309    0.000020    2.140192 ^ fanout76/A (sky130_fd_sc_hd__buf_2)
     5    0.036066    0.285582    0.349105    2.489297 ^ fanout76/X (sky130_fd_sc_hd__buf_2)
                                                         net76 (net)
                      0.285582    0.000340    2.489637 ^ fanout75/A (sky130_fd_sc_hd__buf_2)
     6    0.041663    0.327934    0.477517    2.967154 ^ fanout75/X (sky130_fd_sc_hd__buf_2)
                                                         net75 (net)
                      0.327934    0.000183    2.967336 ^ fanout74/A (sky130_fd_sc_hd__buf_2)
     7    0.035551    0.282467    0.462602    3.429938 ^ fanout74/X (sky130_fd_sc_hd__buf_2)
                                                         net74 (net)
                      0.282467    0.000893    3.430830 ^ _773_/RESET_B (sky130_fd_sc_hd__dfrtp_1)
                                              3.430830   data arrival time

                                  0.000000    0.000000   clock wr_clk (rise edge)
                                  0.000000    0.000000   clock source latency
     1    0.023797    0.176583    0.121462    0.121462 ^ wr_clk (in)
                                                         wr_clk (net)
                      0.176607    0.000000    0.121462 ^ clkbuf_0_wr_clk/A (sky130_fd_sc_hd__clkbuf_16)
    16    0.102935    0.180447    0.367202    0.488664 ^ clkbuf_0_wr_clk/X (sky130_fd_sc_hd__clkbuf_16)
                                                         clknet_0_wr_clk (net)
                      0.180454    0.001401    0.490065 ^ clkbuf_4_14_0_wr_clk/A (sky130_fd_sc_hd__clkbuf_8)
     6    0.034532    0.116639    0.318207    0.808272 ^ clkbuf_4_14_0_wr_clk/X (sky130_fd_sc_hd__clkbuf_8)
                                                         clknet_4_14_0_wr_clk (net)
                      0.116639    0.000368    0.808640 ^ _773_/CLK (sky130_fd_sc_hd__dfrtp_1)
                                  0.250000    1.058640   clock uncertainty
                                  0.000000    1.058640   clock reconvergence pessimism
                                  0.736760    1.795399   library removal time
                                              1.795399   data required time
---------------------------------------------------------------------------------------------
                                              1.795399   data required time
                                             -3.430830   data arrival time
---------------------------------------------------------------------------------------------
                                              1.635431   slack (MET)


Startpoint: arst_n (input port clocked by wr_clk)
Endpoint: _792_ (removal check against rising-edge clock wr_clk)
Path Group: asynchronous
Path Type: min

Fanout         Cap        Slew       Delay        Time   Description
---------------------------------------------------------------------------------------------
                                  0.000000    0.000000   clock wr_clk (rise edge)
                                  0.000000    0.000000   clock network delay (propagated)
                                  2.000000    2.000000 ^ input external delay
     1    0.002701    0.031606    0.015250    2.015250 ^ arst_n (in)
                                                         arst_n (net)
                      0.031606    0.000000    2.015250 ^ input11/A (sky130_fd_sc_hd__clkbuf_1)
     1    0.002196    0.062309    0.124921    2.140172 ^ input11/X (sky130_fd_sc_hd__clkbuf_1)
                                                         net11 (net)
                      0.062309    0.000020    2.140192 ^ fanout76/A (sky130_fd_sc_hd__buf_2)
     5    0.036066    0.285582    0.349105    2.489297 ^ fanout76/X (sky130_fd_sc_hd__buf_2)
                                                         net76 (net)
                      0.285582    0.000340    2.489637 ^ fanout75/A (sky130_fd_sc_hd__buf_2)
     6    0.041663    0.327934    0.477517    2.967154 ^ fanout75/X (sky130_fd_sc_hd__buf_2)
                                                         net75 (net)
                      0.327934    0.000183    2.967336 ^ fanout74/A (sky130_fd_sc_hd__buf_2)
     7    0.035551    0.282467    0.462602    3.429938 ^ fanout74/X (sky130_fd_sc_hd__buf_2)
                                                         net74 (net)
                      0.282467    0.000670    3.430608 ^ _792_/RESET_B (sky130_fd_sc_hd__dfrtp_1)
                                              3.430608   data arrival time

                                  0.000000    0.000000   clock wr_clk (rise edge)
                                  0.000000    0.000000   clock source latency
     1    0.023797    0.176583    0.121462    0.121462 ^ wr_clk (in)
                                                         wr_clk (net)
                      0.176607    0.000000    0.121462 ^ clkbuf_0_wr_clk/A (sky130_fd_sc_hd__clkbuf_16)
    16    0.102935    0.180447    0.367202    0.488664 ^ clkbuf_0_wr_clk/X (sky130_fd_sc_hd__clkbuf_16)
                                                         clknet_0_wr_clk (net)
                      0.180454    0.001426    0.490090 ^ clkbuf_4_15_0_wr_clk/A (sky130_fd_sc_hd__clkbuf_8)
     7    0.032701    0.112391    0.315079    0.805170 ^ clkbuf_4_15_0_wr_clk/X (sky130_fd_sc_hd__clkbuf_8)
                                                         clknet_4_15_0_wr_clk (net)
                      0.112391    0.000304    0.805474 ^ _792_/CLK (sky130_fd_sc_hd__dfrtp_1)
                                  0.250000    1.055474   clock uncertainty
                                  0.000000    1.055474   clock reconvergence pessimism
                                  0.735482    1.790956   library removal time
                                              1.790956   data required time
---------------------------------------------------------------------------------------------
                                              1.790956   data required time
                                             -3.430608   data arrival time
---------------------------------------------------------------------------------------------
                                              1.639652   slack (MET)


Startpoint: arst_n (input port clocked by wr_clk)
Endpoint: _756_ (removal check against rising-edge clock wr_clk)
Path Group: asynchronous
Path Type: min

Fanout         Cap        Slew       Delay        Time   Description
---------------------------------------------------------------------------------------------
                                  0.000000    0.000000   clock wr_clk (rise edge)
                                  0.000000    0.000000   clock network delay (propagated)
                                  2.000000    2.000000 ^ input external delay
     1    0.002701    0.031606    0.015250    2.015250 ^ arst_n (in)
                                                         arst_n (net)
                      0.031606    0.000000    2.015250 ^ input11/A (sky130_fd_sc_hd__clkbuf_1)
     1    0.002196    0.062309    0.124921    2.140172 ^ input11/X (sky130_fd_sc_hd__clkbuf_1)
                                                         net11 (net)
                      0.062309    0.000020    2.140192 ^ fanout76/A (sky130_fd_sc_hd__buf_2)
     5    0.036066    0.285582    0.349105    2.489297 ^ fanout76/X (sky130_fd_sc_hd__buf_2)
                                                         net76 (net)
                      0.285582    0.000340    2.489637 ^ fanout75/A (sky130_fd_sc_hd__buf_2)
     6    0.041663    0.327934    0.477517    2.967154 ^ fanout75/X (sky130_fd_sc_hd__buf_2)
                                                         net75 (net)
                      0.327934    0.000183    2.967336 ^ fanout74/A (sky130_fd_sc_hd__buf_2)
     7    0.035551    0.282467    0.462602    3.429938 ^ fanout74/X (sky130_fd_sc_hd__buf_2)
                                                         net74 (net)
                      0.282467    0.000718    3.430656 ^ _756_/RESET_B (sky130_fd_sc_hd__dfrtp_1)
                                              3.430656   data arrival time

                                  0.000000    0.000000   clock wr_clk (rise edge)
                                  0.000000    0.000000   clock source latency
     1    0.023797    0.176583    0.121462    0.121462 ^ wr_clk (in)
                                                         wr_clk (net)
                      0.176607    0.000000    0.121462 ^ clkbuf_0_wr_clk/A (sky130_fd_sc_hd__clkbuf_16)
    16    0.102935    0.180447    0.367202    0.488664 ^ clkbuf_0_wr_clk/X (sky130_fd_sc_hd__clkbuf_16)
                                                         clknet_0_wr_clk (net)
                      0.180454    0.001426    0.490090 ^ clkbuf_4_15_0_wr_clk/A (sky130_fd_sc_hd__clkbuf_8)
     7    0.032701    0.112391    0.315079    0.805170 ^ clkbuf_4_15_0_wr_clk/X (sky130_fd_sc_hd__clkbuf_8)
                                                         clknet_4_15_0_wr_clk (net)
                      0.112391    0.000254    0.805424 ^ _756_/CLK (sky130_fd_sc_hd__dfrtp_1)
                                  0.250000    1.055423   clock uncertainty
                                  0.000000    1.055423   clock reconvergence pessimism
                                  0.735482    1.790906   library removal time
                                              1.790906   data required time
---------------------------------------------------------------------------------------------
                                              1.790906   data required time
                                             -3.430656   data arrival time
---------------------------------------------------------------------------------------------
                                              1.639750   slack (MET)


Startpoint: arst_n (input port clocked by wr_clk)
Endpoint: _791_ (removal check against rising-edge clock wr_clk)
Path Group: asynchronous
Path Type: min

Fanout         Cap        Slew       Delay        Time   Description
---------------------------------------------------------------------------------------------
                                  0.000000    0.000000   clock wr_clk (rise edge)
                                  0.000000    0.000000   clock network delay (propagated)
                                  2.000000    2.000000 ^ input external delay
     1    0.002701    0.031606    0.015250    2.015250 ^ arst_n (in)
                                                         arst_n (net)
                      0.031606    0.000000    2.015250 ^ input11/A (sky130_fd_sc_hd__clkbuf_1)
     1    0.002196    0.062309    0.124921    2.140172 ^ input11/X (sky130_fd_sc_hd__clkbuf_1)
                                                         net11 (net)
                      0.062309    0.000020    2.140192 ^ fanout76/A (sky130_fd_sc_hd__buf_2)
     5    0.036066    0.285582    0.349105    2.489297 ^ fanout76/X (sky130_fd_sc_hd__buf_2)
                                                         net76 (net)
                      0.285582    0.000340    2.489637 ^ fanout75/A (sky130_fd_sc_hd__buf_2)
     6    0.041663    0.327934    0.477517    2.967154 ^ fanout75/X (sky130_fd_sc_hd__buf_2)
                                                         net75 (net)
                      0.327934    0.000183    2.967336 ^ fanout74/A (sky130_fd_sc_hd__buf_2)
     7    0.035551    0.282467    0.462602    3.429938 ^ fanout74/X (sky130_fd_sc_hd__buf_2)
                                                         net74 (net)
                      0.282468    0.001094    3.431032 ^ _791_/RESET_B (sky130_fd_sc_hd__dfrtp_1)
                                              3.431032   data arrival time

                                  0.000000    0.000000   clock wr_clk (rise edge)
                                  0.000000    0.000000   clock source latency
     1    0.023797    0.176583    0.121462    0.121462 ^ wr_clk (in)
                                                         wr_clk (net)
                      0.176607    0.000000    0.121462 ^ clkbuf_0_wr_clk/A (sky130_fd_sc_hd__clkbuf_16)
    16    0.102935    0.180447    0.367202    0.488664 ^ clkbuf_0_wr_clk/X (sky130_fd_sc_hd__clkbuf_16)
                                                         clknet_0_wr_clk (net)
                      0.180454    0.001426    0.490090 ^ clkbuf_4_15_0_wr_clk/A (sky130_fd_sc_hd__clkbuf_8)
     7    0.032701    0.112391    0.315079    0.805170 ^ clkbuf_4_15_0_wr_clk/X (sky130_fd_sc_hd__clkbuf_8)
                                                         clknet_4_15_0_wr_clk (net)
                      0.112391    0.000234    0.805404 ^ _791_/CLK (sky130_fd_sc_hd__dfrtp_1)
                                  0.250000    1.055404   clock uncertainty
                                  0.000000    1.055404   clock reconvergence pessimism
                                  0.735482    1.790886   library removal time
                                              1.790886   data required time
---------------------------------------------------------------------------------------------
                                              1.790886   data required time
                                             -3.431032   data arrival time
---------------------------------------------------------------------------------------------
                                              1.640145   slack (MET)


Startpoint: arst_n (input port clocked by wr_clk)
Endpoint: _760_ (removal check against rising-edge clock wr_clk)
Path Group: asynchronous
Path Type: min

Fanout         Cap        Slew       Delay        Time   Description
---------------------------------------------------------------------------------------------
                                  0.000000    0.000000   clock wr_clk (rise edge)
                                  0.000000    0.000000   clock network delay (propagated)
                                  2.000000    2.000000 ^ input external delay
     1    0.002701    0.031606    0.015250    2.015250 ^ arst_n (in)
                                                         arst_n (net)
                      0.031606    0.000000    2.015250 ^ input11/A (sky130_fd_sc_hd__clkbuf_1)
     1    0.002196    0.062309    0.124921    2.140172 ^ input11/X (sky130_fd_sc_hd__clkbuf_1)
                                                         net11 (net)
                      0.062309    0.000020    2.140192 ^ fanout76/A (sky130_fd_sc_hd__buf_2)
     5    0.036066    0.285582    0.349105    2.489297 ^ fanout76/X (sky130_fd_sc_hd__buf_2)
                                                         net76 (net)
                      0.285582    0.000340    2.489637 ^ fanout75/A (sky130_fd_sc_hd__buf_2)
     6    0.041663    0.327934    0.477517    2.967154 ^ fanout75/X (sky130_fd_sc_hd__buf_2)
                                                         net75 (net)
                      0.327934    0.000183    2.967336 ^ fanout74/A (sky130_fd_sc_hd__buf_2)
     7    0.035551    0.282467    0.462602    3.429938 ^ fanout74/X (sky130_fd_sc_hd__buf_2)
                                                         net74 (net)
                      0.282468    0.001140    3.431078 ^ _760_/RESET_B (sky130_fd_sc_hd__dfrtp_1)
                                              3.431078   data arrival time

                                  0.000000    0.000000   clock wr_clk (rise edge)
                                  0.000000    0.000000   clock source latency
     1    0.023797    0.176583    0.121462    0.121462 ^ wr_clk (in)
                                                         wr_clk (net)
                      0.176607    0.000000    0.121462 ^ clkbuf_0_wr_clk/A (sky130_fd_sc_hd__clkbuf_16)
    16    0.102935    0.180447    0.367202    0.488664 ^ clkbuf_0_wr_clk/X (sky130_fd_sc_hd__clkbuf_16)
                                                         clknet_0_wr_clk (net)
                      0.180454    0.001426    0.490090 ^ clkbuf_4_15_0_wr_clk/A (sky130_fd_sc_hd__clkbuf_8)
     7    0.032701    0.112391    0.315079    0.805170 ^ clkbuf_4_15_0_wr_clk/X (sky130_fd_sc_hd__clkbuf_8)
                                                         clknet_4_15_0_wr_clk (net)
                      0.112391    0.000255    0.805425 ^ _760_/CLK (sky130_fd_sc_hd__dfrtp_1)
                                  0.250000    1.055425   clock uncertainty
                                  0.000000    1.055425   clock reconvergence pessimism
                                  0.735482    1.790908   library removal time
                                              1.790908   data required time
---------------------------------------------------------------------------------------------
                                              1.790908   data required time
                                             -3.431078   data arrival time
---------------------------------------------------------------------------------------------
                                              1.640170   slack (MET)


Startpoint: _758_ (rising edge-triggered flip-flop clocked by wr_clk)
Endpoint: _655_ (rising edge-triggered flip-flop clocked by wr_clk)
Path Group: wr_clk
Path Type: min

Fanout         Cap        Slew       Delay        Time   Description
---------------------------------------------------------------------------------------------
                                  0.000000    0.000000   clock wr_clk (rise edge)
                                  0.000000    0.000000   clock source latency
     1    0.023797    0.176583    0.121462    0.121462 ^ wr_clk (in)
                                                         wr_clk (net)
                      0.176607    0.000000    0.121462 ^ clkbuf_0_wr_clk/A (sky130_fd_sc_hd__clkbuf_16)
    16    0.102935    0.180447    0.367202    0.488664 ^ clkbuf_0_wr_clk/X (sky130_fd_sc_hd__clkbuf_16)
                                                         clknet_0_wr_clk (net)
                      0.180450    0.001181    0.489845 ^ clkbuf_4_13_0_wr_clk/A (sky130_fd_sc_hd__clkbuf_8)
     8    0.039976    0.129768    0.328448    0.818293 ^ clkbuf_4_13_0_wr_clk/X (sky130_fd_sc_hd__clkbuf_8)
                                                         clknet_4_13_0_wr_clk (net)
                      0.129770    0.000756    0.819049 ^ _758_/CLK (sky130_fd_sc_hd__dfrtp_1)
     5    0.017741    0.260891    0.821525    1.640574 ^ _758_/Q (sky130_fd_sc_hd__dfrtp_1)
                                                         wr_bin[1] (net)
                      0.260891    0.000222    1.640796 ^ _306_/A (sky130_fd_sc_hd__inv_2)
     4    0.020950    0.111995    0.197157    1.837953 v _306_/Y (sky130_fd_sc_hd__inv_2)
                                                         _137_ (net)
                      0.111995    0.000164    1.838117 v _493_/A (sky130_fd_sc_hd__nand2_4)
     4    0.041832    0.204230    0.218065    2.056181 ^ _493_/Y (sky130_fd_sc_hd__nand2_4)
                                                         _286_ (net)
                      0.204235    0.000829    2.057010 ^ _494_/B (sky130_fd_sc_hd__nor2_4)
     8    0.057780    0.136171    0.200233    2.257243 v _494_/Y (sky130_fd_sc_hd__nor2_4)
                                                         _287_ (net)
                      0.136285    0.002335    2.259578 v _502_/S (sky130_fd_sc_hd__mux2_1)
     1    0.002114    0.064193    0.400584    2.660162 ^ _502_/X (sky130_fd_sc_hd__mux2_1)
                                                         _023_ (net)
                      0.064193    0.000021    2.660183 ^ _655_/D (sky130_fd_sc_hd__dfxtp_1)
                                              2.660183   data arrival time

                                  0.000000    0.000000   clock wr_clk (rise edge)
                                  0.000000    0.000000   clock source latency
     1    0.023797    0.176583    0.121462    0.121462 ^ wr_clk (in)
                                                         wr_clk (net)
                      0.176607    0.000000    0.121462 ^ clkbuf_0_wr_clk/A (sky130_fd_sc_hd__clkbuf_16)
    16    0.102935    0.180447    0.367202    0.488664 ^ clkbuf_0_wr_clk/X (sky130_fd_sc_hd__clkbuf_16)
                                                         clknet_0_wr_clk (net)
                      0.180479    0.002417    0.491081 ^ clkbuf_4_4_0_wr_clk/A (sky130_fd_sc_hd__clkbuf_8)
    13    0.039326    0.128224    0.327160    0.818241 ^ clkbuf_4_4_0_wr_clk/X (sky130_fd_sc_hd__clkbuf_8)
                                                         clknet_4_4_0_wr_clk (net)
                      0.128226    0.000737    0.818978 ^ _655_/CLK (sky130_fd_sc_hd__dfxtp_1)
                                  0.250000    1.068978   clock uncertainty
                                  0.000000    1.068978   clock reconvergence pessimism
                                 -0.061417    1.007562   library hold time
                                              1.007562   data required time
---------------------------------------------------------------------------------------------
                                              1.007562   data required time
                                             -2.660183   data arrival time
---------------------------------------------------------------------------------------------
                                              1.652622   slack (MET)


Startpoint: _760_ (rising edge-triggered flip-flop clocked by wr_clk)
Endpoint: _800_ (rising edge-triggered flip-flop clocked by wr_clk)
Path Group: wr_clk
Path Type: min

Fanout         Cap        Slew       Delay        Time   Description
---------------------------------------------------------------------------------------------
                                  0.000000    0.000000   clock wr_clk (rise edge)
                                  0.000000    0.000000   clock source latency
     1    0.023797    0.176583    0.121462    0.121462 ^ wr_clk (in)
                                                         wr_clk (net)
                      0.176607    0.000000    0.121462 ^ clkbuf_0_wr_clk/A (sky130_fd_sc_hd__clkbuf_16)
    16    0.102935    0.180447    0.367202    0.488664 ^ clkbuf_0_wr_clk/X (sky130_fd_sc_hd__clkbuf_16)
                                                         clknet_0_wr_clk (net)
                      0.180454    0.001426    0.490090 ^ clkbuf_4_15_0_wr_clk/A (sky130_fd_sc_hd__clkbuf_8)
     7    0.032701    0.112391    0.315079    0.805170 ^ clkbuf_4_15_0_wr_clk/X (sky130_fd_sc_hd__clkbuf_8)
                                                         clknet_4_15_0_wr_clk (net)
                      0.112391    0.000255    0.805425 ^ _760_/CLK (sky130_fd_sc_hd__dfrtp_1)
     4    0.013758    0.165924    0.857202    1.662627 v _760_/Q (sky130_fd_sc_hd__dfrtp_1)
                                                         wr_bin[3] (net)
                      0.165924    0.000058    1.662685 v fanout37/A (sky130_fd_sc_hd__clkbuf_4)
    10    0.040230    0.157758    0.385729    2.048414 v fanout37/X (sky130_fd_sc_hd__clkbuf_4)
                                                         net37 (net)
                      0.157758    0.000077    2.048491 v _400_/A (sky130_fd_sc_hd__nand2_1)
     2    0.019401    0.290140    0.296462    2.344953 ^ _400_/Y (sky130_fd_sc_hd__nand2_1)
                                                         _222_ (net)
                      0.290142    0.000655    2.345608 ^ _621_/S (sky130_fd_sc_hd__mux2_1)
     1    0.001857    0.061632    0.311688    2.657296 ^ _621_/X (sky130_fd_sc_hd__mux2_1)
                                                         _126_ (net)
                      0.061632    0.000016    2.657313 ^ _800_/D (sky130_fd_sc_hd__dfxtp_1)
                                              2.657313   data arrival time

                                  0.000000    0.000000   clock wr_clk (rise edge)
                                  0.000000    0.000000   clock source latency
     1    0.023797    0.176583    0.121462    0.121462 ^ wr_clk (in)
                                                         wr_clk (net)
                      0.176607    0.000000    0.121462 ^ clkbuf_0_wr_clk/A (sky130_fd_sc_hd__clkbuf_16)
    16    0.102935    0.180447    0.367202    0.488664 ^ clkbuf_0_wr_clk/X (sky130_fd_sc_hd__clkbuf_16)
                                                         clknet_0_wr_clk (net)
                      0.180479    0.002398    0.491062 ^ clkbuf_4_5_0_wr_clk/A (sky130_fd_sc_hd__clkbuf_8)
    14    0.037173    0.123071    0.323131    0.814193 ^ clkbuf_4_5_0_wr_clk/X (sky130_fd_sc_hd__clkbuf_8)
                                                         clknet_4_5_0_wr_clk (net)
                      0.123073    0.000708    0.814901 ^ _800_/CLK (sky130_fd_sc_hd__dfxtp_1)
                                  0.250000    1.064901   clock uncertainty
                                  0.000000    1.064901   clock reconvergence pessimism
                                 -0.061640    1.003261   library hold time
                                              1.003261   data required time
---------------------------------------------------------------------------------------------
                                              1.003261   data required time
                                             -2.657313   data arrival time
---------------------------------------------------------------------------------------------
                                              1.654052   slack (MET)


Startpoint: _758_ (rising edge-triggered flip-flop clocked by wr_clk)
Endpoint: _654_ (rising edge-triggered flip-flop clocked by wr_clk)
Path Group: wr_clk
Path Type: min

Fanout         Cap        Slew       Delay        Time   Description
---------------------------------------------------------------------------------------------
                                  0.000000    0.000000   clock wr_clk (rise edge)
                                  0.000000    0.000000   clock source latency
     1    0.023797    0.176583    0.121462    0.121462 ^ wr_clk (in)
                                                         wr_clk (net)
                      0.176607    0.000000    0.121462 ^ clkbuf_0_wr_clk/A (sky130_fd_sc_hd__clkbuf_16)
    16    0.102935    0.180447    0.367202    0.488664 ^ clkbuf_0_wr_clk/X (sky130_fd_sc_hd__clkbuf_16)
                                                         clknet_0_wr_clk (net)
                      0.180450    0.001181    0.489845 ^ clkbuf_4_13_0_wr_clk/A (sky130_fd_sc_hd__clkbuf_8)
     8    0.039976    0.129768    0.328448    0.818293 ^ clkbuf_4_13_0_wr_clk/X (sky130_fd_sc_hd__clkbuf_8)
                                                         clknet_4_13_0_wr_clk (net)
                      0.129770    0.000756    0.819049 ^ _758_/CLK (sky130_fd_sc_hd__dfrtp_1)
     5    0.017741    0.260891    0.821525    1.640574 ^ _758_/Q (sky130_fd_sc_hd__dfrtp_1)
                                                         wr_bin[1] (net)
                      0.260891    0.000222    1.640796 ^ _306_/A (sky130_fd_sc_hd__inv_2)
     4    0.020950    0.111995    0.197157    1.837953 v _306_/Y (sky130_fd_sc_hd__inv_2)
                                                         _137_ (net)
                      0.111995    0.000164    1.838117 v _493_/A (sky130_fd_sc_hd__nand2_4)
     4    0.041832    0.204230    0.218065    2.056181 ^ _493_/Y (sky130_fd_sc_hd__nand2_4)
                                                         _286_ (net)
                      0.204235    0.000829    2.057010 ^ _494_/B (sky130_fd_sc_hd__nor2_4)
     8    0.057780    0.136171    0.200233    2.257243 v _494_/Y (sky130_fd_sc_hd__nor2_4)
                                                         _287_ (net)
                      0.136255    0.001650    2.258893 v _501_/S (sky130_fd_sc_hd__mux2_1)
     1    0.001950    0.062607    0.398519    2.657412 ^ _501_/X (sky130_fd_sc_hd__mux2_1)
                                                         _022_ (net)
                      0.062607    0.000018    2.657430 ^ _654_/D (sky130_fd_sc_hd__dfxtp_1)
                                              2.657430   data arrival time

                                  0.000000    0.000000   clock wr_clk (rise edge)
                                  0.000000    0.000000   clock source latency
     1    0.023797    0.176583    0.121462    0.121462 ^ wr_clk (in)
                                                         wr_clk (net)
                      0.176607    0.000000    0.121462 ^ clkbuf_0_wr_clk/A (sky130_fd_sc_hd__clkbuf_16)
    16    0.102935    0.180447    0.367202    0.488664 ^ clkbuf_0_wr_clk/X (sky130_fd_sc_hd__clkbuf_16)
                                                         clknet_0_wr_clk (net)
                      0.180479    0.002398    0.491062 ^ clkbuf_4_5_0_wr_clk/A (sky130_fd_sc_hd__clkbuf_8)
    14    0.037173    0.123071    0.323131    0.814193 ^ clkbuf_4_5_0_wr_clk/X (sky130_fd_sc_hd__clkbuf_8)
                                                         clknet_4_5_0_wr_clk (net)
                      0.123074    0.000827    0.815020 ^ _654_/CLK (sky130_fd_sc_hd__dfxtp_1)
                                  0.250000    1.065020   clock uncertainty
                                  0.000000    1.065020   clock reconvergence pessimism
                                 -0.061867    1.003153   library hold time
                                              1.003153   data required time
---------------------------------------------------------------------------------------------
                                              1.003153   data required time
                                             -2.657430   data arrival time
---------------------------------------------------------------------------------------------
                                              1.654277   slack (MET)


Startpoint: _758_ (rising edge-triggered flip-flop clocked by wr_clk)
Endpoint: _652_ (rising edge-triggered flip-flop clocked by wr_clk)
Path Group: wr_clk
Path Type: min

Fanout         Cap        Slew       Delay        Time   Description
---------------------------------------------------------------------------------------------
                                  0.000000    0.000000   clock wr_clk (rise edge)
                                  0.000000    0.000000   clock source latency
     1    0.023797    0.176583    0.121462    0.121462 ^ wr_clk (in)
                                                         wr_clk (net)
                      0.176607    0.000000    0.121462 ^ clkbuf_0_wr_clk/A (sky130_fd_sc_hd__clkbuf_16)
    16    0.102935    0.180447    0.367202    0.488664 ^ clkbuf_0_wr_clk/X (sky130_fd_sc_hd__clkbuf_16)
                                                         clknet_0_wr_clk (net)
                      0.180450    0.001181    0.489845 ^ clkbuf_4_13_0_wr_clk/A (sky130_fd_sc_hd__clkbuf_8)
     8    0.039976    0.129768    0.328448    0.818293 ^ clkbuf_4_13_0_wr_clk/X (sky130_fd_sc_hd__clkbuf_8)
                                                         clknet_4_13_0_wr_clk (net)
                      0.129770    0.000756    0.819049 ^ _758_/CLK (sky130_fd_sc_hd__dfrtp_1)
     5    0.017741    0.260891    0.821525    1.640574 ^ _758_/Q (sky130_fd_sc_hd__dfrtp_1)
                                                         wr_bin[1] (net)
                      0.260891    0.000222    1.640796 ^ _306_/A (sky130_fd_sc_hd__inv_2)
     4    0.020950    0.111995    0.197157    1.837953 v _306_/Y (sky130_fd_sc_hd__inv_2)
                                                         _137_ (net)
                      0.111995    0.000164    1.838117 v _493_/A (sky130_fd_sc_hd__nand2_4)
     4    0.041832    0.204230    0.218065    2.056181 ^ _493_/Y (sky130_fd_sc_hd__nand2_4)
                                                         _286_ (net)
                      0.204235    0.000829    2.057010 ^ _494_/B (sky130_fd_sc_hd__nor2_4)
     8    0.057780    0.136171    0.200233    2.257243 v _494_/Y (sky130_fd_sc_hd__nor2_4)
                                                         _287_ (net)
                      0.136245    0.001348    2.258591 v _499_/S (sky130_fd_sc_hd__mux2_1)
     1    0.001920    0.062275    0.398135    2.656726 ^ _499_/X (sky130_fd_sc_hd__mux2_1)
                                                         _020_ (net)
                      0.062275    0.000017    2.656743 ^ _652_/D (sky130_fd_sc_hd__dfxtp_1)
                                              2.656743   data arrival time

                                  0.000000    0.000000   clock wr_clk (rise edge)
                                  0.000000    0.000000   clock source latency
     1    0.023797    0.176583    0.121462    0.121462 ^ wr_clk (in)
                                                         wr_clk (net)
                      0.176607    0.000000    0.121462 ^ clkbuf_0_wr_clk/A (sky130_fd_sc_hd__clkbuf_16)
    16    0.102935    0.180447    0.367202    0.488664 ^ clkbuf_0_wr_clk/X (sky130_fd_sc_hd__clkbuf_16)
                                                         clknet_0_wr_clk (net)
                      0.180447    0.000836    0.489500 ^ clkbuf_4_11_0_wr_clk/A (sky130_fd_sc_hd__clkbuf_8)
     8    0.036273    0.120887    0.321675    0.811175 ^ clkbuf_4_11_0_wr_clk/X (sky130_fd_sc_hd__clkbuf_8)
                                                         clknet_4_11_0_wr_clk (net)
                      0.120887    0.000262    0.811437 ^ _652_/CLK (sky130_fd_sc_hd__dfxtp_1)
                                  0.250000    1.061437   clock uncertainty
                                  0.000000    1.061437   clock reconvergence pessimism
                                 -0.062137    0.999300   library hold time
                                              0.999300   data required time
---------------------------------------------------------------------------------------------
                                              0.999300   data required time
                                             -2.656743   data arrival time
---------------------------------------------------------------------------------------------
                                              1.657443   slack (MET)


Startpoint: _758_ (rising edge-triggered flip-flop clocked by wr_clk)
Endpoint: _648_ (rising edge-triggered flip-flop clocked by wr_clk)
Path Group: wr_clk
Path Type: min

Fanout         Cap        Slew       Delay        Time   Description
---------------------------------------------------------------------------------------------
                                  0.000000    0.000000   clock wr_clk (rise edge)
                                  0.000000    0.000000   clock source latency
     1    0.023797    0.176583    0.121462    0.121462 ^ wr_clk (in)
                                                         wr_clk (net)
                      0.176607    0.000000    0.121462 ^ clkbuf_0_wr_clk/A (sky130_fd_sc_hd__clkbuf_16)
    16    0.102935    0.180447    0.367202    0.488664 ^ clkbuf_0_wr_clk/X (sky130_fd_sc_hd__clkbuf_16)
                                                         clknet_0_wr_clk (net)
                      0.180450    0.001181    0.489845 ^ clkbuf_4_13_0_wr_clk/A (sky130_fd_sc_hd__clkbuf_8)
     8    0.039976    0.129768    0.328448    0.818293 ^ clkbuf_4_13_0_wr_clk/X (sky130_fd_sc_hd__clkbuf_8)
                                                         clknet_4_13_0_wr_clk (net)
                      0.129770    0.000756    0.819049 ^ _758_/CLK (sky130_fd_sc_hd__dfrtp_1)
     5    0.017741    0.260891    0.821525    1.640574 ^ _758_/Q (sky130_fd_sc_hd__dfrtp_1)
                                                         wr_bin[1] (net)
                      0.260891    0.000222    1.640796 ^ _306_/A (sky130_fd_sc_hd__inv_2)
     4    0.020950    0.111995    0.197157    1.837953 v _306_/Y (sky130_fd_sc_hd__inv_2)
                                                         _137_ (net)
                      0.111995    0.000164    1.838117 v _493_/A (sky130_fd_sc_hd__nand2_4)
     4    0.041832    0.204230    0.218065    2.056181 ^ _493_/Y (sky130_fd_sc_hd__nand2_4)
                                                         _286_ (net)
                      0.204235    0.000829    2.057010 ^ _494_/B (sky130_fd_sc_hd__nor2_4)
     8    0.057780    0.136171    0.200233    2.257243 v _494_/Y (sky130_fd_sc_hd__nor2_4)
                                                         _287_ (net)
                      0.136242    0.001250    2.258493 v _495_/S (sky130_fd_sc_hd__mux2_1)
     1    0.002182    0.065226    0.401414    2.659907 ^ _495_/X (sky130_fd_sc_hd__mux2_1)
                                                         _016_ (net)
                      0.065226    0.000021    2.659928 ^ _648_/D (sky130_fd_sc_hd__dfxtp_1)
                                              2.659928   data arrival time

                                  0.000000    0.000000   clock wr_clk (rise edge)
                                  0.000000    0.000000   clock source latency
     1    0.023797    0.176583    0.121462    0.121462 ^ wr_clk (in)
                                                         wr_clk (net)
                      0.176607    0.000000    0.121462 ^ clkbuf_0_wr_clk/A (sky130_fd_sc_hd__clkbuf_16)
    16    0.102935    0.180447    0.367202    0.488664 ^ clkbuf_0_wr_clk/X (sky130_fd_sc_hd__clkbuf_16)
                                                         clknet_0_wr_clk (net)
                      0.180474    0.002267    0.490931 ^ clkbuf_4_7_0_wr_clk/A (sky130_fd_sc_hd__clkbuf_8)
    11    0.037068    0.122796    0.323071    0.814001 ^ clkbuf_4_7_0_wr_clk/X (sky130_fd_sc_hd__clkbuf_8)
                                                         clknet_4_7_0_wr_clk (net)
                      0.122798    0.000717    0.814718 ^ _648_/CLK (sky130_fd_sc_hd__dfxtp_1)
                                  0.250000    1.064718   clock uncertainty
                                  0.000000    1.064718   clock reconvergence pessimism
                                 -0.062519    1.002199   library hold time
                                              1.002199   data required time
---------------------------------------------------------------------------------------------
                                              1.002199   data required time
                                             -2.659928   data arrival time
---------------------------------------------------------------------------------------------
                                              1.657729   slack (MET)


Startpoint: _758_ (rising edge-triggered flip-flop clocked by wr_clk)
Endpoint: _653_ (rising edge-triggered flip-flop clocked by wr_clk)
Path Group: wr_clk
Path Type: min

Fanout         Cap        Slew       Delay        Time   Description
---------------------------------------------------------------------------------------------
                                  0.000000    0.000000   clock wr_clk (rise edge)
                                  0.000000    0.000000   clock source latency
     1    0.023797    0.176583    0.121462    0.121462 ^ wr_clk (in)
                                                         wr_clk (net)
                      0.176607    0.000000    0.121462 ^ clkbuf_0_wr_clk/A (sky130_fd_sc_hd__clkbuf_16)
    16    0.102935    0.180447    0.367202    0.488664 ^ clkbuf_0_wr_clk/X (sky130_fd_sc_hd__clkbuf_16)
                                                         clknet_0_wr_clk (net)
                      0.180450    0.001181    0.489845 ^ clkbuf_4_13_0_wr_clk/A (sky130_fd_sc_hd__clkbuf_8)
     8    0.039976    0.129768    0.328448    0.818293 ^ clkbuf_4_13_0_wr_clk/X (sky130_fd_sc_hd__clkbuf_8)
                                                         clknet_4_13_0_wr_clk (net)
                      0.129770    0.000756    0.819049 ^ _758_/CLK (sky130_fd_sc_hd__dfrtp_1)
     5    0.017741    0.260891    0.821525    1.640574 ^ _758_/Q (sky130_fd_sc_hd__dfrtp_1)
                                                         wr_bin[1] (net)
                      0.260891    0.000222    1.640796 ^ _306_/A (sky130_fd_sc_hd__inv_2)
     4    0.020950    0.111995    0.197157    1.837953 v _306_/Y (sky130_fd_sc_hd__inv_2)
                                                         _137_ (net)
                      0.111995    0.000164    1.838117 v _493_/A (sky130_fd_sc_hd__nand2_4)
     4    0.041832    0.204230    0.218065    2.056181 ^ _493_/Y (sky130_fd_sc_hd__nand2_4)
                                                         _286_ (net)
                      0.204235    0.000829    2.057010 ^ _494_/B (sky130_fd_sc_hd__nor2_4)
     8    0.057780    0.136171    0.200233    2.257243 v _494_/Y (sky130_fd_sc_hd__nor2_4)
                                                         _287_ (net)
                      0.136295    0.002506    2.259749 v _500_/S (sky130_fd_sc_hd__mux2_1)
     1    0.002092    0.063973    0.400308    2.660058 ^ _500_/X (sky130_fd_sc_hd__mux2_1)
                                                         _021_ (net)
                      0.063973    0.000020    2.660078 ^ _653_/D (sky130_fd_sc_hd__dfxtp_1)
                                              2.660078   data arrival time

                                  0.000000    0.000000   clock wr_clk (rise edge)
                                  0.000000    0.000000   clock source latency
     1    0.023797    0.176583    0.121462    0.121462 ^ wr_clk (in)
                                                         wr_clk (net)
                      0.176607    0.000000    0.121462 ^ clkbuf_0_wr_clk/A (sky130_fd_sc_hd__clkbuf_16)
    16    0.102935    0.180447    0.367202    0.488664 ^ clkbuf_0_wr_clk/X (sky130_fd_sc_hd__clkbuf_16)
                                                         clknet_0_wr_clk (net)
                      0.180470    0.002139    0.490803 ^ clkbuf_4_2_0_wr_clk/A (sky130_fd_sc_hd__clkbuf_8)
    13    0.037228    0.123056    0.323144    0.813947 ^ clkbuf_4_2_0_wr_clk/X (sky130_fd_sc_hd__clkbuf_8)
                                                         clknet_4_2_0_wr_clk (net)
                      0.123056    0.000235    0.814181 ^ _653_/CLK (sky130_fd_sc_hd__dfxtp_1)
                                  0.250000    1.064181   clock uncertainty
                                  0.000000    1.064181   clock reconvergence pessimism
                                 -0.062187    1.001994   library hold time
                                              1.001994   data required time
---------------------------------------------------------------------------------------------
                                              1.001994   data required time
                                             -2.660078   data arrival time
---------------------------------------------------------------------------------------------
                                              1.658083   slack (MET)


Startpoint: _758_ (rising edge-triggered flip-flop clocked by wr_clk)
Endpoint: _650_ (rising edge-triggered flip-flop clocked by wr_clk)
Path Group: wr_clk
Path Type: min

Fanout         Cap        Slew       Delay        Time   Description
---------------------------------------------------------------------------------------------
                                  0.000000    0.000000   clock wr_clk (rise edge)
                                  0.000000    0.000000   clock source latency
     1    0.023797    0.176583    0.121462    0.121462 ^ wr_clk (in)
                                                         wr_clk (net)
                      0.176607    0.000000    0.121462 ^ clkbuf_0_wr_clk/A (sky130_fd_sc_hd__clkbuf_16)
    16    0.102935    0.180447    0.367202    0.488664 ^ clkbuf_0_wr_clk/X (sky130_fd_sc_hd__clkbuf_16)
                                                         clknet_0_wr_clk (net)
                      0.180450    0.001181    0.489845 ^ clkbuf_4_13_0_wr_clk/A (sky130_fd_sc_hd__clkbuf_8)
     8    0.039976    0.129768    0.328448    0.818293 ^ clkbuf_4_13_0_wr_clk/X (sky130_fd_sc_hd__clkbuf_8)
                                                         clknet_4_13_0_wr_clk (net)
                      0.129770    0.000756    0.819049 ^ _758_/CLK (sky130_fd_sc_hd__dfrtp_1)
     5    0.017741    0.260891    0.821525    1.640574 ^ _758_/Q (sky130_fd_sc_hd__dfrtp_1)
                                                         wr_bin[1] (net)
                      0.260891    0.000222    1.640796 ^ _306_/A (sky130_fd_sc_hd__inv_2)
     4    0.020950    0.111995    0.197157    1.837953 v _306_/Y (sky130_fd_sc_hd__inv_2)
                                                         _137_ (net)
                      0.111995    0.000164    1.838117 v _493_/A (sky130_fd_sc_hd__nand2_4)
     4    0.041832    0.204230    0.218065    2.056181 ^ _493_/Y (sky130_fd_sc_hd__nand2_4)
                                                         _286_ (net)
                      0.204235    0.000829    2.057010 ^ _494_/B (sky130_fd_sc_hd__nor2_4)
     8    0.057780    0.136171    0.200233    2.257243 v _494_/Y (sky130_fd_sc_hd__nor2_4)
                                                         _287_ (net)
                      0.136276    0.002154    2.259398 v _497_/S (sky130_fd_sc_hd__mux2_1)
     1    0.002530    0.069145    0.405781    2.665179 ^ _497_/X (sky130_fd_sc_hd__mux2_1)
                                                         _018_ (net)
                      0.069145    0.000029    2.665208 ^ _650_/D (sky130_fd_sc_hd__dfxtp_1)
                                              2.665208   data arrival time

                                  0.000000    0.000000   clock wr_clk (rise edge)
                                  0.000000    0.000000   clock source latency
     1    0.023797    0.176583    0.121462    0.121462 ^ wr_clk (in)
                                                         wr_clk (net)
                      0.176607    0.000000    0.121462 ^ clkbuf_0_wr_clk/A (sky130_fd_sc_hd__clkbuf_16)
    16    0.102935    0.180447    0.367202    0.488664 ^ clkbuf_0_wr_clk/X (sky130_fd_sc_hd__clkbuf_16)
                                                         clknet_0_wr_clk (net)
                      0.180479    0.002417    0.491081 ^ clkbuf_4_4_0_wr_clk/A (sky130_fd_sc_hd__clkbuf_8)
    13    0.039326    0.128224    0.327160    0.818241 ^ clkbuf_4_4_0_wr_clk/X (sky130_fd_sc_hd__clkbuf_8)
                                                         clknet_4_4_0_wr_clk (net)
                      0.128225    0.000622    0.818864 ^ _650_/CLK (sky130_fd_sc_hd__dfxtp_1)
                                  0.250000    1.068864   clock uncertainty
                                  0.000000    1.068864   clock reconvergence pessimism
                                 -0.062568    1.006296   library hold time
                                              1.006296   data required time
---------------------------------------------------------------------------------------------
                                              1.006296   data required time
                                             -2.665208   data arrival time
---------------------------------------------------------------------------------------------
                                              1.658912   slack (MET)


Startpoint: _758_ (rising edge-triggered flip-flop clocked by wr_clk)
Endpoint: _742_ (rising edge-triggered flip-flop clocked by wr_clk)
Path Group: wr_clk
Path Type: min

Fanout         Cap        Slew       Delay        Time   Description
---------------------------------------------------------------------------------------------
                                  0.000000    0.000000   clock wr_clk (rise edge)
                                  0.000000    0.000000   clock source latency
     1    0.023797    0.176583    0.121462    0.121462 ^ wr_clk (in)
                                                         wr_clk (net)
                      0.176607    0.000000    0.121462 ^ clkbuf_0_wr_clk/A (sky130_fd_sc_hd__clkbuf_16)
    16    0.102935    0.180447    0.367202    0.488664 ^ clkbuf_0_wr_clk/X (sky130_fd_sc_hd__clkbuf_16)
                                                         clknet_0_wr_clk (net)
                      0.180450    0.001181    0.489845 ^ clkbuf_4_13_0_wr_clk/A (sky130_fd_sc_hd__clkbuf_8)
     8    0.039976    0.129768    0.328448    0.818293 ^ clkbuf_4_13_0_wr_clk/X (sky130_fd_sc_hd__clkbuf_8)
                                                         clknet_4_13_0_wr_clk (net)
                      0.129770    0.000756    0.819049 ^ _758_/CLK (sky130_fd_sc_hd__dfrtp_1)
     5    0.017741    0.260891    0.821525    1.640574 ^ _758_/Q (sky130_fd_sc_hd__dfrtp_1)
                                                         wr_bin[1] (net)
                      0.260891    0.000222    1.640796 ^ _306_/A (sky130_fd_sc_hd__inv_2)
     4    0.020950    0.111995    0.197157    1.837953 v _306_/Y (sky130_fd_sc_hd__inv_2)
                                                         _137_ (net)
                      0.111995    0.000164    1.838117 v _493_/A (sky130_fd_sc_hd__nand2_4)
     4    0.041832    0.204230    0.218065    2.056181 ^ _493_/Y (sky130_fd_sc_hd__nand2_4)
                                                         _286_ (net)
                      0.204237    0.001005    2.057187 ^ _597_/A (sky130_fd_sc_hd__nor2_4)
     8    0.056529    0.139005    0.207546    2.264733 v _597_/Y (sky130_fd_sc_hd__nor2_4)
                                                         _302_ (net)
                      0.139030    0.001837    2.266570 v _603_/S (sky130_fd_sc_hd__mux2_1)
     1    0.001883    0.061864    0.399083    2.665653 ^ _603_/X (sky130_fd_sc_hd__mux2_1)
                                                         _109_ (net)
                      0.061864    0.000017    2.665670 ^ _742_/D (sky130_fd_sc_hd__dfxtp_1)
                                              2.665670   data arrival time

                                  0.000000    0.000000   clock wr_clk (rise edge)
                                  0.000000    0.000000   clock source latency
     1    0.023797    0.176583    0.121462    0.121462 ^ wr_clk (in)
                                                         wr_clk (net)
                      0.176607    0.000000    0.121462 ^ clkbuf_0_wr_clk/A (sky130_fd_sc_hd__clkbuf_16)
    16    0.102935    0.180447    0.367202    0.488664 ^ clkbuf_0_wr_clk/X (sky130_fd_sc_hd__clkbuf_16)
                                                         clknet_0_wr_clk (net)
                      0.180477    0.002344    0.491008 ^ clkbuf_4_0_0_wr_clk/A (sky130_fd_sc_hd__clkbuf_8)
    14    0.037818    0.124461    0.324214    0.815222 ^ clkbuf_4_0_0_wr_clk/X (sky130_fd_sc_hd__clkbuf_8)
                                                         clknet_4_0_0_wr_clk (net)
                      0.124467    0.001007    0.816229 ^ _742_/CLK (sky130_fd_sc_hd__dfxtp_1)
                                  0.250000    1.066229   clock uncertainty
                                  0.000000    1.066229   clock reconvergence pessimism
                                 -0.061472    1.004757   library hold time
                                              1.004757   data required time
---------------------------------------------------------------------------------------------
                                              1.004757   data required time
                                             -2.665670   data arrival time
---------------------------------------------------------------------------------------------
                                              1.660913   slack (MET)


Startpoint: _758_ (rising edge-triggered flip-flop clocked by wr_clk)
Endpoint: _743_ (rising edge-triggered flip-flop clocked by wr_clk)
Path Group: wr_clk
Path Type: min

Fanout         Cap        Slew       Delay        Time   Description
---------------------------------------------------------------------------------------------
                                  0.000000    0.000000   clock wr_clk (rise edge)
                                  0.000000    0.000000   clock source latency
     1    0.023797    0.176583    0.121462    0.121462 ^ wr_clk (in)
                                                         wr_clk (net)
                      0.176607    0.000000    0.121462 ^ clkbuf_0_wr_clk/A (sky130_fd_sc_hd__clkbuf_16)
    16    0.102935    0.180447    0.367202    0.488664 ^ clkbuf_0_wr_clk/X (sky130_fd_sc_hd__clkbuf_16)
                                                         clknet_0_wr_clk (net)
                      0.180450    0.001181    0.489845 ^ clkbuf_4_13_0_wr_clk/A (sky130_fd_sc_hd__clkbuf_8)
     8    0.039976    0.129768    0.328448    0.818293 ^ clkbuf_4_13_0_wr_clk/X (sky130_fd_sc_hd__clkbuf_8)
                                                         clknet_4_13_0_wr_clk (net)
                      0.129770    0.000756    0.819049 ^ _758_/CLK (sky130_fd_sc_hd__dfrtp_1)
     5    0.017741    0.260891    0.821525    1.640574 ^ _758_/Q (sky130_fd_sc_hd__dfrtp_1)
                                                         wr_bin[1] (net)
                      0.260891    0.000222    1.640796 ^ _306_/A (sky130_fd_sc_hd__inv_2)
     4    0.020950    0.111995    0.197157    1.837953 v _306_/Y (sky130_fd_sc_hd__inv_2)
                                                         _137_ (net)
                      0.111995    0.000164    1.838117 v _493_/A (sky130_fd_sc_hd__nand2_4)
     4    0.041832    0.204230    0.218065    2.056181 ^ _493_/Y (sky130_fd_sc_hd__nand2_4)
                                                         _286_ (net)
                      0.204237    0.001005    2.057187 ^ _597_/A (sky130_fd_sc_hd__nor2_4)
     8    0.056529    0.139005    0.207546    2.264733 v _597_/Y (sky130_fd_sc_hd__nor2_4)
                                                         _302_ (net)
                      0.139014    0.001290    2.266023 v _604_/S (sky130_fd_sc_hd__mux2_1)
     1    0.001838    0.061356    0.398511    2.664534 ^ _604_/X (sky130_fd_sc_hd__mux2_1)
                                                         _110_ (net)
                      0.061356    0.000016    2.664550 ^ _743_/D (sky130_fd_sc_hd__dfxtp_1)
                                              2.664550   data arrival time

                                  0.000000    0.000000   clock wr_clk (rise edge)
                                  0.000000    0.000000   clock source latency
     1    0.023797    0.176583    0.121462    0.121462 ^ wr_clk (in)
                                                         wr_clk (net)
                      0.176607    0.000000    0.121462 ^ clkbuf_0_wr_clk/A (sky130_fd_sc_hd__clkbuf_16)
    16    0.102935    0.180447    0.367202    0.488664 ^ clkbuf_0_wr_clk/X (sky130_fd_sc_hd__clkbuf_16)
                                                         clknet_0_wr_clk (net)
                      0.180479    0.002398    0.491062 ^ clkbuf_4_5_0_wr_clk/A (sky130_fd_sc_hd__clkbuf_8)
    14    0.037173    0.123071    0.323131    0.814193 ^ clkbuf_4_5_0_wr_clk/X (sky130_fd_sc_hd__clkbuf_8)
                                                         clknet_4_5_0_wr_clk (net)
                      0.123073    0.000708    0.814901 ^ _743_/CLK (sky130_fd_sc_hd__dfxtp_1)
                                  0.250000    1.064901   clock uncertainty
                                  0.000000    1.064901   clock reconvergence pessimism
                                 -0.061576    1.003325   library hold time
                                              1.003325   data required time
---------------------------------------------------------------------------------------------
                                              1.003325   data required time
                                             -2.664550   data arrival time
---------------------------------------------------------------------------------------------
                                              1.661225   slack (MET)


Startpoint: _758_ (rising edge-triggered flip-flop clocked by wr_clk)
Endpoint: _651_ (rising edge-triggered flip-flop clocked by wr_clk)
Path Group: wr_clk
Path Type: min

Fanout         Cap        Slew       Delay        Time   Description
---------------------------------------------------------------------------------------------
                                  0.000000    0.000000   clock wr_clk (rise edge)
                                  0.000000    0.000000   clock source latency
     1    0.023797    0.176583    0.121462    0.121462 ^ wr_clk (in)
                                                         wr_clk (net)
                      0.176607    0.000000    0.121462 ^ clkbuf_0_wr_clk/A (sky130_fd_sc_hd__clkbuf_16)
    16    0.102935    0.180447    0.367202    0.488664 ^ clkbuf_0_wr_clk/X (sky130_fd_sc_hd__clkbuf_16)
                                                         clknet_0_wr_clk (net)
                      0.180450    0.001181    0.489845 ^ clkbuf_4_13_0_wr_clk/A (sky130_fd_sc_hd__clkbuf_8)
     8    0.039976    0.129768    0.328448    0.818293 ^ clkbuf_4_13_0_wr_clk/X (sky130_fd_sc_hd__clkbuf_8)
                                                         clknet_4_13_0_wr_clk (net)
                      0.129770    0.000756    0.819049 ^ _758_/CLK (sky130_fd_sc_hd__dfrtp_1)
     5    0.017741    0.260891    0.821525    1.640574 ^ _758_/Q (sky130_fd_sc_hd__dfrtp_1)
                                                         wr_bin[1] (net)
                      0.260891    0.000222    1.640796 ^ _306_/A (sky130_fd_sc_hd__inv_2)
     4    0.020950    0.111995    0.197157    1.837953 v _306_/Y (sky130_fd_sc_hd__inv_2)
                                                         _137_ (net)
                      0.111995    0.000164    1.838117 v _493_/A (sky130_fd_sc_hd__nand2_4)
     4    0.041832    0.204230    0.218065    2.056181 ^ _493_/Y (sky130_fd_sc_hd__nand2_4)
                                                         _286_ (net)
                      0.204235    0.000829    2.057010 ^ _494_/B (sky130_fd_sc_hd__nor2_4)
     8    0.057780    0.136171    0.200233    2.257243 v _494_/Y (sky130_fd_sc_hd__nor2_4)
                                                         _287_ (net)
                      0.136248    0.001466    2.258709 v _498_/S (sky130_fd_sc_hd__mux2_1)
     1    0.002024    0.063315    0.399439    2.658148 ^ _498_/X (sky130_fd_sc_hd__mux2_1)
                                                         _019_ (net)
                      0.063315    0.000018    2.658166 ^ _651_/D (sky130_fd_sc_hd__dfxtp_1)
                                              2.658166   data arrival time

                                  0.000000    0.000000   clock wr_clk (rise edge)
                                  0.000000    0.000000   clock source latency
     1    0.023797    0.176583    0.121462    0.121462 ^ wr_clk (in)
                                                         wr_clk (net)
                      0.176607    0.000000    0.121462 ^ clkbuf_0_wr_clk/A (sky130_fd_sc_hd__clkbuf_16)
    16    0.102935    0.180447    0.367202    0.488664 ^ clkbuf_0_wr_clk/X (sky130_fd_sc_hd__clkbuf_16)
                                                         clknet_0_wr_clk (net)
                      0.180470    0.002109    0.490773 ^ clkbuf_4_3_0_wr_clk/A (sky130_fd_sc_hd__clkbuf_8)
     9    0.033181    0.113527    0.315975    0.806748 ^ clkbuf_4_3_0_wr_clk/X (sky130_fd_sc_hd__clkbuf_8)
                                                         clknet_4_3_0_wr_clk (net)
                      0.113527    0.000249    0.806996 ^ _651_/CLK (sky130_fd_sc_hd__dfxtp_1)
                                  0.250000    1.056996   clock uncertainty
                                  0.000000    1.056996   clock reconvergence pessimism
                                 -0.063548    0.993448   library hold time
                                              0.993448   data required time
---------------------------------------------------------------------------------------------
                                              0.993448   data required time
                                             -2.658166   data arrival time
---------------------------------------------------------------------------------------------
                                              1.664718   slack (MET)


Startpoint: _758_ (rising edge-triggered flip-flop clocked by wr_clk)
Endpoint: _737_ (rising edge-triggered flip-flop clocked by wr_clk)
Path Group: wr_clk
Path Type: min

Fanout         Cap        Slew       Delay        Time   Description
---------------------------------------------------------------------------------------------
                                  0.000000    0.000000   clock wr_clk (rise edge)
                                  0.000000    0.000000   clock source latency
     1    0.023797    0.176583    0.121462    0.121462 ^ wr_clk (in)
                                                         wr_clk (net)
                      0.176607    0.000000    0.121462 ^ clkbuf_0_wr_clk/A (sky130_fd_sc_hd__clkbuf_16)
    16    0.102935    0.180447    0.367202    0.488664 ^ clkbuf_0_wr_clk/X (sky130_fd_sc_hd__clkbuf_16)
                                                         clknet_0_wr_clk (net)
                      0.180450    0.001181    0.489845 ^ clkbuf_4_13_0_wr_clk/A (sky130_fd_sc_hd__clkbuf_8)
     8    0.039976    0.129768    0.328448    0.818293 ^ clkbuf_4_13_0_wr_clk/X (sky130_fd_sc_hd__clkbuf_8)
                                                         clknet_4_13_0_wr_clk (net)
                      0.129770    0.000756    0.819049 ^ _758_/CLK (sky130_fd_sc_hd__dfrtp_1)
     5    0.017741    0.260891    0.821525    1.640574 ^ _758_/Q (sky130_fd_sc_hd__dfrtp_1)
                                                         wr_bin[1] (net)
                      0.260891    0.000222    1.640796 ^ _306_/A (sky130_fd_sc_hd__inv_2)
     4    0.020950    0.111995    0.197157    1.837953 v _306_/Y (sky130_fd_sc_hd__inv_2)
                                                         _137_ (net)
                      0.111995    0.000164    1.838117 v _493_/A (sky130_fd_sc_hd__nand2_4)
     4    0.041832    0.204230    0.218065    2.056181 ^ _493_/Y (sky130_fd_sc_hd__nand2_4)
                                                         _286_ (net)
                      0.204237    0.001005    2.057187 ^ _597_/A (sky130_fd_sc_hd__nor2_4)
     8    0.056529    0.139005    0.207546    2.264733 v _597_/Y (sky130_fd_sc_hd__nor2_4)
                                                         _302_ (net)
                      0.139005    0.000606    2.265339 v _598_/S (sky130_fd_sc_hd__mux2_1)
     1    0.002236    0.065838    0.403487    2.668827 ^ _598_/X (sky130_fd_sc_hd__mux2_1)
                                                         _104_ (net)
                      0.065838    0.000023    2.668850 ^ _737_/D (sky130_fd_sc_hd__dfxtp_1)
                                              2.668850   data arrival time

                                  0.000000    0.000000   clock wr_clk (rise edge)
                                  0.000000    0.000000   clock source latency
     1    0.023797    0.176583    0.121462    0.121462 ^ wr_clk (in)
                                                         wr_clk (net)
                      0.176607    0.000000    0.121462 ^ clkbuf_0_wr_clk/A (sky130_fd_sc_hd__clkbuf_16)
    16    0.102935    0.180447    0.367202    0.488664 ^ clkbuf_0_wr_clk/X (sky130_fd_sc_hd__clkbuf_16)
                                                         clknet_0_wr_clk (net)
                      0.180474    0.002267    0.490931 ^ clkbuf_4_7_0_wr_clk/A (sky130_fd_sc_hd__clkbuf_8)
    11    0.037068    0.122796    0.323071    0.814001 ^ clkbuf_4_7_0_wr_clk/X (sky130_fd_sc_hd__clkbuf_8)
                                                         clknet_4_7_0_wr_clk (net)
                      0.122796    0.000401    0.814402 ^ _737_/CLK (sky130_fd_sc_hd__dfxtp_1)
                                  0.250000    1.064402   clock uncertainty
                                  0.000000    1.064402   clock reconvergence pessimism
                                 -0.062662    1.001740   library hold time
                                              1.001740   data required time
---------------------------------------------------------------------------------------------
                                              1.001740   data required time
                                             -2.668850   data arrival time
---------------------------------------------------------------------------------------------
                                              1.667110   slack (MET)


Startpoint: _758_ (rising edge-triggered flip-flop clocked by wr_clk)
Endpoint: _649_ (rising edge-triggered flip-flop clocked by wr_clk)
Path Group: wr_clk
Path Type: min

Fanout         Cap        Slew       Delay        Time   Description
---------------------------------------------------------------------------------------------
                                  0.000000    0.000000   clock wr_clk (rise edge)
                                  0.000000    0.000000   clock source latency
     1    0.023797    0.176583    0.121462    0.121462 ^ wr_clk (in)
                                                         wr_clk (net)
                      0.176607    0.000000    0.121462 ^ clkbuf_0_wr_clk/A (sky130_fd_sc_hd__clkbuf_16)
    16    0.102935    0.180447    0.367202    0.488664 ^ clkbuf_0_wr_clk/X (sky130_fd_sc_hd__clkbuf_16)
                                                         clknet_0_wr_clk (net)
                      0.180450    0.001181    0.489845 ^ clkbuf_4_13_0_wr_clk/A (sky130_fd_sc_hd__clkbuf_8)
     8    0.039976    0.129768    0.328448    0.818293 ^ clkbuf_4_13_0_wr_clk/X (sky130_fd_sc_hd__clkbuf_8)
                                                         clknet_4_13_0_wr_clk (net)
                      0.129770    0.000756    0.819049 ^ _758_/CLK (sky130_fd_sc_hd__dfrtp_1)
     5    0.017741    0.260891    0.821525    1.640574 ^ _758_/Q (sky130_fd_sc_hd__dfrtp_1)
                                                         wr_bin[1] (net)
                      0.260891    0.000222    1.640796 ^ _306_/A (sky130_fd_sc_hd__inv_2)
     4    0.020950    0.111995    0.197157    1.837953 v _306_/Y (sky130_fd_sc_hd__inv_2)
                                                         _137_ (net)
                      0.111995    0.000164    1.838117 v _493_/A (sky130_fd_sc_hd__nand2_4)
     4    0.041832    0.204230    0.218065    2.056181 ^ _493_/Y (sky130_fd_sc_hd__nand2_4)
                                                         _286_ (net)
                      0.204235    0.000829    2.057010 ^ _494_/B (sky130_fd_sc_hd__nor2_4)
     8    0.057780    0.136171    0.200233    2.257243 v _494_/Y (sky130_fd_sc_hd__nor2_4)
                                                         _287_ (net)
                      0.136174    0.000919    2.258162 v _496_/S (sky130_fd_sc_hd__mux2_1)
     1    0.002739    0.071509    0.408341    2.666503 ^ _496_/X (sky130_fd_sc_hd__mux2_1)
                                                         _017_ (net)
                      0.071509    0.000034    2.666537 ^ _649_/D (sky130_fd_sc_hd__dfxtp_1)
                                              2.666537   data arrival time

                                  0.000000    0.000000   clock wr_clk (rise edge)
                                  0.000000    0.000000   clock source latency
     1    0.023797    0.176583    0.121462    0.121462 ^ wr_clk (in)
                                                         wr_clk (net)
                      0.176607    0.000000    0.121462 ^ clkbuf_0_wr_clk/A (sky130_fd_sc_hd__clkbuf_16)
    16    0.102935    0.180447    0.367202    0.488664 ^ clkbuf_0_wr_clk/X (sky130_fd_sc_hd__clkbuf_16)
                                                         clknet_0_wr_clk (net)
                      0.180447    0.000890    0.489554 ^ clkbuf_4_9_0_wr_clk/A (sky130_fd_sc_hd__clkbuf_8)
    10    0.035146    0.118197    0.319590    0.809144 ^ clkbuf_4_9_0_wr_clk/X (sky130_fd_sc_hd__clkbuf_8)
                                                         clknet_4_9_0_wr_clk (net)
                      0.118197    0.000366    0.809510 ^ _649_/CLK (sky130_fd_sc_hd__dfxtp_1)
                                  0.250000    1.059510   clock uncertainty
                                  0.000000    1.059510   clock reconvergence pessimism
                                 -0.064711    0.994799   library hold time
                                              0.994799   data required time
---------------------------------------------------------------------------------------------
                                              0.994799   data required time
                                             -2.666537   data arrival time
---------------------------------------------------------------------------------------------
                                              1.671738   slack (MET)


Startpoint: _758_ (rising edge-triggered flip-flop clocked by wr_clk)
Endpoint: _744_ (rising edge-triggered flip-flop clocked by wr_clk)
Path Group: wr_clk
Path Type: min

Fanout         Cap        Slew       Delay        Time   Description
---------------------------------------------------------------------------------------------
                                  0.000000    0.000000   clock wr_clk (rise edge)
                                  0.000000    0.000000   clock source latency
     1    0.023797    0.176583    0.121462    0.121462 ^ wr_clk (in)
                                                         wr_clk (net)
                      0.176607    0.000000    0.121462 ^ clkbuf_0_wr_clk/A (sky130_fd_sc_hd__clkbuf_16)
    16    0.102935    0.180447    0.367202    0.488664 ^ clkbuf_0_wr_clk/X (sky130_fd_sc_hd__clkbuf_16)
                                                         clknet_0_wr_clk (net)
                      0.180450    0.001181    0.489845 ^ clkbuf_4_13_0_wr_clk/A (sky130_fd_sc_hd__clkbuf_8)
     8    0.039976    0.129768    0.328448    0.818293 ^ clkbuf_4_13_0_wr_clk/X (sky130_fd_sc_hd__clkbuf_8)
                                                         clknet_4_13_0_wr_clk (net)
                      0.129770    0.000756    0.819049 ^ _758_/CLK (sky130_fd_sc_hd__dfrtp_1)
     5    0.017741    0.260891    0.821525    1.640574 ^ _758_/Q (sky130_fd_sc_hd__dfrtp_1)
                                                         wr_bin[1] (net)
                      0.260891    0.000222    1.640796 ^ _306_/A (sky130_fd_sc_hd__inv_2)
     4    0.020950    0.111995    0.197157    1.837953 v _306_/Y (sky130_fd_sc_hd__inv_2)
                                                         _137_ (net)
                      0.111995    0.000164    1.838117 v _493_/A (sky130_fd_sc_hd__nand2_4)
     4    0.041832    0.204230    0.218065    2.056181 ^ _493_/Y (sky130_fd_sc_hd__nand2_4)
                                                         _286_ (net)
                      0.204237    0.001005    2.057187 ^ _597_/A (sky130_fd_sc_hd__nor2_4)
     8    0.056529    0.139005    0.207546    2.264733 v _597_/Y (sky130_fd_sc_hd__nor2_4)
                                                         _302_ (net)
                      0.139026    0.001738    2.266471 v _605_/S (sky130_fd_sc_hd__mux2_1)
     1    0.002776    0.071943    0.410253    2.676724 ^ _605_/X (sky130_fd_sc_hd__mux2_1)
                                                         _111_ (net)
                      0.071943    0.000033    2.676757 ^ _744_/D (sky130_fd_sc_hd__dfxtp_1)
                                              2.676757   data arrival time

                                  0.000000    0.000000   clock wr_clk (rise edge)
                                  0.000000    0.000000   clock source latency
     1    0.023797    0.176583    0.121462    0.121462 ^ wr_clk (in)
                                                         wr_clk (net)
                      0.176607    0.000000    0.121462 ^ clkbuf_0_wr_clk/A (sky130_fd_sc_hd__clkbuf_16)
    16    0.102935    0.180447    0.367202    0.488664 ^ clkbuf_0_wr_clk/X (sky130_fd_sc_hd__clkbuf_16)
                                                         clknet_0_wr_clk (net)
                      0.180478    0.002379    0.491043 ^ clkbuf_4_1_0_wr_clk/A (sky130_fd_sc_hd__clkbuf_8)
    14    0.037443    0.123691    0.323795    0.814838 ^ clkbuf_4_1_0_wr_clk/X (sky130_fd_sc_hd__clkbuf_8)
                                                         clknet_4_1_0_wr_clk (net)
                      0.123691    0.000613    0.815451 ^ _744_/CLK (sky130_fd_sc_hd__dfxtp_1)
                                  0.250000    1.065451   clock uncertainty
                                  0.000000    1.065451   clock reconvergence pessimism
                                 -0.063939    1.001513   library hold time
                                              1.001513   data required time
---------------------------------------------------------------------------------------------
                                              1.001513   data required time
                                             -2.676757   data arrival time
---------------------------------------------------------------------------------------------
                                              1.675244   slack (MET)


Startpoint: _758_ (rising edge-triggered flip-flop clocked by wr_clk)
Endpoint: _739_ (rising edge-triggered flip-flop clocked by wr_clk)
Path Group: wr_clk
Path Type: min

Fanout         Cap        Slew       Delay        Time   Description
---------------------------------------------------------------------------------------------
                                  0.000000    0.000000   clock wr_clk (rise edge)
                                  0.000000    0.000000   clock source latency
     1    0.023797    0.176583    0.121462    0.121462 ^ wr_clk (in)
                                                         wr_clk (net)
                      0.176607    0.000000    0.121462 ^ clkbuf_0_wr_clk/A (sky130_fd_sc_hd__clkbuf_16)
    16    0.102935    0.180447    0.367202    0.488664 ^ clkbuf_0_wr_clk/X (sky130_fd_sc_hd__clkbuf_16)
                                                         clknet_0_wr_clk (net)
                      0.180450    0.001181    0.489845 ^ clkbuf_4_13_0_wr_clk/A (sky130_fd_sc_hd__clkbuf_8)
     8    0.039976    0.129768    0.328448    0.818293 ^ clkbuf_4_13_0_wr_clk/X (sky130_fd_sc_hd__clkbuf_8)
                                                         clknet_4_13_0_wr_clk (net)
                      0.129770    0.000756    0.819049 ^ _758_/CLK (sky130_fd_sc_hd__dfrtp_1)
     5    0.017741    0.260891    0.821525    1.640574 ^ _758_/Q (sky130_fd_sc_hd__dfrtp_1)
                                                         wr_bin[1] (net)
                      0.260891    0.000222    1.640796 ^ _306_/A (sky130_fd_sc_hd__inv_2)
     4    0.020950    0.111995    0.197157    1.837953 v _306_/Y (sky130_fd_sc_hd__inv_2)
                                                         _137_ (net)
                      0.111995    0.000164    1.838117 v _493_/A (sky130_fd_sc_hd__nand2_4)
     4    0.041832    0.204230    0.218065    2.056181 ^ _493_/Y (sky130_fd_sc_hd__nand2_4)
                                                         _286_ (net)
                      0.204237    0.001005    2.057187 ^ _597_/A (sky130_fd_sc_hd__nor2_4)
     8    0.056529    0.139005    0.207546    2.264733 v _597_/Y (sky130_fd_sc_hd__nor2_4)
                                                         _302_ (net)
                      0.139019    0.001476    2.266209 v _600_/S (sky130_fd_sc_hd__mux2_1)
     1    0.003319    0.078390    0.417033    2.683242 ^ _600_/X (sky130_fd_sc_hd__mux2_1)
                                                         _106_ (net)
                      0.078390    0.000058    2.683300 ^ _739_/D (sky130_fd_sc_hd__dfxtp_1)
                                              2.683300   data arrival time

                                  0.000000    0.000000   clock wr_clk (rise edge)
                                  0.000000    0.000000   clock source latency
     1    0.023797    0.176583    0.121462    0.121462 ^ wr_clk (in)
                                                         wr_clk (net)
                      0.176607    0.000000    0.121462 ^ clkbuf_0_wr_clk/A (sky130_fd_sc_hd__clkbuf_16)
    16    0.102935    0.180447    0.367202    0.488664 ^ clkbuf_0_wr_clk/X (sky130_fd_sc_hd__clkbuf_16)
                                                         clknet_0_wr_clk (net)
                      0.180479    0.002417    0.491081 ^ clkbuf_4_4_0_wr_clk/A (sky130_fd_sc_hd__clkbuf_8)
    13    0.039326    0.128224    0.327160    0.818241 ^ clkbuf_4_4_0_wr_clk/X (sky130_fd_sc_hd__clkbuf_8)
                                                         clknet_4_4_0_wr_clk (net)
                      0.128224    0.000446    0.818687 ^ _739_/CLK (sky130_fd_sc_hd__dfxtp_1)
                                  0.250000    1.068687   clock uncertainty
                                  0.000000    1.068687   clock reconvergence pessimism
                                 -0.064716    1.003971   library hold time
                                              1.003971   data required time
---------------------------------------------------------------------------------------------
                                              1.003971   data required time
                                             -2.683300   data arrival time
---------------------------------------------------------------------------------------------
                                              1.679329   slack (MET)


Startpoint: _758_ (rising edge-triggered flip-flop clocked by wr_clk)
Endpoint: _679_ (rising edge-triggered flip-flop clocked by wr_clk)
Path Group: wr_clk
Path Type: min

Fanout         Cap        Slew       Delay        Time   Description
---------------------------------------------------------------------------------------------
                                  0.000000    0.000000   clock wr_clk (rise edge)
                                  0.000000    0.000000   clock source latency
     1    0.023797    0.176583    0.121462    0.121462 ^ wr_clk (in)
                                                         wr_clk (net)
                      0.176607    0.000000    0.121462 ^ clkbuf_0_wr_clk/A (sky130_fd_sc_hd__clkbuf_16)
    16    0.102935    0.180447    0.367202    0.488664 ^ clkbuf_0_wr_clk/X (sky130_fd_sc_hd__clkbuf_16)
                                                         clknet_0_wr_clk (net)
                      0.180450    0.001181    0.489845 ^ clkbuf_4_13_0_wr_clk/A (sky130_fd_sc_hd__clkbuf_8)
     8    0.039976    0.129768    0.328448    0.818293 ^ clkbuf_4_13_0_wr_clk/X (sky130_fd_sc_hd__clkbuf_8)
                                                         clknet_4_13_0_wr_clk (net)
                      0.129770    0.000756    0.819049 ^ _758_/CLK (sky130_fd_sc_hd__dfrtp_1)
     5    0.017741    0.260891    0.821525    1.640574 ^ _758_/Q (sky130_fd_sc_hd__dfrtp_1)
                                                         wr_bin[1] (net)
                      0.260891    0.000222    1.640796 ^ _306_/A (sky130_fd_sc_hd__inv_2)
     4    0.020950    0.111995    0.197157    1.837953 v _306_/Y (sky130_fd_sc_hd__inv_2)
                                                         _137_ (net)
                      0.111995    0.000164    1.838117 v _493_/A (sky130_fd_sc_hd__nand2_4)
     4    0.041832    0.204230    0.218065    2.056181 ^ _493_/Y (sky130_fd_sc_hd__nand2_4)
                                                         _286_ (net)
                      0.204238    0.001037    2.057219 ^ _524_/A (sky130_fd_sc_hd__nor2_4)
     8    0.064090    0.155824    0.218503    2.275721 v _524_/Y (sky130_fd_sc_hd__nor2_4)
                                                         _293_ (net)
                      0.155935    0.002093    2.277814 v _532_/S (sky130_fd_sc_hd__mux2_1)
     1    0.001865    0.061675    0.407398    2.685212 ^ _532_/X (sky130_fd_sc_hd__mux2_1)
                                                         _047_ (net)
                      0.061675    0.000016    2.685228 ^ _679_/D (sky130_fd_sc_hd__dfxtp_1)
                                              2.685228   data arrival time

                                  0.000000    0.000000   clock wr_clk (rise edge)
                                  0.000000    0.000000   clock source latency
     1    0.023797    0.176583    0.121462    0.121462 ^ wr_clk (in)
                                                         wr_clk (net)
                      0.176607    0.000000    0.121462 ^ clkbuf_0_wr_clk/A (sky130_fd_sc_hd__clkbuf_16)
    16    0.102935    0.180447    0.367202    0.488664 ^ clkbuf_0_wr_clk/X (sky130_fd_sc_hd__clkbuf_16)
                                                         clknet_0_wr_clk (net)
                      0.180478    0.002379    0.491043 ^ clkbuf_4_1_0_wr_clk/A (sky130_fd_sc_hd__clkbuf_8)
    14    0.037443    0.123691    0.323795    0.814838 ^ clkbuf_4_1_0_wr_clk/X (sky130_fd_sc_hd__clkbuf_8)
                                                         clknet_4_1_0_wr_clk (net)
                      0.123691    0.000360    0.815198 ^ _679_/CLK (sky130_fd_sc_hd__dfxtp_1)
                                  0.250000    1.065198   clock uncertainty
                                  0.000000    1.065198   clock reconvergence pessimism
                                 -0.061552    1.003646   library hold time
                                              1.003646   data required time
---------------------------------------------------------------------------------------------
                                              1.003646   data required time
                                             -2.685228   data arrival time
---------------------------------------------------------------------------------------------
                                              1.681582   slack (MET)


Startpoint: _758_ (rising edge-triggered flip-flop clocked by wr_clk)
Endpoint: _678_ (rising edge-triggered flip-flop clocked by wr_clk)
Path Group: wr_clk
Path Type: min

Fanout         Cap        Slew       Delay        Time   Description
---------------------------------------------------------------------------------------------
                                  0.000000    0.000000   clock wr_clk (rise edge)
                                  0.000000    0.000000   clock source latency
     1    0.023797    0.176583    0.121462    0.121462 ^ wr_clk (in)
                                                         wr_clk (net)
                      0.176607    0.000000    0.121462 ^ clkbuf_0_wr_clk/A (sky130_fd_sc_hd__clkbuf_16)
    16    0.102935    0.180447    0.367202    0.488664 ^ clkbuf_0_wr_clk/X (sky130_fd_sc_hd__clkbuf_16)
                                                         clknet_0_wr_clk (net)
                      0.180450    0.001181    0.489845 ^ clkbuf_4_13_0_wr_clk/A (sky130_fd_sc_hd__clkbuf_8)
     8    0.039976    0.129768    0.328448    0.818293 ^ clkbuf_4_13_0_wr_clk/X (sky130_fd_sc_hd__clkbuf_8)
                                                         clknet_4_13_0_wr_clk (net)
                      0.129770    0.000756    0.819049 ^ _758_/CLK (sky130_fd_sc_hd__dfrtp_1)
     5    0.017741    0.260891    0.821525    1.640574 ^ _758_/Q (sky130_fd_sc_hd__dfrtp_1)
                                                         wr_bin[1] (net)
                      0.260891    0.000222    1.640796 ^ _306_/A (sky130_fd_sc_hd__inv_2)
     4    0.020950    0.111995    0.197157    1.837953 v _306_/Y (sky130_fd_sc_hd__inv_2)
                                                         _137_ (net)
                      0.111995    0.000164    1.838117 v _493_/A (sky130_fd_sc_hd__nand2_4)
     4    0.041832    0.204230    0.218065    2.056181 ^ _493_/Y (sky130_fd_sc_hd__nand2_4)
                                                         _286_ (net)
                      0.204238    0.001037    2.057219 ^ _524_/A (sky130_fd_sc_hd__nor2_4)
     8    0.064090    0.155824    0.218503    2.275721 v _524_/Y (sky130_fd_sc_hd__nor2_4)
                                                         _293_ (net)
                      0.155896    0.000599    2.276320 v _531_/S (sky130_fd_sc_hd__mux2_1)
     1    0.002085    0.063933    0.410136    2.686456 ^ _531_/X (sky130_fd_sc_hd__mux2_1)
                                                         _046_ (net)
                      0.063933    0.000020    2.686476 ^ _678_/D (sky130_fd_sc_hd__dfxtp_1)
                                              2.686476   data arrival time

                                  0.000000    0.000000   clock wr_clk (rise edge)
                                  0.000000    0.000000   clock source latency
     1    0.023797    0.176583    0.121462    0.121462 ^ wr_clk (in)
                                                         wr_clk (net)
                      0.176607    0.000000    0.121462 ^ clkbuf_0_wr_clk/A (sky130_fd_sc_hd__clkbuf_16)
    16    0.102935    0.180447    0.367202    0.488664 ^ clkbuf_0_wr_clk/X (sky130_fd_sc_hd__clkbuf_16)
                                                         clknet_0_wr_clk (net)
                      0.180474    0.002267    0.490931 ^ clkbuf_4_7_0_wr_clk/A (sky130_fd_sc_hd__clkbuf_8)
    11    0.037068    0.122796    0.323071    0.814001 ^ clkbuf_4_7_0_wr_clk/X (sky130_fd_sc_hd__clkbuf_8)
                                                         clknet_4_7_0_wr_clk (net)
                      0.122796    0.000156    0.814157 ^ _678_/CLK (sky130_fd_sc_hd__dfxtp_1)
                                  0.250000    1.064157   clock uncertainty
                                  0.000000    1.064157   clock reconvergence pessimism
                                 -0.062219    1.001938   library hold time
                                              1.001938   data required time
---------------------------------------------------------------------------------------------
                                              1.001938   data required time
                                             -2.686476   data arrival time
---------------------------------------------------------------------------------------------
                                              1.684538   slack (MET)


Startpoint: _758_ (rising edge-triggered flip-flop clocked by wr_clk)
Endpoint: _741_ (rising edge-triggered flip-flop clocked by wr_clk)
Path Group: wr_clk
Path Type: min

Fanout         Cap        Slew       Delay        Time   Description
---------------------------------------------------------------------------------------------
                                  0.000000    0.000000   clock wr_clk (rise edge)
                                  0.000000    0.000000   clock source latency
     1    0.023797    0.176583    0.121462    0.121462 ^ wr_clk (in)
                                                         wr_clk (net)
                      0.176607    0.000000    0.121462 ^ clkbuf_0_wr_clk/A (sky130_fd_sc_hd__clkbuf_16)
    16    0.102935    0.180447    0.367202    0.488664 ^ clkbuf_0_wr_clk/X (sky130_fd_sc_hd__clkbuf_16)
                                                         clknet_0_wr_clk (net)
                      0.180450    0.001181    0.489845 ^ clkbuf_4_13_0_wr_clk/A (sky130_fd_sc_hd__clkbuf_8)
     8    0.039976    0.129768    0.328448    0.818293 ^ clkbuf_4_13_0_wr_clk/X (sky130_fd_sc_hd__clkbuf_8)
                                                         clknet_4_13_0_wr_clk (net)
                      0.129770    0.000756    0.819049 ^ _758_/CLK (sky130_fd_sc_hd__dfrtp_1)
     5    0.017741    0.260891    0.821525    1.640574 ^ _758_/Q (sky130_fd_sc_hd__dfrtp_1)
                                                         wr_bin[1] (net)
                      0.260891    0.000222    1.640796 ^ _306_/A (sky130_fd_sc_hd__inv_2)
     4    0.020950    0.111995    0.197157    1.837953 v _306_/Y (sky130_fd_sc_hd__inv_2)
                                                         _137_ (net)
                      0.111995    0.000164    1.838117 v _493_/A (sky130_fd_sc_hd__nand2_4)
     4    0.041832    0.204230    0.218065    2.056181 ^ _493_/Y (sky130_fd_sc_hd__nand2_4)
                                                         _286_ (net)
                      0.204237    0.001005    2.057187 ^ _597_/A (sky130_fd_sc_hd__nor2_4)
     8    0.056529    0.139005    0.207546    2.264733 v _597_/Y (sky130_fd_sc_hd__nor2_4)
                                                         _302_ (net)
                      0.139014    0.001256    2.265989 v _602_/S (sky130_fd_sc_hd__mux2_1)
     1    0.003257    0.077641    0.416262    2.682252 ^ _602_/X (sky130_fd_sc_hd__mux2_1)
                                                         _108_ (net)
                      0.077641    0.000046    2.682298 ^ _741_/D (sky130_fd_sc_hd__dfxtp_1)
                                              2.682298   data arrival time

                                  0.000000    0.000000   clock wr_clk (rise edge)
                                  0.000000    0.000000   clock source latency
     1    0.023797    0.176583    0.121462    0.121462 ^ wr_clk (in)
                                                         wr_clk (net)
                      0.176607    0.000000    0.121462 ^ clkbuf_0_wr_clk/A (sky130_fd_sc_hd__clkbuf_16)
    16    0.102935    0.180447    0.367202    0.488664 ^ clkbuf_0_wr_clk/X (sky130_fd_sc_hd__clkbuf_16)
                                                         clknet_0_wr_clk (net)
                      0.180447    0.000836    0.489500 ^ clkbuf_4_11_0_wr_clk/A (sky130_fd_sc_hd__clkbuf_8)
     8    0.036273    0.120887    0.321675    0.811175 ^ clkbuf_4_11_0_wr_clk/X (sky130_fd_sc_hd__clkbuf_8)
                                                         clknet_4_11_0_wr_clk (net)
                      0.120887    0.000320    0.811495 ^ _741_/CLK (sky130_fd_sc_hd__dfxtp_1)
                                  0.250000    1.061495   clock uncertainty
                                  0.000000    1.061495   clock reconvergence pessimism
                                 -0.065709    0.995787   library hold time
                                              0.995787   data required time
---------------------------------------------------------------------------------------------
                                              0.995787   data required time
                                             -2.682298   data arrival time
---------------------------------------------------------------------------------------------
                                              1.686511   slack (MET)


Startpoint: _758_ (rising edge-triggered flip-flop clocked by wr_clk)
Endpoint: _740_ (rising edge-triggered flip-flop clocked by wr_clk)
Path Group: wr_clk
Path Type: min

Fanout         Cap        Slew       Delay        Time   Description
---------------------------------------------------------------------------------------------
                                  0.000000    0.000000   clock wr_clk (rise edge)
                                  0.000000    0.000000   clock source latency
     1    0.023797    0.176583    0.121462    0.121462 ^ wr_clk (in)
                                                         wr_clk (net)
                      0.176607    0.000000    0.121462 ^ clkbuf_0_wr_clk/A (sky130_fd_sc_hd__clkbuf_16)
    16    0.102935    0.180447    0.367202    0.488664 ^ clkbuf_0_wr_clk/X (sky130_fd_sc_hd__clkbuf_16)
                                                         clknet_0_wr_clk (net)
                      0.180450    0.001181    0.489845 ^ clkbuf_4_13_0_wr_clk/A (sky130_fd_sc_hd__clkbuf_8)
     8    0.039976    0.129768    0.328448    0.818293 ^ clkbuf_4_13_0_wr_clk/X (sky130_fd_sc_hd__clkbuf_8)
                                                         clknet_4_13_0_wr_clk (net)
                      0.129770    0.000756    0.819049 ^ _758_/CLK (sky130_fd_sc_hd__dfrtp_1)
     5    0.017741    0.260891    0.821525    1.640574 ^ _758_/Q (sky130_fd_sc_hd__dfrtp_1)
                                                         wr_bin[1] (net)
                      0.260891    0.000222    1.640796 ^ _306_/A (sky130_fd_sc_hd__inv_2)
     4    0.020950    0.111995    0.197157    1.837953 v _306_/Y (sky130_fd_sc_hd__inv_2)
                                                         _137_ (net)
                      0.111995    0.000164    1.838117 v _493_/A (sky130_fd_sc_hd__nand2_4)
     4    0.041832    0.204230    0.218065    2.056181 ^ _493_/Y (sky130_fd_sc_hd__nand2_4)
                                                         _286_ (net)
                      0.204237    0.001005    2.057187 ^ _597_/A (sky130_fd_sc_hd__nor2_4)
     8    0.056529    0.139005    0.207546    2.264733 v _597_/Y (sky130_fd_sc_hd__nor2_4)
                                                         _302_ (net)
                      0.139014    0.001247    2.265980 v _601_/S (sky130_fd_sc_hd__mux2_1)
     1    0.002882    0.073168    0.411566    2.677545 ^ _601_/X (sky130_fd_sc_hd__mux2_1)
                                                         _107_ (net)
                      0.073168    0.000037    2.677582 ^ _740_/D (sky130_fd_sc_hd__dfxtp_1)
                                              2.677582   data arrival time

                                  0.000000    0.000000   clock wr_clk (rise edge)
                                  0.000000    0.000000   clock source latency
     1    0.023797    0.176583    0.121462    0.121462 ^ wr_clk (in)
                                                         wr_clk (net)
                      0.176607    0.000000    0.121462 ^ clkbuf_0_wr_clk/A (sky130_fd_sc_hd__clkbuf_16)
    16    0.102935    0.180447    0.367202    0.488664 ^ clkbuf_0_wr_clk/X (sky130_fd_sc_hd__clkbuf_16)
                                                         clknet_0_wr_clk (net)
                      0.180470    0.002109    0.490773 ^ clkbuf_4_3_0_wr_clk/A (sky130_fd_sc_hd__clkbuf_8)
     9    0.033181    0.113527    0.315975    0.806748 ^ clkbuf_4_3_0_wr_clk/X (sky130_fd_sc_hd__clkbuf_8)
                                                         clknet_4_3_0_wr_clk (net)
                      0.113527    0.000144    0.806892 ^ _740_/CLK (sky130_fd_sc_hd__dfxtp_1)
                                  0.250000    1.056891   clock uncertainty
                                  0.000000    1.056891   clock reconvergence pessimism
                                 -0.065839    0.991053   library hold time
                                              0.991053   data required time
---------------------------------------------------------------------------------------------
                                              0.991053   data required time
                                             -2.677582   data arrival time
---------------------------------------------------------------------------------------------
                                              1.686530   slack (MET)


Startpoint: _758_ (rising edge-triggered flip-flop clocked by wr_clk)
Endpoint: _672_ (rising edge-triggered flip-flop clocked by wr_clk)
Path Group: wr_clk
Path Type: min

Fanout         Cap        Slew       Delay        Time   Description
---------------------------------------------------------------------------------------------
                                  0.000000    0.000000   clock wr_clk (rise edge)
                                  0.000000    0.000000   clock source latency
     1    0.023797    0.176583    0.121462    0.121462 ^ wr_clk (in)
                                                         wr_clk (net)
                      0.176607    0.000000    0.121462 ^ clkbuf_0_wr_clk/A (sky130_fd_sc_hd__clkbuf_16)
    16    0.102935    0.180447    0.367202    0.488664 ^ clkbuf_0_wr_clk/X (sky130_fd_sc_hd__clkbuf_16)
                                                         clknet_0_wr_clk (net)
                      0.180450    0.001181    0.489845 ^ clkbuf_4_13_0_wr_clk/A (sky130_fd_sc_hd__clkbuf_8)
     8    0.039976    0.129768    0.328448    0.818293 ^ clkbuf_4_13_0_wr_clk/X (sky130_fd_sc_hd__clkbuf_8)
                                                         clknet_4_13_0_wr_clk (net)
                      0.129770    0.000756    0.819049 ^ _758_/CLK (sky130_fd_sc_hd__dfrtp_1)
     5    0.017741    0.260891    0.821525    1.640574 ^ _758_/Q (sky130_fd_sc_hd__dfrtp_1)
                                                         wr_bin[1] (net)
                      0.260891    0.000222    1.640796 ^ _306_/A (sky130_fd_sc_hd__inv_2)
     4    0.020950    0.111995    0.197157    1.837953 v _306_/Y (sky130_fd_sc_hd__inv_2)
                                                         _137_ (net)
                      0.111995    0.000164    1.838117 v _493_/A (sky130_fd_sc_hd__nand2_4)
     4    0.041832    0.204230    0.218065    2.056181 ^ _493_/Y (sky130_fd_sc_hd__nand2_4)
                                                         _286_ (net)
                      0.204238    0.001037    2.057219 ^ _524_/A (sky130_fd_sc_hd__nor2_4)
     8    0.064090    0.155824    0.218503    2.275721 v _524_/Y (sky130_fd_sc_hd__nor2_4)
                                                         _293_ (net)
                      0.155824    0.000264    2.275985 v _525_/S (sky130_fd_sc_hd__mux2_1)
     1    0.002746    0.071605    0.418362    2.694347 ^ _525_/X (sky130_fd_sc_hd__mux2_1)
                                                         _040_ (net)
                      0.071605    0.000032    2.694380 ^ _672_/D (sky130_fd_sc_hd__dfxtp_1)
                                              2.694380   data arrival time

                                  0.000000    0.000000   clock wr_clk (rise edge)
                                  0.000000    0.000000   clock source latency
     1    0.023797    0.176583    0.121462    0.121462 ^ wr_clk (in)
                                                         wr_clk (net)
                      0.176607    0.000000    0.121462 ^ clkbuf_0_wr_clk/A (sky130_fd_sc_hd__clkbuf_16)
    16    0.102935    0.180447    0.367202    0.488664 ^ clkbuf_0_wr_clk/X (sky130_fd_sc_hd__clkbuf_16)
                                                         clknet_0_wr_clk (net)
                      0.180450    0.001181    0.489845 ^ clkbuf_4_13_0_wr_clk/A (sky130_fd_sc_hd__clkbuf_8)
     8    0.039976    0.129768    0.328448    0.818293 ^ clkbuf_4_13_0_wr_clk/X (sky130_fd_sc_hd__clkbuf_8)
                                                         clknet_4_13_0_wr_clk (net)
                      0.129768    0.000099    0.818392 ^ _672_/CLK (sky130_fd_sc_hd__dfxtp_1)
                                  0.250000    1.068392   clock uncertainty
                                  0.000000    1.068392   clock reconvergence pessimism
                                 -0.062894    1.005498   library hold time
                                              1.005498   data required time
---------------------------------------------------------------------------------------------
                                              1.005498   data required time
                                             -2.694380   data arrival time
---------------------------------------------------------------------------------------------
                                              1.688882   slack (MET)


Startpoint: _758_ (rising edge-triggered flip-flop clocked by wr_clk)
Endpoint: _804_ (rising edge-triggered flip-flop clocked by wr_clk)
Path Group: wr_clk
Path Type: min

Fanout         Cap        Slew       Delay        Time   Description
---------------------------------------------------------------------------------------------
                                  0.000000    0.000000   clock wr_clk (rise edge)
                                  0.000000    0.000000   clock source latency
     1    0.023797    0.176583    0.121462    0.121462 ^ wr_clk (in)
                                                         wr_clk (net)
                      0.176607    0.000000    0.121462 ^ clkbuf_0_wr_clk/A (sky130_fd_sc_hd__clkbuf_16)
    16    0.102935    0.180447    0.367202    0.488664 ^ clkbuf_0_wr_clk/X (sky130_fd_sc_hd__clkbuf_16)
                                                         clknet_0_wr_clk (net)
                      0.180450    0.001181    0.489845 ^ clkbuf_4_13_0_wr_clk/A (sky130_fd_sc_hd__clkbuf_8)
     8    0.039976    0.129768    0.328448    0.818293 ^ clkbuf_4_13_0_wr_clk/X (sky130_fd_sc_hd__clkbuf_8)
                                                         clknet_4_13_0_wr_clk (net)
                      0.129770    0.000756    0.819049 ^ _758_/CLK (sky130_fd_sc_hd__dfrtp_1)
     5    0.017741    0.260891    0.821525    1.640574 ^ _758_/Q (sky130_fd_sc_hd__dfrtp_1)
                                                         wr_bin[1] (net)
                      0.260891    0.000222    1.640796 ^ _306_/A (sky130_fd_sc_hd__inv_2)
     4    0.020950    0.111995    0.197157    1.837953 v _306_/Y (sky130_fd_sc_hd__inv_2)
                                                         _137_ (net)
                      0.111995    0.000164    1.838117 v _493_/A (sky130_fd_sc_hd__nand2_4)
     4    0.041832    0.204230    0.218065    2.056181 ^ _493_/Y (sky130_fd_sc_hd__nand2_4)
                                                         _286_ (net)
                      0.204232    0.000564    2.056746 ^ _623_/A (sky130_fd_sc_hd__nor2_4)
     8    0.067083    0.159653    0.222553    2.279298 v _623_/Y (sky130_fd_sc_hd__nor2_4)
                                                         _304_ (net)
                      0.159758    0.002016    2.281314 v _626_/S (sky130_fd_sc_hd__mux2_1)
     1    0.002316    0.066752    0.414970    2.696284 ^ _626_/X (sky130_fd_sc_hd__mux2_1)
                                                         _130_ (net)
                      0.066752    0.000026    2.696310 ^ _804_/D (sky130_fd_sc_hd__dfxtp_1)
                                              2.696310   data arrival time

                                  0.000000    0.000000   clock wr_clk (rise edge)
                                  0.000000    0.000000   clock source latency
     1    0.023797    0.176583    0.121462    0.121462 ^ wr_clk (in)
                                                         wr_clk (net)
                      0.176607    0.000000    0.121462 ^ clkbuf_0_wr_clk/A (sky130_fd_sc_hd__clkbuf_16)
    16    0.102935    0.180447    0.367202    0.488664 ^ clkbuf_0_wr_clk/X (sky130_fd_sc_hd__clkbuf_16)
                                                         clknet_0_wr_clk (net)
                      0.180479    0.002417    0.491081 ^ clkbuf_4_4_0_wr_clk/A (sky130_fd_sc_hd__clkbuf_8)
    13    0.039326    0.128224    0.327160    0.818241 ^ clkbuf_4_4_0_wr_clk/X (sky130_fd_sc_hd__clkbuf_8)
                                                         clknet_4_4_0_wr_clk (net)
                      0.128228    0.000883    0.819124 ^ _804_/CLK (sky130_fd_sc_hd__dfxtp_1)
                                  0.250000    1.069124   clock uncertainty
                                  0.000000    1.069124   clock reconvergence pessimism
                                 -0.062011    1.007113   library hold time
                                              1.007113   data required time
---------------------------------------------------------------------------------------------
                                              1.007113   data required time
                                             -2.696310   data arrival time
---------------------------------------------------------------------------------------------
                                              1.689197   slack (MET)


Startpoint: _758_ (rising edge-triggered flip-flop clocked by wr_clk)
Endpoint: _808_ (rising edge-triggered flip-flop clocked by wr_clk)
Path Group: wr_clk
Path Type: min

Fanout         Cap        Slew       Delay        Time   Description
---------------------------------------------------------------------------------------------
                                  0.000000    0.000000   clock wr_clk (rise edge)
                                  0.000000    0.000000   clock source latency
     1    0.023797    0.176583    0.121462    0.121462 ^ wr_clk (in)
                                                         wr_clk (net)
                      0.176607    0.000000    0.121462 ^ clkbuf_0_wr_clk/A (sky130_fd_sc_hd__clkbuf_16)
    16    0.102935    0.180447    0.367202    0.488664 ^ clkbuf_0_wr_clk/X (sky130_fd_sc_hd__clkbuf_16)
                                                         clknet_0_wr_clk (net)
                      0.180450    0.001181    0.489845 ^ clkbuf_4_13_0_wr_clk/A (sky130_fd_sc_hd__clkbuf_8)
     8    0.039976    0.129768    0.328448    0.818293 ^ clkbuf_4_13_0_wr_clk/X (sky130_fd_sc_hd__clkbuf_8)
                                                         clknet_4_13_0_wr_clk (net)
                      0.129770    0.000756    0.819049 ^ _758_/CLK (sky130_fd_sc_hd__dfrtp_1)
     5    0.017741    0.260891    0.821525    1.640574 ^ _758_/Q (sky130_fd_sc_hd__dfrtp_1)
                                                         wr_bin[1] (net)
                      0.260891    0.000222    1.640796 ^ _306_/A (sky130_fd_sc_hd__inv_2)
     4    0.020950    0.111995    0.197157    1.837953 v _306_/Y (sky130_fd_sc_hd__inv_2)
                                                         _137_ (net)
                      0.111995    0.000164    1.838117 v _493_/A (sky130_fd_sc_hd__nand2_4)
     4    0.041832    0.204230    0.218065    2.056181 ^ _493_/Y (sky130_fd_sc_hd__nand2_4)
                                                         _286_ (net)
                      0.204232    0.000564    2.056746 ^ _623_/A (sky130_fd_sc_hd__nor2_4)
     8    0.067083    0.159653    0.222553    2.279298 v _623_/Y (sky130_fd_sc_hd__nor2_4)
                                                         _304_ (net)
                      0.159740    0.001455    2.280753 v _630_/S (sky130_fd_sc_hd__mux2_1)
     1    0.002086    0.063940    0.412082    2.692835 ^ _630_/X (sky130_fd_sc_hd__mux2_1)
                                                         _134_ (net)
                      0.063940    0.000019    2.692854 ^ _808_/D (sky130_fd_sc_hd__dfxtp_1)
                                              2.692854   data arrival time

                                  0.000000    0.000000   clock wr_clk (rise edge)
                                  0.000000    0.000000   clock source latency
     1    0.023797    0.176583    0.121462    0.121462 ^ wr_clk (in)
                                                         wr_clk (net)
                      0.176607    0.000000    0.121462 ^ clkbuf_0_wr_clk/A (sky130_fd_sc_hd__clkbuf_16)
    16    0.102935    0.180447    0.367202    0.488664 ^ clkbuf_0_wr_clk/X (sky130_fd_sc_hd__clkbuf_16)
                                                         clknet_0_wr_clk (net)
                      0.180479    0.002398    0.491062 ^ clkbuf_4_5_0_wr_clk/A (sky130_fd_sc_hd__clkbuf_8)
    14    0.037173    0.123071    0.323131    0.814193 ^ clkbuf_4_5_0_wr_clk/X (sky130_fd_sc_hd__clkbuf_8)
                                                         clknet_4_5_0_wr_clk (net)
                      0.123074    0.000801    0.814994 ^ _808_/CLK (sky130_fd_sc_hd__dfxtp_1)
                                  0.250000    1.064994   clock uncertainty
                                  0.000000    1.064994   clock reconvergence pessimism
                                 -0.062176    1.002817   library hold time
                                              1.002817   data required time
---------------------------------------------------------------------------------------------
                                              1.002817   data required time
                                             -2.692854   data arrival time
---------------------------------------------------------------------------------------------
                                              1.690037   slack (MET)


Startpoint: _758_ (rising edge-triggered flip-flop clocked by wr_clk)
Endpoint: _802_ (rising edge-triggered flip-flop clocked by wr_clk)
Path Group: wr_clk
Path Type: min

Fanout         Cap        Slew       Delay        Time   Description
---------------------------------------------------------------------------------------------
                                  0.000000    0.000000   clock wr_clk (rise edge)
                                  0.000000    0.000000   clock source latency
     1    0.023797    0.176583    0.121462    0.121462 ^ wr_clk (in)
                                                         wr_clk (net)
                      0.176607    0.000000    0.121462 ^ clkbuf_0_wr_clk/A (sky130_fd_sc_hd__clkbuf_16)
    16    0.102935    0.180447    0.367202    0.488664 ^ clkbuf_0_wr_clk/X (sky130_fd_sc_hd__clkbuf_16)
                                                         clknet_0_wr_clk (net)
                      0.180450    0.001181    0.489845 ^ clkbuf_4_13_0_wr_clk/A (sky130_fd_sc_hd__clkbuf_8)
     8    0.039976    0.129768    0.328448    0.818293 ^ clkbuf_4_13_0_wr_clk/X (sky130_fd_sc_hd__clkbuf_8)
                                                         clknet_4_13_0_wr_clk (net)
                      0.129770    0.000756    0.819049 ^ _758_/CLK (sky130_fd_sc_hd__dfrtp_1)
     5    0.017741    0.260891    0.821525    1.640574 ^ _758_/Q (sky130_fd_sc_hd__dfrtp_1)
                                                         wr_bin[1] (net)
                      0.260891    0.000222    1.640796 ^ _306_/A (sky130_fd_sc_hd__inv_2)
     4    0.020950    0.111995    0.197157    1.837953 v _306_/Y (sky130_fd_sc_hd__inv_2)
                                                         _137_ (net)
                      0.111995    0.000164    1.838117 v _493_/A (sky130_fd_sc_hd__nand2_4)
     4    0.041832    0.204230    0.218065    2.056181 ^ _493_/Y (sky130_fd_sc_hd__nand2_4)
                                                         _286_ (net)
                      0.204232    0.000564    2.056746 ^ _623_/A (sky130_fd_sc_hd__nor2_4)
     8    0.067083    0.159653    0.222553    2.279298 v _623_/Y (sky130_fd_sc_hd__nor2_4)
                                                         _304_ (net)
                      0.159735    0.001245    2.280544 v _624_/S (sky130_fd_sc_hd__mux2_1)
     1    0.002121    0.064280    0.412514    2.693058 ^ _624_/X (sky130_fd_sc_hd__mux2_1)
                                                         _128_ (net)
                      0.064280    0.000020    2.693077 ^ _802_/D (sky130_fd_sc_hd__dfxtp_1)
                                              2.693077   data arrival time

                                  0.000000    0.000000   clock wr_clk (rise edge)
                                  0.000000    0.000000   clock source latency
     1    0.023797    0.176583    0.121462    0.121462 ^ wr_clk (in)
                                                         wr_clk (net)
                      0.176607    0.000000    0.121462 ^ clkbuf_0_wr_clk/A (sky130_fd_sc_hd__clkbuf_16)
    16    0.102935    0.180447    0.367202    0.488664 ^ clkbuf_0_wr_clk/X (sky130_fd_sc_hd__clkbuf_16)
                                                         clknet_0_wr_clk (net)
                      0.180474    0.002267    0.490931 ^ clkbuf_4_7_0_wr_clk/A (sky130_fd_sc_hd__clkbuf_8)
    11    0.037068    0.122796    0.323071    0.814001 ^ clkbuf_4_7_0_wr_clk/X (sky130_fd_sc_hd__clkbuf_8)
                                                         clknet_4_7_0_wr_clk (net)
                      0.122797    0.000656    0.814657 ^ _802_/CLK (sky130_fd_sc_hd__dfxtp_1)
                                  0.250000    1.064657   clock uncertainty
                                  0.000000    1.064657   clock reconvergence pessimism
                                 -0.062299    1.002358   library hold time
                                              1.002358   data required time
---------------------------------------------------------------------------------------------
                                              1.002358   data required time
                                             -2.693077   data arrival time
---------------------------------------------------------------------------------------------
                                              1.690719   slack (MET)


Startpoint: _758_ (rising edge-triggered flip-flop clocked by wr_clk)
Endpoint: _673_ (rising edge-triggered flip-flop clocked by wr_clk)
Path Group: wr_clk
Path Type: min

Fanout         Cap        Slew       Delay        Time   Description
---------------------------------------------------------------------------------------------
                                  0.000000    0.000000   clock wr_clk (rise edge)
                                  0.000000    0.000000   clock source latency
     1    0.023797    0.176583    0.121462    0.121462 ^ wr_clk (in)
                                                         wr_clk (net)
                      0.176607    0.000000    0.121462 ^ clkbuf_0_wr_clk/A (sky130_fd_sc_hd__clkbuf_16)
    16    0.102935    0.180447    0.367202    0.488664 ^ clkbuf_0_wr_clk/X (sky130_fd_sc_hd__clkbuf_16)
                                                         clknet_0_wr_clk (net)
                      0.180450    0.001181    0.489845 ^ clkbuf_4_13_0_wr_clk/A (sky130_fd_sc_hd__clkbuf_8)
     8    0.039976    0.129768    0.328448    0.818293 ^ clkbuf_4_13_0_wr_clk/X (sky130_fd_sc_hd__clkbuf_8)
                                                         clknet_4_13_0_wr_clk (net)
                      0.129770    0.000756    0.819049 ^ _758_/CLK (sky130_fd_sc_hd__dfrtp_1)
     5    0.017741    0.260891    0.821525    1.640574 ^ _758_/Q (sky130_fd_sc_hd__dfrtp_1)
                                                         wr_bin[1] (net)
                      0.260891    0.000222    1.640796 ^ _306_/A (sky130_fd_sc_hd__inv_2)
     4    0.020950    0.111995    0.197157    1.837953 v _306_/Y (sky130_fd_sc_hd__inv_2)
                                                         _137_ (net)
                      0.111995    0.000164    1.838117 v _493_/A (sky130_fd_sc_hd__nand2_4)
     4    0.041832    0.204230    0.218065    2.056181 ^ _493_/Y (sky130_fd_sc_hd__nand2_4)
                                                         _286_ (net)
                      0.204238    0.001037    2.057219 ^ _524_/A (sky130_fd_sc_hd__nor2_4)
     8    0.064090    0.155824    0.218503    2.275721 v _524_/Y (sky130_fd_sc_hd__nor2_4)
                                                         _293_ (net)
                      0.155915    0.001499    2.277220 v _526_/S (sky130_fd_sc_hd__mux2_1)
     1    0.002085    0.063932    0.410143    2.687363 ^ _526_/X (sky130_fd_sc_hd__mux2_1)
                                                         _041_ (net)
                      0.063932    0.000019    2.687382 ^ _673_/D (sky130_fd_sc_hd__dfxtp_1)
                                              2.687382   data arrival time

                                  0.000000    0.000000   clock wr_clk (rise edge)
                                  0.000000    0.000000   clock source latency
     1    0.023797    0.176583    0.121462    0.121462 ^ wr_clk (in)
                                                         wr_clk (net)
                      0.176607    0.000000    0.121462 ^ clkbuf_0_wr_clk/A (sky130_fd_sc_hd__clkbuf_16)
    16    0.102935    0.180447    0.367202    0.488664 ^ clkbuf_0_wr_clk/X (sky130_fd_sc_hd__clkbuf_16)
                                                         clknet_0_wr_clk (net)
                      0.180447    0.000890    0.489554 ^ clkbuf_4_9_0_wr_clk/A (sky130_fd_sc_hd__clkbuf_8)
    10    0.035146    0.118197    0.319590    0.809144 ^ clkbuf_4_9_0_wr_clk/X (sky130_fd_sc_hd__clkbuf_8)
                                                         clknet_4_9_0_wr_clk (net)
                      0.118197    0.000123    0.809267 ^ _673_/CLK (sky130_fd_sc_hd__dfxtp_1)
                                  0.250000    1.059267   clock uncertainty
                                  0.000000    1.059267   clock reconvergence pessimism
                                 -0.062950    0.996317   library hold time
                                              0.996317   data required time
---------------------------------------------------------------------------------------------
                                              0.996317   data required time
                                             -2.687382   data arrival time
---------------------------------------------------------------------------------------------
                                              1.691065   slack (MET)


Startpoint: _758_ (rising edge-triggered flip-flop clocked by wr_clk)
Endpoint: _676_ (rising edge-triggered flip-flop clocked by wr_clk)
Path Group: wr_clk
Path Type: min

Fanout         Cap        Slew       Delay        Time   Description
---------------------------------------------------------------------------------------------
                                  0.000000    0.000000   clock wr_clk (rise edge)
                                  0.000000    0.000000   clock source latency
     1    0.023797    0.176583    0.121462    0.121462 ^ wr_clk (in)
                                                         wr_clk (net)
                      0.176607    0.000000    0.121462 ^ clkbuf_0_wr_clk/A (sky130_fd_sc_hd__clkbuf_16)
    16    0.102935    0.180447    0.367202    0.488664 ^ clkbuf_0_wr_clk/X (sky130_fd_sc_hd__clkbuf_16)
                                                         clknet_0_wr_clk (net)
                      0.180450    0.001181    0.489845 ^ clkbuf_4_13_0_wr_clk/A (sky130_fd_sc_hd__clkbuf_8)
     8    0.039976    0.129768    0.328448    0.818293 ^ clkbuf_4_13_0_wr_clk/X (sky130_fd_sc_hd__clkbuf_8)
                                                         clknet_4_13_0_wr_clk (net)
                      0.129770    0.000756    0.819049 ^ _758_/CLK (sky130_fd_sc_hd__dfrtp_1)
     5    0.017741    0.260891    0.821525    1.640574 ^ _758_/Q (sky130_fd_sc_hd__dfrtp_1)
                                                         wr_bin[1] (net)
                      0.260891    0.000222    1.640796 ^ _306_/A (sky130_fd_sc_hd__inv_2)
     4    0.020950    0.111995    0.197157    1.837953 v _306_/Y (sky130_fd_sc_hd__inv_2)
                                                         _137_ (net)
                      0.111995    0.000164    1.838117 v _493_/A (sky130_fd_sc_hd__nand2_4)
     4    0.041832    0.204230    0.218065    2.056181 ^ _493_/Y (sky130_fd_sc_hd__nand2_4)
                                                         _286_ (net)
                      0.204238    0.001037    2.057219 ^ _524_/A (sky130_fd_sc_hd__nor2_4)
     8    0.064090    0.155824    0.218503    2.275721 v _524_/Y (sky130_fd_sc_hd__nor2_4)
                                                         _293_ (net)
                      0.155948    0.002381    2.278102 v _529_/S (sky130_fd_sc_hd__mux2_1)
     1    0.002622    0.070192    0.416868    2.694969 ^ _529_/X (sky130_fd_sc_hd__mux2_1)
                                                         _044_ (net)
                      0.070192    0.000032    2.695001 ^ _676_/D (sky130_fd_sc_hd__dfxtp_1)
                                              2.695001   data arrival time

                                  0.000000    0.000000   clock wr_clk (rise edge)
                                  0.000000    0.000000   clock source latency
     1    0.023797    0.176583    0.121462    0.121462 ^ wr_clk (in)
                                                         wr_clk (net)
                      0.176607    0.000000    0.121462 ^ clkbuf_0_wr_clk/A (sky130_fd_sc_hd__clkbuf_16)
    16    0.102935    0.180447    0.367202    0.488664 ^ clkbuf_0_wr_clk/X (sky130_fd_sc_hd__clkbuf_16)
                                                         clknet_0_wr_clk (net)
                      0.180447    0.000807    0.489471 ^ clkbuf_4_10_0_wr_clk/A (sky130_fd_sc_hd__clkbuf_8)
    13    0.038401    0.125998    0.325442    0.814912 ^ clkbuf_4_10_0_wr_clk/X (sky130_fd_sc_hd__clkbuf_8)
                                                         clknet_4_10_0_wr_clk (net)
                      0.126000    0.000753    0.815666 ^ _676_/CLK (sky130_fd_sc_hd__dfxtp_1)
                                  0.250000    1.065666   clock uncertainty
                                  0.000000    1.065666   clock reconvergence pessimism
                                 -0.063165    1.002501   library hold time
                                              1.002501   data required time
---------------------------------------------------------------------------------------------
                                              1.002501   data required time
                                             -2.695001   data arrival time
---------------------------------------------------------------------------------------------
                                              1.692500   slack (MET)


Startpoint: _758_ (rising edge-triggered flip-flop clocked by wr_clk)
Endpoint: _677_ (rising edge-triggered flip-flop clocked by wr_clk)
Path Group: wr_clk
Path Type: min

Fanout         Cap        Slew       Delay        Time   Description
---------------------------------------------------------------------------------------------
                                  0.000000    0.000000   clock wr_clk (rise edge)
                                  0.000000    0.000000   clock source latency
     1    0.023797    0.176583    0.121462    0.121462 ^ wr_clk (in)
                                                         wr_clk (net)
                      0.176607    0.000000    0.121462 ^ clkbuf_0_wr_clk/A (sky130_fd_sc_hd__clkbuf_16)
    16    0.102935    0.180447    0.367202    0.488664 ^ clkbuf_0_wr_clk/X (sky130_fd_sc_hd__clkbuf_16)
                                                         clknet_0_wr_clk (net)
                      0.180450    0.001181    0.489845 ^ clkbuf_4_13_0_wr_clk/A (sky130_fd_sc_hd__clkbuf_8)
     8    0.039976    0.129768    0.328448    0.818293 ^ clkbuf_4_13_0_wr_clk/X (sky130_fd_sc_hd__clkbuf_8)
                                                         clknet_4_13_0_wr_clk (net)
                      0.129770    0.000756    0.819049 ^ _758_/CLK (sky130_fd_sc_hd__dfrtp_1)
     5    0.017741    0.260891    0.821525    1.640574 ^ _758_/Q (sky130_fd_sc_hd__dfrtp_1)
                                                         wr_bin[1] (net)
                      0.260891    0.000222    1.640796 ^ _306_/A (sky130_fd_sc_hd__inv_2)
     4    0.020950    0.111995    0.197157    1.837953 v _306_/Y (sky130_fd_sc_hd__inv_2)
                                                         _137_ (net)
                      0.111995    0.000164    1.838117 v _493_/A (sky130_fd_sc_hd__nand2_4)
     4    0.041832    0.204230    0.218065    2.056181 ^ _493_/Y (sky130_fd_sc_hd__nand2_4)
                                                         _286_ (net)
                      0.204238    0.001037    2.057219 ^ _524_/A (sky130_fd_sc_hd__nor2_4)
     8    0.064090    0.155824    0.218503    2.275721 v _524_/Y (sky130_fd_sc_hd__nor2_4)
                                                         _293_ (net)
                      0.155972    0.002842    2.278563 v _530_/S (sky130_fd_sc_hd__mux2_1)
     1    0.002564    0.069538    0.416153    2.694716 ^ _530_/X (sky130_fd_sc_hd__mux2_1)
                                                         _045_ (net)
                      0.069538    0.000030    2.694746 ^ _677_/D (sky130_fd_sc_hd__dfxtp_1)
                                              2.694746   data arrival time

                                  0.000000    0.000000   clock wr_clk (rise edge)
                                  0.000000    0.000000   clock source latency
     1    0.023797    0.176583    0.121462    0.121462 ^ wr_clk (in)
                                                         wr_clk (net)
                      0.176607    0.000000    0.121462 ^ clkbuf_0_wr_clk/A (sky130_fd_sc_hd__clkbuf_16)
    16    0.102935    0.180447    0.367202    0.488664 ^ clkbuf_0_wr_clk/X (sky130_fd_sc_hd__clkbuf_16)
                                                         clknet_0_wr_clk (net)
                      0.180470    0.002139    0.490803 ^ clkbuf_4_2_0_wr_clk/A (sky130_fd_sc_hd__clkbuf_8)
    13    0.037228    0.123056    0.323144    0.813947 ^ clkbuf_4_2_0_wr_clk/X (sky130_fd_sc_hd__clkbuf_8)
                                                         clknet_4_2_0_wr_clk (net)
                      0.123063    0.001056    0.815003 ^ _677_/CLK (sky130_fd_sc_hd__dfxtp_1)
                                  0.250000    1.065003   clock uncertainty
                                  0.000000    1.065003   clock reconvergence pessimism
                                 -0.063479    1.001523   library hold time
                                              1.001523   data required time
---------------------------------------------------------------------------------------------
                                              1.001523   data required time
                                             -2.694746   data arrival time
---------------------------------------------------------------------------------------------
                                              1.693223   slack (MET)


Startpoint: _758_ (rising edge-triggered flip-flop clocked by wr_clk)
Endpoint: _675_ (rising edge-triggered flip-flop clocked by wr_clk)
Path Group: wr_clk
Path Type: min

Fanout         Cap        Slew       Delay        Time   Description
---------------------------------------------------------------------------------------------
                                  0.000000    0.000000   clock wr_clk (rise edge)
                                  0.000000    0.000000   clock source latency
     1    0.023797    0.176583    0.121462    0.121462 ^ wr_clk (in)
                                                         wr_clk (net)
                      0.176607    0.000000    0.121462 ^ clkbuf_0_wr_clk/A (sky130_fd_sc_hd__clkbuf_16)
    16    0.102935    0.180447    0.367202    0.488664 ^ clkbuf_0_wr_clk/X (sky130_fd_sc_hd__clkbuf_16)
                                                         clknet_0_wr_clk (net)
                      0.180450    0.001181    0.489845 ^ clkbuf_4_13_0_wr_clk/A (sky130_fd_sc_hd__clkbuf_8)
     8    0.039976    0.129768    0.328448    0.818293 ^ clkbuf_4_13_0_wr_clk/X (sky130_fd_sc_hd__clkbuf_8)
                                                         clknet_4_13_0_wr_clk (net)
                      0.129770    0.000756    0.819049 ^ _758_/CLK (sky130_fd_sc_hd__dfrtp_1)
     5    0.017741    0.260891    0.821525    1.640574 ^ _758_/Q (sky130_fd_sc_hd__dfrtp_1)
                                                         wr_bin[1] (net)
                      0.260891    0.000222    1.640796 ^ _306_/A (sky130_fd_sc_hd__inv_2)
     4    0.020950    0.111995    0.197157    1.837953 v _306_/Y (sky130_fd_sc_hd__inv_2)
                                                         _137_ (net)
                      0.111995    0.000164    1.838117 v _493_/A (sky130_fd_sc_hd__nand2_4)
     4    0.041832    0.204230    0.218065    2.056181 ^ _493_/Y (sky130_fd_sc_hd__nand2_4)
                                                         _286_ (net)
                      0.204238    0.001037    2.057219 ^ _524_/A (sky130_fd_sc_hd__nor2_4)
     8    0.064090    0.155824    0.218503    2.275721 v _524_/Y (sky130_fd_sc_hd__nor2_4)
                                                         _293_ (net)
                      0.155966    0.002727    2.278448 v _528_/S (sky130_fd_sc_hd__mux2_1)
     1    0.002874    0.073085    0.420032    2.698481 ^ _528_/X (sky130_fd_sc_hd__mux2_1)
                                                         _043_ (net)
                      0.073085    0.000036    2.698517 ^ _675_/D (sky130_fd_sc_hd__dfxtp_1)
                                              2.698517   data arrival time

                                  0.000000    0.000000   clock wr_clk (rise edge)
                                  0.000000    0.000000   clock source latency
     1    0.023797    0.176583    0.121462    0.121462 ^ wr_clk (in)
                                                         wr_clk (net)
                      0.176607    0.000000    0.121462 ^ clkbuf_0_wr_clk/A (sky130_fd_sc_hd__clkbuf_16)
    16    0.102935    0.180447    0.367202    0.488664 ^ clkbuf_0_wr_clk/X (sky130_fd_sc_hd__clkbuf_16)
                                                         clknet_0_wr_clk (net)
                      0.180447    0.000807    0.489471 ^ clkbuf_4_10_0_wr_clk/A (sky130_fd_sc_hd__clkbuf_8)
    13    0.038401    0.125998    0.325442    0.814912 ^ clkbuf_4_10_0_wr_clk/X (sky130_fd_sc_hd__clkbuf_8)
                                                         clknet_4_10_0_wr_clk (net)
                      0.126001    0.000832    0.815745 ^ _675_/CLK (sky130_fd_sc_hd__dfxtp_1)
                                  0.250000    1.065745   clock uncertainty
                                  0.000000    1.065745   clock reconvergence pessimism
                                 -0.063837    1.001908   library hold time
                                              1.001908   data required time
---------------------------------------------------------------------------------------------
                                              1.001908   data required time
                                             -2.698517   data arrival time
---------------------------------------------------------------------------------------------
                                              1.696609   slack (MET)


Startpoint: _758_ (rising edge-triggered flip-flop clocked by wr_clk)
Endpoint: _738_ (rising edge-triggered flip-flop clocked by wr_clk)
Path Group: wr_clk
Path Type: min

Fanout         Cap        Slew       Delay        Time   Description
---------------------------------------------------------------------------------------------
                                  0.000000    0.000000   clock wr_clk (rise edge)
                                  0.000000    0.000000   clock source latency
     1    0.023797    0.176583    0.121462    0.121462 ^ wr_clk (in)
                                                         wr_clk (net)
                      0.176607    0.000000    0.121462 ^ clkbuf_0_wr_clk/A (sky130_fd_sc_hd__clkbuf_16)
    16    0.102935    0.180447    0.367202    0.488664 ^ clkbuf_0_wr_clk/X (sky130_fd_sc_hd__clkbuf_16)
                                                         clknet_0_wr_clk (net)
                      0.180450    0.001181    0.489845 ^ clkbuf_4_13_0_wr_clk/A (sky130_fd_sc_hd__clkbuf_8)
     8    0.039976    0.129768    0.328448    0.818293 ^ clkbuf_4_13_0_wr_clk/X (sky130_fd_sc_hd__clkbuf_8)
                                                         clknet_4_13_0_wr_clk (net)
                      0.129770    0.000756    0.819049 ^ _758_/CLK (sky130_fd_sc_hd__dfrtp_1)
     5    0.017741    0.260891    0.821525    1.640574 ^ _758_/Q (sky130_fd_sc_hd__dfrtp_1)
                                                         wr_bin[1] (net)
                      0.260891    0.000222    1.640796 ^ _306_/A (sky130_fd_sc_hd__inv_2)
     4    0.020950    0.111995    0.197157    1.837953 v _306_/Y (sky130_fd_sc_hd__inv_2)
                                                         _137_ (net)
                      0.111995    0.000164    1.838117 v _493_/A (sky130_fd_sc_hd__nand2_4)
     4    0.041832    0.204230    0.218065    2.056181 ^ _493_/Y (sky130_fd_sc_hd__nand2_4)
                                                         _286_ (net)
                      0.204237    0.001005    2.057187 ^ _597_/A (sky130_fd_sc_hd__nor2_4)
     8    0.056529    0.139005    0.207546    2.264733 v _597_/Y (sky130_fd_sc_hd__nor2_4)
                                                         _302_ (net)
                      0.139009    0.000949    2.265682 v _599_/S (sky130_fd_sc_hd__mux2_1)
     1    0.003377    0.079093    0.417753    2.683434 ^ _599_/X (sky130_fd_sc_hd__mux2_1)
                                                         _105_ (net)
                      0.079093    0.000052    2.683487 ^ _738_/D (sky130_fd_sc_hd__dfxtp_1)
                                              2.683487   data arrival time

                                  0.000000    0.000000   clock wr_clk (rise edge)
                                  0.000000    0.000000   clock source latency
     1    0.023797    0.176583    0.121462    0.121462 ^ wr_clk (in)
                                                         wr_clk (net)
                      0.176607    0.000000    0.121462 ^ clkbuf_0_wr_clk/A (sky130_fd_sc_hd__clkbuf_16)
    16    0.102935    0.180447    0.367202    0.488664 ^ clkbuf_0_wr_clk/X (sky130_fd_sc_hd__clkbuf_16)
                                                         clknet_0_wr_clk (net)
                      0.180448    0.000930    0.489594 ^ clkbuf_4_8_0_wr_clk/A (sky130_fd_sc_hd__clkbuf_8)
     7    0.032370    0.111612    0.314391    0.803984 ^ clkbuf_4_8_0_wr_clk/X (sky130_fd_sc_hd__clkbuf_8)
                                                         clknet_4_8_0_wr_clk (net)
                      0.111612    0.000371    0.804355 ^ _738_/CLK (sky130_fd_sc_hd__dfxtp_1)
                                  0.250000    1.054355   clock uncertainty
                                  0.000000    1.054355   clock reconvergence pessimism
                                 -0.067521    0.986834   library hold time
                                              0.986834   data required time
---------------------------------------------------------------------------------------------
                                              0.986834   data required time
                                             -2.683487   data arrival time
---------------------------------------------------------------------------------------------
                                              1.696653   slack (MET)


Startpoint: _758_ (rising edge-triggered flip-flop clocked by wr_clk)
Endpoint: _806_ (rising edge-triggered flip-flop clocked by wr_clk)
Path Group: wr_clk
Path Type: min

Fanout         Cap        Slew       Delay        Time   Description
---------------------------------------------------------------------------------------------
                                  0.000000    0.000000   clock wr_clk (rise edge)
                                  0.000000    0.000000   clock source latency
     1    0.023797    0.176583    0.121462    0.121462 ^ wr_clk (in)
                                                         wr_clk (net)
                      0.176607    0.000000    0.121462 ^ clkbuf_0_wr_clk/A (sky130_fd_sc_hd__clkbuf_16)
    16    0.102935    0.180447    0.367202    0.488664 ^ clkbuf_0_wr_clk/X (sky130_fd_sc_hd__clkbuf_16)
                                                         clknet_0_wr_clk (net)
                      0.180450    0.001181    0.489845 ^ clkbuf_4_13_0_wr_clk/A (sky130_fd_sc_hd__clkbuf_8)
     8    0.039976    0.129768    0.328448    0.818293 ^ clkbuf_4_13_0_wr_clk/X (sky130_fd_sc_hd__clkbuf_8)
                                                         clknet_4_13_0_wr_clk (net)
                      0.129770    0.000756    0.819049 ^ _758_/CLK (sky130_fd_sc_hd__dfrtp_1)
     5    0.017741    0.260891    0.821525    1.640574 ^ _758_/Q (sky130_fd_sc_hd__dfrtp_1)
                                                         wr_bin[1] (net)
                      0.260891    0.000222    1.640796 ^ _306_/A (sky130_fd_sc_hd__inv_2)
     4    0.020950    0.111995    0.197157    1.837953 v _306_/Y (sky130_fd_sc_hd__inv_2)
                                                         _137_ (net)
                      0.111995    0.000164    1.838117 v _493_/A (sky130_fd_sc_hd__nand2_4)
     4    0.041832    0.204230    0.218065    2.056181 ^ _493_/Y (sky130_fd_sc_hd__nand2_4)
                                                         _286_ (net)
                      0.204232    0.000564    2.056746 ^ _623_/A (sky130_fd_sc_hd__nor2_4)
     8    0.067083    0.159653    0.222553    2.279298 v _623_/Y (sky130_fd_sc_hd__nor2_4)
                                                         _304_ (net)
                      0.159832    0.003433    2.282732 v _628_/S (sky130_fd_sc_hd__mux2_1)
     1    0.002555    0.069447    0.417999    2.700731 ^ _628_/X (sky130_fd_sc_hd__mux2_1)
                                                         _132_ (net)
                      0.069447    0.000031    2.700762 ^ _806_/D (sky130_fd_sc_hd__dfxtp_1)
                                              2.700762   data arrival time

                                  0.000000    0.000000   clock wr_clk (rise edge)
                                  0.000000    0.000000   clock source latency
     1    0.023797    0.176583    0.121462    0.121462 ^ wr_clk (in)
                                                         wr_clk (net)
                      0.176607    0.000000    0.121462 ^ clkbuf_0_wr_clk/A (sky130_fd_sc_hd__clkbuf_16)
    16    0.102935    0.180447    0.367202    0.488664 ^ clkbuf_0_wr_clk/X (sky130_fd_sc_hd__clkbuf_16)
                                                         clknet_0_wr_clk (net)
                      0.180447    0.000807    0.489471 ^ clkbuf_4_10_0_wr_clk/A (sky130_fd_sc_hd__clkbuf_8)
    13    0.038401    0.125998    0.325442    0.814912 ^ clkbuf_4_10_0_wr_clk/X (sky130_fd_sc_hd__clkbuf_8)
                                                         clknet_4_10_0_wr_clk (net)
                      0.126003    0.000978    0.815891 ^ _806_/CLK (sky130_fd_sc_hd__dfxtp_1)
                                  0.250000    1.065891   clock uncertainty
                                  0.000000    1.065891   clock reconvergence pessimism
                                 -0.062991    1.002900   library hold time
                                              1.002900   data required time
---------------------------------------------------------------------------------------------
                                              1.002900   data required time
                                             -2.700762   data arrival time
---------------------------------------------------------------------------------------------
                                              1.697862   slack (MET)


Startpoint: _758_ (rising edge-triggered flip-flop clocked by wr_clk)
Endpoint: _807_ (rising edge-triggered flip-flop clocked by wr_clk)
Path Group: wr_clk
Path Type: min

Fanout         Cap        Slew       Delay        Time   Description
---------------------------------------------------------------------------------------------
                                  0.000000    0.000000   clock wr_clk (rise edge)
                                  0.000000    0.000000   clock source latency
     1    0.023797    0.176583    0.121462    0.121462 ^ wr_clk (in)
                                                         wr_clk (net)
                      0.176607    0.000000    0.121462 ^ clkbuf_0_wr_clk/A (sky130_fd_sc_hd__clkbuf_16)
    16    0.102935    0.180447    0.367202    0.488664 ^ clkbuf_0_wr_clk/X (sky130_fd_sc_hd__clkbuf_16)
                                                         clknet_0_wr_clk (net)
                      0.180450    0.001181    0.489845 ^ clkbuf_4_13_0_wr_clk/A (sky130_fd_sc_hd__clkbuf_8)
     8    0.039976    0.129768    0.328448    0.818293 ^ clkbuf_4_13_0_wr_clk/X (sky130_fd_sc_hd__clkbuf_8)
                                                         clknet_4_13_0_wr_clk (net)
                      0.129770    0.000756    0.819049 ^ _758_/CLK (sky130_fd_sc_hd__dfrtp_1)
     5    0.017741    0.260891    0.821525    1.640574 ^ _758_/Q (sky130_fd_sc_hd__dfrtp_1)
                                                         wr_bin[1] (net)
                      0.260891    0.000222    1.640796 ^ _306_/A (sky130_fd_sc_hd__inv_2)
     4    0.020950    0.111995    0.197157    1.837953 v _306_/Y (sky130_fd_sc_hd__inv_2)
                                                         _137_ (net)
                      0.111995    0.000164    1.838117 v _493_/A (sky130_fd_sc_hd__nand2_4)
     4    0.041832    0.204230    0.218065    2.056181 ^ _493_/Y (sky130_fd_sc_hd__nand2_4)
                                                         _286_ (net)
                      0.204232    0.000564    2.056746 ^ _623_/A (sky130_fd_sc_hd__nor2_4)
     8    0.067083    0.159653    0.222553    2.279298 v _623_/Y (sky130_fd_sc_hd__nor2_4)
                                                         _304_ (net)
                      0.159847    0.003643    2.282941 v _629_/S (sky130_fd_sc_hd__mux2_1)
     1    0.002575    0.069667    0.418254    2.701195 ^ _629_/X (sky130_fd_sc_hd__mux2_1)
                                                         _133_ (net)
                      0.069667    0.000022    2.701217 ^ _807_/D (sky130_fd_sc_hd__dfxtp_1)
                                              2.701217   data arrival time

                                  0.000000    0.000000   clock wr_clk (rise edge)
                                  0.000000    0.000000   clock source latency
     1    0.023797    0.176583    0.121462    0.121462 ^ wr_clk (in)
                                                         wr_clk (net)
                      0.176607    0.000000    0.121462 ^ clkbuf_0_wr_clk/A (sky130_fd_sc_hd__clkbuf_16)
    16    0.102935    0.180447    0.367202    0.488664 ^ clkbuf_0_wr_clk/X (sky130_fd_sc_hd__clkbuf_16)
                                                         clknet_0_wr_clk (net)
                      0.180477    0.002344    0.491008 ^ clkbuf_4_0_0_wr_clk/A (sky130_fd_sc_hd__clkbuf_8)
    14    0.037818    0.124461    0.324214    0.815222 ^ clkbuf_4_0_0_wr_clk/X (sky130_fd_sc_hd__clkbuf_8)
                                                         clknet_4_0_0_wr_clk (net)
                      0.124473    0.001288    0.816510 ^ _807_/CLK (sky130_fd_sc_hd__dfxtp_1)
                                  0.250000    1.066510   clock uncertainty
                                  0.000000    1.066510   clock reconvergence pessimism
                                 -0.063285    1.003225   library hold time
                                              1.003225   data required time
---------------------------------------------------------------------------------------------
                                              1.003225   data required time
                                             -2.701217   data arrival time
---------------------------------------------------------------------------------------------
                                              1.697992   slack (MET)


Startpoint: _758_ (rising edge-triggered flip-flop clocked by wr_clk)
Endpoint: _805_ (rising edge-triggered flip-flop clocked by wr_clk)
Path Group: wr_clk
Path Type: min

Fanout         Cap        Slew       Delay        Time   Description
---------------------------------------------------------------------------------------------
                                  0.000000    0.000000   clock wr_clk (rise edge)
                                  0.000000    0.000000   clock source latency
     1    0.023797    0.176583    0.121462    0.121462 ^ wr_clk (in)
                                                         wr_clk (net)
                      0.176607    0.000000    0.121462 ^ clkbuf_0_wr_clk/A (sky130_fd_sc_hd__clkbuf_16)
    16    0.102935    0.180447    0.367202    0.488664 ^ clkbuf_0_wr_clk/X (sky130_fd_sc_hd__clkbuf_16)
                                                         clknet_0_wr_clk (net)
                      0.180450    0.001181    0.489845 ^ clkbuf_4_13_0_wr_clk/A (sky130_fd_sc_hd__clkbuf_8)
     8    0.039976    0.129768    0.328448    0.818293 ^ clkbuf_4_13_0_wr_clk/X (sky130_fd_sc_hd__clkbuf_8)
                                                         clknet_4_13_0_wr_clk (net)
                      0.129770    0.000756    0.819049 ^ _758_/CLK (sky130_fd_sc_hd__dfrtp_1)
     5    0.017741    0.260891    0.821525    1.640574 ^ _758_/Q (sky130_fd_sc_hd__dfrtp_1)
                                                         wr_bin[1] (net)
                      0.260891    0.000222    1.640796 ^ _306_/A (sky130_fd_sc_hd__inv_2)
     4    0.020950    0.111995    0.197157    1.837953 v _306_/Y (sky130_fd_sc_hd__inv_2)
                                                         _137_ (net)
                      0.111995    0.000164    1.838117 v _493_/A (sky130_fd_sc_hd__nand2_4)
     4    0.041832    0.204230    0.218065    2.056181 ^ _493_/Y (sky130_fd_sc_hd__nand2_4)
                                                         _286_ (net)
                      0.204232    0.000564    2.056746 ^ _623_/A (sky130_fd_sc_hd__nor2_4)
     8    0.067083    0.159653    0.222553    2.279298 v _623_/Y (sky130_fd_sc_hd__nor2_4)
                                                         _304_ (net)
                      0.159835    0.003472    2.282771 v _627_/S (sky130_fd_sc_hd__mux2_1)
     1    0.002570    0.069612    0.418185    2.700956 ^ _627_/X (sky130_fd_sc_hd__mux2_1)
                                                         _131_ (net)
                      0.069612    0.000030    2.700986 ^ _805_/D (sky130_fd_sc_hd__dfxtp_1)
                                              2.700986   data arrival time

                                  0.000000    0.000000   clock wr_clk (rise edge)
                                  0.000000    0.000000   clock source latency
     1    0.023797    0.176583    0.121462    0.121462 ^ wr_clk (in)
                                                         wr_clk (net)
                      0.176607    0.000000    0.121462 ^ clkbuf_0_wr_clk/A (sky130_fd_sc_hd__clkbuf_16)
    16    0.102935    0.180447    0.367202    0.488664 ^ clkbuf_0_wr_clk/X (sky130_fd_sc_hd__clkbuf_16)
                                                         clknet_0_wr_clk (net)
                      0.180470    0.002139    0.490803 ^ clkbuf_4_2_0_wr_clk/A (sky130_fd_sc_hd__clkbuf_8)
    13    0.037228    0.123056    0.323144    0.813947 ^ clkbuf_4_2_0_wr_clk/X (sky130_fd_sc_hd__clkbuf_8)
                                                         clknet_4_2_0_wr_clk (net)
                      0.123065    0.001175    0.815121 ^ _805_/CLK (sky130_fd_sc_hd__dfxtp_1)
                                  0.250000    1.065121   clock uncertainty
                                  0.000000    1.065121   clock reconvergence pessimism
                                 -0.063496    1.001625   library hold time
                                              1.001625   data required time
---------------------------------------------------------------------------------------------
                                              1.001625   data required time
                                             -2.700986   data arrival time
---------------------------------------------------------------------------------------------
                                              1.699361   slack (MET)


Startpoint: _758_ (rising edge-triggered flip-flop clocked by wr_clk)
Endpoint: _674_ (rising edge-triggered flip-flop clocked by wr_clk)
Path Group: wr_clk
Path Type: min

Fanout         Cap        Slew       Delay        Time   Description
---------------------------------------------------------------------------------------------
                                  0.000000    0.000000   clock wr_clk (rise edge)
                                  0.000000    0.000000   clock source latency
     1    0.023797    0.176583    0.121462    0.121462 ^ wr_clk (in)
                                                         wr_clk (net)
                      0.176607    0.000000    0.121462 ^ clkbuf_0_wr_clk/A (sky130_fd_sc_hd__clkbuf_16)
    16    0.102935    0.180447    0.367202    0.488664 ^ clkbuf_0_wr_clk/X (sky130_fd_sc_hd__clkbuf_16)
                                                         clknet_0_wr_clk (net)
                      0.180450    0.001181    0.489845 ^ clkbuf_4_13_0_wr_clk/A (sky130_fd_sc_hd__clkbuf_8)
     8    0.039976    0.129768    0.328448    0.818293 ^ clkbuf_4_13_0_wr_clk/X (sky130_fd_sc_hd__clkbuf_8)
                                                         clknet_4_13_0_wr_clk (net)
                      0.129770    0.000756    0.819049 ^ _758_/CLK (sky130_fd_sc_hd__dfrtp_1)
     5    0.017741    0.260891    0.821525    1.640574 ^ _758_/Q (sky130_fd_sc_hd__dfrtp_1)
                                                         wr_bin[1] (net)
                      0.260891    0.000222    1.640796 ^ _306_/A (sky130_fd_sc_hd__inv_2)
     4    0.020950    0.111995    0.197157    1.837953 v _306_/Y (sky130_fd_sc_hd__inv_2)
                                                         _137_ (net)
                      0.111995    0.000164    1.838117 v _493_/A (sky130_fd_sc_hd__nand2_4)
     4    0.041832    0.204230    0.218065    2.056181 ^ _493_/Y (sky130_fd_sc_hd__nand2_4)
                                                         _286_ (net)
                      0.204238    0.001037    2.057219 ^ _524_/A (sky130_fd_sc_hd__nor2_4)
     8    0.064090    0.155824    0.218503    2.275721 v _524_/Y (sky130_fd_sc_hd__nor2_4)
                                                         _293_ (net)
                      0.155927    0.001873    2.277594 v _527_/S (sky130_fd_sc_hd__mux2_1)
     1    0.002819    0.072446    0.419325    2.696919 ^ _527_/X (sky130_fd_sc_hd__mux2_1)
                                                         _042_ (net)
                      0.072446    0.000035    2.696953 ^ _674_/D (sky130_fd_sc_hd__dfxtp_1)
                                              2.696953   data arrival time

                                  0.000000    0.000000   clock wr_clk (rise edge)
                                  0.000000    0.000000   clock source latency
     1    0.023797    0.176583    0.121462    0.121462 ^ wr_clk (in)
                                                         wr_clk (net)
                      0.176607    0.000000    0.121462 ^ clkbuf_0_wr_clk/A (sky130_fd_sc_hd__clkbuf_16)
    16    0.102935    0.180447    0.367202    0.488664 ^ clkbuf_0_wr_clk/X (sky130_fd_sc_hd__clkbuf_16)
                                                         clknet_0_wr_clk (net)
                      0.180447    0.000890    0.489554 ^ clkbuf_4_9_0_wr_clk/A (sky130_fd_sc_hd__clkbuf_8)
    10    0.035146    0.118197    0.319590    0.809144 ^ clkbuf_4_9_0_wr_clk/X (sky130_fd_sc_hd__clkbuf_8)
                                                         clknet_4_9_0_wr_clk (net)
                      0.118197    0.000485    0.809629 ^ _674_/CLK (sky130_fd_sc_hd__dfxtp_1)
                                  0.250000    1.059630   clock uncertainty
                                  0.000000    1.059630   clock reconvergence pessimism
                                 -0.064929    0.994701   library hold time
                                              0.994701   data required time
---------------------------------------------------------------------------------------------
                                              0.994701   data required time
                                             -2.696953   data arrival time
---------------------------------------------------------------------------------------------
                                              1.702253   slack (MET)


Startpoint: _758_ (rising edge-triggered flip-flop clocked by wr_clk)
Endpoint: _766_ (rising edge-triggered flip-flop clocked by wr_clk)
Path Group: wr_clk
Path Type: min

Fanout         Cap        Slew       Delay        Time   Description
---------------------------------------------------------------------------------------------
                                  0.000000    0.000000   clock wr_clk (rise edge)
                                  0.000000    0.000000   clock source latency
     1    0.023797    0.176583    0.121462    0.121462 ^ wr_clk (in)
                                                         wr_clk (net)
                      0.176607    0.000000    0.121462 ^ clkbuf_0_wr_clk/A (sky130_fd_sc_hd__clkbuf_16)
    16    0.102935    0.180447    0.367202    0.488664 ^ clkbuf_0_wr_clk/X (sky130_fd_sc_hd__clkbuf_16)
                                                         clknet_0_wr_clk (net)
                      0.180450    0.001181    0.489845 ^ clkbuf_4_13_0_wr_clk/A (sky130_fd_sc_hd__clkbuf_8)
     8    0.039976    0.129768    0.328448    0.818293 ^ clkbuf_4_13_0_wr_clk/X (sky130_fd_sc_hd__clkbuf_8)
                                                         clknet_4_13_0_wr_clk (net)
                      0.129770    0.000756    0.819049 ^ _758_/CLK (sky130_fd_sc_hd__dfrtp_1)
     5    0.017741    0.260891    0.821525    1.640574 ^ _758_/Q (sky130_fd_sc_hd__dfrtp_1)
                                                         wr_bin[1] (net)
                      0.260891    0.000127    1.640702 ^ _503_/A (sky130_fd_sc_hd__or3b_4)
     4    0.043956    0.236810    0.443660    2.084362 ^ _503_/X (sky130_fd_sc_hd__or3b_4)
                                                         _288_ (net)
                      0.236810    0.000919    2.085281 ^ _606_/A (sky130_fd_sc_hd__nor2_4)
     8    0.056433    0.138531    0.221587    2.306868 v _606_/Y (sky130_fd_sc_hd__nor2_4)
                                                         _303_ (net)
                      0.138539    0.001263    2.308131 v _611_/S (sky130_fd_sc_hd__mux2_1)
     1    0.001932    0.062417    0.399450    2.707581 ^ _611_/X (sky130_fd_sc_hd__mux2_1)
                                                         _116_ (net)
                      0.062417    0.000018    2.707598 ^ _766_/D (sky130_fd_sc_hd__dfxtp_1)
                                              2.707598   data arrival time

                                  0.000000    0.000000   clock wr_clk (rise edge)
                                  0.000000    0.000000   clock source latency
     1    0.023797    0.176583    0.121462    0.121462 ^ wr_clk (in)
                                                         wr_clk (net)
                      0.176607    0.000000    0.121462 ^ clkbuf_0_wr_clk/A (sky130_fd_sc_hd__clkbuf_16)
    16    0.102935    0.180447    0.367202    0.488664 ^ clkbuf_0_wr_clk/X (sky130_fd_sc_hd__clkbuf_16)
                                                         clknet_0_wr_clk (net)
                      0.180447    0.000807    0.489471 ^ clkbuf_4_10_0_wr_clk/A (sky130_fd_sc_hd__clkbuf_8)
    13    0.038401    0.125998    0.325442    0.814912 ^ clkbuf_4_10_0_wr_clk/X (sky130_fd_sc_hd__clkbuf_8)
                                                         clknet_4_10_0_wr_clk (net)
                      0.125998    0.000456    0.815369 ^ _766_/CLK (sky130_fd_sc_hd__dfxtp_1)
                                  0.250000    1.065369   clock uncertainty
                                  0.000000    1.065369   clock reconvergence pessimism
                                 -0.061358    1.004011   library hold time
                                              1.004011   data required time
---------------------------------------------------------------------------------------------
                                              1.004011   data required time
                                             -2.707598   data arrival time
---------------------------------------------------------------------------------------------
                                              1.703588   slack (MET)


Startpoint: _758_ (rising edge-triggered flip-flop clocked by wr_clk)
Endpoint: _768_ (rising edge-triggered flip-flop clocked by wr_clk)
Path Group: wr_clk
Path Type: min

Fanout         Cap        Slew       Delay        Time   Description
---------------------------------------------------------------------------------------------
                                  0.000000    0.000000   clock wr_clk (rise edge)
                                  0.000000    0.000000   clock source latency
     1    0.023797    0.176583    0.121462    0.121462 ^ wr_clk (in)
                                                         wr_clk (net)
                      0.176607    0.000000    0.121462 ^ clkbuf_0_wr_clk/A (sky130_fd_sc_hd__clkbuf_16)
    16    0.102935    0.180447    0.367202    0.488664 ^ clkbuf_0_wr_clk/X (sky130_fd_sc_hd__clkbuf_16)
                                                         clknet_0_wr_clk (net)
                      0.180450    0.001181    0.489845 ^ clkbuf_4_13_0_wr_clk/A (sky130_fd_sc_hd__clkbuf_8)
     8    0.039976    0.129768    0.328448    0.818293 ^ clkbuf_4_13_0_wr_clk/X (sky130_fd_sc_hd__clkbuf_8)
                                                         clknet_4_13_0_wr_clk (net)
                      0.129770    0.000756    0.819049 ^ _758_/CLK (sky130_fd_sc_hd__dfrtp_1)
     5    0.017741    0.260891    0.821525    1.640574 ^ _758_/Q (sky130_fd_sc_hd__dfrtp_1)
                                                         wr_bin[1] (net)
                      0.260891    0.000127    1.640702 ^ _503_/A (sky130_fd_sc_hd__or3b_4)
     4    0.043956    0.236810    0.443660    2.084362 ^ _503_/X (sky130_fd_sc_hd__or3b_4)
                                                         _288_ (net)
                      0.236810    0.000919    2.085281 ^ _606_/A (sky130_fd_sc_hd__nor2_4)
     8    0.056433    0.138531    0.221587    2.306868 v _606_/Y (sky130_fd_sc_hd__nor2_4)
                                                         _303_ (net)
                      0.138626    0.001822    2.308690 v _613_/S (sky130_fd_sc_hd__mux2_1)
     1    0.001805    0.062358    0.397902    2.706592 ^ _613_/X (sky130_fd_sc_hd__mux2_1)
                                                         _118_ (net)
                      0.062358    0.000008    2.706600 ^ _768_/D (sky130_fd_sc_hd__dfxtp_1)
                                              2.706600   data arrival time

                                  0.000000    0.000000   clock wr_clk (rise edge)
                                  0.000000    0.000000   clock source latency
     1    0.023797    0.176583    0.121462    0.121462 ^ wr_clk (in)
                                                         wr_clk (net)
                      0.176607    0.000000    0.121462 ^ clkbuf_0_wr_clk/A (sky130_fd_sc_hd__clkbuf_16)
    16    0.102935    0.180447    0.367202    0.488664 ^ clkbuf_0_wr_clk/X (sky130_fd_sc_hd__clkbuf_16)
                                                         clknet_0_wr_clk (net)
                      0.180479    0.002398    0.491062 ^ clkbuf_4_5_0_wr_clk/A (sky130_fd_sc_hd__clkbuf_8)
    14    0.037173    0.123071    0.323131    0.814193 ^ clkbuf_4_5_0_wr_clk/X (sky130_fd_sc_hd__clkbuf_8)
                                                         clknet_4_5_0_wr_clk (net)
                      0.123071    0.000569    0.814762 ^ _768_/CLK (sky130_fd_sc_hd__dfxtp_1)
                                  0.250000    1.064762   clock uncertainty
                                  0.000000    1.064762   clock reconvergence pessimism
                                 -0.061809    1.002953   library hold time
                                              1.002953   data required time
---------------------------------------------------------------------------------------------
                                              1.002953   data required time
                                             -2.706600   data arrival time
---------------------------------------------------------------------------------------------
                                              1.703647   slack (MET)


Startpoint: _758_ (rising edge-triggered flip-flop clocked by wr_clk)
Endpoint: _769_ (rising edge-triggered flip-flop clocked by wr_clk)
Path Group: wr_clk
Path Type: min

Fanout         Cap        Slew       Delay        Time   Description
---------------------------------------------------------------------------------------------
                                  0.000000    0.000000   clock wr_clk (rise edge)
                                  0.000000    0.000000   clock source latency
     1    0.023797    0.176583    0.121462    0.121462 ^ wr_clk (in)
                                                         wr_clk (net)
                      0.176607    0.000000    0.121462 ^ clkbuf_0_wr_clk/A (sky130_fd_sc_hd__clkbuf_16)
    16    0.102935    0.180447    0.367202    0.488664 ^ clkbuf_0_wr_clk/X (sky130_fd_sc_hd__clkbuf_16)
                                                         clknet_0_wr_clk (net)
                      0.180450    0.001181    0.489845 ^ clkbuf_4_13_0_wr_clk/A (sky130_fd_sc_hd__clkbuf_8)
     8    0.039976    0.129768    0.328448    0.818293 ^ clkbuf_4_13_0_wr_clk/X (sky130_fd_sc_hd__clkbuf_8)
                                                         clknet_4_13_0_wr_clk (net)
                      0.129770    0.000756    0.819049 ^ _758_/CLK (sky130_fd_sc_hd__dfrtp_1)
     5    0.017741    0.260891    0.821525    1.640574 ^ _758_/Q (sky130_fd_sc_hd__dfrtp_1)
                                                         wr_bin[1] (net)
                      0.260891    0.000127    1.640702 ^ _503_/A (sky130_fd_sc_hd__or3b_4)
     4    0.043956    0.236810    0.443660    2.084362 ^ _503_/X (sky130_fd_sc_hd__or3b_4)
                                                         _288_ (net)
                      0.236810    0.000919    2.085281 ^ _606_/A (sky130_fd_sc_hd__nor2_4)
     8    0.056433    0.138531    0.221587    2.306868 v _606_/Y (sky130_fd_sc_hd__nor2_4)
                                                         _303_ (net)
                      0.138648    0.002299    2.309167 v _614_/S (sky130_fd_sc_hd__mux2_1)
     1    0.001874    0.063220    0.398775    2.707942 ^ _614_/X (sky130_fd_sc_hd__mux2_1)
                                                         _119_ (net)
                      0.063220    0.000009    2.707950 ^ _769_/D (sky130_fd_sc_hd__dfxtp_1)
                                              2.707950   data arrival time

                                  0.000000    0.000000   clock wr_clk (rise edge)
                                  0.000000    0.000000   clock source latency
     1    0.023797    0.176583    0.121462    0.121462 ^ wr_clk (in)
                                                         wr_clk (net)
                      0.176607    0.000000    0.121462 ^ clkbuf_0_wr_clk/A (sky130_fd_sc_hd__clkbuf_16)
    16    0.102935    0.180447    0.367202    0.488664 ^ clkbuf_0_wr_clk/X (sky130_fd_sc_hd__clkbuf_16)
                                                         clknet_0_wr_clk (net)
                      0.180478    0.002379    0.491043 ^ clkbuf_4_1_0_wr_clk/A (sky130_fd_sc_hd__clkbuf_8)
    14    0.037443    0.123691    0.323795    0.814838 ^ clkbuf_4_1_0_wr_clk/X (sky130_fd_sc_hd__clkbuf_8)
                                                         clknet_4_1_0_wr_clk (net)
                      0.123691    0.000462    0.815300 ^ _769_/CLK (sky130_fd_sc_hd__dfxtp_1)
                                  0.250000    1.065300   clock uncertainty
                                  0.000000    1.065300   clock reconvergence pessimism
                                 -0.061911    1.003389   library hold time
                                              1.003389   data required time
---------------------------------------------------------------------------------------------
                                              1.003389   data required time
                                             -2.707950   data arrival time
---------------------------------------------------------------------------------------------
                                              1.704562   slack (MET)


Startpoint: _758_ (rising edge-triggered flip-flop clocked by wr_clk)
Endpoint: _660_ (rising edge-triggered flip-flop clocked by wr_clk)
Path Group: wr_clk
Path Type: min

Fanout         Cap        Slew       Delay        Time   Description
---------------------------------------------------------------------------------------------
                                  0.000000    0.000000   clock wr_clk (rise edge)
                                  0.000000    0.000000   clock source latency
     1    0.023797    0.176583    0.121462    0.121462 ^ wr_clk (in)
                                                         wr_clk (net)
                      0.176607    0.000000    0.121462 ^ clkbuf_0_wr_clk/A (sky130_fd_sc_hd__clkbuf_16)
    16    0.102935    0.180447    0.367202    0.488664 ^ clkbuf_0_wr_clk/X (sky130_fd_sc_hd__clkbuf_16)
                                                         clknet_0_wr_clk (net)
                      0.180450    0.001181    0.489845 ^ clkbuf_4_13_0_wr_clk/A (sky130_fd_sc_hd__clkbuf_8)
     8    0.039976    0.129768    0.328448    0.818293 ^ clkbuf_4_13_0_wr_clk/X (sky130_fd_sc_hd__clkbuf_8)
                                                         clknet_4_13_0_wr_clk (net)
                      0.129770    0.000756    0.819049 ^ _758_/CLK (sky130_fd_sc_hd__dfrtp_1)
     5    0.017741    0.260891    0.821525    1.640574 ^ _758_/Q (sky130_fd_sc_hd__dfrtp_1)
                                                         wr_bin[1] (net)
                      0.260891    0.000127    1.640702 ^ _503_/A (sky130_fd_sc_hd__or3b_4)
     4    0.043956    0.236810    0.443660    2.084362 ^ _503_/X (sky130_fd_sc_hd__or3b_4)
                                                         _288_ (net)
                      0.236810    0.000780    2.085143 ^ _504_/B (sky130_fd_sc_hd__nor2_4)
     8    0.061028    0.145903    0.219222    2.304365 v _504_/Y (sky130_fd_sc_hd__nor2_4)
                                                         _289_ (net)
                      0.145979    0.001314    2.305679 v _509_/S (sky130_fd_sc_hd__mux2_1)
     1    0.001866    0.063133    0.402385    2.708064 ^ _509_/X (sky130_fd_sc_hd__mux2_1)
                                                         _028_ (net)
                      0.063133    0.000009    2.708073 ^ _660_/D (sky130_fd_sc_hd__dfxtp_1)
                                              2.708073   data arrival time

                                  0.000000    0.000000   clock wr_clk (rise edge)
                                  0.000000    0.000000   clock source latency
     1    0.023797    0.176583    0.121462    0.121462 ^ wr_clk (in)
                                                         wr_clk (net)
                      0.176607    0.000000    0.121462 ^ clkbuf_0_wr_clk/A (sky130_fd_sc_hd__clkbuf_16)
    16    0.102935    0.180447    0.367202    0.488664 ^ clkbuf_0_wr_clk/X (sky130_fd_sc_hd__clkbuf_16)
                                                         clknet_0_wr_clk (net)
                      0.180447    0.000836    0.489500 ^ clkbuf_4_11_0_wr_clk/A (sky130_fd_sc_hd__clkbuf_8)
     8    0.036273    0.120887    0.321675    0.811175 ^ clkbuf_4_11_0_wr_clk/X (sky130_fd_sc_hd__clkbuf_8)
                                                         clknet_4_11_0_wr_clk (net)
                      0.120887    0.000209    0.811384 ^ _660_/CLK (sky130_fd_sc_hd__dfxtp_1)
                                  0.250000    1.061384   clock uncertainty
                                  0.000000    1.061384   clock reconvergence pessimism
                                 -0.062336    0.999048   library hold time
                                              0.999048   data required time
---------------------------------------------------------------------------------------------
                                              0.999048   data required time
                                             -2.708073   data arrival time
---------------------------------------------------------------------------------------------
                                              1.709025   slack (MET)


Startpoint: _758_ (rising edge-triggered flip-flop clocked by wr_clk)
Endpoint: _809_ (rising edge-triggered flip-flop clocked by wr_clk)
Path Group: wr_clk
Path Type: min

Fanout         Cap        Slew       Delay        Time   Description
---------------------------------------------------------------------------------------------
                                  0.000000    0.000000   clock wr_clk (rise edge)
                                  0.000000    0.000000   clock source latency
     1    0.023797    0.176583    0.121462    0.121462 ^ wr_clk (in)
                                                         wr_clk (net)
                      0.176607    0.000000    0.121462 ^ clkbuf_0_wr_clk/A (sky130_fd_sc_hd__clkbuf_16)
    16    0.102935    0.180447    0.367202    0.488664 ^ clkbuf_0_wr_clk/X (sky130_fd_sc_hd__clkbuf_16)
                                                         clknet_0_wr_clk (net)
                      0.180450    0.001181    0.489845 ^ clkbuf_4_13_0_wr_clk/A (sky130_fd_sc_hd__clkbuf_8)
     8    0.039976    0.129768    0.328448    0.818293 ^ clkbuf_4_13_0_wr_clk/X (sky130_fd_sc_hd__clkbuf_8)
                                                         clknet_4_13_0_wr_clk (net)
                      0.129770    0.000756    0.819049 ^ _758_/CLK (sky130_fd_sc_hd__dfrtp_1)
     5    0.017741    0.260891    0.821525    1.640574 ^ _758_/Q (sky130_fd_sc_hd__dfrtp_1)
                                                         wr_bin[1] (net)
                      0.260891    0.000222    1.640796 ^ _306_/A (sky130_fd_sc_hd__inv_2)
     4    0.020950    0.111995    0.197157    1.837953 v _306_/Y (sky130_fd_sc_hd__inv_2)
                                                         _137_ (net)
                      0.111995    0.000164    1.838117 v _493_/A (sky130_fd_sc_hd__nand2_4)
     4    0.041832    0.204230    0.218065    2.056181 ^ _493_/Y (sky130_fd_sc_hd__nand2_4)
                                                         _286_ (net)
                      0.204232    0.000564    2.056746 ^ _623_/A (sky130_fd_sc_hd__nor2_4)
     8    0.067083    0.159653    0.222553    2.279298 v _623_/Y (sky130_fd_sc_hd__nor2_4)
                                                         _304_ (net)
                      0.159764    0.002169    2.281467 v _631_/S (sky130_fd_sc_hd__mux2_1)
     1    0.003376    0.079087    0.428231    2.709698 ^ _631_/X (sky130_fd_sc_hd__mux2_1)
                                                         _135_ (net)
                      0.079087    0.000050    2.709749 ^ _809_/D (sky130_fd_sc_hd__dfxtp_1)
                                              2.709749   data arrival time

                                  0.000000    0.000000   clock wr_clk (rise edge)
                                  0.000000    0.000000   clock source latency
     1    0.023797    0.176583    0.121462    0.121462 ^ wr_clk (in)
                                                         wr_clk (net)
                      0.176607    0.000000    0.121462 ^ clkbuf_0_wr_clk/A (sky130_fd_sc_hd__clkbuf_16)
    16    0.102935    0.180447    0.367202    0.488664 ^ clkbuf_0_wr_clk/X (sky130_fd_sc_hd__clkbuf_16)
                                                         clknet_0_wr_clk (net)
                      0.180477    0.002344    0.491008 ^ clkbuf_4_0_0_wr_clk/A (sky130_fd_sc_hd__clkbuf_8)
    14    0.037818    0.124461    0.324214    0.815222 ^ clkbuf_4_0_0_wr_clk/X (sky130_fd_sc_hd__clkbuf_8)
                                                         clknet_4_0_0_wr_clk (net)
                      0.124464    0.000816    0.816038 ^ _809_/CLK (sky130_fd_sc_hd__dfxtp_1)
                                  0.250000    1.066038   clock uncertainty
                                  0.000000    1.066038   clock reconvergence pessimism
                                 -0.065476    1.000562   library hold time
                                              1.000562   data required time
---------------------------------------------------------------------------------------------
                                              1.000562   data required time
                                             -2.709749   data arrival time
---------------------------------------------------------------------------------------------
                                              1.709187   slack (MET)


Startpoint: _758_ (rising edge-triggered flip-flop clocked by wr_clk)
Endpoint: _662_ (rising edge-triggered flip-flop clocked by wr_clk)
Path Group: wr_clk
Path Type: min

Fanout         Cap        Slew       Delay        Time   Description
---------------------------------------------------------------------------------------------
                                  0.000000    0.000000   clock wr_clk (rise edge)
                                  0.000000    0.000000   clock source latency
     1    0.023797    0.176583    0.121462    0.121462 ^ wr_clk (in)
                                                         wr_clk (net)
                      0.176607    0.000000    0.121462 ^ clkbuf_0_wr_clk/A (sky130_fd_sc_hd__clkbuf_16)
    16    0.102935    0.180447    0.367202    0.488664 ^ clkbuf_0_wr_clk/X (sky130_fd_sc_hd__clkbuf_16)
                                                         clknet_0_wr_clk (net)
                      0.180450    0.001181    0.489845 ^ clkbuf_4_13_0_wr_clk/A (sky130_fd_sc_hd__clkbuf_8)
     8    0.039976    0.129768    0.328448    0.818293 ^ clkbuf_4_13_0_wr_clk/X (sky130_fd_sc_hd__clkbuf_8)
                                                         clknet_4_13_0_wr_clk (net)
                      0.129770    0.000756    0.819049 ^ _758_/CLK (sky130_fd_sc_hd__dfrtp_1)
     5    0.017741    0.260891    0.821525    1.640574 ^ _758_/Q (sky130_fd_sc_hd__dfrtp_1)
                                                         wr_bin[1] (net)
                      0.260891    0.000127    1.640702 ^ _503_/A (sky130_fd_sc_hd__or3b_4)
     4    0.043956    0.236810    0.443660    2.084362 ^ _503_/X (sky130_fd_sc_hd__or3b_4)
                                                         _288_ (net)
                      0.236810    0.000780    2.085143 ^ _504_/B (sky130_fd_sc_hd__nor2_4)
     8    0.061028    0.145903    0.219222    2.304365 v _504_/Y (sky130_fd_sc_hd__nor2_4)
                                                         _289_ (net)
                      0.145993    0.001752    2.306117 v _511_/S (sky130_fd_sc_hd__mux2_1)
     1    0.002375    0.067402    0.408749    2.714866 ^ _511_/X (sky130_fd_sc_hd__mux2_1)
                                                         _030_ (net)
                      0.067402    0.000026    2.714892 ^ _662_/D (sky130_fd_sc_hd__dfxtp_1)
                                              2.714892   data arrival time

                                  0.000000    0.000000   clock wr_clk (rise edge)
                                  0.000000    0.000000   clock source latency
     1    0.023797    0.176583    0.121462    0.121462 ^ wr_clk (in)
                                                         wr_clk (net)
                      0.176607    0.000000    0.121462 ^ clkbuf_0_wr_clk/A (sky130_fd_sc_hd__clkbuf_16)
    16    0.102935    0.180447    0.367202    0.488664 ^ clkbuf_0_wr_clk/X (sky130_fd_sc_hd__clkbuf_16)
                                                         clknet_0_wr_clk (net)
                      0.180479    0.002398    0.491062 ^ clkbuf_4_5_0_wr_clk/A (sky130_fd_sc_hd__clkbuf_8)
    14    0.037173    0.123071    0.323131    0.814193 ^ clkbuf_4_5_0_wr_clk/X (sky130_fd_sc_hd__clkbuf_8)
                                                         clknet_4_5_0_wr_clk (net)
                      0.123074    0.000831    0.815024 ^ _662_/CLK (sky130_fd_sc_hd__dfxtp_1)
                                  0.250000    1.065024   clock uncertainty
                                  0.000000    1.065024   clock reconvergence pessimism
                                 -0.062981    1.002043   library hold time
                                              1.002043   data required time
---------------------------------------------------------------------------------------------
                                              1.002043   data required time
                                             -2.714892   data arrival time
---------------------------------------------------------------------------------------------
                                              1.712849   slack (MET)


Startpoint: _758_ (rising edge-triggered flip-flop clocked by wr_clk)
Endpoint: _803_ (rising edge-triggered flip-flop clocked by wr_clk)
Path Group: wr_clk
Path Type: min

Fanout         Cap        Slew       Delay        Time   Description
---------------------------------------------------------------------------------------------
                                  0.000000    0.000000   clock wr_clk (rise edge)
                                  0.000000    0.000000   clock source latency
     1    0.023797    0.176583    0.121462    0.121462 ^ wr_clk (in)
                                                         wr_clk (net)
                      0.176607    0.000000    0.121462 ^ clkbuf_0_wr_clk/A (sky130_fd_sc_hd__clkbuf_16)
    16    0.102935    0.180447    0.367202    0.488664 ^ clkbuf_0_wr_clk/X (sky130_fd_sc_hd__clkbuf_16)
                                                         clknet_0_wr_clk (net)
                      0.180450    0.001181    0.489845 ^ clkbuf_4_13_0_wr_clk/A (sky130_fd_sc_hd__clkbuf_8)
     8    0.039976    0.129768    0.328448    0.818293 ^ clkbuf_4_13_0_wr_clk/X (sky130_fd_sc_hd__clkbuf_8)
                                                         clknet_4_13_0_wr_clk (net)
                      0.129770    0.000756    0.819049 ^ _758_/CLK (sky130_fd_sc_hd__dfrtp_1)
     5    0.017741    0.260891    0.821525    1.640574 ^ _758_/Q (sky130_fd_sc_hd__dfrtp_1)
                                                         wr_bin[1] (net)
                      0.260891    0.000222    1.640796 ^ _306_/A (sky130_fd_sc_hd__inv_2)
     4    0.020950    0.111995    0.197157    1.837953 v _306_/Y (sky130_fd_sc_hd__inv_2)
                                                         _137_ (net)
                      0.111995    0.000164    1.838117 v _493_/A (sky130_fd_sc_hd__nand2_4)
     4    0.041832    0.204230    0.218065    2.056181 ^ _493_/Y (sky130_fd_sc_hd__nand2_4)
                                                         _286_ (net)
                      0.204232    0.000564    2.056746 ^ _623_/A (sky130_fd_sc_hd__nor2_4)
     8    0.067083    0.159653    0.222553    2.279298 v _623_/Y (sky130_fd_sc_hd__nor2_4)
                                                         _304_ (net)
                      0.159776    0.002426    2.281724 v _625_/S (sky130_fd_sc_hd__mux2_1)
     1    0.003126    0.076072    0.425106    2.706830 ^ _625_/X (sky130_fd_sc_hd__mux2_1)
                                                         _129_ (net)
                      0.076072    0.000045    2.706875 ^ _803_/D (sky130_fd_sc_hd__dfxtp_1)
                                              2.706875   data arrival time

                                  0.000000    0.000000   clock wr_clk (rise edge)
                                  0.000000    0.000000   clock source latency
     1    0.023797    0.176583    0.121462    0.121462 ^ wr_clk (in)
                                                         wr_clk (net)
                      0.176607    0.000000    0.121462 ^ clkbuf_0_wr_clk/A (sky130_fd_sc_hd__clkbuf_16)
    16    0.102935    0.180447    0.367202    0.488664 ^ clkbuf_0_wr_clk/X (sky130_fd_sc_hd__clkbuf_16)
                                                         clknet_0_wr_clk (net)
                      0.180447    0.000890    0.489554 ^ clkbuf_4_9_0_wr_clk/A (sky130_fd_sc_hd__clkbuf_8)
    10    0.035146    0.118197    0.319590    0.809144 ^ clkbuf_4_9_0_wr_clk/X (sky130_fd_sc_hd__clkbuf_8)
                                                         clknet_4_9_0_wr_clk (net)
                      0.118197    0.000429    0.809573 ^ _803_/CLK (sky130_fd_sc_hd__dfxtp_1)
                                  0.250000    1.059573   clock uncertainty
                                  0.000000    1.059573   clock reconvergence pessimism
                                 -0.065772    0.993801   library hold time
                                              0.993801   data required time
---------------------------------------------------------------------------------------------
                                              0.993801   data required time
                                             -2.706875   data arrival time
---------------------------------------------------------------------------------------------
                                              1.713074   slack (MET)


Startpoint: _758_ (rising edge-triggered flip-flop clocked by wr_clk)
Endpoint: _696_ (rising edge-triggered flip-flop clocked by wr_clk)
Path Group: wr_clk
Path Type: min

Fanout         Cap        Slew       Delay        Time   Description
---------------------------------------------------------------------------------------------
                                  0.000000    0.000000   clock wr_clk (rise edge)
                                  0.000000    0.000000   clock source latency
     1    0.023797    0.176583    0.121462    0.121462 ^ wr_clk (in)
                                                         wr_clk (net)
                      0.176607    0.000000    0.121462 ^ clkbuf_0_wr_clk/A (sky130_fd_sc_hd__clkbuf_16)
    16    0.102935    0.180447    0.367202    0.488664 ^ clkbuf_0_wr_clk/X (sky130_fd_sc_hd__clkbuf_16)
                                                         clknet_0_wr_clk (net)
                      0.180450    0.001181    0.489845 ^ clkbuf_4_13_0_wr_clk/A (sky130_fd_sc_hd__clkbuf_8)
     8    0.039976    0.129768    0.328448    0.818293 ^ clkbuf_4_13_0_wr_clk/X (sky130_fd_sc_hd__clkbuf_8)
                                                         clknet_4_13_0_wr_clk (net)
                      0.129770    0.000756    0.819049 ^ _758_/CLK (sky130_fd_sc_hd__dfrtp_1)
     5    0.017741    0.260891    0.821525    1.640574 ^ _758_/Q (sky130_fd_sc_hd__dfrtp_1)
                                                         wr_bin[1] (net)
                      0.260891    0.000127    1.640702 ^ _503_/A (sky130_fd_sc_hd__or3b_4)
     4    0.043956    0.236810    0.443660    2.084362 ^ _503_/X (sky130_fd_sc_hd__or3b_4)
                                                         _288_ (net)
                      0.236810    0.000565    2.084927 ^ _551_/A (sky130_fd_sc_hd__nor2_4)
     8    0.061771    0.149762    0.228089    2.313016 v _551_/Y (sky130_fd_sc_hd__nor2_4)
                                                         _296_ (net)
                      0.149764    0.000408    2.313424 v _552_/S (sky130_fd_sc_hd__mux2_1)
     1    0.002183    0.065253    0.408262    2.721686 ^ _552_/X (sky130_fd_sc_hd__mux2_1)
                                                         _064_ (net)
                      0.065253    0.000023    2.721709 ^ _696_/D (sky130_fd_sc_hd__dfxtp_1)
                                              2.721709   data arrival time

                                  0.000000    0.000000   clock wr_clk (rise edge)
                                  0.000000    0.000000   clock source latency
     1    0.023797    0.176583    0.121462    0.121462 ^ wr_clk (in)
                                                         wr_clk (net)
                      0.176607    0.000000    0.121462 ^ clkbuf_0_wr_clk/A (sky130_fd_sc_hd__clkbuf_16)
    16    0.102935    0.180447    0.367202    0.488664 ^ clkbuf_0_wr_clk/X (sky130_fd_sc_hd__clkbuf_16)
                                                         clknet_0_wr_clk (net)
                      0.180450    0.001181    0.489845 ^ clkbuf_4_13_0_wr_clk/A (sky130_fd_sc_hd__clkbuf_8)
     8    0.039976    0.129768    0.328448    0.818293 ^ clkbuf_4_13_0_wr_clk/X (sky130_fd_sc_hd__clkbuf_8)
                                                         clknet_4_13_0_wr_clk (net)
                      0.129769    0.000652    0.818945 ^ _696_/CLK (sky130_fd_sc_hd__dfxtp_1)
                                  0.250000    1.068945   clock uncertainty
                                  0.000000    1.068945   clock reconvergence pessimism
                                 -0.061418    1.007527   library hold time
                                              1.007527   data required time
---------------------------------------------------------------------------------------------
                                              1.007527   data required time
                                             -2.721709   data arrival time
---------------------------------------------------------------------------------------------
                                              1.714182   slack (MET)


Startpoint: _758_ (rising edge-triggered flip-flop clocked by wr_clk)
Endpoint: _661_ (rising edge-triggered flip-flop clocked by wr_clk)
Path Group: wr_clk
Path Type: min

Fanout         Cap        Slew       Delay        Time   Description
---------------------------------------------------------------------------------------------
                                  0.000000    0.000000   clock wr_clk (rise edge)
                                  0.000000    0.000000   clock source latency
     1    0.023797    0.176583    0.121462    0.121462 ^ wr_clk (in)
                                                         wr_clk (net)
                      0.176607    0.000000    0.121462 ^ clkbuf_0_wr_clk/A (sky130_fd_sc_hd__clkbuf_16)
    16    0.102935    0.180447    0.367202    0.488664 ^ clkbuf_0_wr_clk/X (sky130_fd_sc_hd__clkbuf_16)
                                                         clknet_0_wr_clk (net)
                      0.180450    0.001181    0.489845 ^ clkbuf_4_13_0_wr_clk/A (sky130_fd_sc_hd__clkbuf_8)
     8    0.039976    0.129768    0.328448    0.818293 ^ clkbuf_4_13_0_wr_clk/X (sky130_fd_sc_hd__clkbuf_8)
                                                         clknet_4_13_0_wr_clk (net)
                      0.129770    0.000756    0.819049 ^ _758_/CLK (sky130_fd_sc_hd__dfrtp_1)
     5    0.017741    0.260891    0.821525    1.640574 ^ _758_/Q (sky130_fd_sc_hd__dfrtp_1)
                                                         wr_bin[1] (net)
                      0.260891    0.000127    1.640702 ^ _503_/A (sky130_fd_sc_hd__or3b_4)
     4    0.043956    0.236810    0.443660    2.084362 ^ _503_/X (sky130_fd_sc_hd__or3b_4)
                                                         _288_ (net)
                      0.236810    0.000780    2.085143 ^ _504_/B (sky130_fd_sc_hd__nor2_4)
     8    0.061028    0.145903    0.219222    2.304365 v _504_/Y (sky130_fd_sc_hd__nor2_4)
                                                         _289_ (net)
                      0.146029    0.002553    2.306918 v _510_/S (sky130_fd_sc_hd__mux2_1)
     1    0.002406    0.067756    0.409160    2.716078 ^ _510_/X (sky130_fd_sc_hd__mux2_1)
                                                         _029_ (net)
                      0.067756    0.000026    2.716104 ^ _661_/D (sky130_fd_sc_hd__dfxtp_1)
                                              2.716104   data arrival time

                                  0.000000    0.000000   clock wr_clk (rise edge)
                                  0.000000    0.000000   clock source latency
     1    0.023797    0.176583    0.121462    0.121462 ^ wr_clk (in)
                                                         wr_clk (net)
                      0.176607    0.000000    0.121462 ^ clkbuf_0_wr_clk/A (sky130_fd_sc_hd__clkbuf_16)
    16    0.102935    0.180447    0.367202    0.488664 ^ clkbuf_0_wr_clk/X (sky130_fd_sc_hd__clkbuf_16)
                                                         clknet_0_wr_clk (net)
                      0.180470    0.002139    0.490803 ^ clkbuf_4_2_0_wr_clk/A (sky130_fd_sc_hd__clkbuf_8)
    13    0.037228    0.123056    0.323144    0.813947 ^ clkbuf_4_2_0_wr_clk/X (sky130_fd_sc_hd__clkbuf_8)
                                                         clknet_4_2_0_wr_clk (net)
                      0.123056    0.000504    0.814451 ^ _661_/CLK (sky130_fd_sc_hd__dfxtp_1)
                                  0.250000    1.064451   clock uncertainty
                                  0.000000    1.064451   clock reconvergence pessimism
                                 -0.063066    1.001384   library hold time
                                              1.001384   data required time
---------------------------------------------------------------------------------------------
                                              1.001384   data required time
                                             -2.716104   data arrival time
---------------------------------------------------------------------------------------------
                                              1.714719   slack (MET)


Startpoint: _758_ (rising edge-triggered flip-flop clocked by wr_clk)
Endpoint: _767_ (rising edge-triggered flip-flop clocked by wr_clk)
Path Group: wr_clk
Path Type: min

Fanout         Cap        Slew       Delay        Time   Description
---------------------------------------------------------------------------------------------
                                  0.000000    0.000000   clock wr_clk (rise edge)
                                  0.000000    0.000000   clock source latency
     1    0.023797    0.176583    0.121462    0.121462 ^ wr_clk (in)
                                                         wr_clk (net)
                      0.176607    0.000000    0.121462 ^ clkbuf_0_wr_clk/A (sky130_fd_sc_hd__clkbuf_16)
    16    0.102935    0.180447    0.367202    0.488664 ^ clkbuf_0_wr_clk/X (sky130_fd_sc_hd__clkbuf_16)
                                                         clknet_0_wr_clk (net)
                      0.180450    0.001181    0.489845 ^ clkbuf_4_13_0_wr_clk/A (sky130_fd_sc_hd__clkbuf_8)
     8    0.039976    0.129768    0.328448    0.818293 ^ clkbuf_4_13_0_wr_clk/X (sky130_fd_sc_hd__clkbuf_8)
                                                         clknet_4_13_0_wr_clk (net)
                      0.129770    0.000756    0.819049 ^ _758_/CLK (sky130_fd_sc_hd__dfrtp_1)
     5    0.017741    0.260891    0.821525    1.640574 ^ _758_/Q (sky130_fd_sc_hd__dfrtp_1)
                                                         wr_bin[1] (net)
                      0.260891    0.000127    1.640702 ^ _503_/A (sky130_fd_sc_hd__or3b_4)
     4    0.043956    0.236810    0.443660    2.084362 ^ _503_/X (sky130_fd_sc_hd__or3b_4)
                                                         _288_ (net)
                      0.236810    0.000919    2.085281 ^ _606_/A (sky130_fd_sc_hd__nor2_4)
     8    0.056433    0.138531    0.221587    2.306868 v _606_/Y (sky130_fd_sc_hd__nor2_4)
                                                         _303_ (net)
                      0.138656    0.002449    2.309317 v _612_/S (sky130_fd_sc_hd__mux2_1)
     1    0.002646    0.070456    0.408436    2.717753 ^ _612_/X (sky130_fd_sc_hd__mux2_1)
                                                         _117_ (net)
                      0.070456    0.000032    2.717785 ^ _767_/D (sky130_fd_sc_hd__dfxtp_1)
                                              2.717785   data arrival time

                                  0.000000    0.000000   clock wr_clk (rise edge)
                                  0.000000    0.000000   clock source latency
     1    0.023797    0.176583    0.121462    0.121462 ^ wr_clk (in)
                                                         wr_clk (net)
                      0.176607    0.000000    0.121462 ^ clkbuf_0_wr_clk/A (sky130_fd_sc_hd__clkbuf_16)
    16    0.102935    0.180447    0.367202    0.488664 ^ clkbuf_0_wr_clk/X (sky130_fd_sc_hd__clkbuf_16)
                                                         clknet_0_wr_clk (net)
                      0.180477    0.002344    0.491008 ^ clkbuf_4_0_0_wr_clk/A (sky130_fd_sc_hd__clkbuf_8)
    14    0.037818    0.124461    0.324214    0.815222 ^ clkbuf_4_0_0_wr_clk/X (sky130_fd_sc_hd__clkbuf_8)
                                                         clknet_4_0_0_wr_clk (net)
                      0.124469    0.001122    0.816344 ^ _767_/CLK (sky130_fd_sc_hd__dfxtp_1)
                                  0.250000    1.066344   clock uncertainty
                                  0.000000    1.066344   clock reconvergence pessimism
                                 -0.063469    1.002875   library hold time
                                              1.002875   data required time
---------------------------------------------------------------------------------------------
                                              1.002875   data required time
                                             -2.717785   data arrival time
---------------------------------------------------------------------------------------------
                                              1.714910   slack (MET)


Startpoint: _760_ (rising edge-triggered flip-flop clocked by wr_clk)
Endpoint: _666_ (rising edge-triggered flip-flop clocked by wr_clk)
Path Group: wr_clk
Path Type: min

Fanout         Cap        Slew       Delay        Time   Description
---------------------------------------------------------------------------------------------
                                  0.000000    0.000000   clock wr_clk (rise edge)
                                  0.000000    0.000000   clock source latency
     1    0.023797    0.176583    0.121462    0.121462 ^ wr_clk (in)
                                                         wr_clk (net)
                      0.176607    0.000000    0.121462 ^ clkbuf_0_wr_clk/A (sky130_fd_sc_hd__clkbuf_16)
    16    0.102935    0.180447    0.367202    0.488664 ^ clkbuf_0_wr_clk/X (sky130_fd_sc_hd__clkbuf_16)
                                                         clknet_0_wr_clk (net)
                      0.180454    0.001426    0.490090 ^ clkbuf_4_15_0_wr_clk/A (sky130_fd_sc_hd__clkbuf_8)
     7    0.032701    0.112391    0.315079    0.805170 ^ clkbuf_4_15_0_wr_clk/X (sky130_fd_sc_hd__clkbuf_8)
                                                         clknet_4_15_0_wr_clk (net)
                      0.112391    0.000255    0.805425 ^ _760_/CLK (sky130_fd_sc_hd__dfrtp_1)
     4    0.013758    0.165924    0.857202    1.662627 v _760_/Q (sky130_fd_sc_hd__dfrtp_1)
                                                         wr_bin[3] (net)
                      0.165924    0.000058    1.662685 v fanout37/A (sky130_fd_sc_hd__clkbuf_4)
    10    0.040230    0.157758    0.385729    2.048414 v fanout37/X (sky130_fd_sc_hd__clkbuf_4)
                                                         net37 (net)
                      0.157758    0.000469    2.048883 v _514_/C (sky130_fd_sc_hd__nand3b_4)
     8    0.066660    0.330551    0.342143    2.391026 ^ _514_/Y (sky130_fd_sc_hd__nand3b_4)
                                                         _291_ (net)
                      0.330594    0.003081    2.394107 ^ _517_/S (sky130_fd_sc_hd__mux2_1)
     1    0.002209    0.065160    0.329554    2.723661 ^ _517_/X (sky130_fd_sc_hd__mux2_1)
                                                         _034_ (net)
                      0.065160    0.000023    2.723684 ^ _666_/D (sky130_fd_sc_hd__dfxtp_1)
                                              2.723684   data arrival time

                                  0.000000    0.000000   clock wr_clk (rise edge)
                                  0.000000    0.000000   clock source latency
     1    0.023797    0.176583    0.121462    0.121462 ^ wr_clk (in)
                                                         wr_clk (net)
                      0.176607    0.000000    0.121462 ^ clkbuf_0_wr_clk/A (sky130_fd_sc_hd__clkbuf_16)
    16    0.102935    0.180447    0.367202    0.488664 ^ clkbuf_0_wr_clk/X (sky130_fd_sc_hd__clkbuf_16)
                                                         clknet_0_wr_clk (net)
                      0.180479    0.002417    0.491081 ^ clkbuf_4_4_0_wr_clk/A (sky130_fd_sc_hd__clkbuf_8)
    13    0.039326    0.128224    0.327160    0.818241 ^ clkbuf_4_4_0_wr_clk/X (sky130_fd_sc_hd__clkbuf_8)
                                                         clknet_4_4_0_wr_clk (net)
                      0.128228    0.000920    0.819161 ^ _666_/CLK (sky130_fd_sc_hd__dfxtp_1)
                                  0.250000    1.069161   clock uncertainty
                                  0.000000    1.069161   clock reconvergence pessimism
                                 -0.061641    1.007520   library hold time
                                              1.007520   data required time
---------------------------------------------------------------------------------------------
                                              1.007520   data required time
                                             -2.723684   data arrival time
---------------------------------------------------------------------------------------------
                                              1.716164   slack (MET)


Startpoint: _757_ (rising edge-triggered flip-flop clocked by wr_clk)
Endpoint: _642_ (rising edge-triggered flip-flop clocked by wr_clk)
Path Group: wr_clk
Path Type: min

Fanout         Cap        Slew       Delay        Time   Description
---------------------------------------------------------------------------------------------
                                  0.000000    0.000000   clock wr_clk (rise edge)
                                  0.000000    0.000000   clock source latency
     1    0.023797    0.176583    0.121462    0.121462 ^ wr_clk (in)
                                                         wr_clk (net)
                      0.176607    0.000000    0.121462 ^ clkbuf_0_wr_clk/A (sky130_fd_sc_hd__clkbuf_16)
    16    0.102935    0.180447    0.367202    0.488664 ^ clkbuf_0_wr_clk/X (sky130_fd_sc_hd__clkbuf_16)
                                                         clknet_0_wr_clk (net)
                      0.180450    0.001181    0.489845 ^ clkbuf_4_13_0_wr_clk/A (sky130_fd_sc_hd__clkbuf_8)
     8    0.039976    0.129768    0.328448    0.818293 ^ clkbuf_4_13_0_wr_clk/X (sky130_fd_sc_hd__clkbuf_8)
                                                         clknet_4_13_0_wr_clk (net)
                      0.129770    0.000720    0.819013 ^ _757_/CLK (sky130_fd_sc_hd__dfrtp_1)
     6    0.019452    0.282991    0.837759    1.656772 ^ _757_/Q (sky130_fd_sc_hd__dfrtp_1)
                                                         wr_bin[0] (net)
                      0.282991    0.000173    1.656945 ^ _483_/B (sky130_fd_sc_hd__or3b_4)
     4    0.042748    0.231046    0.441199    2.098145 ^ _483_/X (sky130_fd_sc_hd__or3b_4)
                                                         _284_ (net)
                      0.231046    0.000448    2.098593 ^ _484_/B (sky130_fd_sc_hd__nor2_4)
     8    0.059527    0.141548    0.214034    2.312627 v _484_/Y (sky130_fd_sc_hd__nor2_4)
                                                         _285_ (net)
                      0.141708    0.003852    2.316479 v _487_/S (sky130_fd_sc_hd__mux2_1)
     1    0.002357    0.067201    0.406363    2.722842 ^ _487_/X (sky130_fd_sc_hd__mux2_1)
                                                         _010_ (net)
                      0.067201    0.000025    2.722867 ^ _642_/D (sky130_fd_sc_hd__dfxtp_1)
                                              2.722867   data arrival time

                                  0.000000    0.000000   clock wr_clk (rise edge)
                                  0.000000    0.000000   clock source latency
     1    0.023797    0.176583    0.121462    0.121462 ^ wr_clk (in)
                                                         wr_clk (net)
                      0.176607    0.000000    0.121462 ^ clkbuf_0_wr_clk/A (sky130_fd_sc_hd__clkbuf_16)
    16    0.102935    0.180447    0.367202    0.488664 ^ clkbuf_0_wr_clk/X (sky130_fd_sc_hd__clkbuf_16)
                                                         clknet_0_wr_clk (net)
                      0.180479    0.002417    0.491081 ^ clkbuf_4_4_0_wr_clk/A (sky130_fd_sc_hd__clkbuf_8)
    13    0.039326    0.128224    0.327160    0.818241 ^ clkbuf_4_4_0_wr_clk/X (sky130_fd_sc_hd__clkbuf_8)
                                                         clknet_4_4_0_wr_clk (net)
                      0.128224    0.000473    0.818715 ^ _642_/CLK (sky130_fd_sc_hd__dfxtp_1)
                                  0.250000    1.068715   clock uncertainty
                                  0.000000    1.068715   clock reconvergence pessimism
                                 -0.062116    1.006599   library hold time
                                              1.006599   data required time
---------------------------------------------------------------------------------------------
                                              1.006599   data required time
                                             -2.722867   data arrival time
---------------------------------------------------------------------------------------------
                                              1.716268   slack (MET)


Startpoint: _757_ (rising edge-triggered flip-flop clocked by wr_clk)
Endpoint: _644_ (rising edge-triggered flip-flop clocked by wr_clk)
Path Group: wr_clk
Path Type: min

Fanout         Cap        Slew       Delay        Time   Description
---------------------------------------------------------------------------------------------
                                  0.000000    0.000000   clock wr_clk (rise edge)
                                  0.000000    0.000000   clock source latency
     1    0.023797    0.176583    0.121462    0.121462 ^ wr_clk (in)
                                                         wr_clk (net)
                      0.176607    0.000000    0.121462 ^ clkbuf_0_wr_clk/A (sky130_fd_sc_hd__clkbuf_16)
    16    0.102935    0.180447    0.367202    0.488664 ^ clkbuf_0_wr_clk/X (sky130_fd_sc_hd__clkbuf_16)
                                                         clknet_0_wr_clk (net)
                      0.180450    0.001181    0.489845 ^ clkbuf_4_13_0_wr_clk/A (sky130_fd_sc_hd__clkbuf_8)
     8    0.039976    0.129768    0.328448    0.818293 ^ clkbuf_4_13_0_wr_clk/X (sky130_fd_sc_hd__clkbuf_8)
                                                         clknet_4_13_0_wr_clk (net)
                      0.129770    0.000720    0.819013 ^ _757_/CLK (sky130_fd_sc_hd__dfrtp_1)
     6    0.019452    0.282991    0.837759    1.656772 ^ _757_/Q (sky130_fd_sc_hd__dfrtp_1)
                                                         wr_bin[0] (net)
                      0.282991    0.000173    1.656945 ^ _483_/B (sky130_fd_sc_hd__or3b_4)
     4    0.042748    0.231046    0.441199    2.098145 ^ _483_/X (sky130_fd_sc_hd__or3b_4)
                                                         _284_ (net)
                      0.231046    0.000448    2.098593 ^ _484_/B (sky130_fd_sc_hd__nor2_4)
     8    0.059527    0.141548    0.214034    2.312627 v _484_/Y (sky130_fd_sc_hd__nor2_4)
                                                         _285_ (net)
                      0.141559    0.001048    2.313676 v _489_/S (sky130_fd_sc_hd__mux2_1)
     1    0.002044    0.063519    0.402378    2.716054 ^ _489_/X (sky130_fd_sc_hd__mux2_1)
                                                         _012_ (net)
                      0.063519    0.000019    2.716073 ^ _644_/D (sky130_fd_sc_hd__dfxtp_1)
                                              2.716073   data arrival time

                                  0.000000    0.000000   clock wr_clk (rise edge)
                                  0.000000    0.000000   clock source latency
     1    0.023797    0.176583    0.121462    0.121462 ^ wr_clk (in)
                                                         wr_clk (net)
                      0.176607    0.000000    0.121462 ^ clkbuf_0_wr_clk/A (sky130_fd_sc_hd__clkbuf_16)
    16    0.102935    0.180447    0.367202    0.488664 ^ clkbuf_0_wr_clk/X (sky130_fd_sc_hd__clkbuf_16)
                                                         clknet_0_wr_clk (net)
                      0.180447    0.000836    0.489500 ^ clkbuf_4_11_0_wr_clk/A (sky130_fd_sc_hd__clkbuf_8)
     8    0.036273    0.120887    0.321675    0.811175 ^ clkbuf_4_11_0_wr_clk/X (sky130_fd_sc_hd__clkbuf_8)
                                                         clknet_4_11_0_wr_clk (net)
                      0.120887    0.000306    0.811482 ^ _644_/CLK (sky130_fd_sc_hd__dfxtp_1)
                                  0.250000    1.061482   clock uncertainty
                                  0.000000    1.061482   clock reconvergence pessimism
                                 -0.062426    0.999056   library hold time
                                              0.999056   data required time
---------------------------------------------------------------------------------------------
                                              0.999056   data required time
                                             -2.716073   data arrival time
---------------------------------------------------------------------------------------------
                                              1.717017   slack (MET)


Startpoint: _758_ (rising edge-triggered flip-flop clocked by wr_clk)
Endpoint: _657_ (rising edge-triggered flip-flop clocked by wr_clk)
Path Group: wr_clk
Path Type: min

Fanout         Cap        Slew       Delay        Time   Description
---------------------------------------------------------------------------------------------
                                  0.000000    0.000000   clock wr_clk (rise edge)
                                  0.000000    0.000000   clock source latency
     1    0.023797    0.176583    0.121462    0.121462 ^ wr_clk (in)
                                                         wr_clk (net)
                      0.176607    0.000000    0.121462 ^ clkbuf_0_wr_clk/A (sky130_fd_sc_hd__clkbuf_16)
    16    0.102935    0.180447    0.367202    0.488664 ^ clkbuf_0_wr_clk/X (sky130_fd_sc_hd__clkbuf_16)
                                                         clknet_0_wr_clk (net)
                      0.180450    0.001181    0.489845 ^ clkbuf_4_13_0_wr_clk/A (sky130_fd_sc_hd__clkbuf_8)
     8    0.039976    0.129768    0.328448    0.818293 ^ clkbuf_4_13_0_wr_clk/X (sky130_fd_sc_hd__clkbuf_8)
                                                         clknet_4_13_0_wr_clk (net)
                      0.129770    0.000756    0.819049 ^ _758_/CLK (sky130_fd_sc_hd__dfrtp_1)
     5    0.017741    0.260891    0.821525    1.640574 ^ _758_/Q (sky130_fd_sc_hd__dfrtp_1)
                                                         wr_bin[1] (net)
                      0.260891    0.000127    1.640702 ^ _503_/A (sky130_fd_sc_hd__or3b_4)
     4    0.043956    0.236810    0.443660    2.084362 ^ _503_/X (sky130_fd_sc_hd__or3b_4)
                                                         _288_ (net)
                      0.236810    0.000780    2.085143 ^ _504_/B (sky130_fd_sc_hd__nor2_4)
     8    0.061028    0.145903    0.219222    2.304365 v _504_/Y (sky130_fd_sc_hd__nor2_4)
                                                         _289_ (net)
                      0.145905    0.000883    2.305247 v _506_/S (sky130_fd_sc_hd__mux2_1)
     1    0.002277    0.066308    0.407489    2.712736 ^ _506_/X (sky130_fd_sc_hd__mux2_1)
                                                         _025_ (net)
                      0.066308    0.000024    2.712760 ^ _657_/D (sky130_fd_sc_hd__dfxtp_1)
                                              2.712760   data arrival time

                                  0.000000    0.000000   clock wr_clk (rise edge)
                                  0.000000    0.000000   clock source latency
     1    0.023797    0.176583    0.121462    0.121462 ^ wr_clk (in)
                                                         wr_clk (net)
                      0.176607    0.000000    0.121462 ^ clkbuf_0_wr_clk/A (sky130_fd_sc_hd__clkbuf_16)
    16    0.102935    0.180447    0.367202    0.488664 ^ clkbuf_0_wr_clk/X (sky130_fd_sc_hd__clkbuf_16)
                                                         clknet_0_wr_clk (net)
                      0.180454    0.001401    0.490065 ^ clkbuf_4_14_0_wr_clk/A (sky130_fd_sc_hd__clkbuf_8)
     6    0.034532    0.116639    0.318207    0.808272 ^ clkbuf_4_14_0_wr_clk/X (sky130_fd_sc_hd__clkbuf_8)
                                                         clknet_4_14_0_wr_clk (net)
                      0.116643    0.000848    0.809119 ^ _657_/CLK (sky130_fd_sc_hd__dfxtp_1)
                                  0.250000    1.059119   clock uncertainty
                                  0.000000    1.059119   clock reconvergence pessimism
                                 -0.063749    0.995371   library hold time
                                              0.995371   data required time
---------------------------------------------------------------------------------------------
                                              0.995371   data required time
                                             -2.712760   data arrival time
---------------------------------------------------------------------------------------------
                                              1.717390   slack (MET)


Startpoint: _760_ (rising edge-triggered flip-flop clocked by wr_clk)
Endpoint: _664_ (rising edge-triggered flip-flop clocked by wr_clk)
Path Group: wr_clk
Path Type: min

Fanout         Cap        Slew       Delay        Time   Description
---------------------------------------------------------------------------------------------
                                  0.000000    0.000000   clock wr_clk (rise edge)
                                  0.000000    0.000000   clock source latency
     1    0.023797    0.176583    0.121462    0.121462 ^ wr_clk (in)
                                                         wr_clk (net)
                      0.176607    0.000000    0.121462 ^ clkbuf_0_wr_clk/A (sky130_fd_sc_hd__clkbuf_16)
    16    0.102935    0.180447    0.367202    0.488664 ^ clkbuf_0_wr_clk/X (sky130_fd_sc_hd__clkbuf_16)
                                                         clknet_0_wr_clk (net)
                      0.180454    0.001426    0.490090 ^ clkbuf_4_15_0_wr_clk/A (sky130_fd_sc_hd__clkbuf_8)
     7    0.032701    0.112391    0.315079    0.805170 ^ clkbuf_4_15_0_wr_clk/X (sky130_fd_sc_hd__clkbuf_8)
                                                         clknet_4_15_0_wr_clk (net)
                      0.112391    0.000255    0.805425 ^ _760_/CLK (sky130_fd_sc_hd__dfrtp_1)
     4    0.013758    0.165924    0.857202    1.662627 v _760_/Q (sky130_fd_sc_hd__dfrtp_1)
                                                         wr_bin[3] (net)
                      0.165924    0.000058    1.662685 v fanout37/A (sky130_fd_sc_hd__clkbuf_4)
    10    0.040230    0.157758    0.385729    2.048414 v fanout37/X (sky130_fd_sc_hd__clkbuf_4)
                                                         net37 (net)
                      0.157758    0.000469    2.048883 v _514_/C (sky130_fd_sc_hd__nand3b_4)
     8    0.066660    0.330551    0.342143    2.391026 ^ _514_/Y (sky130_fd_sc_hd__nand3b_4)
                                                         _291_ (net)
                      0.330565    0.001785    2.392811 ^ _515_/S (sky130_fd_sc_hd__mux2_1)
     1    0.002044    0.063535    0.327469    2.720280 ^ _515_/X (sky130_fd_sc_hd__mux2_1)
                                                         _032_ (net)
                      0.063535    0.000019    2.720299 ^ _664_/D (sky130_fd_sc_hd__dfxtp_1)
                                              2.720299   data arrival time

                                  0.000000    0.000000   clock wr_clk (rise edge)
                                  0.000000    0.000000   clock source latency
     1    0.023797    0.176583    0.121462    0.121462 ^ wr_clk (in)
                                                         wr_clk (net)
                      0.176607    0.000000    0.121462 ^ clkbuf_0_wr_clk/A (sky130_fd_sc_hd__clkbuf_16)
    16    0.102935    0.180447    0.367202    0.488664 ^ clkbuf_0_wr_clk/X (sky130_fd_sc_hd__clkbuf_16)
                                                         clknet_0_wr_clk (net)
                      0.180474    0.002267    0.490931 ^ clkbuf_4_7_0_wr_clk/A (sky130_fd_sc_hd__clkbuf_8)
    11    0.037068    0.122796    0.323071    0.814001 ^ clkbuf_4_7_0_wr_clk/X (sky130_fd_sc_hd__clkbuf_8)
                                                         clknet_4_7_0_wr_clk (net)
                      0.122797    0.000644    0.814645 ^ _664_/CLK (sky130_fd_sc_hd__dfxtp_1)
                                  0.250000    1.064645   clock uncertainty
                                  0.000000    1.064645   clock reconvergence pessimism
                                 -0.062126    1.002519   library hold time
                                              1.002519   data required time
---------------------------------------------------------------------------------------------
                                              1.002519   data required time
                                             -2.720299   data arrival time
---------------------------------------------------------------------------------------------
                                              1.717780   slack (MET)


Startpoint: _758_ (rising edge-triggered flip-flop clocked by wr_clk)
Endpoint: _764_ (rising edge-triggered flip-flop clocked by wr_clk)
Path Group: wr_clk
Path Type: min

Fanout         Cap        Slew       Delay        Time   Description
---------------------------------------------------------------------------------------------
                                  0.000000    0.000000   clock wr_clk (rise edge)
                                  0.000000    0.000000   clock source latency
     1    0.023797    0.176583    0.121462    0.121462 ^ wr_clk (in)
                                                         wr_clk (net)
                      0.176607    0.000000    0.121462 ^ clkbuf_0_wr_clk/A (sky130_fd_sc_hd__clkbuf_16)
    16    0.102935    0.180447    0.367202    0.488664 ^ clkbuf_0_wr_clk/X (sky130_fd_sc_hd__clkbuf_16)
                                                         clknet_0_wr_clk (net)
                      0.180450    0.001181    0.489845 ^ clkbuf_4_13_0_wr_clk/A (sky130_fd_sc_hd__clkbuf_8)
     8    0.039976    0.129768    0.328448    0.818293 ^ clkbuf_4_13_0_wr_clk/X (sky130_fd_sc_hd__clkbuf_8)
                                                         clknet_4_13_0_wr_clk (net)
                      0.129770    0.000756    0.819049 ^ _758_/CLK (sky130_fd_sc_hd__dfrtp_1)
     5    0.017741    0.260891    0.821525    1.640574 ^ _758_/Q (sky130_fd_sc_hd__dfrtp_1)
                                                         wr_bin[1] (net)
                      0.260891    0.000127    1.640702 ^ _503_/A (sky130_fd_sc_hd__or3b_4)
     4    0.043956    0.236810    0.443660    2.084362 ^ _503_/X (sky130_fd_sc_hd__or3b_4)
                                                         _288_ (net)
                      0.236810    0.000919    2.085281 ^ _606_/A (sky130_fd_sc_hd__nor2_4)
     8    0.056433    0.138531    0.221587    2.306868 v _606_/Y (sky130_fd_sc_hd__nor2_4)
                                                         _303_ (net)
                      0.138634    0.002016    2.308884 v _609_/S (sky130_fd_sc_hd__mux2_1)
     1    0.003073    0.075432    0.413764    2.722647 ^ _609_/X (sky130_fd_sc_hd__mux2_1)
                                                         _114_ (net)
                      0.075432    0.000041    2.722688 ^ _764_/D (sky130_fd_sc_hd__dfxtp_1)
                                              2.722688   data arrival time

                                  0.000000    0.000000   clock wr_clk (rise edge)
                                  0.000000    0.000000   clock source latency
     1    0.023797    0.176583    0.121462    0.121462 ^ wr_clk (in)
                                                         wr_clk (net)
                      0.176607    0.000000    0.121462 ^ clkbuf_0_wr_clk/A (sky130_fd_sc_hd__clkbuf_16)
    16    0.102935    0.180447    0.367202    0.488664 ^ clkbuf_0_wr_clk/X (sky130_fd_sc_hd__clkbuf_16)
                                                         clknet_0_wr_clk (net)
                      0.180479    0.002417    0.491081 ^ clkbuf_4_4_0_wr_clk/A (sky130_fd_sc_hd__clkbuf_8)
    13    0.039326    0.128224    0.327160    0.818241 ^ clkbuf_4_4_0_wr_clk/X (sky130_fd_sc_hd__clkbuf_8)
                                                         clknet_4_4_0_wr_clk (net)
                      0.128225    0.000631    0.818872 ^ _764_/CLK (sky130_fd_sc_hd__dfxtp_1)
                                  0.250000    1.068872   clock uncertainty
                                  0.000000    1.068872   clock reconvergence pessimism
                                 -0.064029    1.004843   library hold time
                                              1.004843   data required time
---------------------------------------------------------------------------------------------
                                              1.004843   data required time
                                             -2.722688   data arrival time
---------------------------------------------------------------------------------------------
                                              1.717845   slack (MET)


Startpoint: _758_ (rising edge-triggered flip-flop clocked by wr_clk)
Endpoint: _701_ (rising edge-triggered flip-flop clocked by wr_clk)
Path Group: wr_clk
Path Type: min

Fanout         Cap        Slew       Delay        Time   Description
---------------------------------------------------------------------------------------------
                                  0.000000    0.000000   clock wr_clk (rise edge)
                                  0.000000    0.000000   clock source latency
     1    0.023797    0.176583    0.121462    0.121462 ^ wr_clk (in)
                                                         wr_clk (net)
                      0.176607    0.000000    0.121462 ^ clkbuf_0_wr_clk/A (sky130_fd_sc_hd__clkbuf_16)
    16    0.102935    0.180447    0.367202    0.488664 ^ clkbuf_0_wr_clk/X (sky130_fd_sc_hd__clkbuf_16)
                                                         clknet_0_wr_clk (net)
                      0.180450    0.001181    0.489845 ^ clkbuf_4_13_0_wr_clk/A (sky130_fd_sc_hd__clkbuf_8)
     8    0.039976    0.129768    0.328448    0.818293 ^ clkbuf_4_13_0_wr_clk/X (sky130_fd_sc_hd__clkbuf_8)
                                                         clknet_4_13_0_wr_clk (net)
                      0.129770    0.000756    0.819049 ^ _758_/CLK (sky130_fd_sc_hd__dfrtp_1)
     5    0.017741    0.260891    0.821525    1.640574 ^ _758_/Q (sky130_fd_sc_hd__dfrtp_1)
                                                         wr_bin[1] (net)
                      0.260891    0.000127    1.640702 ^ _503_/A (sky130_fd_sc_hd__or3b_4)
     4    0.043956    0.236810    0.443660    2.084362 ^ _503_/X (sky130_fd_sc_hd__or3b_4)
                                                         _288_ (net)
                      0.236810    0.000565    2.084927 ^ _551_/A (sky130_fd_sc_hd__nor2_4)
     8    0.061771    0.149762    0.228089    2.313016 v _551_/Y (sky130_fd_sc_hd__nor2_4)
                                                         _296_ (net)
                      0.150101    0.005725    2.318741 v _557_/S (sky130_fd_sc_hd__mux2_1)
     1    0.001867    0.061691    0.404473    2.723214 ^ _557_/X (sky130_fd_sc_hd__mux2_1)
                                                         _069_ (net)
                      0.061691    0.000016    2.723231 ^ _701_/D (sky130_fd_sc_hd__dfxtp_1)
                                              2.723231   data arrival time

                                  0.000000    0.000000   clock wr_clk (rise edge)
                                  0.000000    0.000000   clock source latency
     1    0.023797    0.176583    0.121462    0.121462 ^ wr_clk (in)
                                                         wr_clk (net)
                      0.176607    0.000000    0.121462 ^ clkbuf_0_wr_clk/A (sky130_fd_sc_hd__clkbuf_16)
    16    0.102935    0.180447    0.367202    0.488664 ^ clkbuf_0_wr_clk/X (sky130_fd_sc_hd__clkbuf_16)
                                                         clknet_0_wr_clk (net)
                      0.180477    0.002344    0.491008 ^ clkbuf_4_0_0_wr_clk/A (sky130_fd_sc_hd__clkbuf_8)
    14    0.037818    0.124461    0.324214    0.815222 ^ clkbuf_4_0_0_wr_clk/X (sky130_fd_sc_hd__clkbuf_8)
                                                         clknet_4_0_0_wr_clk (net)
                      0.124473    0.001298    0.816520 ^ _701_/CLK (sky130_fd_sc_hd__dfxtp_1)
                                  0.250000    1.066520   clock uncertainty
                                  0.000000    1.066520   clock reconvergence pessimism
                                 -0.061431    1.005089   library hold time
                                              1.005089   data required time
---------------------------------------------------------------------------------------------
                                              1.005089   data required time
                                             -2.723231   data arrival time
---------------------------------------------------------------------------------------------
                                              1.718142   slack (MET)


Startpoint: _758_ (rising edge-triggered flip-flop clocked by wr_clk)
Endpoint: _663_ (rising edge-triggered flip-flop clocked by wr_clk)
Path Group: wr_clk
Path Type: min

Fanout         Cap        Slew       Delay        Time   Description
---------------------------------------------------------------------------------------------
                                  0.000000    0.000000   clock wr_clk (rise edge)
                                  0.000000    0.000000   clock source latency
     1    0.023797    0.176583    0.121462    0.121462 ^ wr_clk (in)
                                                         wr_clk (net)
                      0.176607    0.000000    0.121462 ^ clkbuf_0_wr_clk/A (sky130_fd_sc_hd__clkbuf_16)
    16    0.102935    0.180447    0.367202    0.488664 ^ clkbuf_0_wr_clk/X (sky130_fd_sc_hd__clkbuf_16)
                                                         clknet_0_wr_clk (net)
                      0.180450    0.001181    0.489845 ^ clkbuf_4_13_0_wr_clk/A (sky130_fd_sc_hd__clkbuf_8)
     8    0.039976    0.129768    0.328448    0.818293 ^ clkbuf_4_13_0_wr_clk/X (sky130_fd_sc_hd__clkbuf_8)
                                                         clknet_4_13_0_wr_clk (net)
                      0.129770    0.000756    0.819049 ^ _758_/CLK (sky130_fd_sc_hd__dfrtp_1)
     5    0.017741    0.260891    0.821525    1.640574 ^ _758_/Q (sky130_fd_sc_hd__dfrtp_1)
                                                         wr_bin[1] (net)
                      0.260891    0.000127    1.640702 ^ _503_/A (sky130_fd_sc_hd__or3b_4)
     4    0.043956    0.236810    0.443660    2.084362 ^ _503_/X (sky130_fd_sc_hd__or3b_4)
                                                         _288_ (net)
                      0.236810    0.000780    2.085143 ^ _504_/B (sky130_fd_sc_hd__nor2_4)
     8    0.061028    0.145903    0.219222    2.304365 v _504_/Y (sky130_fd_sc_hd__nor2_4)
                                                         _289_ (net)
                      0.146020    0.002389    2.306754 v _512_/S (sky130_fd_sc_hd__mux2_1)
     1    0.002863    0.072952    0.414869    2.721623 ^ _512_/X (sky130_fd_sc_hd__mux2_1)
                                                         _031_ (net)
                      0.072952    0.000037    2.721660 ^ _663_/D (sky130_fd_sc_hd__dfxtp_1)
                                              2.721660   data arrival time

                                  0.000000    0.000000   clock wr_clk (rise edge)
                                  0.000000    0.000000   clock source latency
     1    0.023797    0.176583    0.121462    0.121462 ^ wr_clk (in)
                                                         wr_clk (net)
                      0.176607    0.000000    0.121462 ^ clkbuf_0_wr_clk/A (sky130_fd_sc_hd__clkbuf_16)
    16    0.102935    0.180447    0.367202    0.488664 ^ clkbuf_0_wr_clk/X (sky130_fd_sc_hd__clkbuf_16)
                                                         clknet_0_wr_clk (net)
                      0.180478    0.002379    0.491043 ^ clkbuf_4_1_0_wr_clk/A (sky130_fd_sc_hd__clkbuf_8)
    14    0.037443    0.123691    0.323795    0.814838 ^ clkbuf_4_1_0_wr_clk/X (sky130_fd_sc_hd__clkbuf_8)
                                                         clknet_4_1_0_wr_clk (net)
                      0.123691    0.000463    0.815301 ^ _663_/CLK (sky130_fd_sc_hd__dfxtp_1)
                                  0.250000    1.065301   clock uncertainty
                                  0.000000    1.065301   clock reconvergence pessimism
                                 -0.064173    1.001128   library hold time
                                              1.001128   data required time
---------------------------------------------------------------------------------------------
                                              1.001128   data required time
                                             -2.721660   data arrival time
---------------------------------------------------------------------------------------------
                                              1.720532   slack (MET)


Startpoint: _757_ (rising edge-triggered flip-flop clocked by wr_clk)
Endpoint: _640_ (rising edge-triggered flip-flop clocked by wr_clk)
Path Group: wr_clk
Path Type: min

Fanout         Cap        Slew       Delay        Time   Description
---------------------------------------------------------------------------------------------
                                  0.000000    0.000000   clock wr_clk (rise edge)
                                  0.000000    0.000000   clock source latency
     1    0.023797    0.176583    0.121462    0.121462 ^ wr_clk (in)
                                                         wr_clk (net)
                      0.176607    0.000000    0.121462 ^ clkbuf_0_wr_clk/A (sky130_fd_sc_hd__clkbuf_16)
    16    0.102935    0.180447    0.367202    0.488664 ^ clkbuf_0_wr_clk/X (sky130_fd_sc_hd__clkbuf_16)
                                                         clknet_0_wr_clk (net)
                      0.180450    0.001181    0.489845 ^ clkbuf_4_13_0_wr_clk/A (sky130_fd_sc_hd__clkbuf_8)
     8    0.039976    0.129768    0.328448    0.818293 ^ clkbuf_4_13_0_wr_clk/X (sky130_fd_sc_hd__clkbuf_8)
                                                         clknet_4_13_0_wr_clk (net)
                      0.129770    0.000720    0.819013 ^ _757_/CLK (sky130_fd_sc_hd__dfrtp_1)
     6    0.019452    0.282991    0.837759    1.656772 ^ _757_/Q (sky130_fd_sc_hd__dfrtp_1)
                                                         wr_bin[0] (net)
                      0.282991    0.000173    1.656945 ^ _483_/B (sky130_fd_sc_hd__or3b_4)
     4    0.042748    0.231046    0.441199    2.098145 ^ _483_/X (sky130_fd_sc_hd__or3b_4)
                                                         _284_ (net)
                      0.231046    0.000448    2.098593 ^ _484_/B (sky130_fd_sc_hd__nor2_4)
     8    0.059527    0.141548    0.214034    2.312627 v _484_/Y (sky130_fd_sc_hd__nor2_4)
                                                         _285_ (net)
                      0.141613    0.002489    2.315116 v _485_/S (sky130_fd_sc_hd__mux2_1)
     1    0.002431    0.068032    0.407238    2.722354 ^ _485_/X (sky130_fd_sc_hd__mux2_1)
                                                         _008_ (net)
                      0.068032    0.000027    2.722382 ^ _640_/D (sky130_fd_sc_hd__dfxtp_1)
                                              2.722382   data arrival time

                                  0.000000    0.000000   clock wr_clk (rise edge)
                                  0.000000    0.000000   clock source latency
     1    0.023797    0.176583    0.121462    0.121462 ^ wr_clk (in)
                                                         wr_clk (net)
                      0.176607    0.000000    0.121462 ^ clkbuf_0_wr_clk/A (sky130_fd_sc_hd__clkbuf_16)
    16    0.102935    0.180447    0.367202    0.488664 ^ clkbuf_0_wr_clk/X (sky130_fd_sc_hd__clkbuf_16)
                                                         clknet_0_wr_clk (net)
                      0.180474    0.002267    0.490931 ^ clkbuf_4_7_0_wr_clk/A (sky130_fd_sc_hd__clkbuf_8)
    11    0.037068    0.122796    0.323071    0.814001 ^ clkbuf_4_7_0_wr_clk/X (sky130_fd_sc_hd__clkbuf_8)
                                                         clknet_4_7_0_wr_clk (net)
                      0.122798    0.000691    0.814692 ^ _640_/CLK (sky130_fd_sc_hd__dfxtp_1)
                                  0.250000    1.064692   clock uncertainty
                                  0.000000    1.064692   clock reconvergence pessimism
                                 -0.063171    1.001521   library hold time
                                              1.001521   data required time
---------------------------------------------------------------------------------------------
                                              1.001521   data required time
                                             -2.722382   data arrival time
---------------------------------------------------------------------------------------------
                                              1.720861   slack (MET)


Startpoint: _758_ (rising edge-triggered flip-flop clocked by wr_clk)
Endpoint: _700_ (rising edge-triggered flip-flop clocked by wr_clk)
Path Group: wr_clk
Path Type: min

Fanout         Cap        Slew       Delay        Time   Description
---------------------------------------------------------------------------------------------
                                  0.000000    0.000000   clock wr_clk (rise edge)
                                  0.000000    0.000000   clock source latency
     1    0.023797    0.176583    0.121462    0.121462 ^ wr_clk (in)
                                                         wr_clk (net)
                      0.176607    0.000000    0.121462 ^ clkbuf_0_wr_clk/A (sky130_fd_sc_hd__clkbuf_16)
    16    0.102935    0.180447    0.367202    0.488664 ^ clkbuf_0_wr_clk/X (sky130_fd_sc_hd__clkbuf_16)
                                                         clknet_0_wr_clk (net)
                      0.180450    0.001181    0.489845 ^ clkbuf_4_13_0_wr_clk/A (sky130_fd_sc_hd__clkbuf_8)
     8    0.039976    0.129768    0.328448    0.818293 ^ clkbuf_4_13_0_wr_clk/X (sky130_fd_sc_hd__clkbuf_8)
                                                         clknet_4_13_0_wr_clk (net)
                      0.129770    0.000756    0.819049 ^ _758_/CLK (sky130_fd_sc_hd__dfrtp_1)
     5    0.017741    0.260891    0.821525    1.640574 ^ _758_/Q (sky130_fd_sc_hd__dfrtp_1)
                                                         wr_bin[1] (net)
                      0.260891    0.000127    1.640702 ^ _503_/A (sky130_fd_sc_hd__or3b_4)
     4    0.043956    0.236810    0.443660    2.084362 ^ _503_/X (sky130_fd_sc_hd__or3b_4)
                                                         _288_ (net)
                      0.236810    0.000565    2.084927 ^ _551_/A (sky130_fd_sc_hd__nor2_4)
     8    0.061771    0.149762    0.228089    2.313016 v _551_/Y (sky130_fd_sc_hd__nor2_4)
                                                         _296_ (net)
                      0.150160    0.006189    2.319205 v _556_/S (sky130_fd_sc_hd__mux2_1)
     1    0.002011    0.063208    0.406309    2.725514 ^ _556_/X (sky130_fd_sc_hd__mux2_1)
                                                         _068_ (net)
                      0.063208    0.000018    2.725532 ^ _700_/D (sky130_fd_sc_hd__dfxtp_1)
                                              2.725532   data arrival time

                                  0.000000    0.000000   clock wr_clk (rise edge)
                                  0.000000    0.000000   clock source latency
     1    0.023797    0.176583    0.121462    0.121462 ^ wr_clk (in)
                                                         wr_clk (net)
                      0.176607    0.000000    0.121462 ^ clkbuf_0_wr_clk/A (sky130_fd_sc_hd__clkbuf_16)
    16    0.102935    0.180447    0.367202    0.488664 ^ clkbuf_0_wr_clk/X (sky130_fd_sc_hd__clkbuf_16)
                                                         clknet_0_wr_clk (net)
                      0.180447    0.000807    0.489471 ^ clkbuf_4_10_0_wr_clk/A (sky130_fd_sc_hd__clkbuf_8)
    13    0.038401    0.125998    0.325442    0.814912 ^ clkbuf_4_10_0_wr_clk/X (sky130_fd_sc_hd__clkbuf_8)
                                                         clknet_4_10_0_wr_clk (net)
                      0.126002    0.000922    0.815834 ^ _700_/CLK (sky130_fd_sc_hd__dfxtp_1)
                                  0.250000    1.065834   clock uncertainty
                                  0.000000    1.065834   clock reconvergence pessimism
                                 -0.061541    1.004293   library hold time
                                              1.004293   data required time
---------------------------------------------------------------------------------------------
                                              1.004293   data required time
                                             -2.725532   data arrival time
---------------------------------------------------------------------------------------------
                                              1.721239   slack (MET)


Startpoint: _757_ (rising edge-triggered flip-flop clocked by wr_clk)
Endpoint: _645_ (rising edge-triggered flip-flop clocked by wr_clk)
Path Group: wr_clk
Path Type: min

Fanout         Cap        Slew       Delay        Time   Description
---------------------------------------------------------------------------------------------
                                  0.000000    0.000000   clock wr_clk (rise edge)
                                  0.000000    0.000000   clock source latency
     1    0.023797    0.176583    0.121462    0.121462 ^ wr_clk (in)
                                                         wr_clk (net)
                      0.176607    0.000000    0.121462 ^ clkbuf_0_wr_clk/A (sky130_fd_sc_hd__clkbuf_16)
    16    0.102935    0.180447    0.367202    0.488664 ^ clkbuf_0_wr_clk/X (sky130_fd_sc_hd__clkbuf_16)
                                                         clknet_0_wr_clk (net)
                      0.180450    0.001181    0.489845 ^ clkbuf_4_13_0_wr_clk/A (sky130_fd_sc_hd__clkbuf_8)
     8    0.039976    0.129768    0.328448    0.818293 ^ clkbuf_4_13_0_wr_clk/X (sky130_fd_sc_hd__clkbuf_8)
                                                         clknet_4_13_0_wr_clk (net)
                      0.129770    0.000720    0.819013 ^ _757_/CLK (sky130_fd_sc_hd__dfrtp_1)
     6    0.019452    0.282991    0.837759    1.656772 ^ _757_/Q (sky130_fd_sc_hd__dfrtp_1)
                                                         wr_bin[0] (net)
                      0.282991    0.000173    1.656945 ^ _483_/B (sky130_fd_sc_hd__or3b_4)
     4    0.042748    0.231046    0.441199    2.098145 ^ _483_/X (sky130_fd_sc_hd__or3b_4)
                                                         _284_ (net)
                      0.231046    0.000448    2.098593 ^ _484_/B (sky130_fd_sc_hd__nor2_4)
     8    0.059527    0.141548    0.214034    2.312627 v _484_/Y (sky130_fd_sc_hd__nor2_4)
                                                         _285_ (net)
                      0.141751    0.004324    2.316951 v _490_/S (sky130_fd_sc_hd__mux2_1)
     1    0.002424    0.067953    0.407220    2.724172 ^ _490_/X (sky130_fd_sc_hd__mux2_1)
                                                         _013_ (net)
                      0.067953    0.000028    2.724199 ^ _645_/D (sky130_fd_sc_hd__dfxtp_1)
                                              2.724199   data arrival time

                                  0.000000    0.000000   clock wr_clk (rise edge)
                                  0.000000    0.000000   clock source latency
     1    0.023797    0.176583    0.121462    0.121462 ^ wr_clk (in)
                                                         wr_clk (net)
                      0.176607    0.000000    0.121462 ^ clkbuf_0_wr_clk/A (sky130_fd_sc_hd__clkbuf_16)
    16    0.102935    0.180447    0.367202    0.488664 ^ clkbuf_0_wr_clk/X (sky130_fd_sc_hd__clkbuf_16)
                                                         clknet_0_wr_clk (net)
                      0.180477    0.002344    0.491008 ^ clkbuf_4_0_0_wr_clk/A (sky130_fd_sc_hd__clkbuf_8)
    14    0.037818    0.124461    0.324214    0.815222 ^ clkbuf_4_0_0_wr_clk/X (sky130_fd_sc_hd__clkbuf_8)
                                                         clknet_4_0_0_wr_clk (net)
                      0.124461    0.000517    0.815738 ^ _645_/CLK (sky130_fd_sc_hd__dfxtp_1)
                                  0.250000    1.065738   clock uncertainty
                                  0.000000    1.065738   clock reconvergence pessimism
                                 -0.062889    1.002850   library hold time
                                              1.002850   data required time
---------------------------------------------------------------------------------------------
                                              1.002850   data required time
                                             -2.724199   data arrival time
---------------------------------------------------------------------------------------------
                                              1.721350   slack (MET)


Startpoint: _757_ (rising edge-triggered flip-flop clocked by wr_clk)
Endpoint: _647_ (rising edge-triggered flip-flop clocked by wr_clk)
Path Group: wr_clk
Path Type: min

Fanout         Cap        Slew       Delay        Time   Description
---------------------------------------------------------------------------------------------
                                  0.000000    0.000000   clock wr_clk (rise edge)
                                  0.000000    0.000000   clock source latency
     1    0.023797    0.176583    0.121462    0.121462 ^ wr_clk (in)
                                                         wr_clk (net)
                      0.176607    0.000000    0.121462 ^ clkbuf_0_wr_clk/A (sky130_fd_sc_hd__clkbuf_16)
    16    0.102935    0.180447    0.367202    0.488664 ^ clkbuf_0_wr_clk/X (sky130_fd_sc_hd__clkbuf_16)
                                                         clknet_0_wr_clk (net)
                      0.180450    0.001181    0.489845 ^ clkbuf_4_13_0_wr_clk/A (sky130_fd_sc_hd__clkbuf_8)
     8    0.039976    0.129768    0.328448    0.818293 ^ clkbuf_4_13_0_wr_clk/X (sky130_fd_sc_hd__clkbuf_8)
                                                         clknet_4_13_0_wr_clk (net)
                      0.129770    0.000720    0.819013 ^ _757_/CLK (sky130_fd_sc_hd__dfrtp_1)
     6    0.019452    0.282991    0.837759    1.656772 ^ _757_/Q (sky130_fd_sc_hd__dfrtp_1)
                                                         wr_bin[0] (net)
                      0.282991    0.000173    1.656945 ^ _483_/B (sky130_fd_sc_hd__or3b_4)
     4    0.042748    0.231046    0.441199    2.098145 ^ _483_/X (sky130_fd_sc_hd__or3b_4)
                                                         _284_ (net)
                      0.231046    0.000448    2.098593 ^ _484_/B (sky130_fd_sc_hd__nor2_4)
     8    0.059527    0.141548    0.214034    2.312627 v _484_/Y (sky130_fd_sc_hd__nor2_4)
                                                         _285_ (net)
                      0.141736    0.004167    2.316794 v _492_/S (sky130_fd_sc_hd__mux2_1)
     1    0.002431    0.068032    0.407300    2.724094 ^ _492_/X (sky130_fd_sc_hd__mux2_1)
                                                         _015_ (net)
                      0.068032    0.000026    2.724121 ^ _647_/D (sky130_fd_sc_hd__dfxtp_1)
                                              2.724121   data arrival time

                                  0.000000    0.000000   clock wr_clk (rise edge)
                                  0.000000    0.000000   clock source latency
     1    0.023797    0.176583    0.121462    0.121462 ^ wr_clk (in)
                                                         wr_clk (net)
                      0.176607    0.000000    0.121462 ^ clkbuf_0_wr_clk/A (sky130_fd_sc_hd__clkbuf_16)
    16    0.102935    0.180447    0.367202    0.488664 ^ clkbuf_0_wr_clk/X (sky130_fd_sc_hd__clkbuf_16)
                                                         clknet_0_wr_clk (net)
                      0.180478    0.002379    0.491043 ^ clkbuf_4_1_0_wr_clk/A (sky130_fd_sc_hd__clkbuf_8)
    14    0.037443    0.123691    0.323795    0.814838 ^ clkbuf_4_1_0_wr_clk/X (sky130_fd_sc_hd__clkbuf_8)
                                                         clknet_4_1_0_wr_clk (net)
                      0.123691    0.000459    0.815297 ^ _647_/CLK (sky130_fd_sc_hd__dfxtp_1)
                                  0.250000    1.065297   clock uncertainty
                                  0.000000    1.065297   clock reconvergence pessimism
                                 -0.063029    1.002267   library hold time
                                              1.002267   data required time
---------------------------------------------------------------------------------------------
                                              1.002267   data required time
                                             -2.724121   data arrival time
---------------------------------------------------------------------------------------------
                                              1.721853   slack (MET)


Startpoint: _760_ (rising edge-triggered flip-flop clocked by wr_clk)
Endpoint: _668_ (rising edge-triggered flip-flop clocked by wr_clk)
Path Group: wr_clk
Path Type: min

Fanout         Cap        Slew       Delay        Time   Description
---------------------------------------------------------------------------------------------
                                  0.000000    0.000000   clock wr_clk (rise edge)
                                  0.000000    0.000000   clock source latency
     1    0.023797    0.176583    0.121462    0.121462 ^ wr_clk (in)
                                                         wr_clk (net)
                      0.176607    0.000000    0.121462 ^ clkbuf_0_wr_clk/A (sky130_fd_sc_hd__clkbuf_16)
    16    0.102935    0.180447    0.367202    0.488664 ^ clkbuf_0_wr_clk/X (sky130_fd_sc_hd__clkbuf_16)
                                                         clknet_0_wr_clk (net)
                      0.180454    0.001426    0.490090 ^ clkbuf_4_15_0_wr_clk/A (sky130_fd_sc_hd__clkbuf_8)
     7    0.032701    0.112391    0.315079    0.805170 ^ clkbuf_4_15_0_wr_clk/X (sky130_fd_sc_hd__clkbuf_8)
                                                         clknet_4_15_0_wr_clk (net)
                      0.112391    0.000255    0.805425 ^ _760_/CLK (sky130_fd_sc_hd__dfrtp_1)
     4    0.013758    0.165924    0.857202    1.662627 v _760_/Q (sky130_fd_sc_hd__dfrtp_1)
                                                         wr_bin[3] (net)
                      0.165924    0.000058    1.662685 v fanout37/A (sky130_fd_sc_hd__clkbuf_4)
    10    0.040230    0.157758    0.385729    2.048414 v fanout37/X (sky130_fd_sc_hd__clkbuf_4)
                                                         net37 (net)
                      0.157758    0.000469    2.048883 v _514_/C (sky130_fd_sc_hd__nand3b_4)
     8    0.066660    0.330551    0.342143    2.391026 ^ _514_/Y (sky130_fd_sc_hd__nand3b_4)
                                                         _291_ (net)
                      0.330632    0.004195    2.395221 ^ _519_/S (sky130_fd_sc_hd__mux2_1)
     1    0.002279    0.065867    0.330449    2.725670 ^ _519_/X (sky130_fd_sc_hd__mux2_1)
                                                         _036_ (net)
                      0.065867    0.000025    2.725695 ^ _668_/D (sky130_fd_sc_hd__dfxtp_1)
                                              2.725695   data arrival time

                                  0.000000    0.000000   clock wr_clk (rise edge)
                                  0.000000    0.000000   clock source latency
     1    0.023797    0.176583    0.121462    0.121462 ^ wr_clk (in)
                                                         wr_clk (net)
                      0.176607    0.000000    0.121462 ^ clkbuf_0_wr_clk/A (sky130_fd_sc_hd__clkbuf_16)
    16    0.102935    0.180447    0.367202    0.488664 ^ clkbuf_0_wr_clk/X (sky130_fd_sc_hd__clkbuf_16)
                                                         clknet_0_wr_clk (net)
                      0.180447    0.000807    0.489471 ^ clkbuf_4_10_0_wr_clk/A (sky130_fd_sc_hd__clkbuf_8)
    13    0.038401    0.125998    0.325442    0.814912 ^ clkbuf_4_10_0_wr_clk/X (sky130_fd_sc_hd__clkbuf_8)
                                                         clknet_4_10_0_wr_clk (net)
                      0.126003    0.000961    0.815873 ^ _668_/CLK (sky130_fd_sc_hd__dfxtp_1)
                                  0.250000    1.065873   clock uncertainty
                                  0.000000    1.065873   clock reconvergence pessimism
                                 -0.062159    1.003714   library hold time
                                              1.003714   data required time
---------------------------------------------------------------------------------------------
                                              1.003714   data required time
                                             -2.725695   data arrival time
---------------------------------------------------------------------------------------------
                                              1.721981   slack (MET)


Startpoint: _758_ (rising edge-triggered flip-flop clocked by wr_clk)
Endpoint: _699_ (rising edge-triggered flip-flop clocked by wr_clk)
Path Group: wr_clk
Path Type: min

Fanout         Cap        Slew       Delay        Time   Description
---------------------------------------------------------------------------------------------
                                  0.000000    0.000000   clock wr_clk (rise edge)
                                  0.000000    0.000000   clock source latency
     1    0.023797    0.176583    0.121462    0.121462 ^ wr_clk (in)
                                                         wr_clk (net)
                      0.176607    0.000000    0.121462 ^ clkbuf_0_wr_clk/A (sky130_fd_sc_hd__clkbuf_16)
    16    0.102935    0.180447    0.367202    0.488664 ^ clkbuf_0_wr_clk/X (sky130_fd_sc_hd__clkbuf_16)
                                                         clknet_0_wr_clk (net)
                      0.180450    0.001181    0.489845 ^ clkbuf_4_13_0_wr_clk/A (sky130_fd_sc_hd__clkbuf_8)
     8    0.039976    0.129768    0.328448    0.818293 ^ clkbuf_4_13_0_wr_clk/X (sky130_fd_sc_hd__clkbuf_8)
                                                         clknet_4_13_0_wr_clk (net)
                      0.129770    0.000756    0.819049 ^ _758_/CLK (sky130_fd_sc_hd__dfrtp_1)
     5    0.017741    0.260891    0.821525    1.640574 ^ _758_/Q (sky130_fd_sc_hd__dfrtp_1)
                                                         wr_bin[1] (net)
                      0.260891    0.000127    1.640702 ^ _503_/A (sky130_fd_sc_hd__or3b_4)
     4    0.043956    0.236810    0.443660    2.084362 ^ _503_/X (sky130_fd_sc_hd__or3b_4)
                                                         _288_ (net)
                      0.236810    0.000565    2.084927 ^ _551_/A (sky130_fd_sc_hd__nor2_4)
     8    0.061771    0.149762    0.228089    2.313016 v _551_/Y (sky130_fd_sc_hd__nor2_4)
                                                         _296_ (net)
                      0.150146    0.006080    2.319096 v _555_/S (sky130_fd_sc_hd__mux2_1)
     1    0.002013    0.063220    0.406319    2.725415 ^ _555_/X (sky130_fd_sc_hd__mux2_1)
                                                         _067_ (net)
                      0.063220    0.000019    2.725434 ^ _699_/D (sky130_fd_sc_hd__dfxtp_1)
                                              2.725434   data arrival time

                                  0.000000    0.000000   clock wr_clk (rise edge)
                                  0.000000    0.000000   clock source latency
     1    0.023797    0.176583    0.121462    0.121462 ^ wr_clk (in)
                                                         wr_clk (net)
                      0.176607    0.000000    0.121462 ^ clkbuf_0_wr_clk/A (sky130_fd_sc_hd__clkbuf_16)
    16    0.102935    0.180447    0.367202    0.488664 ^ clkbuf_0_wr_clk/X (sky130_fd_sc_hd__clkbuf_16)
                                                         clknet_0_wr_clk (net)
                      0.180470    0.002139    0.490803 ^ clkbuf_4_2_0_wr_clk/A (sky130_fd_sc_hd__clkbuf_8)
    13    0.037228    0.123056    0.323144    0.813947 ^ clkbuf_4_2_0_wr_clk/X (sky130_fd_sc_hd__clkbuf_8)
                                                         clknet_4_2_0_wr_clk (net)
                      0.123065    0.001165    0.815112 ^ _699_/CLK (sky130_fd_sc_hd__dfxtp_1)
                                  0.250000    1.065112   clock uncertainty
                                  0.000000    1.065112   clock reconvergence pessimism
                                 -0.062010    1.003101   library hold time
                                              1.003101   data required time
---------------------------------------------------------------------------------------------
                                              1.003101   data required time
                                             -2.725434   data arrival time
---------------------------------------------------------------------------------------------
                                              1.722333   slack (MET)


Startpoint: _760_ (rising edge-triggered flip-flop clocked by wr_clk)
Endpoint: _670_ (rising edge-triggered flip-flop clocked by wr_clk)
Path Group: wr_clk
Path Type: min

Fanout         Cap        Slew       Delay        Time   Description
---------------------------------------------------------------------------------------------
                                  0.000000    0.000000   clock wr_clk (rise edge)
                                  0.000000    0.000000   clock source latency
     1    0.023797    0.176583    0.121462    0.121462 ^ wr_clk (in)
                                                         wr_clk (net)
                      0.176607    0.000000    0.121462 ^ clkbuf_0_wr_clk/A (sky130_fd_sc_hd__clkbuf_16)
    16    0.102935    0.180447    0.367202    0.488664 ^ clkbuf_0_wr_clk/X (sky130_fd_sc_hd__clkbuf_16)
                                                         clknet_0_wr_clk (net)
                      0.180454    0.001426    0.490090 ^ clkbuf_4_15_0_wr_clk/A (sky130_fd_sc_hd__clkbuf_8)
     7    0.032701    0.112391    0.315079    0.805170 ^ clkbuf_4_15_0_wr_clk/X (sky130_fd_sc_hd__clkbuf_8)
                                                         clknet_4_15_0_wr_clk (net)
                      0.112391    0.000255    0.805425 ^ _760_/CLK (sky130_fd_sc_hd__dfrtp_1)
     4    0.013758    0.165924    0.857202    1.662627 v _760_/Q (sky130_fd_sc_hd__dfrtp_1)
                                                         wr_bin[3] (net)
                      0.165924    0.000058    1.662685 v fanout37/A (sky130_fd_sc_hd__clkbuf_4)
    10    0.040230    0.157758    0.385729    2.048414 v fanout37/X (sky130_fd_sc_hd__clkbuf_4)
                                                         net37 (net)
                      0.157758    0.000469    2.048883 v _514_/C (sky130_fd_sc_hd__nand3b_4)
     8    0.066660    0.330551    0.342143    2.391026 ^ _514_/Y (sky130_fd_sc_hd__nand3b_4)
                                                         _291_ (net)
                      0.330583    0.002668    2.393694 ^ _521_/S (sky130_fd_sc_hd__mux2_1)
     1    0.002307    0.068663    0.330783    2.724478 ^ _521_/X (sky130_fd_sc_hd__mux2_1)
                                                         _038_ (net)
                      0.068663    0.000017    2.724495 ^ _670_/D (sky130_fd_sc_hd__dfxtp_1)
                                              2.724495   data arrival time

                                  0.000000    0.000000   clock wr_clk (rise edge)
                                  0.000000    0.000000   clock source latency
     1    0.023797    0.176583    0.121462    0.121462 ^ wr_clk (in)
                                                         wr_clk (net)
                      0.176607    0.000000    0.121462 ^ clkbuf_0_wr_clk/A (sky130_fd_sc_hd__clkbuf_16)
    16    0.102935    0.180447    0.367202    0.488664 ^ clkbuf_0_wr_clk/X (sky130_fd_sc_hd__clkbuf_16)
                                                         clknet_0_wr_clk (net)
                      0.180479    0.002398    0.491062 ^ clkbuf_4_5_0_wr_clk/A (sky130_fd_sc_hd__clkbuf_8)
    14    0.037173    0.123071    0.323131    0.814193 ^ clkbuf_4_5_0_wr_clk/X (sky130_fd_sc_hd__clkbuf_8)
                                                         clknet_4_5_0_wr_clk (net)
                      0.123075    0.000853    0.815046 ^ _670_/CLK (sky130_fd_sc_hd__dfxtp_1)
                                  0.250000    1.065046   clock uncertainty
                                  0.000000    1.065046   clock reconvergence pessimism
                                 -0.063274    1.001772   library hold time
                                              1.001772   data required time
---------------------------------------------------------------------------------------------
                                              1.001772   data required time
                                             -2.724495   data arrival time
---------------------------------------------------------------------------------------------
                                              1.722722   slack (MET)


Startpoint: _758_ (rising edge-triggered flip-flop clocked by wr_clk)
Endpoint: _658_ (rising edge-triggered flip-flop clocked by wr_clk)
Path Group: wr_clk
Path Type: min

Fanout         Cap        Slew       Delay        Time   Description
---------------------------------------------------------------------------------------------
                                  0.000000    0.000000   clock wr_clk (rise edge)
                                  0.000000    0.000000   clock source latency
     1    0.023797    0.176583    0.121462    0.121462 ^ wr_clk (in)
                                                         wr_clk (net)
                      0.176607    0.000000    0.121462 ^ clkbuf_0_wr_clk/A (sky130_fd_sc_hd__clkbuf_16)
    16    0.102935    0.180447    0.367202    0.488664 ^ clkbuf_0_wr_clk/X (sky130_fd_sc_hd__clkbuf_16)
                                                         clknet_0_wr_clk (net)
                      0.180450    0.001181    0.489845 ^ clkbuf_4_13_0_wr_clk/A (sky130_fd_sc_hd__clkbuf_8)
     8    0.039976    0.129768    0.328448    0.818293 ^ clkbuf_4_13_0_wr_clk/X (sky130_fd_sc_hd__clkbuf_8)
                                                         clknet_4_13_0_wr_clk (net)
                      0.129770    0.000756    0.819049 ^ _758_/CLK (sky130_fd_sc_hd__dfrtp_1)
     5    0.017741    0.260891    0.821525    1.640574 ^ _758_/Q (sky130_fd_sc_hd__dfrtp_1)
                                                         wr_bin[1] (net)
                      0.260891    0.000127    1.640702 ^ _503_/A (sky130_fd_sc_hd__or3b_4)
     4    0.043956    0.236810    0.443660    2.084362 ^ _503_/X (sky130_fd_sc_hd__or3b_4)
                                                         _288_ (net)
                      0.236810    0.000780    2.085143 ^ _504_/B (sky130_fd_sc_hd__nor2_4)
     8    0.061028    0.145903    0.219222    2.304365 v _504_/Y (sky130_fd_sc_hd__nor2_4)
                                                         _289_ (net)
                      0.146009    0.002156    2.306520 v _507_/S (sky130_fd_sc_hd__mux2_1)
     1    0.002384    0.067512    0.408879    2.715399 ^ _507_/X (sky130_fd_sc_hd__mux2_1)
                                                         _026_ (net)
                      0.067512    0.000026    2.715425 ^ _658_/D (sky130_fd_sc_hd__dfxtp_1)
                                              2.715425   data arrival time

                                  0.000000    0.000000   clock wr_clk (rise edge)
                                  0.000000    0.000000   clock source latency
     1    0.023797    0.176583    0.121462    0.121462 ^ wr_clk (in)
                                                         wr_clk (net)
                      0.176607    0.000000    0.121462 ^ clkbuf_0_wr_clk/A (sky130_fd_sc_hd__clkbuf_16)
    16    0.102935    0.180447    0.367202    0.488664 ^ clkbuf_0_wr_clk/X (sky130_fd_sc_hd__clkbuf_16)
                                                         clknet_0_wr_clk (net)
                      0.180474    0.002243    0.490907 ^ clkbuf_4_6_0_wr_clk/A (sky130_fd_sc_hd__clkbuf_8)
     9    0.033041    0.113205    0.315612    0.806520 ^ clkbuf_4_6_0_wr_clk/X (sky130_fd_sc_hd__clkbuf_8)
                                                         clknet_4_6_0_wr_clk (net)
                      0.113205    0.000530    0.807050 ^ _658_/CLK (sky130_fd_sc_hd__dfxtp_1)
                                  0.250000    1.057050   clock uncertainty
                                  0.000000    1.057050   clock reconvergence pessimism
                                 -0.064575    0.992475   library hold time
                                              0.992475   data required time
---------------------------------------------------------------------------------------------
                                              0.992475   data required time
                                             -2.715425   data arrival time
---------------------------------------------------------------------------------------------
                                              1.722950   slack (MET)


Startpoint: _758_ (rising edge-triggered flip-flop clocked by wr_clk)
Endpoint: _698_ (rising edge-triggered flip-flop clocked by wr_clk)
Path Group: wr_clk
Path Type: min

Fanout         Cap        Slew       Delay        Time   Description
---------------------------------------------------------------------------------------------
                                  0.000000    0.000000   clock wr_clk (rise edge)
                                  0.000000    0.000000   clock source latency
     1    0.023797    0.176583    0.121462    0.121462 ^ wr_clk (in)
                                                         wr_clk (net)
                      0.176607    0.000000    0.121462 ^ clkbuf_0_wr_clk/A (sky130_fd_sc_hd__clkbuf_16)
    16    0.102935    0.180447    0.367202    0.488664 ^ clkbuf_0_wr_clk/X (sky130_fd_sc_hd__clkbuf_16)
                                                         clknet_0_wr_clk (net)
                      0.180450    0.001181    0.489845 ^ clkbuf_4_13_0_wr_clk/A (sky130_fd_sc_hd__clkbuf_8)
     8    0.039976    0.129768    0.328448    0.818293 ^ clkbuf_4_13_0_wr_clk/X (sky130_fd_sc_hd__clkbuf_8)
                                                         clknet_4_13_0_wr_clk (net)
                      0.129770    0.000756    0.819049 ^ _758_/CLK (sky130_fd_sc_hd__dfrtp_1)
     5    0.017741    0.260891    0.821525    1.640574 ^ _758_/Q (sky130_fd_sc_hd__dfrtp_1)
                                                         wr_bin[1] (net)
                      0.260891    0.000127    1.640702 ^ _503_/A (sky130_fd_sc_hd__or3b_4)
     4    0.043956    0.236810    0.443660    2.084362 ^ _503_/X (sky130_fd_sc_hd__or3b_4)
                                                         _288_ (net)
                      0.236810    0.000565    2.084927 ^ _551_/A (sky130_fd_sc_hd__nor2_4)
     8    0.061771    0.149762    0.228089    2.313016 v _551_/Y (sky130_fd_sc_hd__nor2_4)
                                                         _296_ (net)
                      0.149950    0.004296    2.317312 v _554_/S (sky130_fd_sc_hd__mux2_1)
     1    0.002521    0.071336    0.412590    2.729902 ^ _554_/X (sky130_fd_sc_hd__mux2_1)
                                                         _066_ (net)
                      0.071336    0.000019    2.729922 ^ _698_/D (sky130_fd_sc_hd__dfxtp_1)
                                              2.729922   data arrival time

                                  0.000000    0.000000   clock wr_clk (rise edge)
                                  0.000000    0.000000   clock source latency
     1    0.023797    0.176583    0.121462    0.121462 ^ wr_clk (in)
                                                         wr_clk (net)
                      0.176607    0.000000    0.121462 ^ clkbuf_0_wr_clk/A (sky130_fd_sc_hd__clkbuf_16)
    16    0.102935    0.180447    0.367202    0.488664 ^ clkbuf_0_wr_clk/X (sky130_fd_sc_hd__clkbuf_16)
                                                         clknet_0_wr_clk (net)
                      0.180479    0.002417    0.491081 ^ clkbuf_4_4_0_wr_clk/A (sky130_fd_sc_hd__clkbuf_8)
    13    0.039326    0.128224    0.327160    0.818241 ^ clkbuf_4_4_0_wr_clk/X (sky130_fd_sc_hd__clkbuf_8)
                                                         clknet_4_4_0_wr_clk (net)
                      0.128227    0.000869    0.819111 ^ _698_/CLK (sky130_fd_sc_hd__dfxtp_1)
                                  0.250000    1.069111   clock uncertainty
                                  0.000000    1.069111   clock reconvergence pessimism
                                 -0.063076    1.006034   library hold time
                                              1.006034   data required time
---------------------------------------------------------------------------------------------
                                              1.006034   data required time
                                             -2.729922   data arrival time
---------------------------------------------------------------------------------------------
                                              1.723888   slack (MET)


Startpoint: _758_ (rising edge-triggered flip-flop clocked by wr_clk)
Endpoint: _656_ (rising edge-triggered flip-flop clocked by wr_clk)
Path Group: wr_clk
Path Type: min

Fanout         Cap        Slew       Delay        Time   Description
---------------------------------------------------------------------------------------------
                                  0.000000    0.000000   clock wr_clk (rise edge)
                                  0.000000    0.000000   clock source latency
     1    0.023797    0.176583    0.121462    0.121462 ^ wr_clk (in)
                                                         wr_clk (net)
                      0.176607    0.000000    0.121462 ^ clkbuf_0_wr_clk/A (sky130_fd_sc_hd__clkbuf_16)
    16    0.102935    0.180447    0.367202    0.488664 ^ clkbuf_0_wr_clk/X (sky130_fd_sc_hd__clkbuf_16)
                                                         clknet_0_wr_clk (net)
                      0.180450    0.001181    0.489845 ^ clkbuf_4_13_0_wr_clk/A (sky130_fd_sc_hd__clkbuf_8)
     8    0.039976    0.129768    0.328448    0.818293 ^ clkbuf_4_13_0_wr_clk/X (sky130_fd_sc_hd__clkbuf_8)
                                                         clknet_4_13_0_wr_clk (net)
                      0.129770    0.000756    0.819049 ^ _758_/CLK (sky130_fd_sc_hd__dfrtp_1)
     5    0.017741    0.260891    0.821525    1.640574 ^ _758_/Q (sky130_fd_sc_hd__dfrtp_1)
                                                         wr_bin[1] (net)
                      0.260891    0.000127    1.640702 ^ _503_/A (sky130_fd_sc_hd__or3b_4)
     4    0.043956    0.236810    0.443660    2.084362 ^ _503_/X (sky130_fd_sc_hd__or3b_4)
                                                         _288_ (net)
                      0.236810    0.000780    2.085143 ^ _504_/B (sky130_fd_sc_hd__nor2_4)
     8    0.061028    0.145903    0.219222    2.304365 v _504_/Y (sky130_fd_sc_hd__nor2_4)
                                                         _289_ (net)
                      0.145979    0.001319    2.305683 v _505_/S (sky130_fd_sc_hd__mux2_1)
     1    0.003100    0.075759    0.417818    2.723501 ^ _505_/X (sky130_fd_sc_hd__mux2_1)
                                                         _024_ (net)
                      0.075759    0.000038    2.723540 ^ _656_/D (sky130_fd_sc_hd__dfxtp_1)
                                              2.723540   data arrival time

                                  0.000000    0.000000   clock wr_clk (rise edge)
                                  0.000000    0.000000   clock source latency
     1    0.023797    0.176583    0.121462    0.121462 ^ wr_clk (in)
                                                         wr_clk (net)
                      0.176607    0.000000    0.121462 ^ clkbuf_0_wr_clk/A (sky130_fd_sc_hd__clkbuf_16)
    16    0.102935    0.180447    0.367202    0.488664 ^ clkbuf_0_wr_clk/X (sky130_fd_sc_hd__clkbuf_16)
                                                         clknet_0_wr_clk (net)
                      0.180474    0.002267    0.490931 ^ clkbuf_4_7_0_wr_clk/A (sky130_fd_sc_hd__clkbuf_8)
    11    0.037068    0.122796    0.323071    0.814001 ^ clkbuf_4_7_0_wr_clk/X (sky130_fd_sc_hd__clkbuf_8)
                                                         clknet_4_7_0_wr_clk (net)
                      0.122797    0.000588    0.814590 ^ _656_/CLK (sky130_fd_sc_hd__dfxtp_1)
                                  0.250000    1.064590   clock uncertainty
                                  0.000000    1.064590   clock reconvergence pessimism
                                 -0.064968    0.999622   library hold time
                                              0.999622   data required time
---------------------------------------------------------------------------------------------
                                              0.999622   data required time
                                             -2.723540   data arrival time
---------------------------------------------------------------------------------------------
                                              1.723918   slack (MET)


Startpoint: _757_ (rising edge-triggered flip-flop clocked by wr_clk)
Endpoint: _718_ (rising edge-triggered flip-flop clocked by wr_clk)
Path Group: wr_clk
Path Type: min

Fanout         Cap        Slew       Delay        Time   Description
---------------------------------------------------------------------------------------------
                                  0.000000    0.000000   clock wr_clk (rise edge)
                                  0.000000    0.000000   clock source latency
     1    0.023797    0.176583    0.121462    0.121462 ^ wr_clk (in)
                                                         wr_clk (net)
                      0.176607    0.000000    0.121462 ^ clkbuf_0_wr_clk/A (sky130_fd_sc_hd__clkbuf_16)
    16    0.102935    0.180447    0.367202    0.488664 ^ clkbuf_0_wr_clk/X (sky130_fd_sc_hd__clkbuf_16)
                                                         clknet_0_wr_clk (net)
                      0.180450    0.001181    0.489845 ^ clkbuf_4_13_0_wr_clk/A (sky130_fd_sc_hd__clkbuf_8)
     8    0.039976    0.129768    0.328448    0.818293 ^ clkbuf_4_13_0_wr_clk/X (sky130_fd_sc_hd__clkbuf_8)
                                                         clknet_4_13_0_wr_clk (net)
                      0.129770    0.000720    0.819013 ^ _757_/CLK (sky130_fd_sc_hd__dfrtp_1)
     6    0.019452    0.282991    0.837759    1.656772 ^ _757_/Q (sky130_fd_sc_hd__dfrtp_1)
                                                         wr_bin[0] (net)
                      0.282991    0.000173    1.656945 ^ _483_/B (sky130_fd_sc_hd__or3b_4)
     4    0.042748    0.231046    0.441199    2.098145 ^ _483_/X (sky130_fd_sc_hd__or3b_4)
                                                         _284_ (net)
                      0.231046    0.000913    2.099058 ^ _570_/A (sky130_fd_sc_hd__nor2_4)
     8    0.059504    0.144618    0.223301    2.322359 v _570_/Y (sky130_fd_sc_hd__nor2_4)
                                                         _299_ (net)
                      0.144752    0.002651    2.325010 v _577_/S (sky130_fd_sc_hd__mux2_1)
     1    0.001908    0.062150    0.402287    2.727296 ^ _577_/X (sky130_fd_sc_hd__mux2_1)
                                                         _086_ (net)
                      0.062150    0.000017    2.727314 ^ _718_/D (sky130_fd_sc_hd__dfxtp_1)
                                              2.727314   data arrival time

                                  0.000000    0.000000   clock wr_clk (rise edge)
                                  0.000000    0.000000   clock source latency
     1    0.023797    0.176583    0.121462    0.121462 ^ wr_clk (in)
                                                         wr_clk (net)
                      0.176607    0.000000    0.121462 ^ clkbuf_0_wr_clk/A (sky130_fd_sc_hd__clkbuf_16)
    16    0.102935    0.180447    0.367202    0.488664 ^ clkbuf_0_wr_clk/X (sky130_fd_sc_hd__clkbuf_16)
                                                         clknet_0_wr_clk (net)
                      0.180479    0.002398    0.491062 ^ clkbuf_4_5_0_wr_clk/A (sky130_fd_sc_hd__clkbuf_8)
    14    0.037173    0.123071    0.323131    0.814193 ^ clkbuf_4_5_0_wr_clk/X (sky130_fd_sc_hd__clkbuf_8)
                                                         clknet_4_5_0_wr_clk (net)
                      0.123074    0.000819    0.815012 ^ _718_/CLK (sky130_fd_sc_hd__dfxtp_1)
                                  0.250000    1.065012   clock uncertainty
                                  0.000000    1.065012   clock reconvergence pessimism
                                 -0.061760    1.003252   library hold time
                                              1.003252   data required time
---------------------------------------------------------------------------------------------
                                              1.003252   data required time
                                             -2.727314   data arrival time
---------------------------------------------------------------------------------------------
                                              1.724062   slack (MET)


Startpoint: _757_ (rising edge-triggered flip-flop clocked by wr_clk)
Endpoint: _646_ (rising edge-triggered flip-flop clocked by wr_clk)
Path Group: wr_clk
Path Type: min

Fanout         Cap        Slew       Delay        Time   Description
---------------------------------------------------------------------------------------------
                                  0.000000    0.000000   clock wr_clk (rise edge)
                                  0.000000    0.000000   clock source latency
     1    0.023797    0.176583    0.121462    0.121462 ^ wr_clk (in)
                                                         wr_clk (net)
                      0.176607    0.000000    0.121462 ^ clkbuf_0_wr_clk/A (sky130_fd_sc_hd__clkbuf_16)
    16    0.102935    0.180447    0.367202    0.488664 ^ clkbuf_0_wr_clk/X (sky130_fd_sc_hd__clkbuf_16)
                                                         clknet_0_wr_clk (net)
                      0.180450    0.001181    0.489845 ^ clkbuf_4_13_0_wr_clk/A (sky130_fd_sc_hd__clkbuf_8)
     8    0.039976    0.129768    0.328448    0.818293 ^ clkbuf_4_13_0_wr_clk/X (sky130_fd_sc_hd__clkbuf_8)
                                                         clknet_4_13_0_wr_clk (net)
                      0.129770    0.000720    0.819013 ^ _757_/CLK (sky130_fd_sc_hd__dfrtp_1)
     6    0.019452    0.282991    0.837759    1.656772 ^ _757_/Q (sky130_fd_sc_hd__dfrtp_1)
                                                         wr_bin[0] (net)
                      0.282991    0.000173    1.656945 ^ _483_/B (sky130_fd_sc_hd__or3b_4)
     4    0.042748    0.231046    0.441199    2.098145 ^ _483_/X (sky130_fd_sc_hd__or3b_4)
                                                         _284_ (net)
                      0.231046    0.000448    2.098593 ^ _484_/B (sky130_fd_sc_hd__nor2_4)
     8    0.059527    0.141548    0.214034    2.312627 v _484_/Y (sky130_fd_sc_hd__nor2_4)
                                                         _285_ (net)
                      0.141653    0.003145    2.315772 v _491_/S (sky130_fd_sc_hd__mux2_1)
     1    0.002650    0.070500    0.409996    2.725769 ^ _491_/X (sky130_fd_sc_hd__mux2_1)
                                                         _014_ (net)
                      0.070500    0.000034    2.725802 ^ _646_/D (sky130_fd_sc_hd__dfxtp_1)
                                              2.725802   data arrival time

                                  0.000000    0.000000   clock wr_clk (rise edge)
                                  0.000000    0.000000   clock source latency
     1    0.023797    0.176583    0.121462    0.121462 ^ wr_clk (in)
                                                         wr_clk (net)
                      0.176607    0.000000    0.121462 ^ clkbuf_0_wr_clk/A (sky130_fd_sc_hd__clkbuf_16)
    16    0.102935    0.180447    0.367202    0.488664 ^ clkbuf_0_wr_clk/X (sky130_fd_sc_hd__clkbuf_16)
                                                         clknet_0_wr_clk (net)
                      0.180479    0.002398    0.491062 ^ clkbuf_4_5_0_wr_clk/A (sky130_fd_sc_hd__clkbuf_8)
    14    0.037173    0.123071    0.323131    0.814193 ^ clkbuf_4_5_0_wr_clk/X (sky130_fd_sc_hd__clkbuf_8)
                                                         clknet_4_5_0_wr_clk (net)
                      0.123072    0.000675    0.814868 ^ _646_/CLK (sky130_fd_sc_hd__dfxtp_1)
                                  0.250000    1.064868   clock uncertainty
                                  0.000000    1.064868   clock reconvergence pessimism
                                 -0.063701    1.001167   library hold time
                                              1.001167   data required time
---------------------------------------------------------------------------------------------
                                              1.001167   data required time
                                             -2.725802   data arrival time
---------------------------------------------------------------------------------------------
                                              1.724635   slack (MET)


Startpoint: _760_ (rising edge-triggered flip-flop clocked by wr_clk)
Endpoint: _671_ (rising edge-triggered flip-flop clocked by wr_clk)
Path Group: wr_clk
Path Type: min

Fanout         Cap        Slew       Delay        Time   Description
---------------------------------------------------------------------------------------------
                                  0.000000    0.000000   clock wr_clk (rise edge)
                                  0.000000    0.000000   clock source latency
     1    0.023797    0.176583    0.121462    0.121462 ^ wr_clk (in)
                                                         wr_clk (net)
                      0.176607    0.000000    0.121462 ^ clkbuf_0_wr_clk/A (sky130_fd_sc_hd__clkbuf_16)
    16    0.102935    0.180447    0.367202    0.488664 ^ clkbuf_0_wr_clk/X (sky130_fd_sc_hd__clkbuf_16)
                                                         clknet_0_wr_clk (net)
                      0.180454    0.001426    0.490090 ^ clkbuf_4_15_0_wr_clk/A (sky130_fd_sc_hd__clkbuf_8)
     7    0.032701    0.112391    0.315079    0.805170 ^ clkbuf_4_15_0_wr_clk/X (sky130_fd_sc_hd__clkbuf_8)
                                                         clknet_4_15_0_wr_clk (net)
                      0.112391    0.000255    0.805425 ^ _760_/CLK (sky130_fd_sc_hd__dfrtp_1)
     4    0.013758    0.165924    0.857202    1.662627 v _760_/Q (sky130_fd_sc_hd__dfrtp_1)
                                                         wr_bin[3] (net)
                      0.165924    0.000058    1.662685 v fanout37/A (sky130_fd_sc_hd__clkbuf_4)
    10    0.040230    0.157758    0.385729    2.048414 v fanout37/X (sky130_fd_sc_hd__clkbuf_4)
                                                         net37 (net)
                      0.157758    0.000469    2.048883 v _514_/C (sky130_fd_sc_hd__nand3b_4)
     8    0.066660    0.330551    0.342143    2.391026 ^ _514_/Y (sky130_fd_sc_hd__nand3b_4)
                                                         _291_ (net)
                      0.330597    0.003179    2.394205 ^ _522_/S (sky130_fd_sc_hd__mux2_1)
     1    0.002473    0.067863    0.332870    2.727075 ^ _522_/X (sky130_fd_sc_hd__mux2_1)
                                                         _039_ (net)
                      0.067863    0.000029    2.727104 ^ _671_/D (sky130_fd_sc_hd__dfxtp_1)
                                              2.727104   data arrival time

                                  0.000000    0.000000   clock wr_clk (rise edge)
                                  0.000000    0.000000   clock source latency
     1    0.023797    0.176583    0.121462    0.121462 ^ wr_clk (in)
                                                         wr_clk (net)
                      0.176607    0.000000    0.121462 ^ clkbuf_0_wr_clk/A (sky130_fd_sc_hd__clkbuf_16)
    16    0.102935    0.180447    0.367202    0.488664 ^ clkbuf_0_wr_clk/X (sky130_fd_sc_hd__clkbuf_16)
                                                         clknet_0_wr_clk (net)
                      0.180478    0.002379    0.491043 ^ clkbuf_4_1_0_wr_clk/A (sky130_fd_sc_hd__clkbuf_8)
    14    0.037443    0.123691    0.323795    0.814838 ^ clkbuf_4_1_0_wr_clk/X (sky130_fd_sc_hd__clkbuf_8)
                                                         clknet_4_1_0_wr_clk (net)
                      0.123691    0.000478    0.815316 ^ _671_/CLK (sky130_fd_sc_hd__dfxtp_1)
                                  0.250000    1.065316   clock uncertainty
                                  0.000000    1.065316   clock reconvergence pessimism
                                 -0.062990    1.002326   library hold time
                                              1.002326   data required time
---------------------------------------------------------------------------------------------
                                              1.002326   data required time
                                             -2.727104   data arrival time
---------------------------------------------------------------------------------------------
                                              1.724778   slack (MET)


Startpoint: _757_ (rising edge-triggered flip-flop clocked by wr_clk)
Endpoint: _716_ (rising edge-triggered flip-flop clocked by wr_clk)
Path Group: wr_clk
Path Type: min

Fanout         Cap        Slew       Delay        Time   Description
---------------------------------------------------------------------------------------------
                                  0.000000    0.000000   clock wr_clk (rise edge)
                                  0.000000    0.000000   clock source latency
     1    0.023797    0.176583    0.121462    0.121462 ^ wr_clk (in)
                                                         wr_clk (net)
                      0.176607    0.000000    0.121462 ^ clkbuf_0_wr_clk/A (sky130_fd_sc_hd__clkbuf_16)
    16    0.102935    0.180447    0.367202    0.488664 ^ clkbuf_0_wr_clk/X (sky130_fd_sc_hd__clkbuf_16)
                                                         clknet_0_wr_clk (net)
                      0.180450    0.001181    0.489845 ^ clkbuf_4_13_0_wr_clk/A (sky130_fd_sc_hd__clkbuf_8)
     8    0.039976    0.129768    0.328448    0.818293 ^ clkbuf_4_13_0_wr_clk/X (sky130_fd_sc_hd__clkbuf_8)
                                                         clknet_4_13_0_wr_clk (net)
                      0.129770    0.000720    0.819013 ^ _757_/CLK (sky130_fd_sc_hd__dfrtp_1)
     6    0.019452    0.282991    0.837759    1.656772 ^ _757_/Q (sky130_fd_sc_hd__dfrtp_1)
                                                         wr_bin[0] (net)
                      0.282991    0.000173    1.656945 ^ _483_/B (sky130_fd_sc_hd__or3b_4)
     4    0.042748    0.231046    0.441199    2.098145 ^ _483_/X (sky130_fd_sc_hd__or3b_4)
                                                         _284_ (net)
                      0.231046    0.000913    2.099058 ^ _570_/A (sky130_fd_sc_hd__nor2_4)
     8    0.059504    0.144618    0.223301    2.322359 v _570_/Y (sky130_fd_sc_hd__nor2_4)
                                                         _299_ (net)
                      0.144736    0.002346    2.324705 v _575_/S (sky130_fd_sc_hd__mux2_1)
     1    0.002019    0.063273    0.403661    2.728366 ^ _575_/X (sky130_fd_sc_hd__mux2_1)
                                                         _084_ (net)
                      0.063273    0.000019    2.728386 ^ _716_/D (sky130_fd_sc_hd__dfxtp_1)
                                              2.728386   data arrival time

                                  0.000000    0.000000   clock wr_clk (rise edge)
                                  0.000000    0.000000   clock source latency
     1    0.023797    0.176583    0.121462    0.121462 ^ wr_clk (in)
                                                         wr_clk (net)
                      0.176607    0.000000    0.121462 ^ clkbuf_0_wr_clk/A (sky130_fd_sc_hd__clkbuf_16)
    16    0.102935    0.180447    0.367202    0.488664 ^ clkbuf_0_wr_clk/X (sky130_fd_sc_hd__clkbuf_16)
                                                         clknet_0_wr_clk (net)
                      0.180447    0.000807    0.489471 ^ clkbuf_4_10_0_wr_clk/A (sky130_fd_sc_hd__clkbuf_8)
    13    0.038401    0.125998    0.325442    0.814912 ^ clkbuf_4_10_0_wr_clk/X (sky130_fd_sc_hd__clkbuf_8)
                                                         clknet_4_10_0_wr_clk (net)
                      0.125998    0.000241    0.815153 ^ _716_/CLK (sky130_fd_sc_hd__dfxtp_1)
                                  0.250000    1.065153   clock uncertainty
                                  0.000000    1.065153   clock reconvergence pessimism
                                 -0.061557    1.003596   library hold time
                                              1.003596   data required time
---------------------------------------------------------------------------------------------
                                              1.003596   data required time
                                             -2.728386   data arrival time
---------------------------------------------------------------------------------------------
                                              1.724789   slack (MET)


Startpoint: _760_ (rising edge-triggered flip-flop clocked by wr_clk)
Endpoint: _667_ (rising edge-triggered flip-flop clocked by wr_clk)
Path Group: wr_clk
Path Type: min

Fanout         Cap        Slew       Delay        Time   Description
---------------------------------------------------------------------------------------------
                                  0.000000    0.000000   clock wr_clk (rise edge)
                                  0.000000    0.000000   clock source latency
     1    0.023797    0.176583    0.121462    0.121462 ^ wr_clk (in)
                                                         wr_clk (net)
                      0.176607    0.000000    0.121462 ^ clkbuf_0_wr_clk/A (sky130_fd_sc_hd__clkbuf_16)
    16    0.102935    0.180447    0.367202    0.488664 ^ clkbuf_0_wr_clk/X (sky130_fd_sc_hd__clkbuf_16)
                                                         clknet_0_wr_clk (net)
                      0.180454    0.001426    0.490090 ^ clkbuf_4_15_0_wr_clk/A (sky130_fd_sc_hd__clkbuf_8)
     7    0.032701    0.112391    0.315079    0.805170 ^ clkbuf_4_15_0_wr_clk/X (sky130_fd_sc_hd__clkbuf_8)
                                                         clknet_4_15_0_wr_clk (net)
                      0.112391    0.000255    0.805425 ^ _760_/CLK (sky130_fd_sc_hd__dfrtp_1)
     4    0.013758    0.165924    0.857202    1.662627 v _760_/Q (sky130_fd_sc_hd__dfrtp_1)
                                                         wr_bin[3] (net)
                      0.165924    0.000058    1.662685 v fanout37/A (sky130_fd_sc_hd__clkbuf_4)
    10    0.040230    0.157758    0.385729    2.048414 v fanout37/X (sky130_fd_sc_hd__clkbuf_4)
                                                         net37 (net)
                      0.157758    0.000469    2.048883 v _514_/C (sky130_fd_sc_hd__nand3b_4)
     8    0.066660    0.330551    0.342143    2.391026 ^ _514_/Y (sky130_fd_sc_hd__nand3b_4)
                                                         _291_ (net)
                      0.330634    0.004239    2.395265 ^ _518_/S (sky130_fd_sc_hd__mux2_1)
     1    0.002432    0.067430    0.332360    2.727625 ^ _518_/X (sky130_fd_sc_hd__mux2_1)
                                                         _035_ (net)
                      0.067430    0.000027    2.727652 ^ _667_/D (sky130_fd_sc_hd__dfxtp_1)
                                              2.727652   data arrival time

                                  0.000000    0.000000   clock wr_clk (rise edge)
                                  0.000000    0.000000   clock source latency
     1    0.023797    0.176583    0.121462    0.121462 ^ wr_clk (in)
                                                         wr_clk (net)
                      0.176607    0.000000    0.121462 ^ clkbuf_0_wr_clk/A (sky130_fd_sc_hd__clkbuf_16)
    16    0.102935    0.180447    0.367202    0.488664 ^ clkbuf_0_wr_clk/X (sky130_fd_sc_hd__clkbuf_16)
                                                         clknet_0_wr_clk (net)
                      0.180470    0.002139    0.490803 ^ clkbuf_4_2_0_wr_clk/A (sky130_fd_sc_hd__clkbuf_8)
    13    0.037228    0.123056    0.323144    0.813947 ^ clkbuf_4_2_0_wr_clk/X (sky130_fd_sc_hd__clkbuf_8)
                                                         clknet_4_2_0_wr_clk (net)
                      0.123065    0.001149    0.815095 ^ _667_/CLK (sky130_fd_sc_hd__dfxtp_1)
                                  0.250000    1.065095   clock uncertainty
                                  0.000000    1.065095   clock reconvergence pessimism
                                 -0.062989    1.002106   library hold time
                                              1.002106   data required time
---------------------------------------------------------------------------------------------
                                              1.002106   data required time
                                             -2.727652   data arrival time
---------------------------------------------------------------------------------------------
                                              1.725545   slack (MET)


Startpoint: _757_ (rising edge-triggered flip-flop clocked by wr_clk)
Endpoint: _641_ (rising edge-triggered flip-flop clocked by wr_clk)
Path Group: wr_clk
Path Type: min

Fanout         Cap        Slew       Delay        Time   Description
---------------------------------------------------------------------------------------------
                                  0.000000    0.000000   clock wr_clk (rise edge)
                                  0.000000    0.000000   clock source latency
     1    0.023797    0.176583    0.121462    0.121462 ^ wr_clk (in)
                                                         wr_clk (net)
                      0.176607    0.000000    0.121462 ^ clkbuf_0_wr_clk/A (sky130_fd_sc_hd__clkbuf_16)
    16    0.102935    0.180447    0.367202    0.488664 ^ clkbuf_0_wr_clk/X (sky130_fd_sc_hd__clkbuf_16)
                                                         clknet_0_wr_clk (net)
                      0.180450    0.001181    0.489845 ^ clkbuf_4_13_0_wr_clk/A (sky130_fd_sc_hd__clkbuf_8)
     8    0.039976    0.129768    0.328448    0.818293 ^ clkbuf_4_13_0_wr_clk/X (sky130_fd_sc_hd__clkbuf_8)
                                                         clknet_4_13_0_wr_clk (net)
                      0.129770    0.000720    0.819013 ^ _757_/CLK (sky130_fd_sc_hd__dfrtp_1)
     6    0.019452    0.282991    0.837759    1.656772 ^ _757_/Q (sky130_fd_sc_hd__dfrtp_1)
                                                         wr_bin[0] (net)
                      0.282991    0.000173    1.656945 ^ _483_/B (sky130_fd_sc_hd__or3b_4)
     4    0.042748    0.231046    0.441199    2.098145 ^ _483_/X (sky130_fd_sc_hd__or3b_4)
                                                         _284_ (net)
                      0.231046    0.000448    2.098593 ^ _484_/B (sky130_fd_sc_hd__nor2_4)
     8    0.059527    0.141548    0.214034    2.312627 v _484_/Y (sky130_fd_sc_hd__nor2_4)
                                                         _285_ (net)
                      0.141555    0.000818    2.313445 v _486_/S (sky130_fd_sc_hd__mux2_1)
     1    0.002349    0.069174    0.406193    2.719638 ^ _486_/X (sky130_fd_sc_hd__mux2_1)
                                                         _009_ (net)
                      0.069174    0.000017    2.719655 ^ _641_/D (sky130_fd_sc_hd__dfxtp_1)
                                              2.719655   data arrival time

                                  0.000000    0.000000   clock wr_clk (rise edge)
                                  0.000000    0.000000   clock source latency
     1    0.023797    0.176583    0.121462    0.121462 ^ wr_clk (in)
                                                         wr_clk (net)
                      0.176607    0.000000    0.121462 ^ clkbuf_0_wr_clk/A (sky130_fd_sc_hd__clkbuf_16)
    16    0.102935    0.180447    0.367202    0.488664 ^ clkbuf_0_wr_clk/X (sky130_fd_sc_hd__clkbuf_16)
                                                         clknet_0_wr_clk (net)
                      0.180449    0.001095    0.489758 ^ clkbuf_4_12_0_wr_clk/A (sky130_fd_sc_hd__clkbuf_8)
     8    0.034474    0.116594    0.318401    0.808160 ^ clkbuf_4_12_0_wr_clk/X (sky130_fd_sc_hd__clkbuf_8)
                                                         clknet_4_12_0_wr_clk (net)
                      0.116594    0.000261    0.808420 ^ _641_/CLK (sky130_fd_sc_hd__dfxtp_1)
                                  0.250000    1.058421   clock uncertainty
                                  0.000000    1.058421   clock reconvergence pessimism
                                 -0.064423    0.993998   library hold time
                                              0.993998   data required time
---------------------------------------------------------------------------------------------
                                              0.993998   data required time
                                             -2.719655   data arrival time
---------------------------------------------------------------------------------------------
                                              1.725657   slack (MET)


Startpoint: _757_ (rising edge-triggered flip-flop clocked by wr_clk)
Endpoint: _719_ (rising edge-triggered flip-flop clocked by wr_clk)
Path Group: wr_clk
Path Type: min

Fanout         Cap        Slew       Delay        Time   Description
---------------------------------------------------------------------------------------------
                                  0.000000    0.000000   clock wr_clk (rise edge)
                                  0.000000    0.000000   clock source latency
     1    0.023797    0.176583    0.121462    0.121462 ^ wr_clk (in)
                                                         wr_clk (net)
                      0.176607    0.000000    0.121462 ^ clkbuf_0_wr_clk/A (sky130_fd_sc_hd__clkbuf_16)
    16    0.102935    0.180447    0.367202    0.488664 ^ clkbuf_0_wr_clk/X (sky130_fd_sc_hd__clkbuf_16)
                                                         clknet_0_wr_clk (net)
                      0.180450    0.001181    0.489845 ^ clkbuf_4_13_0_wr_clk/A (sky130_fd_sc_hd__clkbuf_8)
     8    0.039976    0.129768    0.328448    0.818293 ^ clkbuf_4_13_0_wr_clk/X (sky130_fd_sc_hd__clkbuf_8)
                                                         clknet_4_13_0_wr_clk (net)
                      0.129770    0.000720    0.819013 ^ _757_/CLK (sky130_fd_sc_hd__dfrtp_1)
     6    0.019452    0.282991    0.837759    1.656772 ^ _757_/Q (sky130_fd_sc_hd__dfrtp_1)
                                                         wr_bin[0] (net)
                      0.282991    0.000173    1.656945 ^ _483_/B (sky130_fd_sc_hd__or3b_4)
     4    0.042748    0.231046    0.441199    2.098145 ^ _483_/X (sky130_fd_sc_hd__or3b_4)
                                                         _284_ (net)
                      0.231046    0.000913    2.099058 ^ _570_/A (sky130_fd_sc_hd__nor2_4)
     8    0.059504    0.144618    0.223301    2.322359 v _570_/Y (sky130_fd_sc_hd__nor2_4)
                                                         _299_ (net)
                      0.144776    0.003045    2.325403 v _578_/S (sky130_fd_sc_hd__mux2_1)
     1    0.002023    0.063315    0.403737    2.729141 ^ _578_/X (sky130_fd_sc_hd__mux2_1)
                                                         _087_ (net)
                      0.063315    0.000019    2.729160 ^ _719_/D (sky130_fd_sc_hd__dfxtp_1)
                                              2.729160   data arrival time

                                  0.000000    0.000000   clock wr_clk (rise edge)
                                  0.000000    0.000000   clock source latency
     1    0.023797    0.176583    0.121462    0.121462 ^ wr_clk (in)
                                                         wr_clk (net)
                      0.176607    0.000000    0.121462 ^ clkbuf_0_wr_clk/A (sky130_fd_sc_hd__clkbuf_16)
    16    0.102935    0.180447    0.367202    0.488664 ^ clkbuf_0_wr_clk/X (sky130_fd_sc_hd__clkbuf_16)
                                                         clknet_0_wr_clk (net)
                      0.180478    0.002379    0.491043 ^ clkbuf_4_1_0_wr_clk/A (sky130_fd_sc_hd__clkbuf_8)
    14    0.037443    0.123691    0.323795    0.814838 ^ clkbuf_4_1_0_wr_clk/X (sky130_fd_sc_hd__clkbuf_8)
                                                         clknet_4_1_0_wr_clk (net)
                      0.123691    0.000593    0.815431 ^ _719_/CLK (sky130_fd_sc_hd__dfxtp_1)
                                  0.250000    1.065431   clock uncertainty
                                  0.000000    1.065431   clock reconvergence pessimism
                                 -0.061933    1.003498   library hold time
                                              1.003498   data required time
---------------------------------------------------------------------------------------------
                                              1.003498   data required time
                                             -2.729160   data arrival time
---------------------------------------------------------------------------------------------
                                              1.725662   slack (MET)


Startpoint: _760_ (rising edge-triggered flip-flop clocked by wr_clk)
Endpoint: _669_ (rising edge-triggered flip-flop clocked by wr_clk)
Path Group: wr_clk
Path Type: min

Fanout         Cap        Slew       Delay        Time   Description
---------------------------------------------------------------------------------------------
                                  0.000000    0.000000   clock wr_clk (rise edge)
                                  0.000000    0.000000   clock source latency
     1    0.023797    0.176583    0.121462    0.121462 ^ wr_clk (in)
                                                         wr_clk (net)
                      0.176607    0.000000    0.121462 ^ clkbuf_0_wr_clk/A (sky130_fd_sc_hd__clkbuf_16)
    16    0.102935    0.180447    0.367202    0.488664 ^ clkbuf_0_wr_clk/X (sky130_fd_sc_hd__clkbuf_16)
                                                         clknet_0_wr_clk (net)
                      0.180454    0.001426    0.490090 ^ clkbuf_4_15_0_wr_clk/A (sky130_fd_sc_hd__clkbuf_8)
     7    0.032701    0.112391    0.315079    0.805170 ^ clkbuf_4_15_0_wr_clk/X (sky130_fd_sc_hd__clkbuf_8)
                                                         clknet_4_15_0_wr_clk (net)
                      0.112391    0.000255    0.805425 ^ _760_/CLK (sky130_fd_sc_hd__dfrtp_1)
     4    0.013758    0.165924    0.857202    1.662627 v _760_/Q (sky130_fd_sc_hd__dfrtp_1)
                                                         wr_bin[3] (net)
                      0.165924    0.000058    1.662685 v fanout37/A (sky130_fd_sc_hd__clkbuf_4)
    10    0.040230    0.157758    0.385729    2.048414 v fanout37/X (sky130_fd_sc_hd__clkbuf_4)
                                                         net37 (net)
                      0.157758    0.000469    2.048883 v _514_/C (sky130_fd_sc_hd__nand3b_4)
     8    0.066660    0.330551    0.342143    2.391026 ^ _514_/Y (sky130_fd_sc_hd__nand3b_4)
                                                         _291_ (net)
                      0.330640    0.004378    2.395404 ^ _520_/S (sky130_fd_sc_hd__mux2_1)
     1    0.002500    0.071078    0.333228    2.728632 ^ _520_/X (sky130_fd_sc_hd__mux2_1)
                                                         _037_ (net)
                      0.071078    0.000018    2.728650 ^ _669_/D (sky130_fd_sc_hd__dfxtp_1)
                                              2.728650   data arrival time

                                  0.000000    0.000000   clock wr_clk (rise edge)
                                  0.000000    0.000000   clock source latency
     1    0.023797    0.176583    0.121462    0.121462 ^ wr_clk (in)
                                                         wr_clk (net)
                      0.176607    0.000000    0.121462 ^ clkbuf_0_wr_clk/A (sky130_fd_sc_hd__clkbuf_16)
    16    0.102935    0.180447    0.367202    0.488664 ^ clkbuf_0_wr_clk/X (sky130_fd_sc_hd__clkbuf_16)
                                                         clknet_0_wr_clk (net)
                      0.180477    0.002344    0.491008 ^ clkbuf_4_0_0_wr_clk/A (sky130_fd_sc_hd__clkbuf_8)
    14    0.037818    0.124461    0.324214    0.815222 ^ clkbuf_4_0_0_wr_clk/X (sky130_fd_sc_hd__clkbuf_8)
                                                         clknet_4_0_0_wr_clk (net)
                      0.124473    0.001265    0.816486 ^ _669_/CLK (sky130_fd_sc_hd__dfxtp_1)
                                  0.250000    1.066486   clock uncertainty
                                  0.000000    1.066486   clock reconvergence pessimism
                                 -0.063613    1.002873   library hold time
                                              1.002873   data required time
---------------------------------------------------------------------------------------------
                                              1.002873   data required time
                                             -2.728650   data arrival time
---------------------------------------------------------------------------------------------
                                              1.725777   slack (MET)


Startpoint: _758_ (rising edge-triggered flip-flop clocked by wr_clk)
Endpoint: _702_ (rising edge-triggered flip-flop clocked by wr_clk)
Path Group: wr_clk
Path Type: min

Fanout         Cap        Slew       Delay        Time   Description
---------------------------------------------------------------------------------------------
                                  0.000000    0.000000   clock wr_clk (rise edge)
                                  0.000000    0.000000   clock source latency
     1    0.023797    0.176583    0.121462    0.121462 ^ wr_clk (in)
                                                         wr_clk (net)
                      0.176607    0.000000    0.121462 ^ clkbuf_0_wr_clk/A (sky130_fd_sc_hd__clkbuf_16)
    16    0.102935    0.180447    0.367202    0.488664 ^ clkbuf_0_wr_clk/X (sky130_fd_sc_hd__clkbuf_16)
                                                         clknet_0_wr_clk (net)
                      0.180450    0.001181    0.489845 ^ clkbuf_4_13_0_wr_clk/A (sky130_fd_sc_hd__clkbuf_8)
     8    0.039976    0.129768    0.328448    0.818293 ^ clkbuf_4_13_0_wr_clk/X (sky130_fd_sc_hd__clkbuf_8)
                                                         clknet_4_13_0_wr_clk (net)
                      0.129770    0.000756    0.819049 ^ _758_/CLK (sky130_fd_sc_hd__dfrtp_1)
     5    0.017741    0.260891    0.821525    1.640574 ^ _758_/Q (sky130_fd_sc_hd__dfrtp_1)
                                                         wr_bin[1] (net)
                      0.260891    0.000127    1.640702 ^ _503_/A (sky130_fd_sc_hd__or3b_4)
     4    0.043956    0.236810    0.443660    2.084362 ^ _503_/X (sky130_fd_sc_hd__or3b_4)
                                                         _288_ (net)
                      0.236810    0.000565    2.084927 ^ _551_/A (sky130_fd_sc_hd__nor2_4)
     8    0.061771    0.149762    0.228089    2.313016 v _551_/Y (sky130_fd_sc_hd__nor2_4)
                                                         _296_ (net)
                      0.149863    0.003178    2.316194 v _558_/S (sky130_fd_sc_hd__mux2_1)
     1    0.002452    0.068272    0.411667    2.727861 ^ _558_/X (sky130_fd_sc_hd__mux2_1)
                                                         _070_ (net)
                      0.068272    0.000028    2.727889 ^ _702_/D (sky130_fd_sc_hd__dfxtp_1)
                                              2.727889   data arrival time

                                  0.000000    0.000000   clock wr_clk (rise edge)
                                  0.000000    0.000000   clock source latency
     1    0.023797    0.176583    0.121462    0.121462 ^ wr_clk (in)
                                                         wr_clk (net)
                      0.176607    0.000000    0.121462 ^ clkbuf_0_wr_clk/A (sky130_fd_sc_hd__clkbuf_16)
    16    0.102935    0.180447    0.367202    0.488664 ^ clkbuf_0_wr_clk/X (sky130_fd_sc_hd__clkbuf_16)
                                                         clknet_0_wr_clk (net)
                      0.180479    0.002398    0.491062 ^ clkbuf_4_5_0_wr_clk/A (sky130_fd_sc_hd__clkbuf_8)
    14    0.037173    0.123071    0.323131    0.814193 ^ clkbuf_4_5_0_wr_clk/X (sky130_fd_sc_hd__clkbuf_8)
                                                         clknet_4_5_0_wr_clk (net)
                      0.123074    0.000833    0.815026 ^ _702_/CLK (sky130_fd_sc_hd__dfxtp_1)
                                  0.250000    1.065026   clock uncertainty
                                  0.000000    1.065026   clock reconvergence pessimism
                                 -0.063183    1.001843   library hold time
                                              1.001843   data required time
---------------------------------------------------------------------------------------------
                                              1.001843   data required time
                                             -2.727889   data arrival time
---------------------------------------------------------------------------------------------
                                              1.726046   slack (MET)


Startpoint: _757_ (rising edge-triggered flip-flop clocked by wr_clk)
Endpoint: _717_ (rising edge-triggered flip-flop clocked by wr_clk)
Path Group: wr_clk
Path Type: min

Fanout         Cap        Slew       Delay        Time   Description
---------------------------------------------------------------------------------------------
                                  0.000000    0.000000   clock wr_clk (rise edge)
                                  0.000000    0.000000   clock source latency
     1    0.023797    0.176583    0.121462    0.121462 ^ wr_clk (in)
                                                         wr_clk (net)
                      0.176607    0.000000    0.121462 ^ clkbuf_0_wr_clk/A (sky130_fd_sc_hd__clkbuf_16)
    16    0.102935    0.180447    0.367202    0.488664 ^ clkbuf_0_wr_clk/X (sky130_fd_sc_hd__clkbuf_16)
                                                         clknet_0_wr_clk (net)
                      0.180450    0.001181    0.489845 ^ clkbuf_4_13_0_wr_clk/A (sky130_fd_sc_hd__clkbuf_8)
     8    0.039976    0.129768    0.328448    0.818293 ^ clkbuf_4_13_0_wr_clk/X (sky130_fd_sc_hd__clkbuf_8)
                                                         clknet_4_13_0_wr_clk (net)
                      0.129770    0.000720    0.819013 ^ _757_/CLK (sky130_fd_sc_hd__dfrtp_1)
     6    0.019452    0.282991    0.837759    1.656772 ^ _757_/Q (sky130_fd_sc_hd__dfrtp_1)
                                                         wr_bin[0] (net)
                      0.282991    0.000173    1.656945 ^ _483_/B (sky130_fd_sc_hd__or3b_4)
     4    0.042748    0.231046    0.441199    2.098145 ^ _483_/X (sky130_fd_sc_hd__or3b_4)
                                                         _284_ (net)
                      0.231046    0.000913    2.099058 ^ _570_/A (sky130_fd_sc_hd__nor2_4)
     8    0.059504    0.144618    0.223301    2.322359 v _570_/Y (sky130_fd_sc_hd__nor2_4)
                                                         _299_ (net)
                      0.144789    0.003229    2.325588 v _576_/S (sky130_fd_sc_hd__mux2_1)
     1    0.002113    0.064189    0.404865    2.730453 ^ _576_/X (sky130_fd_sc_hd__mux2_1)
                                                         _085_ (net)
                      0.064189    0.000021    2.730474 ^ _717_/D (sky130_fd_sc_hd__dfxtp_1)
                                              2.730474   data arrival time

                                  0.000000    0.000000   clock wr_clk (rise edge)
                                  0.000000    0.000000   clock source latency
     1    0.023797    0.176583    0.121462    0.121462 ^ wr_clk (in)
                                                         wr_clk (net)
                      0.176607    0.000000    0.121462 ^ clkbuf_0_wr_clk/A (sky130_fd_sc_hd__clkbuf_16)
    16    0.102935    0.180447    0.367202    0.488664 ^ clkbuf_0_wr_clk/X (sky130_fd_sc_hd__clkbuf_16)
                                                         clknet_0_wr_clk (net)
                      0.180477    0.002344    0.491008 ^ clkbuf_4_0_0_wr_clk/A (sky130_fd_sc_hd__clkbuf_8)
    14    0.037818    0.124461    0.324214    0.815222 ^ clkbuf_4_0_0_wr_clk/X (sky130_fd_sc_hd__clkbuf_8)
                                                         clknet_4_0_0_wr_clk (net)
                      0.124466    0.000953    0.816174 ^ _717_/CLK (sky130_fd_sc_hd__dfxtp_1)
                                  0.250000    1.066174   clock uncertainty
                                  0.000000    1.066174   clock reconvergence pessimism
                                 -0.062013    1.004161   library hold time
                                              1.004161   data required time
---------------------------------------------------------------------------------------------
                                              1.004161   data required time
                                             -2.730474   data arrival time
---------------------------------------------------------------------------------------------
                                              1.726313   slack (MET)


Startpoint: _758_ (rising edge-triggered flip-flop clocked by wr_clk)
Endpoint: _691_ (rising edge-triggered flip-flop clocked by wr_clk)
Path Group: wr_clk
Path Type: min

Fanout         Cap        Slew       Delay        Time   Description
---------------------------------------------------------------------------------------------
                                  0.000000    0.000000   clock wr_clk (rise edge)
                                  0.000000    0.000000   clock source latency
     1    0.023797    0.176583    0.121462    0.121462 ^ wr_clk (in)
                                                         wr_clk (net)
                      0.176607    0.000000    0.121462 ^ clkbuf_0_wr_clk/A (sky130_fd_sc_hd__clkbuf_16)
    16    0.102935    0.180447    0.367202    0.488664 ^ clkbuf_0_wr_clk/X (sky130_fd_sc_hd__clkbuf_16)
                                                         clknet_0_wr_clk (net)
                      0.180450    0.001181    0.489845 ^ clkbuf_4_13_0_wr_clk/A (sky130_fd_sc_hd__clkbuf_8)
     8    0.039976    0.129768    0.328448    0.818293 ^ clkbuf_4_13_0_wr_clk/X (sky130_fd_sc_hd__clkbuf_8)
                                                         clknet_4_13_0_wr_clk (net)
                      0.129770    0.000756    0.819049 ^ _758_/CLK (sky130_fd_sc_hd__dfrtp_1)
     5    0.017741    0.260891    0.821525    1.640574 ^ _758_/Q (sky130_fd_sc_hd__dfrtp_1)
                                                         wr_bin[1] (net)
                      0.260891    0.000127    1.640702 ^ _503_/A (sky130_fd_sc_hd__or3b_4)
     4    0.043956    0.236810    0.443660    2.084362 ^ _503_/X (sky130_fd_sc_hd__or3b_4)
                                                         _288_ (net)
                      0.236811    0.001068    2.085430 ^ _542_/A (sky130_fd_sc_hd__nor2_4)
     8    0.062955    0.153551    0.231300    2.316730 v _542_/Y (sky130_fd_sc_hd__nor2_4)
                                                         _295_ (net)
                      0.153680    0.002521    2.319251 v _546_/S (sky130_fd_sc_hd__mux2_1)
     1    0.002153    0.064590    0.409855    2.729107 ^ _546_/X (sky130_fd_sc_hd__mux2_1)
                                                         _059_ (net)
                      0.064590    0.000021    2.729128 ^ _691_/D (sky130_fd_sc_hd__dfxtp_1)
                                              2.729128   data arrival time

                                  0.000000    0.000000   clock wr_clk (rise edge)
                                  0.000000    0.000000   clock source latency
     1    0.023797    0.176583    0.121462    0.121462 ^ wr_clk (in)
                                                         wr_clk (net)
                      0.176607    0.000000    0.121462 ^ clkbuf_0_wr_clk/A (sky130_fd_sc_hd__clkbuf_16)
    16    0.102935    0.180447    0.367202    0.488664 ^ clkbuf_0_wr_clk/X (sky130_fd_sc_hd__clkbuf_16)
                                                         clknet_0_wr_clk (net)
                      0.180470    0.002139    0.490803 ^ clkbuf_4_2_0_wr_clk/A (sky130_fd_sc_hd__clkbuf_8)
    13    0.037228    0.123056    0.323144    0.813947 ^ clkbuf_4_2_0_wr_clk/X (sky130_fd_sc_hd__clkbuf_8)
                                                         clknet_4_2_0_wr_clk (net)
                      0.123064    0.001114    0.815061 ^ _691_/CLK (sky130_fd_sc_hd__dfxtp_1)
                                  0.250000    1.065061   clock uncertainty
                                  0.000000    1.065061   clock reconvergence pessimism
                                 -0.062329    1.002732   library hold time
                                              1.002732   data required time
---------------------------------------------------------------------------------------------
                                              1.002732   data required time
                                             -2.729128   data arrival time
---------------------------------------------------------------------------------------------
                                              1.726396   slack (MET)


Startpoint: _758_ (rising edge-triggered flip-flop clocked by wr_clk)
Endpoint: _659_ (rising edge-triggered flip-flop clocked by wr_clk)
Path Group: wr_clk
Path Type: min

Fanout         Cap        Slew       Delay        Time   Description
---------------------------------------------------------------------------------------------
                                  0.000000    0.000000   clock wr_clk (rise edge)
                                  0.000000    0.000000   clock source latency
     1    0.023797    0.176583    0.121462    0.121462 ^ wr_clk (in)
                                                         wr_clk (net)
                      0.176607    0.000000    0.121462 ^ clkbuf_0_wr_clk/A (sky130_fd_sc_hd__clkbuf_16)
    16    0.102935    0.180447    0.367202    0.488664 ^ clkbuf_0_wr_clk/X (sky130_fd_sc_hd__clkbuf_16)
                                                         clknet_0_wr_clk (net)
                      0.180450    0.001181    0.489845 ^ clkbuf_4_13_0_wr_clk/A (sky130_fd_sc_hd__clkbuf_8)
     8    0.039976    0.129768    0.328448    0.818293 ^ clkbuf_4_13_0_wr_clk/X (sky130_fd_sc_hd__clkbuf_8)
                                                         clknet_4_13_0_wr_clk (net)
                      0.129770    0.000756    0.819049 ^ _758_/CLK (sky130_fd_sc_hd__dfrtp_1)
     5    0.017741    0.260891    0.821525    1.640574 ^ _758_/Q (sky130_fd_sc_hd__dfrtp_1)
                                                         wr_bin[1] (net)
                      0.260891    0.000127    1.640702 ^ _503_/A (sky130_fd_sc_hd__or3b_4)
     4    0.043956    0.236810    0.443660    2.084362 ^ _503_/X (sky130_fd_sc_hd__or3b_4)
                                                         _288_ (net)
                      0.236810    0.000780    2.085143 ^ _504_/B (sky130_fd_sc_hd__nor2_4)
     8    0.061028    0.145903    0.219222    2.304365 v _504_/Y (sky130_fd_sc_hd__nor2_4)
                                                         _289_ (net)
                      0.145979    0.001338    2.305702 v _508_/S (sky130_fd_sc_hd__mux2_1)
     1    0.002677    0.070814    0.412527    2.718230 ^ _508_/X (sky130_fd_sc_hd__mux2_1)
                                                         _027_ (net)
                      0.070814    0.000032    2.718261 ^ _659_/D (sky130_fd_sc_hd__dfxtp_1)
                                              2.718261   data arrival time

                                  0.000000    0.000000   clock wr_clk (rise edge)
                                  0.000000    0.000000   clock source latency
     1    0.023797    0.176583    0.121462    0.121462 ^ wr_clk (in)
                                                         wr_clk (net)
                      0.176607    0.000000    0.121462 ^ clkbuf_0_wr_clk/A (sky130_fd_sc_hd__clkbuf_16)
    16    0.102935    0.180447    0.367202    0.488664 ^ clkbuf_0_wr_clk/X (sky130_fd_sc_hd__clkbuf_16)
                                                         clknet_0_wr_clk (net)
                      0.180470    0.002109    0.490773 ^ clkbuf_4_3_0_wr_clk/A (sky130_fd_sc_hd__clkbuf_8)
     9    0.033181    0.113527    0.315975    0.806748 ^ clkbuf_4_3_0_wr_clk/X (sky130_fd_sc_hd__clkbuf_8)
                                                         clknet_4_3_0_wr_clk (net)
                      0.113527    0.000209    0.806957 ^ _659_/CLK (sky130_fd_sc_hd__dfxtp_1)
                                  0.250000    1.056957   clock uncertainty
                                  0.000000    1.056957   clock reconvergence pessimism
                                 -0.065292    0.991665   library hold time
                                              0.991665   data required time
---------------------------------------------------------------------------------------------
                                              0.991665   data required time
                                             -2.718261   data arrival time
---------------------------------------------------------------------------------------------
                                              1.726596   slack (MET)


Startpoint: _758_ (rising edge-triggered flip-flop clocked by wr_clk)
Endpoint: _765_ (rising edge-triggered flip-flop clocked by wr_clk)
Path Group: wr_clk
Path Type: min

Fanout         Cap        Slew       Delay        Time   Description
---------------------------------------------------------------------------------------------
                                  0.000000    0.000000   clock wr_clk (rise edge)
                                  0.000000    0.000000   clock source latency
     1    0.023797    0.176583    0.121462    0.121462 ^ wr_clk (in)
                                                         wr_clk (net)
                      0.176607    0.000000    0.121462 ^ clkbuf_0_wr_clk/A (sky130_fd_sc_hd__clkbuf_16)
    16    0.102935    0.180447    0.367202    0.488664 ^ clkbuf_0_wr_clk/X (sky130_fd_sc_hd__clkbuf_16)
                                                         clknet_0_wr_clk (net)
                      0.180450    0.001181    0.489845 ^ clkbuf_4_13_0_wr_clk/A (sky130_fd_sc_hd__clkbuf_8)
     8    0.039976    0.129768    0.328448    0.818293 ^ clkbuf_4_13_0_wr_clk/X (sky130_fd_sc_hd__clkbuf_8)
                                                         clknet_4_13_0_wr_clk (net)
                      0.129770    0.000756    0.819049 ^ _758_/CLK (sky130_fd_sc_hd__dfrtp_1)
     5    0.017741    0.260891    0.821525    1.640574 ^ _758_/Q (sky130_fd_sc_hd__dfrtp_1)
                                                         wr_bin[1] (net)
                      0.260891    0.000127    1.640702 ^ _503_/A (sky130_fd_sc_hd__or3b_4)
     4    0.043956    0.236810    0.443660    2.084362 ^ _503_/X (sky130_fd_sc_hd__or3b_4)
                                                         _288_ (net)
                      0.236810    0.000919    2.085281 ^ _606_/A (sky130_fd_sc_hd__nor2_4)
     8    0.056433    0.138531    0.221587    2.306868 v _606_/Y (sky130_fd_sc_hd__nor2_4)
                                                         _303_ (net)
                      0.138541    0.001338    2.308206 v _610_/S (sky130_fd_sc_hd__mux2_1)
     1    0.002760    0.071751    0.409798    2.718004 ^ _610_/X (sky130_fd_sc_hd__mux2_1)
                                                         _115_ (net)
                      0.071751    0.000034    2.718038 ^ _765_/D (sky130_fd_sc_hd__dfxtp_1)
                                              2.718038   data arrival time

                                  0.000000    0.000000   clock wr_clk (rise edge)
                                  0.000000    0.000000   clock source latency
     1    0.023797    0.176583    0.121462    0.121462 ^ wr_clk (in)
                                                         wr_clk (net)
                      0.176607    0.000000    0.121462 ^ clkbuf_0_wr_clk/A (sky130_fd_sc_hd__clkbuf_16)
    16    0.102935    0.180447    0.367202    0.488664 ^ clkbuf_0_wr_clk/X (sky130_fd_sc_hd__clkbuf_16)
                                                         clknet_0_wr_clk (net)
                      0.180470    0.002109    0.490773 ^ clkbuf_4_3_0_wr_clk/A (sky130_fd_sc_hd__clkbuf_8)
     9    0.033181    0.113527    0.315975    0.806748 ^ clkbuf_4_3_0_wr_clk/X (sky130_fd_sc_hd__clkbuf_8)
                                                         clknet_4_3_0_wr_clk (net)
                      0.113527    0.000158    0.806906 ^ _765_/CLK (sky130_fd_sc_hd__dfxtp_1)
                                  0.250000    1.056906   clock uncertainty
                                  0.000000    1.056906   clock reconvergence pessimism
                                 -0.065509    0.991396   library hold time
                                              0.991396   data required time
---------------------------------------------------------------------------------------------
                                              0.991396   data required time
                                             -2.718038   data arrival time
---------------------------------------------------------------------------------------------
                                              1.726642   slack (MET)


Startpoint: _758_ (rising edge-triggered flip-flop clocked by wr_clk)
Endpoint: _703_ (rising edge-triggered flip-flop clocked by wr_clk)
Path Group: wr_clk
Path Type: min

Fanout         Cap        Slew       Delay        Time   Description
---------------------------------------------------------------------------------------------
                                  0.000000    0.000000   clock wr_clk (rise edge)
                                  0.000000    0.000000   clock source latency
     1    0.023797    0.176583    0.121462    0.121462 ^ wr_clk (in)
                                                         wr_clk (net)
                      0.176607    0.000000    0.121462 ^ clkbuf_0_wr_clk/A (sky130_fd_sc_hd__clkbuf_16)
    16    0.102935    0.180447    0.367202    0.488664 ^ clkbuf_0_wr_clk/X (sky130_fd_sc_hd__clkbuf_16)
                                                         clknet_0_wr_clk (net)
                      0.180450    0.001181    0.489845 ^ clkbuf_4_13_0_wr_clk/A (sky130_fd_sc_hd__clkbuf_8)
     8    0.039976    0.129768    0.328448    0.818293 ^ clkbuf_4_13_0_wr_clk/X (sky130_fd_sc_hd__clkbuf_8)
                                                         clknet_4_13_0_wr_clk (net)
                      0.129770    0.000756    0.819049 ^ _758_/CLK (sky130_fd_sc_hd__dfrtp_1)
     5    0.017741    0.260891    0.821525    1.640574 ^ _758_/Q (sky130_fd_sc_hd__dfrtp_1)
                                                         wr_bin[1] (net)
                      0.260891    0.000127    1.640702 ^ _503_/A (sky130_fd_sc_hd__or3b_4)
     4    0.043956    0.236810    0.443660    2.084362 ^ _503_/X (sky130_fd_sc_hd__or3b_4)
                                                         _288_ (net)
                      0.236810    0.000565    2.084927 ^ _551_/A (sky130_fd_sc_hd__nor2_4)
     8    0.061771    0.149762    0.228089    2.313016 v _551_/Y (sky130_fd_sc_hd__nor2_4)
                                                         _296_ (net)
                      0.150020    0.005014    2.318030 v _559_/S (sky130_fd_sc_hd__mux2_1)
     1    0.002387    0.067539    0.410932    2.728962 ^ _559_/X (sky130_fd_sc_hd__mux2_1)
                                                         _071_ (net)
                      0.067539    0.000026    2.728988 ^ _703_/D (sky130_fd_sc_hd__dfxtp_1)
                                              2.728988   data arrival time

                                  0.000000    0.000000   clock wr_clk (rise edge)
                                  0.000000    0.000000   clock source latency
     1    0.023797    0.176583    0.121462    0.121462 ^ wr_clk (in)
                                                         wr_clk (net)
                      0.176607    0.000000    0.121462 ^ clkbuf_0_wr_clk/A (sky130_fd_sc_hd__clkbuf_16)
    16    0.102935    0.180447    0.367202    0.488664 ^ clkbuf_0_wr_clk/X (sky130_fd_sc_hd__clkbuf_16)
                                                         clknet_0_wr_clk (net)
                      0.180478    0.002379    0.491043 ^ clkbuf_4_1_0_wr_clk/A (sky130_fd_sc_hd__clkbuf_8)
    14    0.037443    0.123691    0.323795    0.814838 ^ clkbuf_4_1_0_wr_clk/X (sky130_fd_sc_hd__clkbuf_8)
                                                         clknet_4_1_0_wr_clk (net)
                      0.123691    0.000368    0.815206 ^ _703_/CLK (sky130_fd_sc_hd__dfxtp_1)
                                  0.250000    1.065206   clock uncertainty
                                  0.000000    1.065206   clock reconvergence pessimism
                                 -0.062915    1.002291   library hold time
                                              1.002291   data required time
---------------------------------------------------------------------------------------------
                                              1.002291   data required time
                                             -2.728988   data arrival time
---------------------------------------------------------------------------------------------
                                              1.726697   slack (MET)


Startpoint: _757_ (rising edge-triggered flip-flop clocked by wr_clk)
Endpoint: _714_ (rising edge-triggered flip-flop clocked by wr_clk)
Path Group: wr_clk
Path Type: min

Fanout         Cap        Slew       Delay        Time   Description
---------------------------------------------------------------------------------------------
                                  0.000000    0.000000   clock wr_clk (rise edge)
                                  0.000000    0.000000   clock source latency
     1    0.023797    0.176583    0.121462    0.121462 ^ wr_clk (in)
                                                         wr_clk (net)
                      0.176607    0.000000    0.121462 ^ clkbuf_0_wr_clk/A (sky130_fd_sc_hd__clkbuf_16)
    16    0.102935    0.180447    0.367202    0.488664 ^ clkbuf_0_wr_clk/X (sky130_fd_sc_hd__clkbuf_16)
                                                         clknet_0_wr_clk (net)
                      0.180450    0.001181    0.489845 ^ clkbuf_4_13_0_wr_clk/A (sky130_fd_sc_hd__clkbuf_8)
     8    0.039976    0.129768    0.328448    0.818293 ^ clkbuf_4_13_0_wr_clk/X (sky130_fd_sc_hd__clkbuf_8)
                                                         clknet_4_13_0_wr_clk (net)
                      0.129770    0.000720    0.819013 ^ _757_/CLK (sky130_fd_sc_hd__dfrtp_1)
     6    0.019452    0.282991    0.837759    1.656772 ^ _757_/Q (sky130_fd_sc_hd__dfrtp_1)
                                                         wr_bin[0] (net)
                      0.282991    0.000173    1.656945 ^ _483_/B (sky130_fd_sc_hd__or3b_4)
     4    0.042748    0.231046    0.441199    2.098145 ^ _483_/X (sky130_fd_sc_hd__or3b_4)
                                                         _284_ (net)
                      0.231046    0.000913    2.099058 ^ _570_/A (sky130_fd_sc_hd__nor2_4)
     8    0.059504    0.144618    0.223301    2.322359 v _570_/Y (sky130_fd_sc_hd__nor2_4)
                                                         _299_ (net)
                      0.144759    0.002763    2.325122 v _573_/S (sky130_fd_sc_hd__mux2_1)
     1    0.002475    0.070756    0.409391    2.734513 ^ _573_/X (sky130_fd_sc_hd__mux2_1)
                                                         _082_ (net)
                      0.070756    0.000019    2.734532 ^ _714_/D (sky130_fd_sc_hd__dfxtp_1)
                                              2.734532   data arrival time

                                  0.000000    0.000000   clock wr_clk (rise edge)
                                  0.000000    0.000000   clock source latency
     1    0.023797    0.176583    0.121462    0.121462 ^ wr_clk (in)
                                                         wr_clk (net)
                      0.176607    0.000000    0.121462 ^ clkbuf_0_wr_clk/A (sky130_fd_sc_hd__clkbuf_16)
    16    0.102935    0.180447    0.367202    0.488664 ^ clkbuf_0_wr_clk/X (sky130_fd_sc_hd__clkbuf_16)
                                                         clknet_0_wr_clk (net)
                      0.180479    0.002417    0.491081 ^ clkbuf_4_4_0_wr_clk/A (sky130_fd_sc_hd__clkbuf_8)
    13    0.039326    0.128224    0.327160    0.818241 ^ clkbuf_4_4_0_wr_clk/X (sky130_fd_sc_hd__clkbuf_8)
                                                         clknet_4_4_0_wr_clk (net)
                      0.128225    0.000679    0.818920 ^ _714_/CLK (sky130_fd_sc_hd__dfxtp_1)
                                  0.250000    1.068920   clock uncertainty
                                  0.000000    1.068920   clock reconvergence pessimism
                                 -0.062942    1.005978   library hold time
                                              1.005978   data required time
---------------------------------------------------------------------------------------------
                                              1.005978   data required time
                                             -2.734532   data arrival time
---------------------------------------------------------------------------------------------
                                              1.728554   slack (MET)


Startpoint: _758_ (rising edge-triggered flip-flop clocked by wr_clk)
Endpoint: _693_ (rising edge-triggered flip-flop clocked by wr_clk)
Path Group: wr_clk
Path Type: min

Fanout         Cap        Slew       Delay        Time   Description
---------------------------------------------------------------------------------------------
                                  0.000000    0.000000   clock wr_clk (rise edge)
                                  0.000000    0.000000   clock source latency
     1    0.023797    0.176583    0.121462    0.121462 ^ wr_clk (in)
                                                         wr_clk (net)
                      0.176607    0.000000    0.121462 ^ clkbuf_0_wr_clk/A (sky130_fd_sc_hd__clkbuf_16)
    16    0.102935    0.180447    0.367202    0.488664 ^ clkbuf_0_wr_clk/X (sky130_fd_sc_hd__clkbuf_16)
                                                         clknet_0_wr_clk (net)
                      0.180450    0.001181    0.489845 ^ clkbuf_4_13_0_wr_clk/A (sky130_fd_sc_hd__clkbuf_8)
     8    0.039976    0.129768    0.328448    0.818293 ^ clkbuf_4_13_0_wr_clk/X (sky130_fd_sc_hd__clkbuf_8)
                                                         clknet_4_13_0_wr_clk (net)
                      0.129770    0.000756    0.819049 ^ _758_/CLK (sky130_fd_sc_hd__dfrtp_1)
     5    0.017741    0.260891    0.821525    1.640574 ^ _758_/Q (sky130_fd_sc_hd__dfrtp_1)
                                                         wr_bin[1] (net)
                      0.260891    0.000127    1.640702 ^ _503_/A (sky130_fd_sc_hd__or3b_4)
     4    0.043956    0.236810    0.443660    2.084362 ^ _503_/X (sky130_fd_sc_hd__or3b_4)
                                                         _288_ (net)
                      0.236811    0.001068    2.085430 ^ _542_/A (sky130_fd_sc_hd__nor2_4)
     8    0.062955    0.153551    0.231300    2.316730 v _542_/Y (sky130_fd_sc_hd__nor2_4)
                                                         _295_ (net)
                      0.153690    0.002698    2.319428 v _548_/S (sky130_fd_sc_hd__mux2_1)
     1    0.002377    0.067431    0.412663    2.732091 ^ _548_/X (sky130_fd_sc_hd__mux2_1)
                                                         _061_ (net)
                      0.067431    0.000027    2.732117 ^ _693_/D (sky130_fd_sc_hd__dfxtp_1)
                                              2.732117   data arrival time

                                  0.000000    0.000000   clock wr_clk (rise edge)
                                  0.000000    0.000000   clock source latency
     1    0.023797    0.176583    0.121462    0.121462 ^ wr_clk (in)
                                                         wr_clk (net)
                      0.176607    0.000000    0.121462 ^ clkbuf_0_wr_clk/A (sky130_fd_sc_hd__clkbuf_16)
    16    0.102935    0.180447    0.367202    0.488664 ^ clkbuf_0_wr_clk/X (sky130_fd_sc_hd__clkbuf_16)
                                                         clknet_0_wr_clk (net)
                      0.180470    0.002139    0.490803 ^ clkbuf_4_2_0_wr_clk/A (sky130_fd_sc_hd__clkbuf_8)
    13    0.037228    0.123056    0.323144    0.813947 ^ clkbuf_4_2_0_wr_clk/X (sky130_fd_sc_hd__clkbuf_8)
                                                         clknet_4_2_0_wr_clk (net)
                      0.123063    0.001048    0.814995 ^ _693_/CLK (sky130_fd_sc_hd__dfxtp_1)
                                  0.250000    1.064995   clock uncertainty
                                  0.000000    1.064995   clock reconvergence pessimism
                                 -0.062990    1.002005   library hold time
                                              1.002005   data required time
---------------------------------------------------------------------------------------------
                                              1.002005   data required time
                                             -2.732117   data arrival time
---------------------------------------------------------------------------------------------
                                              1.730112   slack (MET)


Startpoint: _758_ (rising edge-triggered flip-flop clocked by wr_clk)
Endpoint: _695_ (rising edge-triggered flip-flop clocked by wr_clk)
Path Group: wr_clk
Path Type: min

Fanout         Cap        Slew       Delay        Time   Description
---------------------------------------------------------------------------------------------
                                  0.000000    0.000000   clock wr_clk (rise edge)
                                  0.000000    0.000000   clock source latency
     1    0.023797    0.176583    0.121462    0.121462 ^ wr_clk (in)
                                                         wr_clk (net)
                      0.176607    0.000000    0.121462 ^ clkbuf_0_wr_clk/A (sky130_fd_sc_hd__clkbuf_16)
    16    0.102935    0.180447    0.367202    0.488664 ^ clkbuf_0_wr_clk/X (sky130_fd_sc_hd__clkbuf_16)
                                                         clknet_0_wr_clk (net)
                      0.180450    0.001181    0.489845 ^ clkbuf_4_13_0_wr_clk/A (sky130_fd_sc_hd__clkbuf_8)
     8    0.039976    0.129768    0.328448    0.818293 ^ clkbuf_4_13_0_wr_clk/X (sky130_fd_sc_hd__clkbuf_8)
                                                         clknet_4_13_0_wr_clk (net)
                      0.129770    0.000756    0.819049 ^ _758_/CLK (sky130_fd_sc_hd__dfrtp_1)
     5    0.017741    0.260891    0.821525    1.640574 ^ _758_/Q (sky130_fd_sc_hd__dfrtp_1)
                                                         wr_bin[1] (net)
                      0.260891    0.000127    1.640702 ^ _503_/A (sky130_fd_sc_hd__or3b_4)
     4    0.043956    0.236810    0.443660    2.084362 ^ _503_/X (sky130_fd_sc_hd__or3b_4)
                                                         _288_ (net)
                      0.236811    0.001068    2.085430 ^ _542_/A (sky130_fd_sc_hd__nor2_4)
     8    0.062955    0.153551    0.231300    2.316730 v _542_/Y (sky130_fd_sc_hd__nor2_4)
                                                         _295_ (net)
                      0.153644    0.001665    2.318395 v _550_/S (sky130_fd_sc_hd__mux2_1)
     1    0.001849    0.061498    0.406045    2.724440 ^ _550_/X (sky130_fd_sc_hd__mux2_1)
                                                         _063_ (net)
                      0.061498    0.000016    2.724456 ^ _695_/D (sky130_fd_sc_hd__dfxtp_1)
                                              2.724456   data arrival time

                                  0.000000    0.000000   clock wr_clk (rise edge)
                                  0.000000    0.000000   clock source latency
     1    0.023797    0.176583    0.121462    0.121462 ^ wr_clk (in)
                                                         wr_clk (net)
                      0.176607    0.000000    0.121462 ^ clkbuf_0_wr_clk/A (sky130_fd_sc_hd__clkbuf_16)
    16    0.102935    0.180447    0.367202    0.488664 ^ clkbuf_0_wr_clk/X (sky130_fd_sc_hd__clkbuf_16)
                                                         clknet_0_wr_clk (net)
                      0.180470    0.002109    0.490773 ^ clkbuf_4_3_0_wr_clk/A (sky130_fd_sc_hd__clkbuf_8)
     9    0.033181    0.113527    0.315975    0.806748 ^ clkbuf_4_3_0_wr_clk/X (sky130_fd_sc_hd__clkbuf_8)
                                                         clknet_4_3_0_wr_clk (net)
                      0.113527    0.000339    0.807087 ^ _695_/CLK (sky130_fd_sc_hd__dfxtp_1)
                                  0.250000    1.057087   clock uncertainty
                                  0.000000    1.057087   clock reconvergence pessimism
                                 -0.063126    0.993961   library hold time
                                              0.993961   data required time
---------------------------------------------------------------------------------------------
                                              0.993961   data required time
                                             -2.724456   data arrival time
---------------------------------------------------------------------------------------------
                                              1.730495   slack (MET)


Startpoint: _758_ (rising edge-triggered flip-flop clocked by wr_clk)
Endpoint: _694_ (rising edge-triggered flip-flop clocked by wr_clk)
Path Group: wr_clk
Path Type: min

Fanout         Cap        Slew       Delay        Time   Description
---------------------------------------------------------------------------------------------
                                  0.000000    0.000000   clock wr_clk (rise edge)
                                  0.000000    0.000000   clock source latency
     1    0.023797    0.176583    0.121462    0.121462 ^ wr_clk (in)
                                                         wr_clk (net)
                      0.176607    0.000000    0.121462 ^ clkbuf_0_wr_clk/A (sky130_fd_sc_hd__clkbuf_16)
    16    0.102935    0.180447    0.367202    0.488664 ^ clkbuf_0_wr_clk/X (sky130_fd_sc_hd__clkbuf_16)
                                                         clknet_0_wr_clk (net)
                      0.180450    0.001181    0.489845 ^ clkbuf_4_13_0_wr_clk/A (sky130_fd_sc_hd__clkbuf_8)
     8    0.039976    0.129768    0.328448    0.818293 ^ clkbuf_4_13_0_wr_clk/X (sky130_fd_sc_hd__clkbuf_8)
                                                         clknet_4_13_0_wr_clk (net)
                      0.129770    0.000756    0.819049 ^ _758_/CLK (sky130_fd_sc_hd__dfrtp_1)
     5    0.017741    0.260891    0.821525    1.640574 ^ _758_/Q (sky130_fd_sc_hd__dfrtp_1)
                                                         wr_bin[1] (net)
                      0.260891    0.000127    1.640702 ^ _503_/A (sky130_fd_sc_hd__or3b_4)
     4    0.043956    0.236810    0.443660    2.084362 ^ _503_/X (sky130_fd_sc_hd__or3b_4)
                                                         _288_ (net)
                      0.236811    0.001068    2.085430 ^ _542_/A (sky130_fd_sc_hd__nor2_4)
     8    0.062955    0.153551    0.231300    2.316730 v _542_/Y (sky130_fd_sc_hd__nor2_4)
                                                         _295_ (net)
                      0.153551    0.000542    2.317272 v _549_/S (sky130_fd_sc_hd__mux2_1)
     1    0.002489    0.070932    0.414004    2.731276 ^ _549_/X (sky130_fd_sc_hd__mux2_1)
                                                         _062_ (net)
                      0.070932    0.000020    2.731296 ^ _694_/D (sky130_fd_sc_hd__dfxtp_1)
                                              2.731296   data arrival time

                                  0.000000    0.000000   clock wr_clk (rise edge)
                                  0.000000    0.000000   clock source latency
     1    0.023797    0.176583    0.121462    0.121462 ^ wr_clk (in)
                                                         wr_clk (net)
                      0.176607    0.000000    0.121462 ^ clkbuf_0_wr_clk/A (sky130_fd_sc_hd__clkbuf_16)
    16    0.102935    0.180447    0.367202    0.488664 ^ clkbuf_0_wr_clk/X (sky130_fd_sc_hd__clkbuf_16)
                                                         clknet_0_wr_clk (net)
                      0.180474    0.002267    0.490931 ^ clkbuf_4_7_0_wr_clk/A (sky130_fd_sc_hd__clkbuf_8)
    11    0.037068    0.122796    0.323071    0.814001 ^ clkbuf_4_7_0_wr_clk/X (sky130_fd_sc_hd__clkbuf_8)
                                                         clknet_4_7_0_wr_clk (net)
                      0.122796    0.000165    0.814166 ^ _694_/CLK (sky130_fd_sc_hd__dfxtp_1)
                                  0.250000    1.064166   clock uncertainty
                                  0.000000    1.064166   clock reconvergence pessimism
                                 -0.063846    1.000320   library hold time
                                              1.000320   data required time
---------------------------------------------------------------------------------------------
                                              1.000320   data required time
                                             -2.731296   data arrival time
---------------------------------------------------------------------------------------------
                                              1.730976   slack (MET)


Startpoint: _758_ (rising edge-triggered flip-flop clocked by wr_clk)
Endpoint: _697_ (rising edge-triggered flip-flop clocked by wr_clk)
Path Group: wr_clk
Path Type: min

Fanout         Cap        Slew       Delay        Time   Description
---------------------------------------------------------------------------------------------
                                  0.000000    0.000000   clock wr_clk (rise edge)
                                  0.000000    0.000000   clock source latency
     1    0.023797    0.176583    0.121462    0.121462 ^ wr_clk (in)
                                                         wr_clk (net)
                      0.176607    0.000000    0.121462 ^ clkbuf_0_wr_clk/A (sky130_fd_sc_hd__clkbuf_16)
    16    0.102935    0.180447    0.367202    0.488664 ^ clkbuf_0_wr_clk/X (sky130_fd_sc_hd__clkbuf_16)
                                                         clknet_0_wr_clk (net)
                      0.180450    0.001181    0.489845 ^ clkbuf_4_13_0_wr_clk/A (sky130_fd_sc_hd__clkbuf_8)
     8    0.039976    0.129768    0.328448    0.818293 ^ clkbuf_4_13_0_wr_clk/X (sky130_fd_sc_hd__clkbuf_8)
                                                         clknet_4_13_0_wr_clk (net)
                      0.129770    0.000756    0.819049 ^ _758_/CLK (sky130_fd_sc_hd__dfrtp_1)
     5    0.017741    0.260891    0.821525    1.640574 ^ _758_/Q (sky130_fd_sc_hd__dfrtp_1)
                                                         wr_bin[1] (net)
                      0.260891    0.000127    1.640702 ^ _503_/A (sky130_fd_sc_hd__or3b_4)
     4    0.043956    0.236810    0.443660    2.084362 ^ _503_/X (sky130_fd_sc_hd__or3b_4)
                                                         _288_ (net)
                      0.236810    0.000565    2.084927 ^ _551_/A (sky130_fd_sc_hd__nor2_4)
     8    0.061771    0.149762    0.228089    2.313016 v _551_/Y (sky130_fd_sc_hd__nor2_4)
                                                         _296_ (net)
                      0.149775    0.001158    2.314174 v _553_/S (sky130_fd_sc_hd__mux2_1)
     1    0.002505    0.068874    0.412290    2.726464 ^ _553_/X (sky130_fd_sc_hd__mux2_1)
                                                         _065_ (net)
                      0.068874    0.000028    2.726491 ^ _697_/D (sky130_fd_sc_hd__dfxtp_1)
                                              2.726491   data arrival time

                                  0.000000    0.000000   clock wr_clk (rise edge)
                                  0.000000    0.000000   clock source latency
     1    0.023797    0.176583    0.121462    0.121462 ^ wr_clk (in)
                                                         wr_clk (net)
                      0.176607    0.000000    0.121462 ^ clkbuf_0_wr_clk/A (sky130_fd_sc_hd__clkbuf_16)
    16    0.102935    0.180447    0.367202    0.488664 ^ clkbuf_0_wr_clk/X (sky130_fd_sc_hd__clkbuf_16)
                                                         clknet_0_wr_clk (net)
                      0.180447    0.000890    0.489554 ^ clkbuf_4_9_0_wr_clk/A (sky130_fd_sc_hd__clkbuf_8)
    10    0.035146    0.118197    0.319590    0.809144 ^ clkbuf_4_9_0_wr_clk/X (sky130_fd_sc_hd__clkbuf_8)
                                                         clknet_4_9_0_wr_clk (net)
                      0.118197    0.000312    0.809456 ^ _697_/CLK (sky130_fd_sc_hd__dfxtp_1)
                                  0.250000    1.059456   clock uncertainty
                                  0.000000    1.059456   clock reconvergence pessimism
                                 -0.064098    0.995358   library hold time
                                              0.995358   data required time
---------------------------------------------------------------------------------------------
                                              0.995358   data required time
                                             -2.726491   data arrival time
---------------------------------------------------------------------------------------------
                                              1.731134   slack (MET)


Startpoint: _757_ (rising edge-triggered flip-flop clocked by wr_clk)
Endpoint: _643_ (rising edge-triggered flip-flop clocked by wr_clk)
Path Group: wr_clk
Path Type: min

Fanout         Cap        Slew       Delay        Time   Description
---------------------------------------------------------------------------------------------
                                  0.000000    0.000000   clock wr_clk (rise edge)
                                  0.000000    0.000000   clock source latency
     1    0.023797    0.176583    0.121462    0.121462 ^ wr_clk (in)
                                                         wr_clk (net)
                      0.176607    0.000000    0.121462 ^ clkbuf_0_wr_clk/A (sky130_fd_sc_hd__clkbuf_16)
    16    0.102935    0.180447    0.367202    0.488664 ^ clkbuf_0_wr_clk/X (sky130_fd_sc_hd__clkbuf_16)
                                                         clknet_0_wr_clk (net)
                      0.180450    0.001181    0.489845 ^ clkbuf_4_13_0_wr_clk/A (sky130_fd_sc_hd__clkbuf_8)
     8    0.039976    0.129768    0.328448    0.818293 ^ clkbuf_4_13_0_wr_clk/X (sky130_fd_sc_hd__clkbuf_8)
                                                         clknet_4_13_0_wr_clk (net)
                      0.129770    0.000720    0.819013 ^ _757_/CLK (sky130_fd_sc_hd__dfrtp_1)
     6    0.019452    0.282991    0.837759    1.656772 ^ _757_/Q (sky130_fd_sc_hd__dfrtp_1)
                                                         wr_bin[0] (net)
                      0.282991    0.000173    1.656945 ^ _483_/B (sky130_fd_sc_hd__or3b_4)
     4    0.042748    0.231046    0.441199    2.098145 ^ _483_/X (sky130_fd_sc_hd__or3b_4)
                                                         _284_ (net)
                      0.231046    0.000448    2.098593 ^ _484_/B (sky130_fd_sc_hd__nor2_4)
     8    0.059527    0.141548    0.214034    2.312627 v _484_/Y (sky130_fd_sc_hd__nor2_4)
                                                         _285_ (net)
                      0.141760    0.004421    2.317048 v _488_/S (sky130_fd_sc_hd__mux2_1)
     1    0.002398    0.067664    0.406904    2.723952 ^ _488_/X (sky130_fd_sc_hd__mux2_1)
                                                         _011_ (net)
                      0.067664    0.000026    2.723978 ^ _643_/D (sky130_fd_sc_hd__dfxtp_1)
                                              2.723978   data arrival time

                                  0.000000    0.000000   clock wr_clk (rise edge)
                                  0.000000    0.000000   clock source latency
     1    0.023797    0.176583    0.121462    0.121462 ^ wr_clk (in)
                                                         wr_clk (net)
                      0.176607    0.000000    0.121462 ^ clkbuf_0_wr_clk/A (sky130_fd_sc_hd__clkbuf_16)
    16    0.102935    0.180447    0.367202    0.488664 ^ clkbuf_0_wr_clk/X (sky130_fd_sc_hd__clkbuf_16)
                                                         clknet_0_wr_clk (net)
                      0.180470    0.002109    0.490773 ^ clkbuf_4_3_0_wr_clk/A (sky130_fd_sc_hd__clkbuf_8)
     9    0.033181    0.113527    0.315975    0.806748 ^ clkbuf_4_3_0_wr_clk/X (sky130_fd_sc_hd__clkbuf_8)
                                                         clknet_4_3_0_wr_clk (net)
                      0.113527    0.000332    0.807079 ^ _643_/CLK (sky130_fd_sc_hd__dfxtp_1)
                                  0.250000    1.057079   clock uncertainty
                                  0.000000    1.057079   clock reconvergence pessimism
                                 -0.064559    0.992520   library hold time
                                              0.992520   data required time
---------------------------------------------------------------------------------------------
                                              0.992520   data required time
                                             -2.723978   data arrival time
---------------------------------------------------------------------------------------------
                                              1.731458   slack (MET)


Startpoint: _757_ (rising edge-triggered flip-flop clocked by wr_clk)
Endpoint: _712_ (rising edge-triggered flip-flop clocked by wr_clk)
Path Group: wr_clk
Path Type: min

Fanout         Cap        Slew       Delay        Time   Description
---------------------------------------------------------------------------------------------
                                  0.000000    0.000000   clock wr_clk (rise edge)
                                  0.000000    0.000000   clock source latency
     1    0.023797    0.176583    0.121462    0.121462 ^ wr_clk (in)
                                                         wr_clk (net)
                      0.176607    0.000000    0.121462 ^ clkbuf_0_wr_clk/A (sky130_fd_sc_hd__clkbuf_16)
    16    0.102935    0.180447    0.367202    0.488664 ^ clkbuf_0_wr_clk/X (sky130_fd_sc_hd__clkbuf_16)
                                                         clknet_0_wr_clk (net)
                      0.180450    0.001181    0.489845 ^ clkbuf_4_13_0_wr_clk/A (sky130_fd_sc_hd__clkbuf_8)
     8    0.039976    0.129768    0.328448    0.818293 ^ clkbuf_4_13_0_wr_clk/X (sky130_fd_sc_hd__clkbuf_8)
                                                         clknet_4_13_0_wr_clk (net)
                      0.129770    0.000720    0.819013 ^ _757_/CLK (sky130_fd_sc_hd__dfrtp_1)
     6    0.019452    0.282991    0.837759    1.656772 ^ _757_/Q (sky130_fd_sc_hd__dfrtp_1)
                                                         wr_bin[0] (net)
                      0.282991    0.000173    1.656945 ^ _483_/B (sky130_fd_sc_hd__or3b_4)
     4    0.042748    0.231046    0.441199    2.098145 ^ _483_/X (sky130_fd_sc_hd__or3b_4)
                                                         _284_ (net)
                      0.231046    0.000913    2.099058 ^ _570_/A (sky130_fd_sc_hd__nor2_4)
     8    0.059504    0.144618    0.223301    2.322359 v _570_/Y (sky130_fd_sc_hd__nor2_4)
                                                         _299_ (net)
                      0.144733    0.002287    2.324646 v _571_/S (sky130_fd_sc_hd__mux2_1)
     1    0.001924    0.062331    0.402478    2.727123 ^ _571_/X (sky130_fd_sc_hd__mux2_1)
                                                         _080_ (net)
                      0.062331    0.000017    2.727140 ^ _712_/D (sky130_fd_sc_hd__dfxtp_1)
                                              2.727140   data arrival time

                                  0.000000    0.000000   clock wr_clk (rise edge)
                                  0.000000    0.000000   clock source latency
     1    0.023797    0.176583    0.121462    0.121462 ^ wr_clk (in)
                                                         wr_clk (net)
                      0.176607    0.000000    0.121462 ^ clkbuf_0_wr_clk/A (sky130_fd_sc_hd__clkbuf_16)
    16    0.102935    0.180447    0.367202    0.488664 ^ clkbuf_0_wr_clk/X (sky130_fd_sc_hd__clkbuf_16)
                                                         clknet_0_wr_clk (net)
                      0.180474    0.002243    0.490907 ^ clkbuf_4_6_0_wr_clk/A (sky130_fd_sc_hd__clkbuf_8)
     9    0.033041    0.113205    0.315612    0.806520 ^ clkbuf_4_6_0_wr_clk/X (sky130_fd_sc_hd__clkbuf_8)
                                                         clknet_4_6_0_wr_clk (net)
                      0.113206    0.000533    0.807053 ^ _712_/CLK (sky130_fd_sc_hd__dfxtp_1)
                                  0.250000    1.057053   clock uncertainty
                                  0.000000    1.057053   clock reconvergence pessimism
                                 -0.063371    0.993683   library hold time
                                              0.993683   data required time
---------------------------------------------------------------------------------------------
                                              0.993683   data required time
                                             -2.727140   data arrival time
---------------------------------------------------------------------------------------------
                                              1.733458   slack (MET)


Startpoint: _758_ (rising edge-triggered flip-flop clocked by wr_clk)
Endpoint: _692_ (rising edge-triggered flip-flop clocked by wr_clk)
Path Group: wr_clk
Path Type: min

Fanout         Cap        Slew       Delay        Time   Description
---------------------------------------------------------------------------------------------
                                  0.000000    0.000000   clock wr_clk (rise edge)
                                  0.000000    0.000000   clock source latency
     1    0.023797    0.176583    0.121462    0.121462 ^ wr_clk (in)
                                                         wr_clk (net)
                      0.176607    0.000000    0.121462 ^ clkbuf_0_wr_clk/A (sky130_fd_sc_hd__clkbuf_16)
    16    0.102935    0.180447    0.367202    0.488664 ^ clkbuf_0_wr_clk/X (sky130_fd_sc_hd__clkbuf_16)
                                                         clknet_0_wr_clk (net)
                      0.180450    0.001181    0.489845 ^ clkbuf_4_13_0_wr_clk/A (sky130_fd_sc_hd__clkbuf_8)
     8    0.039976    0.129768    0.328448    0.818293 ^ clkbuf_4_13_0_wr_clk/X (sky130_fd_sc_hd__clkbuf_8)
                                                         clknet_4_13_0_wr_clk (net)
                      0.129770    0.000756    0.819049 ^ _758_/CLK (sky130_fd_sc_hd__dfrtp_1)
     5    0.017741    0.260891    0.821525    1.640574 ^ _758_/Q (sky130_fd_sc_hd__dfrtp_1)
                                                         wr_bin[1] (net)
                      0.260891    0.000127    1.640702 ^ _503_/A (sky130_fd_sc_hd__or3b_4)
     4    0.043956    0.236810    0.443660    2.084362 ^ _503_/X (sky130_fd_sc_hd__or3b_4)
                                                         _288_ (net)
                      0.236811    0.001068    2.085430 ^ _542_/A (sky130_fd_sc_hd__nor2_4)
     8    0.062955    0.153551    0.231300    2.316730 v _542_/Y (sky130_fd_sc_hd__nor2_4)
                                                         _295_ (net)
                      0.153664    0.002175    2.318905 v _547_/S (sky130_fd_sc_hd__mux2_1)
     1    0.002754    0.071696    0.417369    2.736275 ^ _547_/X (sky130_fd_sc_hd__mux2_1)
                                                         _060_ (net)
                      0.071696    0.000035    2.736310 ^ _692_/D (sky130_fd_sc_hd__dfxtp_1)
                                              2.736310   data arrival time

                                  0.000000    0.000000   clock wr_clk (rise edge)
                                  0.000000    0.000000   clock source latency
     1    0.023797    0.176583    0.121462    0.121462 ^ wr_clk (in)
                                                         wr_clk (net)
                      0.176607    0.000000    0.121462 ^ clkbuf_0_wr_clk/A (sky130_fd_sc_hd__clkbuf_16)
    16    0.102935    0.180447    0.367202    0.488664 ^ clkbuf_0_wr_clk/X (sky130_fd_sc_hd__clkbuf_16)
                                                         clknet_0_wr_clk (net)
                      0.180447    0.000807    0.489471 ^ clkbuf_4_10_0_wr_clk/A (sky130_fd_sc_hd__clkbuf_8)
    13    0.038401    0.125998    0.325442    0.814912 ^ clkbuf_4_10_0_wr_clk/X (sky130_fd_sc_hd__clkbuf_8)
                                                         clknet_4_10_0_wr_clk (net)
                      0.126001    0.000836    0.815748 ^ _692_/CLK (sky130_fd_sc_hd__dfxtp_1)
                                  0.250000    1.065748   clock uncertainty
                                  0.000000    1.065748   clock reconvergence pessimism
                                 -0.063514    1.002234   library hold time
                                              1.002234   data required time
---------------------------------------------------------------------------------------------
                                              1.002234   data required time
                                             -2.736310   data arrival time
---------------------------------------------------------------------------------------------
                                              1.734075   slack (MET)


Startpoint: _758_ (rising edge-triggered flip-flop clocked by wr_clk)
Endpoint: _762_ (rising edge-triggered flip-flop clocked by wr_clk)
Path Group: wr_clk
Path Type: min

Fanout         Cap        Slew       Delay        Time   Description
---------------------------------------------------------------------------------------------
                                  0.000000    0.000000   clock wr_clk (rise edge)
                                  0.000000    0.000000   clock source latency
     1    0.023797    0.176583    0.121462    0.121462 ^ wr_clk (in)
                                                         wr_clk (net)
                      0.176607    0.000000    0.121462 ^ clkbuf_0_wr_clk/A (sky130_fd_sc_hd__clkbuf_16)
    16    0.102935    0.180447    0.367202    0.488664 ^ clkbuf_0_wr_clk/X (sky130_fd_sc_hd__clkbuf_16)
                                                         clknet_0_wr_clk (net)
                      0.180450    0.001181    0.489845 ^ clkbuf_4_13_0_wr_clk/A (sky130_fd_sc_hd__clkbuf_8)
     8    0.039976    0.129768    0.328448    0.818293 ^ clkbuf_4_13_0_wr_clk/X (sky130_fd_sc_hd__clkbuf_8)
                                                         clknet_4_13_0_wr_clk (net)
                      0.129770    0.000756    0.819049 ^ _758_/CLK (sky130_fd_sc_hd__dfrtp_1)
     5    0.017741    0.260891    0.821525    1.640574 ^ _758_/Q (sky130_fd_sc_hd__dfrtp_1)
                                                         wr_bin[1] (net)
                      0.260891    0.000127    1.640702 ^ _503_/A (sky130_fd_sc_hd__or3b_4)
     4    0.043956    0.236810    0.443660    2.084362 ^ _503_/X (sky130_fd_sc_hd__or3b_4)
                                                         _288_ (net)
                      0.236810    0.000919    2.085281 ^ _606_/A (sky130_fd_sc_hd__nor2_4)
     8    0.056433    0.138531    0.221587    2.306868 v _606_/Y (sky130_fd_sc_hd__nor2_4)
                                                         _303_ (net)
                      0.138532    0.000771    2.307639 v _607_/S (sky130_fd_sc_hd__mux2_1)
     1    0.003316    0.078359    0.416757    2.724396 ^ _607_/X (sky130_fd_sc_hd__mux2_1)
                                                         _112_ (net)
                      0.078359    0.000052    2.724447 ^ _762_/D (sky130_fd_sc_hd__dfxtp_1)
                                              2.724447   data arrival time

                                  0.000000    0.000000   clock wr_clk (rise edge)
                                  0.000000    0.000000   clock source latency
     1    0.023797    0.176583    0.121462    0.121462 ^ wr_clk (in)
                                                         wr_clk (net)
                      0.176607    0.000000    0.121462 ^ clkbuf_0_wr_clk/A (sky130_fd_sc_hd__clkbuf_16)
    16    0.102935    0.180447    0.367202    0.488664 ^ clkbuf_0_wr_clk/X (sky130_fd_sc_hd__clkbuf_16)
                                                         clknet_0_wr_clk (net)
                      0.180474    0.002243    0.490907 ^ clkbuf_4_6_0_wr_clk/A (sky130_fd_sc_hd__clkbuf_8)
     9    0.033041    0.113205    0.315612    0.806520 ^ clkbuf_4_6_0_wr_clk/X (sky130_fd_sc_hd__clkbuf_8)
                                                         clknet_4_6_0_wr_clk (net)
                      0.113205    0.000381    0.806901 ^ _762_/CLK (sky130_fd_sc_hd__dfxtp_1)
                                  0.250000    1.056901   clock uncertainty
                                  0.000000    1.056901   clock reconvergence pessimism
                                 -0.067097    0.989804   library hold time
                                              0.989804   data required time
---------------------------------------------------------------------------------------------
                                              0.989804   data required time
                                             -2.724447   data arrival time
---------------------------------------------------------------------------------------------
                                              1.734644   slack (MET)


Startpoint: _758_ (rising edge-triggered flip-flop clocked by wr_clk)
Endpoint: _763_ (rising edge-triggered flip-flop clocked by wr_clk)
Path Group: wr_clk
Path Type: min

Fanout         Cap        Slew       Delay        Time   Description
---------------------------------------------------------------------------------------------
                                  0.000000    0.000000   clock wr_clk (rise edge)
                                  0.000000    0.000000   clock source latency
     1    0.023797    0.176583    0.121462    0.121462 ^ wr_clk (in)
                                                         wr_clk (net)
                      0.176607    0.000000    0.121462 ^ clkbuf_0_wr_clk/A (sky130_fd_sc_hd__clkbuf_16)
    16    0.102935    0.180447    0.367202    0.488664 ^ clkbuf_0_wr_clk/X (sky130_fd_sc_hd__clkbuf_16)
                                                         clknet_0_wr_clk (net)
                      0.180450    0.001181    0.489845 ^ clkbuf_4_13_0_wr_clk/A (sky130_fd_sc_hd__clkbuf_8)
     8    0.039976    0.129768    0.328448    0.818293 ^ clkbuf_4_13_0_wr_clk/X (sky130_fd_sc_hd__clkbuf_8)
                                                         clknet_4_13_0_wr_clk (net)
                      0.129770    0.000756    0.819049 ^ _758_/CLK (sky130_fd_sc_hd__dfrtp_1)
     5    0.017741    0.260891    0.821525    1.640574 ^ _758_/Q (sky130_fd_sc_hd__dfrtp_1)
                                                         wr_bin[1] (net)
                      0.260891    0.000127    1.640702 ^ _503_/A (sky130_fd_sc_hd__or3b_4)
     4    0.043956    0.236810    0.443660    2.084362 ^ _503_/X (sky130_fd_sc_hd__or3b_4)
                                                         _288_ (net)
                      0.236810    0.000919    2.085281 ^ _606_/A (sky130_fd_sc_hd__nor2_4)
     8    0.056433    0.138531    0.221587    2.306868 v _606_/Y (sky130_fd_sc_hd__nor2_4)
                                                         _303_ (net)
                      0.138535    0.001031    2.307899 v _608_/S (sky130_fd_sc_hd__mux2_1)
     1    0.003141    0.076245    0.414565    2.722464 ^ _608_/X (sky130_fd_sc_hd__mux2_1)
                                                         _113_ (net)
                      0.076245    0.000043    2.722507 ^ _763_/D (sky130_fd_sc_hd__dfxtp_1)
                                              2.722507   data arrival time

                                  0.000000    0.000000   clock wr_clk (rise edge)
                                  0.000000    0.000000   clock source latency
     1    0.023797    0.176583    0.121462    0.121462 ^ wr_clk (in)
                                                         wr_clk (net)
                      0.176607    0.000000    0.121462 ^ clkbuf_0_wr_clk/A (sky130_fd_sc_hd__clkbuf_16)
    16    0.102935    0.180447    0.367202    0.488664 ^ clkbuf_0_wr_clk/X (sky130_fd_sc_hd__clkbuf_16)
                                                         clknet_0_wr_clk (net)
                      0.180448    0.000930    0.489594 ^ clkbuf_4_8_0_wr_clk/A (sky130_fd_sc_hd__clkbuf_8)
     7    0.032370    0.111612    0.314391    0.803984 ^ clkbuf_4_8_0_wr_clk/X (sky130_fd_sc_hd__clkbuf_8)
                                                         clknet_4_8_0_wr_clk (net)
                      0.111612    0.000425    0.804409 ^ _763_/CLK (sky130_fd_sc_hd__dfxtp_1)
                                  0.250000    1.054409   clock uncertainty
                                  0.000000    1.054409   clock reconvergence pessimism
                                 -0.066859    0.987550   library hold time
                                              0.987550   data required time
---------------------------------------------------------------------------------------------
                                              0.987550   data required time
                                             -2.722507   data arrival time
---------------------------------------------------------------------------------------------
                                              1.734956   slack (MET)


Startpoint: _760_ (rising edge-triggered flip-flop clocked by wr_clk)
Endpoint: _665_ (rising edge-triggered flip-flop clocked by wr_clk)
Path Group: wr_clk
Path Type: min

Fanout         Cap        Slew       Delay        Time   Description
---------------------------------------------------------------------------------------------
                                  0.000000    0.000000   clock wr_clk (rise edge)
                                  0.000000    0.000000   clock source latency
     1    0.023797    0.176583    0.121462    0.121462 ^ wr_clk (in)
                                                         wr_clk (net)
                      0.176607    0.000000    0.121462 ^ clkbuf_0_wr_clk/A (sky130_fd_sc_hd__clkbuf_16)
    16    0.102935    0.180447    0.367202    0.488664 ^ clkbuf_0_wr_clk/X (sky130_fd_sc_hd__clkbuf_16)
                                                         clknet_0_wr_clk (net)
                      0.180454    0.001426    0.490090 ^ clkbuf_4_15_0_wr_clk/A (sky130_fd_sc_hd__clkbuf_8)
     7    0.032701    0.112391    0.315079    0.805170 ^ clkbuf_4_15_0_wr_clk/X (sky130_fd_sc_hd__clkbuf_8)
                                                         clknet_4_15_0_wr_clk (net)
                      0.112391    0.000255    0.805425 ^ _760_/CLK (sky130_fd_sc_hd__dfrtp_1)
     4    0.013758    0.165924    0.857202    1.662627 v _760_/Q (sky130_fd_sc_hd__dfrtp_1)
                                                         wr_bin[3] (net)
                      0.165924    0.000058    1.662685 v fanout37/A (sky130_fd_sc_hd__clkbuf_4)
    10    0.040230    0.157758    0.385729    2.048414 v fanout37/X (sky130_fd_sc_hd__clkbuf_4)
                                                         net37 (net)
                      0.157758    0.000469    2.048883 v _514_/C (sky130_fd_sc_hd__nand3b_4)
     8    0.066660    0.330551    0.342143    2.391026 ^ _514_/Y (sky130_fd_sc_hd__nand3b_4)
                                                         _291_ (net)
                      0.330582    0.002620    2.393646 ^ _516_/S (sky130_fd_sc_hd__mux2_1)
     1    0.002783    0.072032    0.336752    2.730398 ^ _516_/X (sky130_fd_sc_hd__mux2_1)
                                                         _033_ (net)
                      0.072032    0.000037    2.730434 ^ _665_/D (sky130_fd_sc_hd__dfxtp_1)
                                              2.730434   data arrival time

                                  0.000000    0.000000   clock wr_clk (rise edge)
                                  0.000000    0.000000   clock source latency
     1    0.023797    0.176583    0.121462    0.121462 ^ wr_clk (in)
                                                         wr_clk (net)
                      0.176607    0.000000    0.121462 ^ clkbuf_0_wr_clk/A (sky130_fd_sc_hd__clkbuf_16)
    16    0.102935    0.180447    0.367202    0.488664 ^ clkbuf_0_wr_clk/X (sky130_fd_sc_hd__clkbuf_16)
                                                         clknet_0_wr_clk (net)
                      0.180447    0.000890    0.489554 ^ clkbuf_4_9_0_wr_clk/A (sky130_fd_sc_hd__clkbuf_8)
    10    0.035146    0.118197    0.319590    0.809144 ^ clkbuf_4_9_0_wr_clk/X (sky130_fd_sc_hd__clkbuf_8)
                                                         clknet_4_9_0_wr_clk (net)
                      0.118197    0.000438    0.809582 ^ _665_/CLK (sky130_fd_sc_hd__dfxtp_1)
                                  0.250000    1.059582   clock uncertainty
                                  0.000000    1.059582   clock reconvergence pessimism
                                 -0.064833    0.994750   library hold time
                                              0.994750   data required time
---------------------------------------------------------------------------------------------
                                              0.994750   data required time
                                             -2.730434   data arrival time
---------------------------------------------------------------------------------------------
                                              1.735685   slack (MET)


Startpoint: _757_ (rising edge-triggered flip-flop clocked by wr_clk)
Endpoint: _713_ (rising edge-triggered flip-flop clocked by wr_clk)
Path Group: wr_clk
Path Type: min

Fanout         Cap        Slew       Delay        Time   Description
---------------------------------------------------------------------------------------------
                                  0.000000    0.000000   clock wr_clk (rise edge)
                                  0.000000    0.000000   clock source latency
     1    0.023797    0.176583    0.121462    0.121462 ^ wr_clk (in)
                                                         wr_clk (net)
                      0.176607    0.000000    0.121462 ^ clkbuf_0_wr_clk/A (sky130_fd_sc_hd__clkbuf_16)
    16    0.102935    0.180447    0.367202    0.488664 ^ clkbuf_0_wr_clk/X (sky130_fd_sc_hd__clkbuf_16)
                                                         clknet_0_wr_clk (net)
                      0.180450    0.001181    0.489845 ^ clkbuf_4_13_0_wr_clk/A (sky130_fd_sc_hd__clkbuf_8)
     8    0.039976    0.129768    0.328448    0.818293 ^ clkbuf_4_13_0_wr_clk/X (sky130_fd_sc_hd__clkbuf_8)
                                                         clknet_4_13_0_wr_clk (net)
                      0.129770    0.000720    0.819013 ^ _757_/CLK (sky130_fd_sc_hd__dfrtp_1)
     6    0.019452    0.282991    0.837759    1.656772 ^ _757_/Q (sky130_fd_sc_hd__dfrtp_1)
                                                         wr_bin[0] (net)
                      0.282991    0.000173    1.656945 ^ _483_/B (sky130_fd_sc_hd__or3b_4)
     4    0.042748    0.231046    0.441199    2.098145 ^ _483_/X (sky130_fd_sc_hd__or3b_4)
                                                         _284_ (net)
                      0.231046    0.000913    2.099058 ^ _570_/A (sky130_fd_sc_hd__nor2_4)
     8    0.059504    0.144618    0.223301    2.322359 v _570_/Y (sky130_fd_sc_hd__nor2_4)
                                                         _299_ (net)
                      0.144720    0.002004    2.324362 v _572_/S (sky130_fd_sc_hd__mux2_1)
     1    0.001941    0.062516    0.402677    2.727039 ^ _572_/X (sky130_fd_sc_hd__mux2_1)
                                                         _081_ (net)
                      0.062516    0.000018    2.727057 ^ _713_/D (sky130_fd_sc_hd__dfxtp_1)
                                              2.727057   data arrival time

                                  0.000000    0.000000   clock wr_clk (rise edge)
                                  0.000000    0.000000   clock source latency
     1    0.023797    0.176583    0.121462    0.121462 ^ wr_clk (in)
                                                         wr_clk (net)
                      0.176607    0.000000    0.121462 ^ clkbuf_0_wr_clk/A (sky130_fd_sc_hd__clkbuf_16)
    16    0.102935    0.180447    0.367202    0.488664 ^ clkbuf_0_wr_clk/X (sky130_fd_sc_hd__clkbuf_16)
                                                         clknet_0_wr_clk (net)
                      0.180448    0.000930    0.489594 ^ clkbuf_4_8_0_wr_clk/A (sky130_fd_sc_hd__clkbuf_8)
     7    0.032370    0.111612    0.314391    0.803984 ^ clkbuf_4_8_0_wr_clk/X (sky130_fd_sc_hd__clkbuf_8)
                                                         clknet_4_8_0_wr_clk (net)
                      0.111612    0.000396    0.804380 ^ _713_/CLK (sky130_fd_sc_hd__dfxtp_1)
                                  0.250000    1.054380   clock uncertainty
                                  0.000000    1.054380   clock reconvergence pessimism
                                 -0.063667    0.990713   library hold time
                                              0.990713   data required time
---------------------------------------------------------------------------------------------
                                              0.990713   data required time
                                             -2.727057   data arrival time
---------------------------------------------------------------------------------------------
                                              1.736343   slack (MET)


Startpoint: _683_ (rising edge-triggered flip-flop clocked by wr_clk)
Endpoint: _683_ (rising edge-triggered flip-flop clocked by wr_clk)
Path Group: wr_clk
Path Type: min

Fanout         Cap        Slew       Delay        Time   Description
---------------------------------------------------------------------------------------------
                                  0.000000    0.000000   clock wr_clk (rise edge)
                                  0.000000    0.000000   clock source latency
     1    0.023797    0.176583    0.121462    0.121462 ^ wr_clk (in)
                                                         wr_clk (net)
                      0.176607    0.000000    0.121462 ^ clkbuf_0_wr_clk/A (sky130_fd_sc_hd__clkbuf_16)
    16    0.102935    0.180447    0.367202    0.488664 ^ clkbuf_0_wr_clk/X (sky130_fd_sc_hd__clkbuf_16)
                                                         clknet_0_wr_clk (net)
                      0.180470    0.002139    0.490803 ^ clkbuf_4_2_0_wr_clk/A (sky130_fd_sc_hd__clkbuf_8)
    13    0.037228    0.123056    0.323144    0.813947 ^ clkbuf_4_2_0_wr_clk/X (sky130_fd_sc_hd__clkbuf_8)
                                                         clknet_4_2_0_wr_clk (net)
                      0.123064    0.001096    0.815042 ^ _683_/CLK (sky130_fd_sc_hd__dfxtp_1)
     2    0.004813    0.094774    0.671393    1.486435 ^ _683_/Q (sky130_fd_sc_hd__dfxtp_1)
                                                         mem[10][3] (net)
                      0.094774    0.000031    1.486466 ^ hold32/A (sky130_fd_sc_hd__dlygate4sd3_1)
     1    0.001885    0.083008    1.036961    2.523427 ^ hold32/X (sky130_fd_sc_hd__dlygate4sd3_1)
                                                         net108 (net)
                      0.083008    0.000016    2.523443 ^ _537_/A0 (sky130_fd_sc_hd__mux2_1)
     1    0.001858    0.061592    0.216526    2.739969 ^ _537_/X (sky130_fd_sc_hd__mux2_1)
                                                         _051_ (net)
                      0.061592    0.000016    2.739985 ^ _683_/D (sky130_fd_sc_hd__dfxtp_1)
                                              2.739985   data arrival time

                                  0.000000    0.000000   clock wr_clk (rise edge)
                                  0.000000    0.000000   clock source latency
     1    0.023797    0.176583    0.121462    0.121462 ^ wr_clk (in)
                                                         wr_clk (net)
                      0.176607    0.000000    0.121462 ^ clkbuf_0_wr_clk/A (sky130_fd_sc_hd__clkbuf_16)
    16    0.102935    0.180447    0.367202    0.488664 ^ clkbuf_0_wr_clk/X (sky130_fd_sc_hd__clkbuf_16)
                                                         clknet_0_wr_clk (net)
                      0.180470    0.002139    0.490803 ^ clkbuf_4_2_0_wr_clk/A (sky130_fd_sc_hd__clkbuf_8)
    13    0.037228    0.123056    0.323144    0.813947 ^ clkbuf_4_2_0_wr_clk/X (sky130_fd_sc_hd__clkbuf_8)
                                                         clknet_4_2_0_wr_clk (net)
                      0.123064    0.001096    0.815042 ^ _683_/CLK (sky130_fd_sc_hd__dfxtp_1)
                                  0.250000    1.065042   clock uncertainty
                                  0.000000    1.065042   clock reconvergence pessimism
                                 -0.061632    1.003410   library hold time
                                              1.003410   data required time
---------------------------------------------------------------------------------------------
                                              1.003410   data required time
                                             -2.739985   data arrival time
---------------------------------------------------------------------------------------------
                                              1.736575   slack (MET)


Startpoint: _757_ (rising edge-triggered flip-flop clocked by wr_clk)
Endpoint: _686_ (rising edge-triggered flip-flop clocked by wr_clk)
Path Group: wr_clk
Path Type: min

Fanout         Cap        Slew       Delay        Time   Description
---------------------------------------------------------------------------------------------
                                  0.000000    0.000000   clock wr_clk (rise edge)
                                  0.000000    0.000000   clock source latency
     1    0.023797    0.176583    0.121462    0.121462 ^ wr_clk (in)
                                                         wr_clk (net)
                      0.176607    0.000000    0.121462 ^ clkbuf_0_wr_clk/A (sky130_fd_sc_hd__clkbuf_16)
    16    0.102935    0.180447    0.367202    0.488664 ^ clkbuf_0_wr_clk/X (sky130_fd_sc_hd__clkbuf_16)
                                                         clknet_0_wr_clk (net)
                      0.180450    0.001181    0.489845 ^ clkbuf_4_13_0_wr_clk/A (sky130_fd_sc_hd__clkbuf_8)
     8    0.039976    0.129768    0.328448    0.818293 ^ clkbuf_4_13_0_wr_clk/X (sky130_fd_sc_hd__clkbuf_8)
                                                         clknet_4_13_0_wr_clk (net)
                      0.129770    0.000720    0.819013 ^ _757_/CLK (sky130_fd_sc_hd__dfrtp_1)
     6    0.019452    0.282991    0.837759    1.656772 ^ _757_/Q (sky130_fd_sc_hd__dfrtp_1)
                                                         wr_bin[0] (net)
                      0.282991    0.000173    1.656945 ^ _483_/B (sky130_fd_sc_hd__or3b_4)
     4    0.042748    0.231046    0.441199    2.098145 ^ _483_/X (sky130_fd_sc_hd__or3b_4)
                                                         _284_ (net)
                      0.231046    0.000651    2.098796 ^ _533_/A (sky130_fd_sc_hd__nor2_4)
     8    0.064589    0.155427    0.229667    2.328463 v _533_/Y (sky130_fd_sc_hd__nor2_4)
                                                         _294_ (net)
                      0.155539    0.003416    2.331879 v _540_/S (sky130_fd_sc_hd__mux2_1)
     1    0.001952    0.062649    0.408290    2.740169 ^ _540_/X (sky130_fd_sc_hd__mux2_1)
                                                         _054_ (net)
                      0.062649    0.000018    2.740187 ^ _686_/D (sky130_fd_sc_hd__dfxtp_1)
                                              2.740187   data arrival time

                                  0.000000    0.000000   clock wr_clk (rise edge)
                                  0.000000    0.000000   clock source latency
     1    0.023797    0.176583    0.121462    0.121462 ^ wr_clk (in)
                                                         wr_clk (net)
                      0.176607    0.000000    0.121462 ^ clkbuf_0_wr_clk/A (sky130_fd_sc_hd__clkbuf_16)
    16    0.102935    0.180447    0.367202    0.488664 ^ clkbuf_0_wr_clk/X (sky130_fd_sc_hd__clkbuf_16)
                                                         clknet_0_wr_clk (net)
                      0.180479    0.002398    0.491062 ^ clkbuf_4_5_0_wr_clk/A (sky130_fd_sc_hd__clkbuf_8)
    14    0.037173    0.123071    0.323131    0.814193 ^ clkbuf_4_5_0_wr_clk/X (sky130_fd_sc_hd__clkbuf_8)
                                                         clknet_4_5_0_wr_clk (net)
                      0.123075    0.000857    0.815050 ^ _686_/CLK (sky130_fd_sc_hd__dfxtp_1)
                                  0.250000    1.065050   clock uncertainty
                                  0.000000    1.065050   clock reconvergence pessimism
                                 -0.061876    1.003174   library hold time
                                              1.003174   data required time
---------------------------------------------------------------------------------------------
                                              1.003174   data required time
                                             -2.740187   data arrival time
---------------------------------------------------------------------------------------------
                                              1.737013   slack (MET)


Startpoint: _758_ (rising edge-triggered flip-flop clocked by wr_clk)
Endpoint: _690_ (rising edge-triggered flip-flop clocked by wr_clk)
Path Group: wr_clk
Path Type: min

Fanout         Cap        Slew       Delay        Time   Description
---------------------------------------------------------------------------------------------
                                  0.000000    0.000000   clock wr_clk (rise edge)
                                  0.000000    0.000000   clock source latency
     1    0.023797    0.176583    0.121462    0.121462 ^ wr_clk (in)
                                                         wr_clk (net)
                      0.176607    0.000000    0.121462 ^ clkbuf_0_wr_clk/A (sky130_fd_sc_hd__clkbuf_16)
    16    0.102935    0.180447    0.367202    0.488664 ^ clkbuf_0_wr_clk/X (sky130_fd_sc_hd__clkbuf_16)
                                                         clknet_0_wr_clk (net)
                      0.180450    0.001181    0.489845 ^ clkbuf_4_13_0_wr_clk/A (sky130_fd_sc_hd__clkbuf_8)
     8    0.039976    0.129768    0.328448    0.818293 ^ clkbuf_4_13_0_wr_clk/X (sky130_fd_sc_hd__clkbuf_8)
                                                         clknet_4_13_0_wr_clk (net)
                      0.129770    0.000756    0.819049 ^ _758_/CLK (sky130_fd_sc_hd__dfrtp_1)
     5    0.017741    0.260891    0.821525    1.640574 ^ _758_/Q (sky130_fd_sc_hd__dfrtp_1)
                                                         wr_bin[1] (net)
                      0.260891    0.000127    1.640702 ^ _503_/A (sky130_fd_sc_hd__or3b_4)
     4    0.043956    0.236810    0.443660    2.084362 ^ _503_/X (sky130_fd_sc_hd__or3b_4)
                                                         _288_ (net)
                      0.236811    0.001068    2.085430 ^ _542_/A (sky130_fd_sc_hd__nor2_4)
     8    0.062955    0.153551    0.231300    2.316730 v _542_/Y (sky130_fd_sc_hd__nor2_4)
                                                         _295_ (net)
                      0.153635    0.001346    2.318076 v _545_/S (sky130_fd_sc_hd__mux2_1)
     1    0.002523    0.069082    0.414468    2.732544 ^ _545_/X (sky130_fd_sc_hd__mux2_1)
                                                         _058_ (net)
                      0.069082    0.000028    2.732572 ^ _690_/D (sky130_fd_sc_hd__dfxtp_1)
                                              2.732572   data arrival time

                                  0.000000    0.000000   clock wr_clk (rise edge)
                                  0.000000    0.000000   clock source latency
     1    0.023797    0.176583    0.121462    0.121462 ^ wr_clk (in)
                                                         wr_clk (net)
                      0.176607    0.000000    0.121462 ^ clkbuf_0_wr_clk/A (sky130_fd_sc_hd__clkbuf_16)
    16    0.102935    0.180447    0.367202    0.488664 ^ clkbuf_0_wr_clk/X (sky130_fd_sc_hd__clkbuf_16)
                                                         clknet_0_wr_clk (net)
                      0.180447    0.000890    0.489554 ^ clkbuf_4_9_0_wr_clk/A (sky130_fd_sc_hd__clkbuf_8)
    10    0.035146    0.118197    0.319590    0.809144 ^ clkbuf_4_9_0_wr_clk/X (sky130_fd_sc_hd__clkbuf_8)
                                                         clknet_4_9_0_wr_clk (net)
                      0.118197    0.000503    0.809647 ^ _690_/CLK (sky130_fd_sc_hd__dfxtp_1)
                                  0.250000    1.059647   clock uncertainty
                                  0.000000    1.059647   clock reconvergence pessimism
                                 -0.064147    0.995501   library hold time
                                              0.995501   data required time
---------------------------------------------------------------------------------------------
                                              0.995501   data required time
                                             -2.732572   data arrival time
---------------------------------------------------------------------------------------------
                                              1.737072   slack (MET)


Startpoint: _758_ (rising edge-triggered flip-flop clocked by wr_clk)
Endpoint: _688_ (rising edge-triggered flip-flop clocked by wr_clk)
Path Group: wr_clk
Path Type: min

Fanout         Cap        Slew       Delay        Time   Description
---------------------------------------------------------------------------------------------
                                  0.000000    0.000000   clock wr_clk (rise edge)
                                  0.000000    0.000000   clock source latency
     1    0.023797    0.176583    0.121462    0.121462 ^ wr_clk (in)
                                                         wr_clk (net)
                      0.176607    0.000000    0.121462 ^ clkbuf_0_wr_clk/A (sky130_fd_sc_hd__clkbuf_16)
    16    0.102935    0.180447    0.367202    0.488664 ^ clkbuf_0_wr_clk/X (sky130_fd_sc_hd__clkbuf_16)
                                                         clknet_0_wr_clk (net)
                      0.180450    0.001181    0.489845 ^ clkbuf_4_13_0_wr_clk/A (sky130_fd_sc_hd__clkbuf_8)
     8    0.039976    0.129768    0.328448    0.818293 ^ clkbuf_4_13_0_wr_clk/X (sky130_fd_sc_hd__clkbuf_8)
                                                         clknet_4_13_0_wr_clk (net)
                      0.129770    0.000756    0.819049 ^ _758_/CLK (sky130_fd_sc_hd__dfrtp_1)
     5    0.017741    0.260891    0.821525    1.640574 ^ _758_/Q (sky130_fd_sc_hd__dfrtp_1)
                                                         wr_bin[1] (net)
                      0.260891    0.000127    1.640702 ^ _503_/A (sky130_fd_sc_hd__or3b_4)
     4    0.043956    0.236810    0.443660    2.084362 ^ _503_/X (sky130_fd_sc_hd__or3b_4)
                                                         _288_ (net)
                      0.236811    0.001068    2.085430 ^ _542_/A (sky130_fd_sc_hd__nor2_4)
     8    0.062955    0.153551    0.231300    2.316730 v _542_/Y (sky130_fd_sc_hd__nor2_4)
                                                         _295_ (net)
                      0.153551    0.000349    2.317079 v _543_/S (sky130_fd_sc_hd__mux2_1)
     1    0.002506    0.068887    0.414210    2.731289 ^ _543_/X (sky130_fd_sc_hd__mux2_1)
                                                         _056_ (net)
                      0.068887    0.000027    2.731316 ^ _688_/D (sky130_fd_sc_hd__dfxtp_1)
                                              2.731316   data arrival time

                                  0.000000    0.000000   clock wr_clk (rise edge)
                                  0.000000    0.000000   clock source latency
     1    0.023797    0.176583    0.121462    0.121462 ^ wr_clk (in)
                                                         wr_clk (net)
                      0.176607    0.000000    0.121462 ^ clkbuf_0_wr_clk/A (sky130_fd_sc_hd__clkbuf_16)
    16    0.102935    0.180447    0.367202    0.488664 ^ clkbuf_0_wr_clk/X (sky130_fd_sc_hd__clkbuf_16)
                                                         clknet_0_wr_clk (net)
                      0.180449    0.001095    0.489758 ^ clkbuf_4_12_0_wr_clk/A (sky130_fd_sc_hd__clkbuf_8)
     8    0.034474    0.116594    0.318401    0.808160 ^ clkbuf_4_12_0_wr_clk/X (sky130_fd_sc_hd__clkbuf_8)
                                                         clknet_4_12_0_wr_clk (net)
                      0.116594    0.000223    0.808382 ^ _688_/CLK (sky130_fd_sc_hd__dfxtp_1)
                                  0.250000    1.058382   clock uncertainty
                                  0.000000    1.058382   clock reconvergence pessimism
                                 -0.064356    0.994026   library hold time
                                              0.994026   data required time
---------------------------------------------------------------------------------------------
                                              0.994026   data required time
                                             -2.731316   data arrival time
---------------------------------------------------------------------------------------------
                                              1.737290   slack (MET)


Startpoint: _757_ (rising edge-triggered flip-flop clocked by wr_clk)
Endpoint: _715_ (rising edge-triggered flip-flop clocked by wr_clk)
Path Group: wr_clk
Path Type: min

Fanout         Cap        Slew       Delay        Time   Description
---------------------------------------------------------------------------------------------
                                  0.000000    0.000000   clock wr_clk (rise edge)
                                  0.000000    0.000000   clock source latency
     1    0.023797    0.176583    0.121462    0.121462 ^ wr_clk (in)
                                                         wr_clk (net)
                      0.176607    0.000000    0.121462 ^ clkbuf_0_wr_clk/A (sky130_fd_sc_hd__clkbuf_16)
    16    0.102935    0.180447    0.367202    0.488664 ^ clkbuf_0_wr_clk/X (sky130_fd_sc_hd__clkbuf_16)
                                                         clknet_0_wr_clk (net)
                      0.180450    0.001181    0.489845 ^ clkbuf_4_13_0_wr_clk/A (sky130_fd_sc_hd__clkbuf_8)
     8    0.039976    0.129768    0.328448    0.818293 ^ clkbuf_4_13_0_wr_clk/X (sky130_fd_sc_hd__clkbuf_8)
                                                         clknet_4_13_0_wr_clk (net)
                      0.129770    0.000720    0.819013 ^ _757_/CLK (sky130_fd_sc_hd__dfrtp_1)
     6    0.019452    0.282991    0.837759    1.656772 ^ _757_/Q (sky130_fd_sc_hd__dfrtp_1)
                                                         wr_bin[0] (net)
                      0.282991    0.000173    1.656945 ^ _483_/B (sky130_fd_sc_hd__or3b_4)
     4    0.042748    0.231046    0.441199    2.098145 ^ _483_/X (sky130_fd_sc_hd__or3b_4)
                                                         _284_ (net)
                      0.231046    0.000913    2.099058 ^ _570_/A (sky130_fd_sc_hd__nor2_4)
     8    0.059504    0.144618    0.223301    2.322359 v _570_/Y (sky130_fd_sc_hd__nor2_4)
                                                         _299_ (net)
                      0.144733    0.002285    2.324643 v _574_/S (sky130_fd_sc_hd__mux2_1)
     1    0.002821    0.072463    0.413694    2.738337 ^ _574_/X (sky130_fd_sc_hd__mux2_1)
                                                         _083_ (net)
                      0.072463    0.000034    2.738371 ^ _715_/D (sky130_fd_sc_hd__dfxtp_1)
                                              2.738371   data arrival time

                                  0.000000    0.000000   clock wr_clk (rise edge)
                                  0.000000    0.000000   clock source latency
     1    0.023797    0.176583    0.121462    0.121462 ^ wr_clk (in)
                                                         wr_clk (net)
                      0.176607    0.000000    0.121462 ^ clkbuf_0_wr_clk/A (sky130_fd_sc_hd__clkbuf_16)
    16    0.102935    0.180447    0.367202    0.488664 ^ clkbuf_0_wr_clk/X (sky130_fd_sc_hd__clkbuf_16)
                                                         clknet_0_wr_clk (net)
                      0.180470    0.002139    0.490803 ^ clkbuf_4_2_0_wr_clk/A (sky130_fd_sc_hd__clkbuf_8)
    13    0.037228    0.123056    0.323144    0.813947 ^ clkbuf_4_2_0_wr_clk/X (sky130_fd_sc_hd__clkbuf_8)
                                                         clknet_4_2_0_wr_clk (net)
                      0.123057    0.000642    0.814588 ^ _715_/CLK (sky130_fd_sc_hd__dfxtp_1)
                                  0.250000    1.064588   clock uncertainty
                                  0.000000    1.064588   clock reconvergence pessimism
                                 -0.064160    1.000428   library hold time
                                              1.000428   data required time
---------------------------------------------------------------------------------------------
                                              1.000428   data required time
                                             -2.738371   data arrival time
---------------------------------------------------------------------------------------------
                                              1.737943   slack (MET)


Startpoint: _757_ (rising edge-triggered flip-flop clocked by wr_clk)
Endpoint: _687_ (rising edge-triggered flip-flop clocked by wr_clk)
Path Group: wr_clk
Path Type: min

Fanout         Cap        Slew       Delay        Time   Description
---------------------------------------------------------------------------------------------
                                  0.000000    0.000000   clock wr_clk (rise edge)
                                  0.000000    0.000000   clock source latency
     1    0.023797    0.176583    0.121462    0.121462 ^ wr_clk (in)
                                                         wr_clk (net)
                      0.176607    0.000000    0.121462 ^ clkbuf_0_wr_clk/A (sky130_fd_sc_hd__clkbuf_16)
    16    0.102935    0.180447    0.367202    0.488664 ^ clkbuf_0_wr_clk/X (sky130_fd_sc_hd__clkbuf_16)
                                                         clknet_0_wr_clk (net)
                      0.180450    0.001181    0.489845 ^ clkbuf_4_13_0_wr_clk/A (sky130_fd_sc_hd__clkbuf_8)
     8    0.039976    0.129768    0.328448    0.818293 ^ clkbuf_4_13_0_wr_clk/X (sky130_fd_sc_hd__clkbuf_8)
                                                         clknet_4_13_0_wr_clk (net)
                      0.129770    0.000720    0.819013 ^ _757_/CLK (sky130_fd_sc_hd__dfrtp_1)
     6    0.019452    0.282991    0.837759    1.656772 ^ _757_/Q (sky130_fd_sc_hd__dfrtp_1)
                                                         wr_bin[0] (net)
                      0.282991    0.000173    1.656945 ^ _483_/B (sky130_fd_sc_hd__or3b_4)
     4    0.042748    0.231046    0.441199    2.098145 ^ _483_/X (sky130_fd_sc_hd__or3b_4)
                                                         _284_ (net)
                      0.231046    0.000651    2.098796 ^ _533_/A (sky130_fd_sc_hd__nor2_4)
     8    0.064589    0.155427    0.229667    2.328463 v _533_/Y (sky130_fd_sc_hd__nor2_4)
                                                         _294_ (net)
                      0.155729    0.005538    2.334001 v _541_/S (sky130_fd_sc_hd__mux2_1)
     1    0.001937    0.062487    0.408196    2.742198 ^ _541_/X (sky130_fd_sc_hd__mux2_1)
                                                         _055_ (net)
                      0.062487    0.000018    2.742215 ^ _687_/D (sky130_fd_sc_hd__dfxtp_1)
                                              2.742215   data arrival time

                                  0.000000    0.000000   clock wr_clk (rise edge)
                                  0.000000    0.000000   clock source latency
     1    0.023797    0.176583    0.121462    0.121462 ^ wr_clk (in)
                                                         wr_clk (net)
                      0.176607    0.000000    0.121462 ^ clkbuf_0_wr_clk/A (sky130_fd_sc_hd__clkbuf_16)
    16    0.102935    0.180447    0.367202    0.488664 ^ clkbuf_0_wr_clk/X (sky130_fd_sc_hd__clkbuf_16)
                                                         clknet_0_wr_clk (net)
                      0.180478    0.002379    0.491043 ^ clkbuf_4_1_0_wr_clk/A (sky130_fd_sc_hd__clkbuf_8)
    14    0.037443    0.123691    0.323795    0.814838 ^ clkbuf_4_1_0_wr_clk/X (sky130_fd_sc_hd__clkbuf_8)
                                                         clknet_4_1_0_wr_clk (net)
                      0.123691    0.000520    0.815359 ^ _687_/CLK (sky130_fd_sc_hd__dfxtp_1)
                                  0.250000    1.065359   clock uncertainty
                                  0.000000    1.065359   clock reconvergence pessimism
                                 -0.061741    1.003618   library hold time
                                              1.003618   data required time
---------------------------------------------------------------------------------------------
                                              1.003618   data required time
                                             -2.742215   data arrival time
---------------------------------------------------------------------------------------------
                                              1.738597   slack (MET)


Startpoint: _757_ (rising edge-triggered flip-flop clocked by wr_clk)
Endpoint: _727_ (rising edge-triggered flip-flop clocked by wr_clk)
Path Group: wr_clk
Path Type: min

Fanout         Cap        Slew       Delay        Time   Description
---------------------------------------------------------------------------------------------
                                  0.000000    0.000000   clock wr_clk (rise edge)
                                  0.000000    0.000000   clock source latency
     1    0.023797    0.176583    0.121462    0.121462 ^ wr_clk (in)
                                                         wr_clk (net)
                      0.176607    0.000000    0.121462 ^ clkbuf_0_wr_clk/A (sky130_fd_sc_hd__clkbuf_16)
    16    0.102935    0.180447    0.367202    0.488664 ^ clkbuf_0_wr_clk/X (sky130_fd_sc_hd__clkbuf_16)
                                                         clknet_0_wr_clk (net)
                      0.180450    0.001181    0.489845 ^ clkbuf_4_13_0_wr_clk/A (sky130_fd_sc_hd__clkbuf_8)
     8    0.039976    0.129768    0.328448    0.818293 ^ clkbuf_4_13_0_wr_clk/X (sky130_fd_sc_hd__clkbuf_8)
                                                         clknet_4_13_0_wr_clk (net)
                      0.129770    0.000720    0.819013 ^ _757_/CLK (sky130_fd_sc_hd__dfrtp_1)
     6    0.019452    0.282991    0.837759    1.656772 ^ _757_/Q (sky130_fd_sc_hd__dfrtp_1)
                                                         wr_bin[0] (net)
                      0.282991    0.000173    1.656945 ^ _483_/B (sky130_fd_sc_hd__or3b_4)
     4    0.042748    0.231046    0.441199    2.098145 ^ _483_/X (sky130_fd_sc_hd__or3b_4)
                                                         _284_ (net)
                      0.231048    0.001128    2.099272 ^ _579_/A (sky130_fd_sc_hd__nor2_4)
     8    0.065381    0.158346    0.232568    2.331840 v _579_/Y (sky130_fd_sc_hd__nor2_4)
                                                         _300_ (net)
                      0.158428    0.001183    2.333023 v _587_/S (sky130_fd_sc_hd__mux2_1)
     1    0.001958    0.062701    0.409814    2.742837 ^ _587_/X (sky130_fd_sc_hd__mux2_1)
                                                         _095_ (net)
                      0.062701    0.000018    2.742855 ^ _727_/D (sky130_fd_sc_hd__dfxtp_1)
                                              2.742855   data arrival time

                                  0.000000    0.000000   clock wr_clk (rise edge)
                                  0.000000    0.000000   clock source latency
     1    0.023797    0.176583    0.121462    0.121462 ^ wr_clk (in)
                                                         wr_clk (net)
                      0.176607    0.000000    0.121462 ^ clkbuf_0_wr_clk/A (sky130_fd_sc_hd__clkbuf_16)
    16    0.102935    0.180447    0.367202    0.488664 ^ clkbuf_0_wr_clk/X (sky130_fd_sc_hd__clkbuf_16)
                                                         clknet_0_wr_clk (net)
                      0.180478    0.002379    0.491043 ^ clkbuf_4_1_0_wr_clk/A (sky130_fd_sc_hd__clkbuf_8)
    14    0.037443    0.123691    0.323795    0.814838 ^ clkbuf_4_1_0_wr_clk/X (sky130_fd_sc_hd__clkbuf_8)
                                                         clknet_4_1_0_wr_clk (net)
                      0.123691    0.000315    0.815153 ^ _727_/CLK (sky130_fd_sc_hd__dfxtp_1)
                                  0.250000    1.065153   clock uncertainty
                                  0.000000    1.065153   clock reconvergence pessimism
                                 -0.061791    1.003363   library hold time
                                              1.003363   data required time
---------------------------------------------------------------------------------------------
                                              1.003363   data required time
                                             -2.742855   data arrival time
---------------------------------------------------------------------------------------------
                                              1.739492   slack (MET)


Startpoint: _757_ (rising edge-triggered flip-flop clocked by wr_clk)
Endpoint: _723_ (rising edge-triggered flip-flop clocked by wr_clk)
Path Group: wr_clk
Path Type: min

Fanout         Cap        Slew       Delay        Time   Description
---------------------------------------------------------------------------------------------
                                  0.000000    0.000000   clock wr_clk (rise edge)
                                  0.000000    0.000000   clock source latency
     1    0.023797    0.176583    0.121462    0.121462 ^ wr_clk (in)
                                                         wr_clk (net)
                      0.176607    0.000000    0.121462 ^ clkbuf_0_wr_clk/A (sky130_fd_sc_hd__clkbuf_16)
    16    0.102935    0.180447    0.367202    0.488664 ^ clkbuf_0_wr_clk/X (sky130_fd_sc_hd__clkbuf_16)
                                                         clknet_0_wr_clk (net)
                      0.180450    0.001181    0.489845 ^ clkbuf_4_13_0_wr_clk/A (sky130_fd_sc_hd__clkbuf_8)
     8    0.039976    0.129768    0.328448    0.818293 ^ clkbuf_4_13_0_wr_clk/X (sky130_fd_sc_hd__clkbuf_8)
                                                         clknet_4_13_0_wr_clk (net)
                      0.129770    0.000720    0.819013 ^ _757_/CLK (sky130_fd_sc_hd__dfrtp_1)
     6    0.019452    0.282991    0.837759    1.656772 ^ _757_/Q (sky130_fd_sc_hd__dfrtp_1)
                                                         wr_bin[0] (net)
                      0.282991    0.000173    1.656945 ^ _483_/B (sky130_fd_sc_hd__or3b_4)
     4    0.042748    0.231046    0.441199    2.098145 ^ _483_/X (sky130_fd_sc_hd__or3b_4)
                                                         _284_ (net)
                      0.231048    0.001128    2.099272 ^ _579_/A (sky130_fd_sc_hd__nor2_4)
     8    0.065381    0.158346    0.232568    2.331840 v _579_/Y (sky130_fd_sc_hd__nor2_4)
                                                         _300_ (net)
                      0.158485    0.002697    2.334538 v _583_/S (sky130_fd_sc_hd__mux2_1)
     1    0.001888    0.061940    0.408977    2.743515 ^ _583_/X (sky130_fd_sc_hd__mux2_1)
                                                         _091_ (net)
                      0.061940    0.000016    2.743531 ^ _723_/D (sky130_fd_sc_hd__dfxtp_1)
                                              2.743531   data arrival time

                                  0.000000    0.000000   clock wr_clk (rise edge)
                                  0.000000    0.000000   clock source latency
     1    0.023797    0.176583    0.121462    0.121462 ^ wr_clk (in)
                                                         wr_clk (net)
                      0.176607    0.000000    0.121462 ^ clkbuf_0_wr_clk/A (sky130_fd_sc_hd__clkbuf_16)
    16    0.102935    0.180447    0.367202    0.488664 ^ clkbuf_0_wr_clk/X (sky130_fd_sc_hd__clkbuf_16)
                                                         clknet_0_wr_clk (net)
                      0.180470    0.002139    0.490803 ^ clkbuf_4_2_0_wr_clk/A (sky130_fd_sc_hd__clkbuf_8)
    13    0.037228    0.123056    0.323144    0.813947 ^ clkbuf_4_2_0_wr_clk/X (sky130_fd_sc_hd__clkbuf_8)
                                                         clknet_4_2_0_wr_clk (net)
                      0.123061    0.000930    0.814877 ^ _723_/CLK (sky130_fd_sc_hd__dfxtp_1)
                                  0.250000    1.064877   clock uncertainty
                                  0.000000    1.064877   clock reconvergence pessimism
                                 -0.061714    1.003163   library hold time
                                              1.003163   data required time
---------------------------------------------------------------------------------------------
                                              1.003163   data required time
                                             -2.743531   data arrival time
---------------------------------------------------------------------------------------------
                                              1.740368   slack (MET)


Startpoint: _757_ (rising edge-triggered flip-flop clocked by wr_clk)
Endpoint: _724_ (rising edge-triggered flip-flop clocked by wr_clk)
Path Group: wr_clk
Path Type: min

Fanout         Cap        Slew       Delay        Time   Description
---------------------------------------------------------------------------------------------
                                  0.000000    0.000000   clock wr_clk (rise edge)
                                  0.000000    0.000000   clock source latency
     1    0.023797    0.176583    0.121462    0.121462 ^ wr_clk (in)
                                                         wr_clk (net)
                      0.176607    0.000000    0.121462 ^ clkbuf_0_wr_clk/A (sky130_fd_sc_hd__clkbuf_16)
    16    0.102935    0.180447    0.367202    0.488664 ^ clkbuf_0_wr_clk/X (sky130_fd_sc_hd__clkbuf_16)
                                                         clknet_0_wr_clk (net)
                      0.180450    0.001181    0.489845 ^ clkbuf_4_13_0_wr_clk/A (sky130_fd_sc_hd__clkbuf_8)
     8    0.039976    0.129768    0.328448    0.818293 ^ clkbuf_4_13_0_wr_clk/X (sky130_fd_sc_hd__clkbuf_8)
                                                         clknet_4_13_0_wr_clk (net)
                      0.129770    0.000720    0.819013 ^ _757_/CLK (sky130_fd_sc_hd__dfrtp_1)
     6    0.019452    0.282991    0.837759    1.656772 ^ _757_/Q (sky130_fd_sc_hd__dfrtp_1)
                                                         wr_bin[0] (net)
                      0.282991    0.000173    1.656945 ^ _483_/B (sky130_fd_sc_hd__or3b_4)
     4    0.042748    0.231046    0.441199    2.098145 ^ _483_/X (sky130_fd_sc_hd__or3b_4)
                                                         _284_ (net)
                      0.231048    0.001128    2.099272 ^ _579_/A (sky130_fd_sc_hd__nor2_4)
     8    0.065381    0.158346    0.232568    2.331840 v _579_/Y (sky130_fd_sc_hd__nor2_4)
                                                         _300_ (net)
                      0.158463    0.002233    2.334073 v _584_/S (sky130_fd_sc_hd__mux2_1)
     1    0.002022    0.063322    0.410642    2.744714 ^ _584_/X (sky130_fd_sc_hd__mux2_1)
                                                         _092_ (net)
                      0.063322    0.000019    2.744733 ^ _724_/D (sky130_fd_sc_hd__dfxtp_1)
                                              2.744733   data arrival time

                                  0.000000    0.000000   clock wr_clk (rise edge)
                                  0.000000    0.000000   clock source latency
     1    0.023797    0.176583    0.121462    0.121462 ^ wr_clk (in)
                                                         wr_clk (net)
                      0.176607    0.000000    0.121462 ^ clkbuf_0_wr_clk/A (sky130_fd_sc_hd__clkbuf_16)
    16    0.102935    0.180447    0.367202    0.488664 ^ clkbuf_0_wr_clk/X (sky130_fd_sc_hd__clkbuf_16)
                                                         clknet_0_wr_clk (net)
                      0.180447    0.000807    0.489471 ^ clkbuf_4_10_0_wr_clk/A (sky130_fd_sc_hd__clkbuf_8)
    13    0.038401    0.125998    0.325442    0.814912 ^ clkbuf_4_10_0_wr_clk/X (sky130_fd_sc_hd__clkbuf_8)
                                                         clknet_4_10_0_wr_clk (net)
                      0.126001    0.000823    0.815736 ^ _724_/CLK (sky130_fd_sc_hd__dfxtp_1)
                                  0.250000    1.065736   clock uncertainty
                                  0.000000    1.065736   clock reconvergence pessimism
                                 -0.061568    1.004168   library hold time
                                              1.004168   data required time
---------------------------------------------------------------------------------------------
                                              1.004168   data required time
                                             -2.744733   data arrival time
---------------------------------------------------------------------------------------------
                                              1.740566   slack (MET)


Startpoint: _757_ (rising edge-triggered flip-flop clocked by wr_clk)
Endpoint: _680_ (rising edge-triggered flip-flop clocked by wr_clk)
Path Group: wr_clk
Path Type: min

Fanout         Cap        Slew       Delay        Time   Description
---------------------------------------------------------------------------------------------
                                  0.000000    0.000000   clock wr_clk (rise edge)
                                  0.000000    0.000000   clock source latency
     1    0.023797    0.176583    0.121462    0.121462 ^ wr_clk (in)
                                                         wr_clk (net)
                      0.176607    0.000000    0.121462 ^ clkbuf_0_wr_clk/A (sky130_fd_sc_hd__clkbuf_16)
    16    0.102935    0.180447    0.367202    0.488664 ^ clkbuf_0_wr_clk/X (sky130_fd_sc_hd__clkbuf_16)
                                                         clknet_0_wr_clk (net)
                      0.180450    0.001181    0.489845 ^ clkbuf_4_13_0_wr_clk/A (sky130_fd_sc_hd__clkbuf_8)
     8    0.039976    0.129768    0.328448    0.818293 ^ clkbuf_4_13_0_wr_clk/X (sky130_fd_sc_hd__clkbuf_8)
                                                         clknet_4_13_0_wr_clk (net)
                      0.129770    0.000720    0.819013 ^ _757_/CLK (sky130_fd_sc_hd__dfrtp_1)
     6    0.019452    0.282991    0.837759    1.656772 ^ _757_/Q (sky130_fd_sc_hd__dfrtp_1)
                                                         wr_bin[0] (net)
                      0.282991    0.000173    1.656945 ^ _483_/B (sky130_fd_sc_hd__or3b_4)
     4    0.042748    0.231046    0.441199    2.098145 ^ _483_/X (sky130_fd_sc_hd__or3b_4)
                                                         _284_ (net)
                      0.231046    0.000651    2.098796 ^ _533_/A (sky130_fd_sc_hd__nor2_4)
     8    0.064589    0.155427    0.229667    2.328463 v _533_/Y (sky130_fd_sc_hd__nor2_4)
                                                         _294_ (net)
                      0.155444    0.001356    2.329819 v _534_/S (sky130_fd_sc_hd__mux2_1)
     1    0.002355    0.067190    0.413281    2.743099 ^ _534_/X (sky130_fd_sc_hd__mux2_1)
                                                         _048_ (net)
                      0.067190    0.000024    2.743124 ^ _680_/D (sky130_fd_sc_hd__dfxtp_1)
                                              2.743124   data arrival time

                                  0.000000    0.000000   clock wr_clk (rise edge)
                                  0.000000    0.000000   clock source latency
     1    0.023797    0.176583    0.121462    0.121462 ^ wr_clk (in)
                                                         wr_clk (net)
                      0.176607    0.000000    0.121462 ^ clkbuf_0_wr_clk/A (sky130_fd_sc_hd__clkbuf_16)
    16    0.102935    0.180447    0.367202    0.488664 ^ clkbuf_0_wr_clk/X (sky130_fd_sc_hd__clkbuf_16)
                                                         clknet_0_wr_clk (net)
                      0.180474    0.002267    0.490931 ^ clkbuf_4_7_0_wr_clk/A (sky130_fd_sc_hd__clkbuf_8)
    11    0.037068    0.122796    0.323071    0.814001 ^ clkbuf_4_7_0_wr_clk/X (sky130_fd_sc_hd__clkbuf_8)
                                                         clknet_4_7_0_wr_clk (net)
                      0.122797    0.000596    0.814597 ^ _680_/CLK (sky130_fd_sc_hd__dfxtp_1)
                                  0.250000    1.064597   clock uncertainty
                                  0.000000    1.064597   clock reconvergence pessimism
                                 -0.062976    1.001621   library hold time
                                              1.001621   data required time
---------------------------------------------------------------------------------------------
                                              1.001621   data required time
                                             -2.743124   data arrival time
---------------------------------------------------------------------------------------------
                                              1.741503   slack (MET)


Startpoint: _758_ (rising edge-triggered flip-flop clocked by wr_clk)
Endpoint: _689_ (rising edge-triggered flip-flop clocked by wr_clk)
Path Group: wr_clk
Path Type: min

Fanout         Cap        Slew       Delay        Time   Description
---------------------------------------------------------------------------------------------
                                  0.000000    0.000000   clock wr_clk (rise edge)
                                  0.000000    0.000000   clock source latency
     1    0.023797    0.176583    0.121462    0.121462 ^ wr_clk (in)
                                                         wr_clk (net)
                      0.176607    0.000000    0.121462 ^ clkbuf_0_wr_clk/A (sky130_fd_sc_hd__clkbuf_16)
    16    0.102935    0.180447    0.367202    0.488664 ^ clkbuf_0_wr_clk/X (sky130_fd_sc_hd__clkbuf_16)
                                                         clknet_0_wr_clk (net)
                      0.180450    0.001181    0.489845 ^ clkbuf_4_13_0_wr_clk/A (sky130_fd_sc_hd__clkbuf_8)
     8    0.039976    0.129768    0.328448    0.818293 ^ clkbuf_4_13_0_wr_clk/X (sky130_fd_sc_hd__clkbuf_8)
                                                         clknet_4_13_0_wr_clk (net)
                      0.129770    0.000756    0.819049 ^ _758_/CLK (sky130_fd_sc_hd__dfrtp_1)
     5    0.017741    0.260891    0.821525    1.640574 ^ _758_/Q (sky130_fd_sc_hd__dfrtp_1)
                                                         wr_bin[1] (net)
                      0.260891    0.000127    1.640702 ^ _503_/A (sky130_fd_sc_hd__or3b_4)
     4    0.043956    0.236810    0.443660    2.084362 ^ _503_/X (sky130_fd_sc_hd__or3b_4)
                                                         _288_ (net)
                      0.236811    0.001068    2.085430 ^ _542_/A (sky130_fd_sc_hd__nor2_4)
     8    0.062955    0.153551    0.231300    2.316730 v _542_/Y (sky130_fd_sc_hd__nor2_4)
                                                         _295_ (net)
                      0.153643    0.001618    2.318348 v _544_/S (sky130_fd_sc_hd__mux2_1)
     1    0.002390    0.067582    0.412808    2.731156 ^ _544_/X (sky130_fd_sc_hd__mux2_1)
                                                         _057_ (net)
                      0.067582    0.000026    2.731182 ^ _689_/D (sky130_fd_sc_hd__dfxtp_1)
                                              2.731182   data arrival time

                                  0.000000    0.000000   clock wr_clk (rise edge)
                                  0.000000    0.000000   clock source latency
     1    0.023797    0.176583    0.121462    0.121462 ^ wr_clk (in)
                                                         wr_clk (net)
                      0.176607    0.000000    0.121462 ^ clkbuf_0_wr_clk/A (sky130_fd_sc_hd__clkbuf_16)
    16    0.102935    0.180447    0.367202    0.488664 ^ clkbuf_0_wr_clk/X (sky130_fd_sc_hd__clkbuf_16)
                                                         clknet_0_wr_clk (net)
                      0.180448    0.000930    0.489594 ^ clkbuf_4_8_0_wr_clk/A (sky130_fd_sc_hd__clkbuf_8)
     7    0.032370    0.111612    0.314391    0.803984 ^ clkbuf_4_8_0_wr_clk/X (sky130_fd_sc_hd__clkbuf_8)
                                                         clknet_4_8_0_wr_clk (net)
                      0.111613    0.000499    0.804483 ^ _689_/CLK (sky130_fd_sc_hd__dfxtp_1)
                                  0.250000    1.054483   clock uncertainty
                                  0.000000    1.054483   clock reconvergence pessimism
                                 -0.064844    0.989638   library hold time
                                              0.989638   data required time
---------------------------------------------------------------------------------------------
                                              0.989638   data required time
                                             -2.731182   data arrival time
---------------------------------------------------------------------------------------------
                                              1.741543   slack (MET)


Startpoint: _757_ (rising edge-triggered flip-flop clocked by wr_clk)
Endpoint: _682_ (rising edge-triggered flip-flop clocked by wr_clk)
Path Group: wr_clk
Path Type: min

Fanout         Cap        Slew       Delay        Time   Description
---------------------------------------------------------------------------------------------
                                  0.000000    0.000000   clock wr_clk (rise edge)
                                  0.000000    0.000000   clock source latency
     1    0.023797    0.176583    0.121462    0.121462 ^ wr_clk (in)
                                                         wr_clk (net)
                      0.176607    0.000000    0.121462 ^ clkbuf_0_wr_clk/A (sky130_fd_sc_hd__clkbuf_16)
    16    0.102935    0.180447    0.367202    0.488664 ^ clkbuf_0_wr_clk/X (sky130_fd_sc_hd__clkbuf_16)
                                                         clknet_0_wr_clk (net)
                      0.180450    0.001181    0.489845 ^ clkbuf_4_13_0_wr_clk/A (sky130_fd_sc_hd__clkbuf_8)
     8    0.039976    0.129768    0.328448    0.818293 ^ clkbuf_4_13_0_wr_clk/X (sky130_fd_sc_hd__clkbuf_8)
                                                         clknet_4_13_0_wr_clk (net)
                      0.129770    0.000720    0.819013 ^ _757_/CLK (sky130_fd_sc_hd__dfrtp_1)
     6    0.019452    0.282991    0.837759    1.656772 ^ _757_/Q (sky130_fd_sc_hd__dfrtp_1)
                                                         wr_bin[0] (net)
                      0.282991    0.000173    1.656945 ^ _483_/B (sky130_fd_sc_hd__or3b_4)
     4    0.042748    0.231046    0.441199    2.098145 ^ _483_/X (sky130_fd_sc_hd__or3b_4)
                                                         _284_ (net)
                      0.231046    0.000651    2.098796 ^ _533_/A (sky130_fd_sc_hd__nor2_4)
     8    0.064589    0.155427    0.229667    2.328463 v _533_/Y (sky130_fd_sc_hd__nor2_4)
                                                         _294_ (net)
                      0.155644    0.004722    2.333185 v _536_/S (sky130_fd_sc_hd__mux2_1)
     1    0.002489    0.068701    0.415059    2.748244 ^ _536_/X (sky130_fd_sc_hd__mux2_1)
                                                         _050_ (net)
                      0.068701    0.000028    2.748271 ^ _682_/D (sky130_fd_sc_hd__dfxtp_1)
                                              2.748271   data arrival time

                                  0.000000    0.000000   clock wr_clk (rise edge)
                                  0.000000    0.000000   clock source latency
     1    0.023797    0.176583    0.121462    0.121462 ^ wr_clk (in)
                                                         wr_clk (net)
                      0.176607    0.000000    0.121462 ^ clkbuf_0_wr_clk/A (sky130_fd_sc_hd__clkbuf_16)
    16    0.102935    0.180447    0.367202    0.488664 ^ clkbuf_0_wr_clk/X (sky130_fd_sc_hd__clkbuf_16)
                                                         clknet_0_wr_clk (net)
                      0.180479    0.002417    0.491081 ^ clkbuf_4_4_0_wr_clk/A (sky130_fd_sc_hd__clkbuf_8)
    13    0.039326    0.128224    0.327160    0.818241 ^ clkbuf_4_4_0_wr_clk/X (sky130_fd_sc_hd__clkbuf_8)
                                                         clknet_4_4_0_wr_clk (net)
                      0.128228    0.000910    0.819152 ^ _682_/CLK (sky130_fd_sc_hd__dfxtp_1)
                                  0.250000    1.069152   clock uncertainty
                                  0.000000    1.069152   clock reconvergence pessimism
                                 -0.062464    1.006688   library hold time
                                              1.006688   data required time
---------------------------------------------------------------------------------------------
                                              1.006688   data required time
                                             -2.748271   data arrival time
---------------------------------------------------------------------------------------------
                                              1.741584   slack (MET)


Startpoint: _720_ (rising edge-triggered flip-flop clocked by wr_clk)
Endpoint: _720_ (rising edge-triggered flip-flop clocked by wr_clk)
Path Group: wr_clk
Path Type: min

Fanout         Cap        Slew       Delay        Time   Description
---------------------------------------------------------------------------------------------
                                  0.000000    0.000000   clock wr_clk (rise edge)
                                  0.000000    0.000000   clock source latency
     1    0.023797    0.176583    0.121462    0.121462 ^ wr_clk (in)
                                                         wr_clk (net)
                      0.176607    0.000000    0.121462 ^ clkbuf_0_wr_clk/A (sky130_fd_sc_hd__clkbuf_16)
    16    0.102935    0.180447    0.367202    0.488664 ^ clkbuf_0_wr_clk/X (sky130_fd_sc_hd__clkbuf_16)
                                                         clknet_0_wr_clk (net)
                      0.180474    0.002243    0.490907 ^ clkbuf_4_6_0_wr_clk/A (sky130_fd_sc_hd__clkbuf_8)
     9    0.033041    0.113205    0.315612    0.806520 ^ clkbuf_4_6_0_wr_clk/X (sky130_fd_sc_hd__clkbuf_8)
                                                         clknet_4_6_0_wr_clk (net)
                      0.113205    0.000300    0.806820 ^ _720_/CLK (sky130_fd_sc_hd__dfxtp_1)
     2    0.004372    0.088925    0.662067    1.468887 ^ _720_/Q (sky130_fd_sc_hd__dfxtp_1)
                                                         mem[2][0] (net)
                      0.088925    0.000024    1.468911 ^ hold30/A (sky130_fd_sc_hd__dlygate4sd3_1)
     1    0.002524    0.088550    1.044443    2.513353 ^ hold30/X (sky130_fd_sc_hd__dlygate4sd3_1)
                                                         net106 (net)
                      0.088550    0.000026    2.513379 ^ _580_/A0 (sky130_fd_sc_hd__mux2_1)
     1    0.002076    0.063846    0.221822    2.735201 ^ _580_/X (sky130_fd_sc_hd__mux2_1)
                                                         _088_ (net)
                      0.063846    0.000019    2.735220 ^ _720_/D (sky130_fd_sc_hd__dfxtp_1)
                                              2.735220   data arrival time

                                  0.000000    0.000000   clock wr_clk (rise edge)
                                  0.000000    0.000000   clock source latency
     1    0.023797    0.176583    0.121462    0.121462 ^ wr_clk (in)
                                                         wr_clk (net)
                      0.176607    0.000000    0.121462 ^ clkbuf_0_wr_clk/A (sky130_fd_sc_hd__clkbuf_16)
    16    0.102935    0.180447    0.367202    0.488664 ^ clkbuf_0_wr_clk/X (sky130_fd_sc_hd__clkbuf_16)
                                                         clknet_0_wr_clk (net)
                      0.180474    0.002243    0.490907 ^ clkbuf_4_6_0_wr_clk/A (sky130_fd_sc_hd__clkbuf_8)
     9    0.033041    0.113205    0.315612    0.806520 ^ clkbuf_4_6_0_wr_clk/X (sky130_fd_sc_hd__clkbuf_8)
                                                         clknet_4_6_0_wr_clk (net)
                      0.113205    0.000300    0.806820 ^ _720_/CLK (sky130_fd_sc_hd__dfxtp_1)
                                  0.250000    1.056820   clock uncertainty
                                  0.000000    1.056820   clock reconvergence pessimism
                                 -0.063723    0.993097   library hold time
                                              0.993097   data required time
---------------------------------------------------------------------------------------------
                                              0.993097   data required time
                                             -2.735220   data arrival time
---------------------------------------------------------------------------------------------
                                              1.742123   slack (MET)


Startpoint: _757_ (rising edge-triggered flip-flop clocked by wr_clk)
Endpoint: _726_ (rising edge-triggered flip-flop clocked by wr_clk)
Path Group: wr_clk
Path Type: min

Fanout         Cap        Slew       Delay        Time   Description
---------------------------------------------------------------------------------------------
                                  0.000000    0.000000   clock wr_clk (rise edge)
                                  0.000000    0.000000   clock source latency
     1    0.023797    0.176583    0.121462    0.121462 ^ wr_clk (in)
                                                         wr_clk (net)
                      0.176607    0.000000    0.121462 ^ clkbuf_0_wr_clk/A (sky130_fd_sc_hd__clkbuf_16)
    16    0.102935    0.180447    0.367202    0.488664 ^ clkbuf_0_wr_clk/X (sky130_fd_sc_hd__clkbuf_16)
                                                         clknet_0_wr_clk (net)
                      0.180450    0.001181    0.489845 ^ clkbuf_4_13_0_wr_clk/A (sky130_fd_sc_hd__clkbuf_8)
     8    0.039976    0.129768    0.328448    0.818293 ^ clkbuf_4_13_0_wr_clk/X (sky130_fd_sc_hd__clkbuf_8)
                                                         clknet_4_13_0_wr_clk (net)
                      0.129770    0.000720    0.819013 ^ _757_/CLK (sky130_fd_sc_hd__dfrtp_1)
     6    0.019452    0.282991    0.837759    1.656772 ^ _757_/Q (sky130_fd_sc_hd__dfrtp_1)
                                                         wr_bin[0] (net)
                      0.282991    0.000173    1.656945 ^ _483_/B (sky130_fd_sc_hd__or3b_4)
     4    0.042748    0.231046    0.441199    2.098145 ^ _483_/X (sky130_fd_sc_hd__or3b_4)
                                                         _284_ (net)
                      0.231048    0.001128    2.099272 ^ _579_/A (sky130_fd_sc_hd__nor2_4)
     8    0.065381    0.158346    0.232568    2.331840 v _579_/Y (sky130_fd_sc_hd__nor2_4)
                                                         _300_ (net)
                      0.158419    0.000649    2.332489 v _586_/S (sky130_fd_sc_hd__mux2_1)
     1    0.002148    0.064553    0.412196    2.744686 ^ _586_/X (sky130_fd_sc_hd__mux2_1)
                                                         _094_ (net)
                      0.064553    0.000021    2.744707 ^ _726_/D (sky130_fd_sc_hd__dfxtp_1)
                                              2.744707   data arrival time

                                  0.000000    0.000000   clock wr_clk (rise edge)
                                  0.000000    0.000000   clock source latency
     1    0.023797    0.176583    0.121462    0.121462 ^ wr_clk (in)
                                                         wr_clk (net)
                      0.176607    0.000000    0.121462 ^ clkbuf_0_wr_clk/A (sky130_fd_sc_hd__clkbuf_16)
    16    0.102935    0.180447    0.367202    0.488664 ^ clkbuf_0_wr_clk/X (sky130_fd_sc_hd__clkbuf_16)
                                                         clknet_0_wr_clk (net)
                      0.180479    0.002398    0.491062 ^ clkbuf_4_5_0_wr_clk/A (sky130_fd_sc_hd__clkbuf_8)
    14    0.037173    0.123071    0.323131    0.814193 ^ clkbuf_4_5_0_wr_clk/X (sky130_fd_sc_hd__clkbuf_8)
                                                         clknet_4_5_0_wr_clk (net)
                      0.123071    0.000434    0.814627 ^ _726_/CLK (sky130_fd_sc_hd__dfxtp_1)
                                  0.250000    1.064627   clock uncertainty
                                  0.000000    1.064627   clock reconvergence pessimism
                                 -0.062319    1.002308   library hold time
                                              1.002308   data required time
---------------------------------------------------------------------------------------------
                                              1.002308   data required time
                                             -2.744707   data arrival time
---------------------------------------------------------------------------------------------
                                              1.742399   slack (MET)


Startpoint: _757_ (rising edge-triggered flip-flop clocked by wr_clk)
Endpoint: _681_ (rising edge-triggered flip-flop clocked by wr_clk)
Path Group: wr_clk
Path Type: min

Fanout         Cap        Slew       Delay        Time   Description
---------------------------------------------------------------------------------------------
                                  0.000000    0.000000   clock wr_clk (rise edge)
                                  0.000000    0.000000   clock source latency
     1    0.023797    0.176583    0.121462    0.121462 ^ wr_clk (in)
                                                         wr_clk (net)
                      0.176607    0.000000    0.121462 ^ clkbuf_0_wr_clk/A (sky130_fd_sc_hd__clkbuf_16)
    16    0.102935    0.180447    0.367202    0.488664 ^ clkbuf_0_wr_clk/X (sky130_fd_sc_hd__clkbuf_16)
                                                         clknet_0_wr_clk (net)
                      0.180450    0.001181    0.489845 ^ clkbuf_4_13_0_wr_clk/A (sky130_fd_sc_hd__clkbuf_8)
     8    0.039976    0.129768    0.328448    0.818293 ^ clkbuf_4_13_0_wr_clk/X (sky130_fd_sc_hd__clkbuf_8)
                                                         clknet_4_13_0_wr_clk (net)
                      0.129770    0.000720    0.819013 ^ _757_/CLK (sky130_fd_sc_hd__dfrtp_1)
     6    0.019452    0.282991    0.837759    1.656772 ^ _757_/Q (sky130_fd_sc_hd__dfrtp_1)
                                                         wr_bin[0] (net)
                      0.282991    0.000173    1.656945 ^ _483_/B (sky130_fd_sc_hd__or3b_4)
     4    0.042748    0.231046    0.441199    2.098145 ^ _483_/X (sky130_fd_sc_hd__or3b_4)
                                                         _284_ (net)
                      0.231046    0.000651    2.098796 ^ _533_/A (sky130_fd_sc_hd__nor2_4)
     8    0.064589    0.155427    0.229667    2.328463 v _533_/Y (sky130_fd_sc_hd__nor2_4)
                                                         _294_ (net)
                      0.155439    0.001157    2.329620 v _535_/S (sky130_fd_sc_hd__mux2_1)
     1    0.002055    0.063637    0.409525    2.739145 ^ _535_/X (sky130_fd_sc_hd__mux2_1)
                                                         _049_ (net)
                      0.063637    0.000020    2.739165 ^ _681_/D (sky130_fd_sc_hd__dfxtp_1)
                                              2.739165   data arrival time

                                  0.000000    0.000000   clock wr_clk (rise edge)
                                  0.000000    0.000000   clock source latency
     1    0.023797    0.176583    0.121462    0.121462 ^ wr_clk (in)
                                                         wr_clk (net)
                      0.176607    0.000000    0.121462 ^ clkbuf_0_wr_clk/A (sky130_fd_sc_hd__clkbuf_16)
    16    0.102935    0.180447    0.367202    0.488664 ^ clkbuf_0_wr_clk/X (sky130_fd_sc_hd__clkbuf_16)
                                                         clknet_0_wr_clk (net)
                      0.180447    0.000890    0.489554 ^ clkbuf_4_9_0_wr_clk/A (sky130_fd_sc_hd__clkbuf_8)
    10    0.035146    0.118197    0.319590    0.809144 ^ clkbuf_4_9_0_wr_clk/X (sky130_fd_sc_hd__clkbuf_8)
                                                         clknet_4_9_0_wr_clk (net)
                      0.118197    0.000482    0.809626 ^ _681_/CLK (sky130_fd_sc_hd__dfxtp_1)
                                  0.250000    1.059626   clock uncertainty
                                  0.000000    1.059626   clock reconvergence pessimism
                                 -0.062881    0.996745   library hold time
                                              0.996745   data required time
---------------------------------------------------------------------------------------------
                                              0.996745   data required time
                                             -2.739165   data arrival time
---------------------------------------------------------------------------------------------
                                              1.742420   slack (MET)


Startpoint: _722_ (rising edge-triggered flip-flop clocked by wr_clk)
Endpoint: _722_ (rising edge-triggered flip-flop clocked by wr_clk)
Path Group: wr_clk
Path Type: min

Fanout         Cap        Slew       Delay        Time   Description
---------------------------------------------------------------------------------------------
                                  0.000000    0.000000   clock wr_clk (rise edge)
                                  0.000000    0.000000   clock source latency
     1    0.023797    0.176583    0.121462    0.121462 ^ wr_clk (in)
                                                         wr_clk (net)
                      0.176607    0.000000    0.121462 ^ clkbuf_0_wr_clk/A (sky130_fd_sc_hd__clkbuf_16)
    16    0.102935    0.180447    0.367202    0.488664 ^ clkbuf_0_wr_clk/X (sky130_fd_sc_hd__clkbuf_16)
                                                         clknet_0_wr_clk (net)
                      0.180474    0.002243    0.490907 ^ clkbuf_4_6_0_wr_clk/A (sky130_fd_sc_hd__clkbuf_8)
     9    0.033041    0.113205    0.315612    0.806520 ^ clkbuf_4_6_0_wr_clk/X (sky130_fd_sc_hd__clkbuf_8)
                                                         clknet_4_6_0_wr_clk (net)
                      0.113206    0.000611    0.807131 ^ _722_/CLK (sky130_fd_sc_hd__dfxtp_1)
     2    0.004715    0.093462    0.665749    1.472880 ^ _722_/Q (sky130_fd_sc_hd__dfxtp_1)
                                                         mem[2][2] (net)
                      0.093462    0.000042    1.472921 ^ hold17/A (sky130_fd_sc_hd__dlygate4sd3_1)
     1    0.002431    0.087535    1.044805    2.517727 ^ hold17/X (sky130_fd_sc_hd__dlygate4sd3_1)
                                                         net93 (net)
                      0.087535    0.000026    2.517752 ^ _582_/A0 (sky130_fd_sc_hd__mux2_1)
     1    0.001964    0.062759    0.219870    2.737622 ^ _582_/X (sky130_fd_sc_hd__mux2_1)
                                                         _090_ (net)
                      0.062759    0.000018    2.737640 ^ _722_/D (sky130_fd_sc_hd__dfxtp_1)
                                              2.737640   data arrival time

                                  0.000000    0.000000   clock wr_clk (rise edge)
                                  0.000000    0.000000   clock source latency
     1    0.023797    0.176583    0.121462    0.121462 ^ wr_clk (in)
                                                         wr_clk (net)
                      0.176607    0.000000    0.121462 ^ clkbuf_0_wr_clk/A (sky130_fd_sc_hd__clkbuf_16)
    16    0.102935    0.180447    0.367202    0.488664 ^ clkbuf_0_wr_clk/X (sky130_fd_sc_hd__clkbuf_16)
                                                         clknet_0_wr_clk (net)
                      0.180474    0.002243    0.490907 ^ clkbuf_4_6_0_wr_clk/A (sky130_fd_sc_hd__clkbuf_8)
     9    0.033041    0.113205    0.315612    0.806520 ^ clkbuf_4_6_0_wr_clk/X (sky130_fd_sc_hd__clkbuf_8)
                                                         clknet_4_6_0_wr_clk (net)
                      0.113206    0.000611    0.807131 ^ _722_/CLK (sky130_fd_sc_hd__dfxtp_1)
                                  0.250000    1.057131   clock uncertainty
                                  0.000000    1.057131   clock reconvergence pessimism
                                 -0.063470    0.993661   library hold time
                                              0.993661   data required time
---------------------------------------------------------------------------------------------
                                              0.993661   data required time
                                             -2.737640   data arrival time
---------------------------------------------------------------------------------------------
                                              1.743979   slack (MET)


Startpoint: _757_ (rising edge-triggered flip-flop clocked by wr_clk)
Endpoint: _684_ (rising edge-triggered flip-flop clocked by wr_clk)
Path Group: wr_clk
Path Type: min

Fanout         Cap        Slew       Delay        Time   Description
---------------------------------------------------------------------------------------------
                                  0.000000    0.000000   clock wr_clk (rise edge)
                                  0.000000    0.000000   clock source latency
     1    0.023797    0.176583    0.121462    0.121462 ^ wr_clk (in)
                                                         wr_clk (net)
                      0.176607    0.000000    0.121462 ^ clkbuf_0_wr_clk/A (sky130_fd_sc_hd__clkbuf_16)
    16    0.102935    0.180447    0.367202    0.488664 ^ clkbuf_0_wr_clk/X (sky130_fd_sc_hd__clkbuf_16)
                                                         clknet_0_wr_clk (net)
                      0.180450    0.001181    0.489845 ^ clkbuf_4_13_0_wr_clk/A (sky130_fd_sc_hd__clkbuf_8)
     8    0.039976    0.129768    0.328448    0.818293 ^ clkbuf_4_13_0_wr_clk/X (sky130_fd_sc_hd__clkbuf_8)
                                                         clknet_4_13_0_wr_clk (net)
                      0.129770    0.000720    0.819013 ^ _757_/CLK (sky130_fd_sc_hd__dfrtp_1)
     6    0.019452    0.282991    0.837759    1.656772 ^ _757_/Q (sky130_fd_sc_hd__dfrtp_1)
                                                         wr_bin[0] (net)
                      0.282991    0.000173    1.656945 ^ _483_/B (sky130_fd_sc_hd__or3b_4)
     4    0.042748    0.231046    0.441199    2.098145 ^ _483_/X (sky130_fd_sc_hd__or3b_4)
                                                         _284_ (net)
                      0.231046    0.000651    2.098796 ^ _533_/A (sky130_fd_sc_hd__nor2_4)
     8    0.064589    0.155427    0.229667    2.328463 v _533_/Y (sky130_fd_sc_hd__nor2_4)
                                                         _294_ (net)
                      0.155891    0.006823    2.335286 v _538_/S (sky130_fd_sc_hd__mux2_1)
     1    0.002283    0.066376    0.412602    2.747888 ^ _538_/X (sky130_fd_sc_hd__mux2_1)
                                                         _052_ (net)
                      0.066376    0.000022    2.747911 ^ _684_/D (sky130_fd_sc_hd__dfxtp_1)
                                              2.747911   data arrival time

                                  0.000000    0.000000   clock wr_clk (rise edge)
                                  0.000000    0.000000   clock source latency
     1    0.023797    0.176583    0.121462    0.121462 ^ wr_clk (in)
                                                         wr_clk (net)
                      0.176607    0.000000    0.121462 ^ clkbuf_0_wr_clk/A (sky130_fd_sc_hd__clkbuf_16)
    16    0.102935    0.180447    0.367202    0.488664 ^ clkbuf_0_wr_clk/X (sky130_fd_sc_hd__clkbuf_16)
                                                         clknet_0_wr_clk (net)
                      0.180447    0.000807    0.489471 ^ clkbuf_4_10_0_wr_clk/A (sky130_fd_sc_hd__clkbuf_8)
    13    0.038401    0.125998    0.325442    0.814912 ^ clkbuf_4_10_0_wr_clk/X (sky130_fd_sc_hd__clkbuf_8)
                                                         clknet_4_10_0_wr_clk (net)
                      0.126003    0.000979    0.815891 ^ _684_/CLK (sky130_fd_sc_hd__dfxtp_1)
                                  0.250000    1.065891   clock uncertainty
                                  0.000000    1.065891   clock reconvergence pessimism
                                 -0.062277    1.003614   library hold time
                                              1.003614   data required time
---------------------------------------------------------------------------------------------
                                              1.003614   data required time
                                             -2.747911   data arrival time
---------------------------------------------------------------------------------------------
                                              1.744297   slack (MET)


Startpoint: _757_ (rising edge-triggered flip-flop clocked by wr_clk)
Endpoint: _685_ (rising edge-triggered flip-flop clocked by wr_clk)
Path Group: wr_clk
Path Type: min

Fanout         Cap        Slew       Delay        Time   Description
---------------------------------------------------------------------------------------------
                                  0.000000    0.000000   clock wr_clk (rise edge)
                                  0.000000    0.000000   clock source latency
     1    0.023797    0.176583    0.121462    0.121462 ^ wr_clk (in)
                                                         wr_clk (net)
                      0.176607    0.000000    0.121462 ^ clkbuf_0_wr_clk/A (sky130_fd_sc_hd__clkbuf_16)
    16    0.102935    0.180447    0.367202    0.488664 ^ clkbuf_0_wr_clk/X (sky130_fd_sc_hd__clkbuf_16)
                                                         clknet_0_wr_clk (net)
                      0.180450    0.001181    0.489845 ^ clkbuf_4_13_0_wr_clk/A (sky130_fd_sc_hd__clkbuf_8)
     8    0.039976    0.129768    0.328448    0.818293 ^ clkbuf_4_13_0_wr_clk/X (sky130_fd_sc_hd__clkbuf_8)
                                                         clknet_4_13_0_wr_clk (net)
                      0.129770    0.000720    0.819013 ^ _757_/CLK (sky130_fd_sc_hd__dfrtp_1)
     6    0.019452    0.282991    0.837759    1.656772 ^ _757_/Q (sky130_fd_sc_hd__dfrtp_1)
                                                         wr_bin[0] (net)
                      0.282991    0.000173    1.656945 ^ _483_/B (sky130_fd_sc_hd__or3b_4)
     4    0.042748    0.231046    0.441199    2.098145 ^ _483_/X (sky130_fd_sc_hd__or3b_4)
                                                         _284_ (net)
                      0.231046    0.000651    2.098796 ^ _533_/A (sky130_fd_sc_hd__nor2_4)
     8    0.064589    0.155427    0.229667    2.328463 v _533_/Y (sky130_fd_sc_hd__nor2_4)
                                                         _294_ (net)
                      0.155824    0.006324    2.334787 v _539_/S (sky130_fd_sc_hd__mux2_1)
     1    0.002343    0.067048    0.413315    2.748102 ^ _539_/X (sky130_fd_sc_hd__mux2_1)
                                                         _053_ (net)
                      0.067048    0.000024    2.748126 ^ _685_/D (sky130_fd_sc_hd__dfxtp_1)
                                              2.748126   data arrival time

                                  0.000000    0.000000   clock wr_clk (rise edge)
                                  0.000000    0.000000   clock source latency
     1    0.023797    0.176583    0.121462    0.121462 ^ wr_clk (in)
                                                         wr_clk (net)
                      0.176607    0.000000    0.121462 ^ clkbuf_0_wr_clk/A (sky130_fd_sc_hd__clkbuf_16)
    16    0.102935    0.180447    0.367202    0.488664 ^ clkbuf_0_wr_clk/X (sky130_fd_sc_hd__clkbuf_16)
                                                         clknet_0_wr_clk (net)
                      0.180477    0.002344    0.491008 ^ clkbuf_4_0_0_wr_clk/A (sky130_fd_sc_hd__clkbuf_8)
    14    0.037818    0.124461    0.324214    0.815222 ^ clkbuf_4_0_0_wr_clk/X (sky130_fd_sc_hd__clkbuf_8)
                                                         clknet_4_0_0_wr_clk (net)
                      0.124472    0.001253    0.816475 ^ _685_/CLK (sky130_fd_sc_hd__dfxtp_1)
                                  0.250000    1.066475   clock uncertainty
                                  0.000000    1.066475   clock reconvergence pessimism
                                 -0.062677    1.003798   library hold time
                                              1.003798   data required time
---------------------------------------------------------------------------------------------
                                              1.003798   data required time
                                             -2.748126   data arrival time
---------------------------------------------------------------------------------------------
                                              1.744328   slack (MET)


Startpoint: _733_ (rising edge-triggered flip-flop clocked by wr_clk)
Endpoint: _733_ (rising edge-triggered flip-flop clocked by wr_clk)
Path Group: wr_clk
Path Type: min

Fanout         Cap        Slew       Delay        Time   Description
---------------------------------------------------------------------------------------------
                                  0.000000    0.000000   clock wr_clk (rise edge)
                                  0.000000    0.000000   clock source latency
     1    0.023797    0.176583    0.121462    0.121462 ^ wr_clk (in)
                                                         wr_clk (net)
                      0.176607    0.000000    0.121462 ^ clkbuf_0_wr_clk/A (sky130_fd_sc_hd__clkbuf_16)
    16    0.102935    0.180447    0.367202    0.488664 ^ clkbuf_0_wr_clk/X (sky130_fd_sc_hd__clkbuf_16)
                                                         clknet_0_wr_clk (net)
                      0.180477    0.002344    0.491008 ^ clkbuf_4_0_0_wr_clk/A (sky130_fd_sc_hd__clkbuf_8)
    14    0.037818    0.124461    0.324214    0.815222 ^ clkbuf_4_0_0_wr_clk/X (sky130_fd_sc_hd__clkbuf_8)
                                                         clknet_4_0_0_wr_clk (net)
                      0.124473    0.001287    0.816509 ^ _733_/CLK (sky130_fd_sc_hd__dfxtp_1)
     2    0.003992    0.087274    0.662826    1.479334 ^ _733_/Q (sky130_fd_sc_hd__dfxtp_1)
                                                         mem[3][5] (net)
                      0.087274    0.000020    1.479355 ^ hold94/A (sky130_fd_sc_hd__dlygate4sd3_1)
     1    0.002633    0.089769    1.045468    2.524822 ^ hold94/X (sky130_fd_sc_hd__dlygate4sd3_1)
                                                         net170 (net)
                      0.089769    0.000027    2.524849 ^ _594_/A1 (sky130_fd_sc_hd__mux2_1)
     1    0.001844    0.061489    0.225125    2.749974 ^ _594_/X (sky130_fd_sc_hd__mux2_1)
                                                         _101_ (net)
                      0.061489    0.000016    2.749990 ^ _733_/D (sky130_fd_sc_hd__dfxtp_1)
                                              2.749990   data arrival time

                                  0.000000    0.000000   clock wr_clk (rise edge)
                                  0.000000    0.000000   clock source latency
     1    0.023797    0.176583    0.121462    0.121462 ^ wr_clk (in)
                                                         wr_clk (net)
                      0.176607    0.000000    0.121462 ^ clkbuf_0_wr_clk/A (sky130_fd_sc_hd__clkbuf_16)
    16    0.102935    0.180447    0.367202    0.488664 ^ clkbuf_0_wr_clk/X (sky130_fd_sc_hd__clkbuf_16)
                                                         clknet_0_wr_clk (net)
                      0.180477    0.002344    0.491008 ^ clkbuf_4_0_0_wr_clk/A (sky130_fd_sc_hd__clkbuf_8)
    14    0.037818    0.124461    0.324214    0.815222 ^ clkbuf_4_0_0_wr_clk/X (sky130_fd_sc_hd__clkbuf_8)
                                                         clknet_4_0_0_wr_clk (net)
                      0.124473    0.001287    0.816509 ^ _733_/CLK (sky130_fd_sc_hd__dfxtp_1)
                                  0.250000    1.066509   clock uncertainty
                                  0.000000    1.066509   clock reconvergence pessimism
                                 -0.061384    1.005124   library hold time
                                              1.005124   data required time
---------------------------------------------------------------------------------------------
                                              1.005124   data required time
                                             -2.749990   data arrival time
---------------------------------------------------------------------------------------------
                                              1.744865   slack (MET)


Startpoint: _757_ (rising edge-triggered flip-flop clocked by wr_clk)
Endpoint: _725_ (rising edge-triggered flip-flop clocked by wr_clk)
Path Group: wr_clk
Path Type: min

Fanout         Cap        Slew       Delay        Time   Description
---------------------------------------------------------------------------------------------
                                  0.000000    0.000000   clock wr_clk (rise edge)
                                  0.000000    0.000000   clock source latency
     1    0.023797    0.176583    0.121462    0.121462 ^ wr_clk (in)
                                                         wr_clk (net)
                      0.176607    0.000000    0.121462 ^ clkbuf_0_wr_clk/A (sky130_fd_sc_hd__clkbuf_16)
    16    0.102935    0.180447    0.367202    0.488664 ^ clkbuf_0_wr_clk/X (sky130_fd_sc_hd__clkbuf_16)
                                                         clknet_0_wr_clk (net)
                      0.180450    0.001181    0.489845 ^ clkbuf_4_13_0_wr_clk/A (sky130_fd_sc_hd__clkbuf_8)
     8    0.039976    0.129768    0.328448    0.818293 ^ clkbuf_4_13_0_wr_clk/X (sky130_fd_sc_hd__clkbuf_8)
                                                         clknet_4_13_0_wr_clk (net)
                      0.129770    0.000720    0.819013 ^ _757_/CLK (sky130_fd_sc_hd__dfrtp_1)
     6    0.019452    0.282991    0.837759    1.656772 ^ _757_/Q (sky130_fd_sc_hd__dfrtp_1)
                                                         wr_bin[0] (net)
                      0.282991    0.000173    1.656945 ^ _483_/B (sky130_fd_sc_hd__or3b_4)
     4    0.042748    0.231046    0.441199    2.098145 ^ _483_/X (sky130_fd_sc_hd__or3b_4)
                                                         _284_ (net)
                      0.231048    0.001128    2.099272 ^ _579_/A (sky130_fd_sc_hd__nor2_4)
     8    0.065381    0.158346    0.232568    2.331840 v _579_/Y (sky130_fd_sc_hd__nor2_4)
                                                         _300_ (net)
                      0.158489    0.002773    2.334614 v _585_/S (sky130_fd_sc_hd__mux2_1)
     1    0.002271    0.068215    0.413778    2.748392 ^ _585_/X (sky130_fd_sc_hd__mux2_1)
                                                         _093_ (net)
                      0.068215    0.000016    2.748407 ^ _725_/D (sky130_fd_sc_hd__dfxtp_1)
                                              2.748407   data arrival time

                                  0.000000    0.000000   clock wr_clk (rise edge)
                                  0.000000    0.000000   clock source latency
     1    0.023797    0.176583    0.121462    0.121462 ^ wr_clk (in)
                                                         wr_clk (net)
                      0.176607    0.000000    0.121462 ^ clkbuf_0_wr_clk/A (sky130_fd_sc_hd__clkbuf_16)
    16    0.102935    0.180447    0.367202    0.488664 ^ clkbuf_0_wr_clk/X (sky130_fd_sc_hd__clkbuf_16)
                                                         clknet_0_wr_clk (net)
                      0.180477    0.002344    0.491008 ^ clkbuf_4_0_0_wr_clk/A (sky130_fd_sc_hd__clkbuf_8)
    14    0.037818    0.124461    0.324214    0.815222 ^ clkbuf_4_0_0_wr_clk/X (sky130_fd_sc_hd__clkbuf_8)
                                                         clknet_4_0_0_wr_clk (net)
                      0.124471    0.001212    0.816434 ^ _725_/CLK (sky130_fd_sc_hd__dfxtp_1)
                                  0.250000    1.066434   clock uncertainty
                                  0.000000    1.066434   clock reconvergence pessimism
                                 -0.062948    1.003486   library hold time
                                              1.003486   data required time
---------------------------------------------------------------------------------------------
                                              1.003486   data required time
                                             -2.748407   data arrival time
---------------------------------------------------------------------------------------------
                                              1.744922   slack (MET)


Startpoint: _705_ (rising edge-triggered flip-flop clocked by wr_clk)
Endpoint: _705_ (rising edge-triggered flip-flop clocked by wr_clk)
Path Group: wr_clk
Path Type: min

Fanout         Cap        Slew       Delay        Time   Description
---------------------------------------------------------------------------------------------
                                  0.000000    0.000000   clock wr_clk (rise edge)
                                  0.000000    0.000000   clock source latency
     1    0.023797    0.176583    0.121462    0.121462 ^ wr_clk (in)
                                                         wr_clk (net)
                      0.176607    0.000000    0.121462 ^ clkbuf_0_wr_clk/A (sky130_fd_sc_hd__clkbuf_16)
    16    0.102935    0.180447    0.367202    0.488664 ^ clkbuf_0_wr_clk/X (sky130_fd_sc_hd__clkbuf_16)
                                                         clknet_0_wr_clk (net)
                      0.180448    0.000930    0.489594 ^ clkbuf_4_8_0_wr_clk/A (sky130_fd_sc_hd__clkbuf_8)
     7    0.032370    0.111612    0.314391    0.803984 ^ clkbuf_4_8_0_wr_clk/X (sky130_fd_sc_hd__clkbuf_8)
                                                         clknet_4_8_0_wr_clk (net)
                      0.111612    0.000311    0.804295 ^ _705_/CLK (sky130_fd_sc_hd__dfxtp_1)
     2    0.004513    0.090764    0.662877    1.467172 ^ _705_/Q (sky130_fd_sc_hd__dfxtp_1)
                                                         mem[7][1] (net)
                      0.090764    0.000029    1.467200 ^ hold66/A (sky130_fd_sc_hd__dlygate4sd3_1)
     1    0.002678    0.090276    1.047529    2.514729 ^ hold66/X (sky130_fd_sc_hd__dlygate4sd3_1)
                                                         net142 (net)
                      0.090276    0.000029    2.514759 ^ _563_/A1 (sky130_fd_sc_hd__mux2_1)
     1    0.001869    0.061773    0.225674    2.740433 ^ _563_/X (sky130_fd_sc_hd__mux2_1)
                                                         _073_ (net)
                      0.061773    0.000016    2.740449 ^ _705_/D (sky130_fd_sc_hd__dfxtp_1)
                                              2.740449   data arrival time

                                  0.000000    0.000000   clock wr_clk (rise edge)
                                  0.000000    0.000000   clock source latency
     1    0.023797    0.176583    0.121462    0.121462 ^ wr_clk (in)
                                                         wr_clk (net)
                      0.176607    0.000000    0.121462 ^ clkbuf_0_wr_clk/A (sky130_fd_sc_hd__clkbuf_16)
    16    0.102935    0.180447    0.367202    0.488664 ^ clkbuf_0_wr_clk/X (sky130_fd_sc_hd__clkbuf_16)
                                                         clknet_0_wr_clk (net)
                      0.180448    0.000930    0.489594 ^ clkbuf_4_8_0_wr_clk/A (sky130_fd_sc_hd__clkbuf_8)
     7    0.032370    0.111612    0.314391    0.803984 ^ clkbuf_4_8_0_wr_clk/X (sky130_fd_sc_hd__clkbuf_8)
                                                         clknet_4_8_0_wr_clk (net)
                      0.111612    0.000311    0.804295 ^ _705_/CLK (sky130_fd_sc_hd__dfxtp_1)
                                  0.250000    1.054295   clock uncertainty
                                  0.000000    1.054295   clock reconvergence pessimism
                                 -0.063494    0.990801   library hold time
                                              0.990801   data required time
---------------------------------------------------------------------------------------------
                                              0.990801   data required time
                                             -2.740449   data arrival time
---------------------------------------------------------------------------------------------
                                              1.749648   slack (MET)


Startpoint: _799_ (rising edge-triggered flip-flop clocked by wr_clk)
Endpoint: _799_ (rising edge-triggered flip-flop clocked by wr_clk)
Path Group: wr_clk
Path Type: min

Fanout         Cap        Slew       Delay        Time   Description
---------------------------------------------------------------------------------------------
                                  0.000000    0.000000   clock wr_clk (rise edge)
                                  0.000000    0.000000   clock source latency
     1    0.023797    0.176583    0.121462    0.121462 ^ wr_clk (in)
                                                         wr_clk (net)
                      0.176607    0.000000    0.121462 ^ clkbuf_0_wr_clk/A (sky130_fd_sc_hd__clkbuf_16)
    16    0.102935    0.180447    0.367202    0.488664 ^ clkbuf_0_wr_clk/X (sky130_fd_sc_hd__clkbuf_16)
                                                         clknet_0_wr_clk (net)
                      0.180477    0.002344    0.491008 ^ clkbuf_4_0_0_wr_clk/A (sky130_fd_sc_hd__clkbuf_8)
    14    0.037818    0.124461    0.324214    0.815222 ^ clkbuf_4_0_0_wr_clk/X (sky130_fd_sc_hd__clkbuf_8)
                                                         clknet_4_0_0_wr_clk (net)
                      0.124461    0.000372    0.815594 ^ _799_/CLK (sky130_fd_sc_hd__dfxtp_1)
     2    0.004775    0.094255    0.671636    1.487231 ^ _799_/Q (sky130_fd_sc_hd__dfxtp_1)
                                                         mem[15][5] (net)
                      0.094255    0.000049    1.487280 ^ hold109/A (sky130_fd_sc_hd__dlygate4sd3_1)
     1    0.002093    0.085913    1.039948    2.527228 ^ hold109/X (sky130_fd_sc_hd__dlygate4sd3_1)
                                                         net185 (net)
                      0.085913    0.000017    2.527245 ^ _620_/A1 (sky130_fd_sc_hd__mux2_1)
     1    0.002079    0.063895    0.226687    2.753932 ^ _620_/X (sky130_fd_sc_hd__mux2_1)
                                                         _125_ (net)
                      0.063895    0.000020    2.753952 ^ _799_/D (sky130_fd_sc_hd__dfxtp_1)
                                              2.753952   data arrival time

                                  0.000000    0.000000   clock wr_clk (rise edge)
                                  0.000000    0.000000   clock source latency
     1    0.023797    0.176583    0.121462    0.121462 ^ wr_clk (in)
                                                         wr_clk (net)
                      0.176607    0.000000    0.121462 ^ clkbuf_0_wr_clk/A (sky130_fd_sc_hd__clkbuf_16)
    16    0.102935    0.180447    0.367202    0.488664 ^ clkbuf_0_wr_clk/X (sky130_fd_sc_hd__clkbuf_16)
                                                         clknet_0_wr_clk (net)
                      0.180477    0.002344    0.491008 ^ clkbuf_4_0_0_wr_clk/A (sky130_fd_sc_hd__clkbuf_8)
    14    0.037818    0.124461    0.324214    0.815222 ^ clkbuf_4_0_0_wr_clk/X (sky130_fd_sc_hd__clkbuf_8)
                                                         clknet_4_0_0_wr_clk (net)
                      0.124461    0.000372    0.815594 ^ _799_/CLK (sky130_fd_sc_hd__dfxtp_1)
                                  0.250000    1.065594   clock uncertainty
                                  0.000000    1.065594   clock reconvergence pessimism
                                 -0.061945    1.003649   library hold time
                                              1.003649   data required time
---------------------------------------------------------------------------------------------
                                              1.003649   data required time
                                             -2.753952   data arrival time
---------------------------------------------------------------------------------------------
                                              1.750303   slack (MET)


Startpoint: _795_ (rising edge-triggered flip-flop clocked by wr_clk)
Endpoint: _795_ (rising edge-triggered flip-flop clocked by wr_clk)
Path Group: wr_clk
Path Type: min

Fanout         Cap        Slew       Delay        Time   Description
---------------------------------------------------------------------------------------------
                                  0.000000    0.000000   clock wr_clk (rise edge)
                                  0.000000    0.000000   clock source latency
     1    0.023797    0.176583    0.121462    0.121462 ^ wr_clk (in)
                                                         wr_clk (net)
                      0.176607    0.000000    0.121462 ^ clkbuf_0_wr_clk/A (sky130_fd_sc_hd__clkbuf_16)
    16    0.102935    0.180447    0.367202    0.488664 ^ clkbuf_0_wr_clk/X (sky130_fd_sc_hd__clkbuf_16)
                                                         clknet_0_wr_clk (net)
                      0.180449    0.001095    0.489758 ^ clkbuf_4_12_0_wr_clk/A (sky130_fd_sc_hd__clkbuf_8)
     8    0.034474    0.116594    0.318401    0.808160 ^ clkbuf_4_12_0_wr_clk/X (sky130_fd_sc_hd__clkbuf_8)
                                                         clknet_4_12_0_wr_clk (net)
                      0.116594    0.000248    0.808408 ^ _795_/CLK (sky130_fd_sc_hd__dfxtp_1)
     2    0.004924    0.096259    0.669531    1.477938 ^ _795_/Q (sky130_fd_sc_hd__dfxtp_1)
                                                         mem[15][1] (net)
                      0.096259    0.000035    1.477974 ^ hold100/A (sky130_fd_sc_hd__dlygate4sd3_1)
     1    0.002271    0.088407    1.043479    2.521452 ^ hold100/X (sky130_fd_sc_hd__dlygate4sd3_1)
                                                         net176 (net)
                      0.088407    0.000010    2.521462 ^ _616_/A1 (sky130_fd_sc_hd__mux2_1)
     1    0.001854    0.061568    0.224682    2.746145 ^ _616_/X (sky130_fd_sc_hd__mux2_1)
                                                         _121_ (net)
                      0.061568    0.000016    2.746161 ^ _795_/D (sky130_fd_sc_hd__dfxtp_1)
                                              2.746161   data arrival time

                                  0.000000    0.000000   clock wr_clk (rise edge)
                                  0.000000    0.000000   clock source latency
     1    0.023797    0.176583    0.121462    0.121462 ^ wr_clk (in)
                                                         wr_clk (net)
                      0.176607    0.000000    0.121462 ^ clkbuf_0_wr_clk/A (sky130_fd_sc_hd__clkbuf_16)
    16    0.102935    0.180447    0.367202    0.488664 ^ clkbuf_0_wr_clk/X (sky130_fd_sc_hd__clkbuf_16)
                                                         clknet_0_wr_clk (net)
                      0.180449    0.001095    0.489758 ^ clkbuf_4_12_0_wr_clk/A (sky130_fd_sc_hd__clkbuf_8)
     8    0.034474    0.116594    0.318401    0.808160 ^ clkbuf_4_12_0_wr_clk/X (sky130_fd_sc_hd__clkbuf_8)
                                                         clknet_4_12_0_wr_clk (net)
                      0.116594    0.000248    0.808408 ^ _795_/CLK (sky130_fd_sc_hd__dfxtp_1)
                                  0.250000    1.058408   clock uncertainty
                                  0.000000    1.058408   clock reconvergence pessimism
                                 -0.062655    0.995753   library hold time
                                              0.995753   data required time
---------------------------------------------------------------------------------------------
                                              0.995753   data required time
                                             -2.746161   data arrival time
---------------------------------------------------------------------------------------------
                                              1.750408   slack (MET)


Startpoint: _706_ (rising edge-triggered flip-flop clocked by wr_clk)
Endpoint: _706_ (rising edge-triggered flip-flop clocked by wr_clk)
Path Group: wr_clk
Path Type: min

Fanout         Cap        Slew       Delay        Time   Description
---------------------------------------------------------------------------------------------
                                  0.000000    0.000000   clock wr_clk (rise edge)
                                  0.000000    0.000000   clock source latency
     1    0.023797    0.176583    0.121462    0.121462 ^ wr_clk (in)
                                                         wr_clk (net)
                      0.176607    0.000000    0.121462 ^ clkbuf_0_wr_clk/A (sky130_fd_sc_hd__clkbuf_16)
    16    0.102935    0.180447    0.367202    0.488664 ^ clkbuf_0_wr_clk/X (sky130_fd_sc_hd__clkbuf_16)
                                                         clknet_0_wr_clk (net)
                      0.180479    0.002417    0.491081 ^ clkbuf_4_4_0_wr_clk/A (sky130_fd_sc_hd__clkbuf_8)
    13    0.039326    0.128224    0.327160    0.818241 ^ clkbuf_4_4_0_wr_clk/X (sky130_fd_sc_hd__clkbuf_8)
                                                         clknet_4_4_0_wr_clk (net)
                      0.128225    0.000686    0.818927 ^ _706_/CLK (sky130_fd_sc_hd__dfxtp_1)
     2    0.005218    0.100215    0.678063    1.496990 ^ _706_/Q (sky130_fd_sc_hd__dfxtp_1)
                                                         mem[7][2] (net)
                      0.100215    0.000039    1.497029 ^ hold113/A (sky130_fd_sc_hd__dlygate4sd3_1)
     1    0.002098    0.085990    1.042383    2.539412 ^ hold113/X (sky130_fd_sc_hd__dlygate4sd3_1)
                                                         net189 (net)
                      0.085990    0.000017    2.539429 ^ _564_/A1 (sky130_fd_sc_hd__mux2_1)
     1    0.002065    0.063791    0.226530    2.765960 ^ _564_/X (sky130_fd_sc_hd__mux2_1)
                                                         _074_ (net)
                      0.063791    0.000020    2.765979 ^ _706_/D (sky130_fd_sc_hd__dfxtp_1)
                                              2.765979   data arrival time

                                  0.000000    0.000000   clock wr_clk (rise edge)
                                  0.000000    0.000000   clock source latency
     1    0.023797    0.176583    0.121462    0.121462 ^ wr_clk (in)
                                                         wr_clk (net)
                      0.176607    0.000000    0.121462 ^ clkbuf_0_wr_clk/A (sky130_fd_sc_hd__clkbuf_16)
    16    0.102935    0.180447    0.367202    0.488664 ^ clkbuf_0_wr_clk/X (sky130_fd_sc_hd__clkbuf_16)
                                                         clknet_0_wr_clk (net)
                      0.180479    0.002417    0.491081 ^ clkbuf_4_4_0_wr_clk/A (sky130_fd_sc_hd__clkbuf_8)
    13    0.039326    0.128224    0.327160    0.818241 ^ clkbuf_4_4_0_wr_clk/X (sky130_fd_sc_hd__clkbuf_8)
                                                         clknet_4_4_0_wr_clk (net)
                      0.128225    0.000686    0.818927 ^ _706_/CLK (sky130_fd_sc_hd__dfxtp_1)
                                  0.250000    1.068927   clock uncertainty
                                  0.000000    1.068927   clock reconvergence pessimism
                                 -0.061323    1.007604   library hold time
                                              1.007604   data required time
---------------------------------------------------------------------------------------------
                                              1.007604   data required time
                                             -2.765979   data arrival time
---------------------------------------------------------------------------------------------
                                              1.758376   slack (MET)


Startpoint: _731_ (rising edge-triggered flip-flop clocked by wr_clk)
Endpoint: _731_ (rising edge-triggered flip-flop clocked by wr_clk)
Path Group: wr_clk
Path Type: min

Fanout         Cap        Slew       Delay        Time   Description
---------------------------------------------------------------------------------------------
                                  0.000000    0.000000   clock wr_clk (rise edge)
                                  0.000000    0.000000   clock source latency
     1    0.023797    0.176583    0.121462    0.121462 ^ wr_clk (in)
                                                         wr_clk (net)
                      0.176607    0.000000    0.121462 ^ clkbuf_0_wr_clk/A (sky130_fd_sc_hd__clkbuf_16)
    16    0.102935    0.180447    0.367202    0.488664 ^ clkbuf_0_wr_clk/X (sky130_fd_sc_hd__clkbuf_16)
                                                         clknet_0_wr_clk (net)
                      0.180470    0.002139    0.490803 ^ clkbuf_4_2_0_wr_clk/A (sky130_fd_sc_hd__clkbuf_8)
    13    0.037228    0.123056    0.323144    0.813947 ^ clkbuf_4_2_0_wr_clk/X (sky130_fd_sc_hd__clkbuf_8)
                                                         clknet_4_2_0_wr_clk (net)
                      0.123063    0.001078    0.815025 ^ _731_/CLK (sky130_fd_sc_hd__dfxtp_1)
     2    0.005049    0.097941    0.673878    1.488902 ^ _731_/Q (sky130_fd_sc_hd__dfxtp_1)
                                                         mem[3][3] (net)
                      0.097941    0.000036    1.488939 ^ hold110/A (sky130_fd_sc_hd__dlygate4sd3_1)
     1    0.002237    0.087920    1.043607    2.532545 ^ hold110/X (sky130_fd_sc_hd__dlygate4sd3_1)
                                                         net186 (net)
                      0.087920    0.000019    2.532564 ^ _592_/A1 (sky130_fd_sc_hd__mux2_1)
     1    0.002203    0.065147    0.229205    2.761769 ^ _592_/X (sky130_fd_sc_hd__mux2_1)
                                                         _099_ (net)
                      0.065147    0.000022    2.761791 ^ _731_/D (sky130_fd_sc_hd__dfxtp_1)
                                              2.761791   data arrival time

                                  0.000000    0.000000   clock wr_clk (rise edge)
                                  0.000000    0.000000   clock source latency
     1    0.023797    0.176583    0.121462    0.121462 ^ wr_clk (in)
                                                         wr_clk (net)
                      0.176607    0.000000    0.121462 ^ clkbuf_0_wr_clk/A (sky130_fd_sc_hd__clkbuf_16)
    16    0.102935    0.180447    0.367202    0.488664 ^ clkbuf_0_wr_clk/X (sky130_fd_sc_hd__clkbuf_16)
                                                         clknet_0_wr_clk (net)
                      0.180470    0.002139    0.490803 ^ clkbuf_4_2_0_wr_clk/A (sky130_fd_sc_hd__clkbuf_8)
    13    0.037228    0.123056    0.323144    0.813947 ^ clkbuf_4_2_0_wr_clk/X (sky130_fd_sc_hd__clkbuf_8)
                                                         clknet_4_2_0_wr_clk (net)
                      0.123063    0.001078    0.815025 ^ _731_/CLK (sky130_fd_sc_hd__dfxtp_1)
                                  0.250000    1.065025   clock uncertainty
                                  0.000000    1.065025   clock reconvergence pessimism
                                 -0.062459    1.002566   library hold time
                                              1.002566   data required time
---------------------------------------------------------------------------------------------
                                              1.002566   data required time
                                             -2.761791   data arrival time
---------------------------------------------------------------------------------------------
                                              1.759225   slack (MET)


Startpoint: _708_ (rising edge-triggered flip-flop clocked by wr_clk)
Endpoint: _708_ (rising edge-triggered flip-flop clocked by wr_clk)
Path Group: wr_clk
Path Type: min

Fanout         Cap        Slew       Delay        Time   Description
---------------------------------------------------------------------------------------------
                                  0.000000    0.000000   clock wr_clk (rise edge)
                                  0.000000    0.000000   clock source latency
     1    0.023797    0.176583    0.121462    0.121462 ^ wr_clk (in)
                                                         wr_clk (net)
                      0.176607    0.000000    0.121462 ^ clkbuf_0_wr_clk/A (sky130_fd_sc_hd__clkbuf_16)
    16    0.102935    0.180447    0.367202    0.488664 ^ clkbuf_0_wr_clk/X (sky130_fd_sc_hd__clkbuf_16)
                                                         clknet_0_wr_clk (net)
                      0.180447    0.000807    0.489471 ^ clkbuf_4_10_0_wr_clk/A (sky130_fd_sc_hd__clkbuf_8)
    13    0.038401    0.125998    0.325442    0.814912 ^ clkbuf_4_10_0_wr_clk/X (sky130_fd_sc_hd__clkbuf_8)
                                                         clknet_4_10_0_wr_clk (net)
                      0.125998    0.000217    0.815129 ^ _708_/CLK (sky130_fd_sc_hd__dfxtp_1)
     2    0.004186    0.086569    0.665837    1.480966 ^ _708_/Q (sky130_fd_sc_hd__dfxtp_1)
                                                         mem[7][4] (net)
                      0.086569    0.000021    1.480987 ^ hold129/A (sky130_fd_sc_hd__dlygate4sd3_1)
     1    0.002849    0.092248    1.048490    2.529477 ^ hold129/X (sky130_fd_sc_hd__dlygate4sd3_1)
                                                         net205 (net)
                      0.092248    0.000033    2.529510 ^ _566_/A1 (sky130_fd_sc_hd__mux2_1)
     1    0.002341    0.067066    0.232875    2.762384 ^ _566_/X (sky130_fd_sc_hd__mux2_1)
                                                         _076_ (net)
                      0.067066    0.000026    2.762410 ^ _708_/D (sky130_fd_sc_hd__dfxtp_1)
                                              2.762410   data arrival time

                                  0.000000    0.000000   clock wr_clk (rise edge)
                                  0.000000    0.000000   clock source latency
     1    0.023797    0.176583    0.121462    0.121462 ^ wr_clk (in)
                                                         wr_clk (net)
                      0.176607    0.000000    0.121462 ^ clkbuf_0_wr_clk/A (sky130_fd_sc_hd__clkbuf_16)
    16    0.102935    0.180447    0.367202    0.488664 ^ clkbuf_0_wr_clk/X (sky130_fd_sc_hd__clkbuf_16)
                                                         clknet_0_wr_clk (net)
                      0.180447    0.000807    0.489471 ^ clkbuf_4_10_0_wr_clk/A (sky130_fd_sc_hd__clkbuf_8)
    13    0.038401    0.125998    0.325442    0.814912 ^ clkbuf_4_10_0_wr_clk/X (sky130_fd_sc_hd__clkbuf_8)
                                                         clknet_4_10_0_wr_clk (net)
                      0.125998    0.000217    0.815129 ^ _708_/CLK (sky130_fd_sc_hd__dfxtp_1)
                                  0.250000    1.065129   clock uncertainty
                                  0.000000    1.065129   clock reconvergence pessimism
                                 -0.062438    1.002690   library hold time
                                              1.002690   data required time
---------------------------------------------------------------------------------------------
                                              1.002690   data required time
                                             -2.762410   data arrival time
---------------------------------------------------------------------------------------------
                                              1.759719   slack (MET)


Startpoint: _798_ (rising edge-triggered flip-flop clocked by wr_clk)
Endpoint: _798_ (rising edge-triggered flip-flop clocked by wr_clk)
Path Group: wr_clk
Path Type: min

Fanout         Cap        Slew       Delay        Time   Description
---------------------------------------------------------------------------------------------
                                  0.000000    0.000000   clock wr_clk (rise edge)
                                  0.000000    0.000000   clock source latency
     1    0.023797    0.176583    0.121462    0.121462 ^ wr_clk (in)
                                                         wr_clk (net)
                      0.176607    0.000000    0.121462 ^ clkbuf_0_wr_clk/A (sky130_fd_sc_hd__clkbuf_16)
    16    0.102935    0.180447    0.367202    0.488664 ^ clkbuf_0_wr_clk/X (sky130_fd_sc_hd__clkbuf_16)
                                                         clknet_0_wr_clk (net)
                      0.180447    0.000836    0.489500 ^ clkbuf_4_11_0_wr_clk/A (sky130_fd_sc_hd__clkbuf_8)
     8    0.036273    0.120887    0.321675    0.811175 ^ clkbuf_4_11_0_wr_clk/X (sky130_fd_sc_hd__clkbuf_8)
                                                         clknet_4_11_0_wr_clk (net)
                      0.120887    0.000257    0.811432 ^ _798_/CLK (sky130_fd_sc_hd__dfxtp_1)
     2    0.005192    0.103564    0.674381    1.485812 ^ _798_/Q (sky130_fd_sc_hd__dfxtp_1)
                                                         mem[15][4] (net)
                      0.103564    0.000028    1.485840 ^ hold101/A (sky130_fd_sc_hd__dlygate4sd3_1)
     1    0.002280    0.088531    1.046496    2.532336 ^ hold101/X (sky130_fd_sc_hd__dlygate4sd3_1)
                                                         net177 (net)
                      0.088531    0.000010    2.532346 ^ _619_/A1 (sky130_fd_sc_hd__mux2_1)
     1    0.001992    0.063052    0.226611    2.758957 ^ _619_/X (sky130_fd_sc_hd__mux2_1)
                                                         _124_ (net)
                      0.063052    0.000018    2.758975 ^ _798_/D (sky130_fd_sc_hd__dfxtp_1)
                                              2.758975   data arrival time

                                  0.000000    0.000000   clock wr_clk (rise edge)
                                  0.000000    0.000000   clock source latency
     1    0.023797    0.176583    0.121462    0.121462 ^ wr_clk (in)
                                                         wr_clk (net)
                      0.176607    0.000000    0.121462 ^ clkbuf_0_wr_clk/A (sky130_fd_sc_hd__clkbuf_16)
    16    0.102935    0.180447    0.367202    0.488664 ^ clkbuf_0_wr_clk/X (sky130_fd_sc_hd__clkbuf_16)
                                                         clknet_0_wr_clk (net)
                      0.180447    0.000836    0.489500 ^ clkbuf_4_11_0_wr_clk/A (sky130_fd_sc_hd__clkbuf_8)
     8    0.036273    0.120887    0.321675    0.811175 ^ clkbuf_4_11_0_wr_clk/X (sky130_fd_sc_hd__clkbuf_8)
                                                         clknet_4_11_0_wr_clk (net)
                      0.120887    0.000257    0.811432 ^ _798_/CLK (sky130_fd_sc_hd__dfxtp_1)
                                  0.250000    1.061432   clock uncertainty
                                  0.000000    1.061432   clock reconvergence pessimism
                                 -0.062317    0.999114   library hold time
                                              0.999114   data required time
---------------------------------------------------------------------------------------------
                                              0.999114   data required time
                                             -2.758975   data arrival time
---------------------------------------------------------------------------------------------
                                              1.759861   slack (MET)


Startpoint: _735_ (rising edge-triggered flip-flop clocked by wr_clk)
Endpoint: _735_ (rising edge-triggered flip-flop clocked by wr_clk)
Path Group: wr_clk
Path Type: min

Fanout         Cap        Slew       Delay        Time   Description
---------------------------------------------------------------------------------------------
                                  0.000000    0.000000   clock wr_clk (rise edge)
                                  0.000000    0.000000   clock source latency
     1    0.023797    0.176583    0.121462    0.121462 ^ wr_clk (in)
                                                         wr_clk (net)
                      0.176607    0.000000    0.121462 ^ clkbuf_0_wr_clk/A (sky130_fd_sc_hd__clkbuf_16)
    16    0.102935    0.180447    0.367202    0.488664 ^ clkbuf_0_wr_clk/X (sky130_fd_sc_hd__clkbuf_16)
                                                         clknet_0_wr_clk (net)
                      0.180478    0.002379    0.491043 ^ clkbuf_4_1_0_wr_clk/A (sky130_fd_sc_hd__clkbuf_8)
    14    0.037443    0.123691    0.323795    0.814838 ^ clkbuf_4_1_0_wr_clk/X (sky130_fd_sc_hd__clkbuf_8)
                                                         clknet_4_1_0_wr_clk (net)
                      0.123691    0.000216    0.815054 ^ _735_/CLK (sky130_fd_sc_hd__dfxtp_1)
     2    0.004690    0.093123    0.670385    1.485440 ^ _735_/Q (sky130_fd_sc_hd__dfxtp_1)
                                                         mem[3][7] (net)
                      0.093123    0.000050    1.485489 ^ hold111/A (sky130_fd_sc_hd__dlygate4sd3_1)
     1    0.002304    0.088866    1.042746    2.528235 ^ hold111/X (sky130_fd_sc_hd__dlygate4sd3_1)
                                                         net187 (net)
                      0.088866    0.000021    2.528256 ^ _596_/A1 (sky130_fd_sc_hd__mux2_1)
     1    0.002505    0.068911    0.233675    2.761931 ^ _596_/X (sky130_fd_sc_hd__mux2_1)
                                                         _103_ (net)
                      0.068911    0.000027    2.761958 ^ _735_/D (sky130_fd_sc_hd__dfxtp_1)
                                              2.761958   data arrival time

                                  0.000000    0.000000   clock wr_clk (rise edge)
                                  0.000000    0.000000   clock source latency
     1    0.023797    0.176583    0.121462    0.121462 ^ wr_clk (in)
                                                         wr_clk (net)
                      0.176607    0.000000    0.121462 ^ clkbuf_0_wr_clk/A (sky130_fd_sc_hd__clkbuf_16)
    16    0.102935    0.180447    0.367202    0.488664 ^ clkbuf_0_wr_clk/X (sky130_fd_sc_hd__clkbuf_16)
                                                         clknet_0_wr_clk (net)
                      0.180478    0.002379    0.491043 ^ clkbuf_4_1_0_wr_clk/A (sky130_fd_sc_hd__clkbuf_8)
    14    0.037443    0.123691    0.323795    0.814838 ^ clkbuf_4_1_0_wr_clk/X (sky130_fd_sc_hd__clkbuf_8)
                                                         clknet_4_1_0_wr_clk (net)
                      0.123691    0.000216    0.815054 ^ _735_/CLK (sky130_fd_sc_hd__dfxtp_1)
                                  0.250000    1.065054   clock uncertainty
                                  0.000000    1.065054   clock reconvergence pessimism
                                 -0.063234    1.001820   library hold time
                                              1.001820   data required time
---------------------------------------------------------------------------------------------
                                              1.001820   data required time
                                             -2.761958   data arrival time
---------------------------------------------------------------------------------------------
                                              1.760138   slack (MET)


Startpoint: _757_ (rising edge-triggered flip-flop clocked by wr_clk)
Endpoint: _721_ (rising edge-triggered flip-flop clocked by wr_clk)
Path Group: wr_clk
Path Type: min

Fanout         Cap        Slew       Delay        Time   Description
---------------------------------------------------------------------------------------------
                                  0.000000    0.000000   clock wr_clk (rise edge)
                                  0.000000    0.000000   clock source latency
     1    0.023797    0.176583    0.121462    0.121462 ^ wr_clk (in)
                                                         wr_clk (net)
                      0.176607    0.000000    0.121462 ^ clkbuf_0_wr_clk/A (sky130_fd_sc_hd__clkbuf_16)
    16    0.102935    0.180447    0.367202    0.488664 ^ clkbuf_0_wr_clk/X (sky130_fd_sc_hd__clkbuf_16)
                                                         clknet_0_wr_clk (net)
                      0.180450    0.001181    0.489845 ^ clkbuf_4_13_0_wr_clk/A (sky130_fd_sc_hd__clkbuf_8)
     8    0.039976    0.129768    0.328448    0.818293 ^ clkbuf_4_13_0_wr_clk/X (sky130_fd_sc_hd__clkbuf_8)
                                                         clknet_4_13_0_wr_clk (net)
                      0.129770    0.000720    0.819013 ^ _757_/CLK (sky130_fd_sc_hd__dfrtp_1)
     6    0.019452    0.282991    0.837759    1.656772 ^ _757_/Q (sky130_fd_sc_hd__dfrtp_1)
                                                         wr_bin[0] (net)
                      0.282991    0.000173    1.656945 ^ _483_/B (sky130_fd_sc_hd__or3b_4)
     4    0.042748    0.231046    0.441199    2.098145 ^ _483_/X (sky130_fd_sc_hd__or3b_4)
                                                         _284_ (net)
                      0.231048    0.001128    2.099272 ^ _579_/A (sky130_fd_sc_hd__nor2_4)
     8    0.065381    0.158346    0.232568    2.331840 v _579_/Y (sky130_fd_sc_hd__nor2_4)
                                                         _300_ (net)
                      0.158434    0.001406    2.333246 v _581_/S (sky130_fd_sc_hd__mux2_1)
     1    0.002569    0.071942    0.417477    2.750723 ^ _581_/X (sky130_fd_sc_hd__mux2_1)
                                                         _089_ (net)
                      0.071942    0.000019    2.750742 ^ _721_/D (sky130_fd_sc_hd__dfxtp_1)
                                              2.750742   data arrival time

                                  0.000000    0.000000   clock wr_clk (rise edge)
                                  0.000000    0.000000   clock source latency
     1    0.023797    0.176583    0.121462    0.121462 ^ wr_clk (in)
                                                         wr_clk (net)
                      0.176607    0.000000    0.121462 ^ clkbuf_0_wr_clk/A (sky130_fd_sc_hd__clkbuf_16)
    16    0.102935    0.180447    0.367202    0.488664 ^ clkbuf_0_wr_clk/X (sky130_fd_sc_hd__clkbuf_16)
                                                         clknet_0_wr_clk (net)
                      0.180448    0.000930    0.489594 ^ clkbuf_4_8_0_wr_clk/A (sky130_fd_sc_hd__clkbuf_8)
     7    0.032370    0.111612    0.314391    0.803984 ^ clkbuf_4_8_0_wr_clk/X (sky130_fd_sc_hd__clkbuf_8)
                                                         clknet_4_8_0_wr_clk (net)
                      0.111613    0.000493    0.804478 ^ _721_/CLK (sky130_fd_sc_hd__dfxtp_1)
                                  0.250000    1.054478   clock uncertainty
                                  0.000000    1.054478   clock reconvergence pessimism
                                 -0.065858    0.988620   library hold time
                                              0.988620   data required time
---------------------------------------------------------------------------------------------
                                              0.988620   data required time
                                             -2.750742   data arrival time
---------------------------------------------------------------------------------------------
                                              1.762123   slack (MET)


Startpoint: _797_ (rising edge-triggered flip-flop clocked by wr_clk)
Endpoint: _797_ (rising edge-triggered flip-flop clocked by wr_clk)
Path Group: wr_clk
Path Type: min

Fanout         Cap        Slew       Delay        Time   Description
---------------------------------------------------------------------------------------------
                                  0.000000    0.000000   clock wr_clk (rise edge)
                                  0.000000    0.000000   clock source latency
     1    0.023797    0.176583    0.121462    0.121462 ^ wr_clk (in)
                                                         wr_clk (net)
                      0.176607    0.000000    0.121462 ^ clkbuf_0_wr_clk/A (sky130_fd_sc_hd__clkbuf_16)
    16    0.102935    0.180447    0.367202    0.488664 ^ clkbuf_0_wr_clk/X (sky130_fd_sc_hd__clkbuf_16)
                                                         clknet_0_wr_clk (net)
                      0.180470    0.002109    0.490773 ^ clkbuf_4_3_0_wr_clk/A (sky130_fd_sc_hd__clkbuf_8)
     9    0.033181    0.113527    0.315975    0.806748 ^ clkbuf_4_3_0_wr_clk/X (sky130_fd_sc_hd__clkbuf_8)
                                                         clknet_4_3_0_wr_clk (net)
                      0.113527    0.000292    0.807040 ^ _797_/CLK (sky130_fd_sc_hd__dfxtp_1)
     2    0.004892    0.095841    0.667762    1.474802 ^ _797_/Q (sky130_fd_sc_hd__dfxtp_1)
                                                         mem[15][3] (net)
                      0.095841    0.000057    1.474859 ^ hold75/A (sky130_fd_sc_hd__dlygate4sd3_1)
     1    0.002285    0.088594    1.043519    2.518378 ^ hold75/X (sky130_fd_sc_hd__dlygate4sd3_1)
                                                         net151 (net)
                      0.088594    0.000020    2.518398 ^ _618_/A1 (sky130_fd_sc_hd__mux2_1)
     1    0.002680    0.070865    0.235929    2.754327 ^ _618_/X (sky130_fd_sc_hd__mux2_1)
                                                         _123_ (net)
                      0.070865    0.000031    2.754358 ^ _797_/D (sky130_fd_sc_hd__dfxtp_1)
                                              2.754358   data arrival time

                                  0.000000    0.000000   clock wr_clk (rise edge)
                                  0.000000    0.000000   clock source latency
     1    0.023797    0.176583    0.121462    0.121462 ^ wr_clk (in)
                                                         wr_clk (net)
                      0.176607    0.000000    0.121462 ^ clkbuf_0_wr_clk/A (sky130_fd_sc_hd__clkbuf_16)
    16    0.102935    0.180447    0.367202    0.488664 ^ clkbuf_0_wr_clk/X (sky130_fd_sc_hd__clkbuf_16)
                                                         clknet_0_wr_clk (net)
                      0.180470    0.002109    0.490773 ^ clkbuf_4_3_0_wr_clk/A (sky130_fd_sc_hd__clkbuf_8)
     9    0.033181    0.113527    0.315975    0.806748 ^ clkbuf_4_3_0_wr_clk/X (sky130_fd_sc_hd__clkbuf_8)
                                                         clknet_4_3_0_wr_clk (net)
                      0.113527    0.000292    0.807040 ^ _797_/CLK (sky130_fd_sc_hd__dfxtp_1)
                                  0.250000    1.057040   clock uncertainty
                                  0.000000    1.057040   clock reconvergence pessimism
                                 -0.065303    0.991737   library hold time
                                              0.991737   data required time
---------------------------------------------------------------------------------------------
                                              0.991737   data required time
                                             -2.754358   data arrival time
---------------------------------------------------------------------------------------------
                                              1.762621   slack (MET)


Startpoint: _794_ (rising edge-triggered flip-flop clocked by wr_clk)
Endpoint: _794_ (rising edge-triggered flip-flop clocked by wr_clk)
Path Group: wr_clk
Path Type: min

Fanout         Cap        Slew       Delay        Time   Description
---------------------------------------------------------------------------------------------
                                  0.000000    0.000000   clock wr_clk (rise edge)
                                  0.000000    0.000000   clock source latency
     1    0.023797    0.176583    0.121462    0.121462 ^ wr_clk (in)
                                                         wr_clk (net)
                      0.176607    0.000000    0.121462 ^ clkbuf_0_wr_clk/A (sky130_fd_sc_hd__clkbuf_16)
    16    0.102935    0.180447    0.367202    0.488664 ^ clkbuf_0_wr_clk/X (sky130_fd_sc_hd__clkbuf_16)
                                                         clknet_0_wr_clk (net)
                      0.180474    0.002267    0.490931 ^ clkbuf_4_7_0_wr_clk/A (sky130_fd_sc_hd__clkbuf_8)
    11    0.037068    0.122796    0.323071    0.814001 ^ clkbuf_4_7_0_wr_clk/X (sky130_fd_sc_hd__clkbuf_8)
                                                         clknet_4_7_0_wr_clk (net)
                      0.122798    0.000706    0.814707 ^ _794_/CLK (sky130_fd_sc_hd__dfxtp_1)
     2    0.004743    0.093833    0.670527    1.485234 ^ _794_/Q (sky130_fd_sc_hd__dfxtp_1)
                                                         mem[15][0] (net)
                      0.093833    0.000051    1.485286 ^ hold122/A (sky130_fd_sc_hd__dlygate4sd3_1)
     1    0.002392    0.090084    1.044364    2.529649 ^ hold122/X (sky130_fd_sc_hd__dlygate4sd3_1)
                                                         net198 (net)
                      0.090084    0.000021    2.529670 ^ _615_/A1 (sky130_fd_sc_hd__mux2_1)
     1    0.002591    0.069858    0.235347    2.765018 ^ _615_/X (sky130_fd_sc_hd__mux2_1)
                                                         _120_ (net)
                      0.069858    0.000031    2.765048 ^ _794_/D (sky130_fd_sc_hd__dfxtp_1)
                                              2.765048   data arrival time

                                  0.000000    0.000000   clock wr_clk (rise edge)
                                  0.000000    0.000000   clock source latency
     1    0.023797    0.176583    0.121462    0.121462 ^ wr_clk (in)
                                                         wr_clk (net)
                      0.176607    0.000000    0.121462 ^ clkbuf_0_wr_clk/A (sky130_fd_sc_hd__clkbuf_16)
    16    0.102935    0.180447    0.367202    0.488664 ^ clkbuf_0_wr_clk/X (sky130_fd_sc_hd__clkbuf_16)
                                                         clknet_0_wr_clk (net)
                      0.180474    0.002267    0.490931 ^ clkbuf_4_7_0_wr_clk/A (sky130_fd_sc_hd__clkbuf_8)
    11    0.037068    0.122796    0.323071    0.814001 ^ clkbuf_4_7_0_wr_clk/X (sky130_fd_sc_hd__clkbuf_8)
                                                         clknet_4_7_0_wr_clk (net)
                      0.122798    0.000706    0.814707 ^ _794_/CLK (sky130_fd_sc_hd__dfxtp_1)
                                  0.250000    1.064707   clock uncertainty
                                  0.000000    1.064707   clock reconvergence pessimism
                                 -0.063596    1.001111   library hold time
                                              1.001111   data required time
---------------------------------------------------------------------------------------------
                                              1.001111   data required time
                                             -2.765048   data arrival time
---------------------------------------------------------------------------------------------
                                              1.763937   slack (MET)


Startpoint: _707_ (rising edge-triggered flip-flop clocked by wr_clk)
Endpoint: _707_ (rising edge-triggered flip-flop clocked by wr_clk)
Path Group: wr_clk
Path Type: min

Fanout         Cap        Slew       Delay        Time   Description
---------------------------------------------------------------------------------------------
                                  0.000000    0.000000   clock wr_clk (rise edge)
                                  0.000000    0.000000   clock source latency
     1    0.023797    0.176583    0.121462    0.121462 ^ wr_clk (in)
                                                         wr_clk (net)
                      0.176607    0.000000    0.121462 ^ clkbuf_0_wr_clk/A (sky130_fd_sc_hd__clkbuf_16)
    16    0.102935    0.180447    0.367202    0.488664 ^ clkbuf_0_wr_clk/X (sky130_fd_sc_hd__clkbuf_16)
                                                         clknet_0_wr_clk (net)
                      0.180470    0.002109    0.490773 ^ clkbuf_4_3_0_wr_clk/A (sky130_fd_sc_hd__clkbuf_8)
     9    0.033181    0.113527    0.315975    0.806748 ^ clkbuf_4_3_0_wr_clk/X (sky130_fd_sc_hd__clkbuf_8)
                                                         clknet_4_3_0_wr_clk (net)
                      0.113527    0.000180    0.806928 ^ _707_/CLK (sky130_fd_sc_hd__dfxtp_1)
     2    0.005283    0.101099    0.671883    1.478811 ^ _707_/Q (sky130_fd_sc_hd__dfxtp_1)
                                                         mem[7][3] (net)
                      0.101099    0.000031    1.478842 ^ hold82/A (sky130_fd_sc_hd__dlygate4sd3_1)
     1    0.002668    0.090165    1.051458    2.530300 ^ hold82/X (sky130_fd_sc_hd__dlygate4sd3_1)
                                                         net158 (net)
                      0.090165    0.000027    2.530326 ^ _565_/A1 (sky130_fd_sc_hd__mux2_1)
     1    0.002233    0.065444    0.230550    2.760877 ^ _565_/X (sky130_fd_sc_hd__mux2_1)
                                                         _075_ (net)
                      0.065444    0.000022    2.760898 ^ _707_/D (sky130_fd_sc_hd__dfxtp_1)
                                              2.760898   data arrival time

                                  0.000000    0.000000   clock wr_clk (rise edge)
                                  0.000000    0.000000   clock source latency
     1    0.023797    0.176583    0.121462    0.121462 ^ wr_clk (in)
                                                         wr_clk (net)
                      0.176607    0.000000    0.121462 ^ clkbuf_0_wr_clk/A (sky130_fd_sc_hd__clkbuf_16)
    16    0.102935    0.180447    0.367202    0.488664 ^ clkbuf_0_wr_clk/X (sky130_fd_sc_hd__clkbuf_16)
                                                         clknet_0_wr_clk (net)
                      0.180470    0.002109    0.490773 ^ clkbuf_4_3_0_wr_clk/A (sky130_fd_sc_hd__clkbuf_8)
     9    0.033181    0.113527    0.315975    0.806748 ^ clkbuf_4_3_0_wr_clk/X (sky130_fd_sc_hd__clkbuf_8)
                                                         clknet_4_3_0_wr_clk (net)
                      0.113527    0.000180    0.806928 ^ _707_/CLK (sky130_fd_sc_hd__dfxtp_1)
                                  0.250000    1.056928   clock uncertainty
                                  0.000000    1.056928   clock reconvergence pessimism
                                 -0.064043    0.992885   library hold time
                                              0.992885   data required time
---------------------------------------------------------------------------------------------
                                              0.992885   data required time
                                             -2.760898   data arrival time
---------------------------------------------------------------------------------------------
                                              1.768013   slack (MET)


Startpoint: _711_ (rising edge-triggered flip-flop clocked by wr_clk)
Endpoint: _711_ (rising edge-triggered flip-flop clocked by wr_clk)
Path Group: wr_clk
Path Type: min

Fanout         Cap        Slew       Delay        Time   Description
---------------------------------------------------------------------------------------------
                                  0.000000    0.000000   clock wr_clk (rise edge)
                                  0.000000    0.000000   clock source latency
     1    0.023797    0.176583    0.121462    0.121462 ^ wr_clk (in)
                                                         wr_clk (net)
                      0.176607    0.000000    0.121462 ^ clkbuf_0_wr_clk/A (sky130_fd_sc_hd__clkbuf_16)
    16    0.102935    0.180447    0.367202    0.488664 ^ clkbuf_0_wr_clk/X (sky130_fd_sc_hd__clkbuf_16)
                                                         clknet_0_wr_clk (net)
                      0.180478    0.002379    0.491043 ^ clkbuf_4_1_0_wr_clk/A (sky130_fd_sc_hd__clkbuf_8)
    14    0.037443    0.123691    0.323795    0.814838 ^ clkbuf_4_1_0_wr_clk/X (sky130_fd_sc_hd__clkbuf_8)
                                                         clknet_4_1_0_wr_clk (net)
                      0.123691    0.000590    0.815428 ^ _711_/CLK (sky130_fd_sc_hd__dfxtp_1)
     2    0.005887    0.109272    0.682985    1.498413 ^ _711_/Q (sky130_fd_sc_hd__dfxtp_1)
                                                         mem[7][7] (net)
                      0.109272    0.000047    1.498460 ^ hold126/A (sky130_fd_sc_hd__dlygate4sd3_1)
     1    0.002126    0.086378    1.046382    2.544842 ^ hold126/X (sky130_fd_sc_hd__dlygate4sd3_1)
                                                         net202 (net)
                      0.086378    0.000018    2.544860 ^ _569_/A1 (sky130_fd_sc_hd__mux2_1)
     1    0.002172    0.064838    0.228137    2.772997 ^ _569_/X (sky130_fd_sc_hd__mux2_1)
                                                         _079_ (net)
                      0.064838    0.000022    2.773019 ^ _711_/D (sky130_fd_sc_hd__dfxtp_1)
                                              2.773019   data arrival time

                                  0.000000    0.000000   clock wr_clk (rise edge)
                                  0.000000    0.000000   clock source latency
     1    0.023797    0.176583    0.121462    0.121462 ^ wr_clk (in)
                                                         wr_clk (net)
                      0.176607    0.000000    0.121462 ^ clkbuf_0_wr_clk/A (sky130_fd_sc_hd__clkbuf_16)
    16    0.102935    0.180447    0.367202    0.488664 ^ clkbuf_0_wr_clk/X (sky130_fd_sc_hd__clkbuf_16)
                                                         clknet_0_wr_clk (net)
                      0.180478    0.002379    0.491043 ^ clkbuf_4_1_0_wr_clk/A (sky130_fd_sc_hd__clkbuf_8)
    14    0.037443    0.123691    0.323795    0.814838 ^ clkbuf_4_1_0_wr_clk/X (sky130_fd_sc_hd__clkbuf_8)
                                                         clknet_4_1_0_wr_clk (net)
                      0.123691    0.000590    0.815428 ^ _711_/CLK (sky130_fd_sc_hd__dfxtp_1)
                                  0.250000    1.065428   clock uncertainty
                                  0.000000    1.065428   clock reconvergence pessimism
                                 -0.062287    1.003141   library hold time
                                              1.003141   data required time
---------------------------------------------------------------------------------------------
                                              1.003141   data required time
                                             -2.773019   data arrival time
---------------------------------------------------------------------------------------------
                                              1.769878   slack (MET)


Startpoint: _710_ (rising edge-triggered flip-flop clocked by wr_clk)
Endpoint: _710_ (rising edge-triggered flip-flop clocked by wr_clk)
Path Group: wr_clk
Path Type: min

Fanout         Cap        Slew       Delay        Time   Description
---------------------------------------------------------------------------------------------
                                  0.000000    0.000000   clock wr_clk (rise edge)
                                  0.000000    0.000000   clock source latency
     1    0.023797    0.176583    0.121462    0.121462 ^ wr_clk (in)
                                                         wr_clk (net)
                      0.176607    0.000000    0.121462 ^ clkbuf_0_wr_clk/A (sky130_fd_sc_hd__clkbuf_16)
    16    0.102935    0.180447    0.367202    0.488664 ^ clkbuf_0_wr_clk/X (sky130_fd_sc_hd__clkbuf_16)
                                                         clknet_0_wr_clk (net)
                      0.180479    0.002398    0.491062 ^ clkbuf_4_5_0_wr_clk/A (sky130_fd_sc_hd__clkbuf_8)
    14    0.037173    0.123071    0.323131    0.814193 ^ clkbuf_4_5_0_wr_clk/X (sky130_fd_sc_hd__clkbuf_8)
                                                         clknet_4_5_0_wr_clk (net)
                      0.123074    0.000789    0.814982 ^ _710_/CLK (sky130_fd_sc_hd__dfxtp_1)
     2    0.006229    0.113936    0.686292    1.501274 ^ _710_/Q (sky130_fd_sc_hd__dfxtp_1)
                                                         mem[7][6] (net)
                      0.113936    0.000079    1.501353 ^ hold131/A (sky130_fd_sc_hd__dlygate4sd3_1)
     1    0.002122    0.086319    1.048156    2.549509 ^ hold131/X (sky130_fd_sc_hd__dlygate4sd3_1)
                                                         net207 (net)
                      0.086319    0.000010    2.549519 ^ _568_/A1 (sky130_fd_sc_hd__mux2_1)
     1    0.002094    0.064065    0.227048    2.776567 ^ _568_/X (sky130_fd_sc_hd__mux2_1)
                                                         _078_ (net)
                      0.064065    0.000020    2.776587 ^ _710_/D (sky130_fd_sc_hd__dfxtp_1)
                                              2.776587   data arrival time

                                  0.000000    0.000000   clock wr_clk (rise edge)
                                  0.000000    0.000000   clock source latency
     1    0.023797    0.176583    0.121462    0.121462 ^ wr_clk (in)
                                                         wr_clk (net)
                      0.176607    0.000000    0.121462 ^ clkbuf_0_wr_clk/A (sky130_fd_sc_hd__clkbuf_16)
    16    0.102935    0.180447    0.367202    0.488664 ^ clkbuf_0_wr_clk/X (sky130_fd_sc_hd__clkbuf_16)
                                                         clknet_0_wr_clk (net)
                      0.180479    0.002398    0.491062 ^ clkbuf_4_5_0_wr_clk/A (sky130_fd_sc_hd__clkbuf_8)
    14    0.037173    0.123071    0.323131    0.814193 ^ clkbuf_4_5_0_wr_clk/X (sky130_fd_sc_hd__clkbuf_8)
                                                         clknet_4_5_0_wr_clk (net)
                      0.123074    0.000789    0.814982 ^ _710_/CLK (sky130_fd_sc_hd__dfxtp_1)
                                  0.250000    1.064982   clock uncertainty
                                  0.000000    1.064982   clock reconvergence pessimism
                                 -0.062205    1.002777   library hold time
                                              1.002777   data required time
---------------------------------------------------------------------------------------------
                                              1.002777   data required time
                                             -2.776587   data arrival time
---------------------------------------------------------------------------------------------
                                              1.773811   slack (MET)


Startpoint: _801_ (rising edge-triggered flip-flop clocked by wr_clk)
Endpoint: _801_ (rising edge-triggered flip-flop clocked by wr_clk)
Path Group: wr_clk
Path Type: min

Fanout         Cap        Slew       Delay        Time   Description
---------------------------------------------------------------------------------------------
                                  0.000000    0.000000   clock wr_clk (rise edge)
                                  0.000000    0.000000   clock source latency
     1    0.023797    0.176583    0.121462    0.121462 ^ wr_clk (in)
                                                         wr_clk (net)
                      0.176607    0.000000    0.121462 ^ clkbuf_0_wr_clk/A (sky130_fd_sc_hd__clkbuf_16)
    16    0.102935    0.180447    0.367202    0.488664 ^ clkbuf_0_wr_clk/X (sky130_fd_sc_hd__clkbuf_16)
                                                         clknet_0_wr_clk (net)
                      0.180478    0.002379    0.491043 ^ clkbuf_4_1_0_wr_clk/A (sky130_fd_sc_hd__clkbuf_8)
    14    0.037443    0.123691    0.323795    0.814838 ^ clkbuf_4_1_0_wr_clk/X (sky130_fd_sc_hd__clkbuf_8)
                                                         clknet_4_1_0_wr_clk (net)
                      0.123691    0.000444    0.815282 ^ _801_/CLK (sky130_fd_sc_hd__dfxtp_1)
     2    0.005622    0.105674    0.680192    1.495474 ^ _801_/Q (sky130_fd_sc_hd__dfxtp_1)
                                                         mem[15][7] (net)
                      0.105674    0.000058    1.495531 ^ hold128/A (sky130_fd_sc_hd__dlygate4sd3_1)
     1    0.002212    0.087584    1.046288    2.541819 ^ hold128/X (sky130_fd_sc_hd__dlygate4sd3_1)
                                                         net204 (net)
                      0.087584    0.000019    2.541838 ^ _622_/A1 (sky130_fd_sc_hd__mux2_1)
     1    0.002585    0.069787    0.234213    2.776050 ^ _622_/X (sky130_fd_sc_hd__mux2_1)
                                                         _127_ (net)
                      0.069787    0.000031    2.776082 ^ _801_/D (sky130_fd_sc_hd__dfxtp_1)
                                              2.776082   data arrival time

                                  0.000000    0.000000   clock wr_clk (rise edge)
                                  0.000000    0.000000   clock source latency
     1    0.023797    0.176583    0.121462    0.121462 ^ wr_clk (in)
                                                         wr_clk (net)
                      0.176607    0.000000    0.121462 ^ clkbuf_0_wr_clk/A (sky130_fd_sc_hd__clkbuf_16)
    16    0.102935    0.180447    0.367202    0.488664 ^ clkbuf_0_wr_clk/X (sky130_fd_sc_hd__clkbuf_16)
                                                         clknet_0_wr_clk (net)
                      0.180478    0.002379    0.491043 ^ clkbuf_4_1_0_wr_clk/A (sky130_fd_sc_hd__clkbuf_8)
    14    0.037443    0.123691    0.323795    0.814838 ^ clkbuf_4_1_0_wr_clk/X (sky130_fd_sc_hd__clkbuf_8)
                                                         clknet_4_1_0_wr_clk (net)
                      0.123691    0.000444    0.815282 ^ _801_/CLK (sky130_fd_sc_hd__dfxtp_1)
                                  0.250000    1.065282   clock uncertainty
                                  0.000000    1.065282   clock reconvergence pessimism
                                 -0.063438    1.001844   library hold time
                                              1.001844   data required time
---------------------------------------------------------------------------------------------
                                              1.001844   data required time
                                             -2.776082   data arrival time
---------------------------------------------------------------------------------------------
                                              1.774237   slack (MET)


Startpoint: _709_ (rising edge-triggered flip-flop clocked by wr_clk)
Endpoint: _709_ (rising edge-triggered flip-flop clocked by wr_clk)
Path Group: wr_clk
Path Type: min

Fanout         Cap        Slew       Delay        Time   Description
---------------------------------------------------------------------------------------------
                                  0.000000    0.000000   clock wr_clk (rise edge)
                                  0.000000    0.000000   clock source latency
     1    0.023797    0.176583    0.121462    0.121462 ^ wr_clk (in)
                                                         wr_clk (net)
                      0.176607    0.000000    0.121462 ^ clkbuf_0_wr_clk/A (sky130_fd_sc_hd__clkbuf_16)
    16    0.102935    0.180447    0.367202    0.488664 ^ clkbuf_0_wr_clk/X (sky130_fd_sc_hd__clkbuf_16)
                                                         clknet_0_wr_clk (net)
                      0.180477    0.002344    0.491008 ^ clkbuf_4_0_0_wr_clk/A (sky130_fd_sc_hd__clkbuf_8)
    14    0.037818    0.124461    0.324214    0.815222 ^ clkbuf_4_0_0_wr_clk/X (sky130_fd_sc_hd__clkbuf_8)
                                                         clknet_4_0_0_wr_clk (net)
                      0.124466    0.000939    0.816161 ^ _709_/CLK (sky130_fd_sc_hd__dfxtp_1)
     2    0.005279    0.101037    0.676944    1.493105 ^ _709_/Q (sky130_fd_sc_hd__dfxtp_1)
                                                         mem[7][5] (net)
                      0.101037    0.000061    1.493166 ^ hold118/A (sky130_fd_sc_hd__dlygate4sd3_1)
     1    0.002687    0.094199    1.051726    2.544892 ^ hold118/X (sky130_fd_sc_hd__dlygate4sd3_1)
                                                         net194 (net)
                      0.094199    0.000026    2.544918 ^ _567_/A1 (sky130_fd_sc_hd__mux2_1)
     1    0.002334    0.066998    0.233611    2.778529 ^ _567_/X (sky130_fd_sc_hd__mux2_1)
                                                         _077_ (net)
                      0.066998    0.000024    2.778553 ^ _709_/D (sky130_fd_sc_hd__dfxtp_1)
                                              2.778553   data arrival time

                                  0.000000    0.000000   clock wr_clk (rise edge)
                                  0.000000    0.000000   clock source latency
     1    0.023797    0.176583    0.121462    0.121462 ^ wr_clk (in)
                                                         wr_clk (net)
                      0.176607    0.000000    0.121462 ^ clkbuf_0_wr_clk/A (sky130_fd_sc_hd__clkbuf_16)
    16    0.102935    0.180447    0.367202    0.488664 ^ clkbuf_0_wr_clk/X (sky130_fd_sc_hd__clkbuf_16)
                                                         clknet_0_wr_clk (net)
                      0.180477    0.002344    0.491008 ^ clkbuf_4_0_0_wr_clk/A (sky130_fd_sc_hd__clkbuf_8)
    14    0.037818    0.124461    0.324214    0.815222 ^ clkbuf_4_0_0_wr_clk/X (sky130_fd_sc_hd__clkbuf_8)
                                                         clknet_4_0_0_wr_clk (net)
                      0.124466    0.000939    0.816161 ^ _709_/CLK (sky130_fd_sc_hd__dfxtp_1)
                                  0.250000    1.066161   clock uncertainty
                                  0.000000    1.066161   clock reconvergence pessimism
                                 -0.062666    1.003495   library hold time
                                              1.003495   data required time
---------------------------------------------------------------------------------------------
                                              1.003495   data required time
                                             -2.778553   data arrival time
---------------------------------------------------------------------------------------------
                                              1.775058   slack (MET)


Startpoint: _796_ (rising edge-triggered flip-flop clocked by wr_clk)
Endpoint: _796_ (rising edge-triggered flip-flop clocked by wr_clk)
Path Group: wr_clk
Path Type: min

Fanout         Cap        Slew       Delay        Time   Description
---------------------------------------------------------------------------------------------
                                  0.000000    0.000000   clock wr_clk (rise edge)
                                  0.000000    0.000000   clock source latency
     1    0.023797    0.176583    0.121462    0.121462 ^ wr_clk (in)
                                                         wr_clk (net)
                      0.176607    0.000000    0.121462 ^ clkbuf_0_wr_clk/A (sky130_fd_sc_hd__clkbuf_16)
    16    0.102935    0.180447    0.367202    0.488664 ^ clkbuf_0_wr_clk/X (sky130_fd_sc_hd__clkbuf_16)
                                                         clknet_0_wr_clk (net)
                      0.180479    0.002417    0.491081 ^ clkbuf_4_4_0_wr_clk/A (sky130_fd_sc_hd__clkbuf_8)
    13    0.039326    0.128224    0.327160    0.818241 ^ clkbuf_4_4_0_wr_clk/X (sky130_fd_sc_hd__clkbuf_8)
                                                         clknet_4_4_0_wr_clk (net)
                      0.128224    0.000545    0.818786 ^ _796_/CLK (sky130_fd_sc_hd__dfxtp_1)
     2    0.004645    0.092511    0.672030    1.490816 ^ _796_/Q (sky130_fd_sc_hd__dfxtp_1)
                                                         mem[15][2] (net)
                      0.092511    0.000036    1.490852 ^ hold121/A (sky130_fd_sc_hd__dlygate4sd3_1)
     1    0.003211    0.096644    1.056385    2.547237 ^ hold121/X (sky130_fd_sc_hd__dlygate4sd3_1)
                                                         net197 (net)
                      0.096644    0.000042    2.547279 ^ _617_/A1 (sky130_fd_sc_hd__mux2_1)
     1    0.002478    0.068590    0.236578    2.783857 ^ _617_/X (sky130_fd_sc_hd__mux2_1)
                                                         _122_ (net)
                      0.068590    0.000028    2.783885 ^ _796_/D (sky130_fd_sc_hd__dfxtp_1)
                                              2.783885   data arrival time

                                  0.000000    0.000000   clock wr_clk (rise edge)
                                  0.000000    0.000000   clock source latency
     1    0.023797    0.176583    0.121462    0.121462 ^ wr_clk (in)
                                                         wr_clk (net)
                      0.176607    0.000000    0.121462 ^ clkbuf_0_wr_clk/A (sky130_fd_sc_hd__clkbuf_16)
    16    0.102935    0.180447    0.367202    0.488664 ^ clkbuf_0_wr_clk/X (sky130_fd_sc_hd__clkbuf_16)
                                                         clknet_0_wr_clk (net)
                      0.180479    0.002417    0.491081 ^ clkbuf_4_4_0_wr_clk/A (sky130_fd_sc_hd__clkbuf_8)
    13    0.039326    0.128224    0.327160    0.818241 ^ clkbuf_4_4_0_wr_clk/X (sky130_fd_sc_hd__clkbuf_8)
                                                         clknet_4_4_0_wr_clk (net)
                      0.128224    0.000545    0.818786 ^ _796_/CLK (sky130_fd_sc_hd__dfxtp_1)
                                  0.250000    1.068786   clock uncertainty
                                  0.000000    1.068786   clock reconvergence pessimism
                                 -0.062439    1.006347   library hold time
                                              1.006347   data required time
---------------------------------------------------------------------------------------------
                                              1.006347   data required time
                                             -2.783885   data arrival time
---------------------------------------------------------------------------------------------
                                              1.777538   slack (MET)


Startpoint: _730_ (rising edge-triggered flip-flop clocked by wr_clk)
Endpoint: _730_ (rising edge-triggered flip-flop clocked by wr_clk)
Path Group: wr_clk
Path Type: min

Fanout         Cap        Slew       Delay        Time   Description
---------------------------------------------------------------------------------------------
                                  0.000000    0.000000   clock wr_clk (rise edge)
                                  0.000000    0.000000   clock source latency
     1    0.023797    0.176583    0.121462    0.121462 ^ wr_clk (in)
                                                         wr_clk (net)
                      0.176607    0.000000    0.121462 ^ clkbuf_0_wr_clk/A (sky130_fd_sc_hd__clkbuf_16)
    16    0.102935    0.180447    0.367202    0.488664 ^ clkbuf_0_wr_clk/X (sky130_fd_sc_hd__clkbuf_16)
                                                         clknet_0_wr_clk (net)
                      0.180474    0.002243    0.490907 ^ clkbuf_4_6_0_wr_clk/A (sky130_fd_sc_hd__clkbuf_8)
     9    0.033041    0.113205    0.315612    0.806520 ^ clkbuf_4_6_0_wr_clk/X (sky130_fd_sc_hd__clkbuf_8)
                                                         clknet_4_6_0_wr_clk (net)
                      0.113206    0.000588    0.807107 ^ _730_/CLK (sky130_fd_sc_hd__dfxtp_1)
     2    0.006229    0.113950    0.681670    1.488778 ^ _730_/Q (sky130_fd_sc_hd__dfxtp_1)
                                                         mem[3][2] (net)
                      0.113950    0.000070    1.488848 ^ hold115/A (sky130_fd_sc_hd__dlygate4sd3_1)
     1    0.002403    0.090245    1.052476    2.541324 ^ hold115/X (sky130_fd_sc_hd__dlygate4sd3_1)
                                                         net191 (net)
                      0.090245    0.000013    2.541337 ^ _591_/A1 (sky130_fd_sc_hd__mux2_1)
     1    0.002156    0.064674    0.229537    2.770874 ^ _591_/X (sky130_fd_sc_hd__mux2_1)
                                                         _098_ (net)
                      0.064674    0.000021    2.770894 ^ _730_/D (sky130_fd_sc_hd__dfxtp_1)
                                              2.770894   data arrival time

                                  0.000000    0.000000   clock wr_clk (rise edge)
                                  0.000000    0.000000   clock source latency
     1    0.023797    0.176583    0.121462    0.121462 ^ wr_clk (in)
                                                         wr_clk (net)
                      0.176607    0.000000    0.121462 ^ clkbuf_0_wr_clk/A (sky130_fd_sc_hd__clkbuf_16)
    16    0.102935    0.180447    0.367202    0.488664 ^ clkbuf_0_wr_clk/X (sky130_fd_sc_hd__clkbuf_16)
                                                         clknet_0_wr_clk (net)
                      0.180474    0.002243    0.490907 ^ clkbuf_4_6_0_wr_clk/A (sky130_fd_sc_hd__clkbuf_8)
     9    0.033041    0.113205    0.315612    0.806520 ^ clkbuf_4_6_0_wr_clk/X (sky130_fd_sc_hd__clkbuf_8)
                                                         clknet_4_6_0_wr_clk (net)
                      0.113206    0.000588    0.807107 ^ _730_/CLK (sky130_fd_sc_hd__dfxtp_1)
                                  0.250000    1.057107   clock uncertainty
                                  0.000000    1.057107   clock reconvergence pessimism
                                 -0.063915    0.993192   library hold time
                                              0.993192   data required time
---------------------------------------------------------------------------------------------
                                              0.993192   data required time
                                             -2.770894   data arrival time
---------------------------------------------------------------------------------------------
                                              1.777702   slack (MET)


Startpoint: _728_ (rising edge-triggered flip-flop clocked by wr_clk)
Endpoint: _728_ (rising edge-triggered flip-flop clocked by wr_clk)
Path Group: wr_clk
Path Type: min

Fanout         Cap        Slew       Delay        Time   Description
---------------------------------------------------------------------------------------------
                                  0.000000    0.000000   clock wr_clk (rise edge)
                                  0.000000    0.000000   clock source latency
     1    0.023797    0.176583    0.121462    0.121462 ^ wr_clk (in)
                                                         wr_clk (net)
                      0.176607    0.000000    0.121462 ^ clkbuf_0_wr_clk/A (sky130_fd_sc_hd__clkbuf_16)
    16    0.102935    0.180447    0.367202    0.488664 ^ clkbuf_0_wr_clk/X (sky130_fd_sc_hd__clkbuf_16)
                                                         clknet_0_wr_clk (net)
                      0.180474    0.002243    0.490907 ^ clkbuf_4_6_0_wr_clk/A (sky130_fd_sc_hd__clkbuf_8)
     9    0.033041    0.113205    0.315612    0.806520 ^ clkbuf_4_6_0_wr_clk/X (sky130_fd_sc_hd__clkbuf_8)
                                                         clknet_4_6_0_wr_clk (net)
                      0.113205    0.000061    0.806581 ^ _728_/CLK (sky130_fd_sc_hd__dfxtp_1)
     2    0.005257    0.100748    0.671435    1.478016 ^ _728_/Q (sky130_fd_sc_hd__dfxtp_1)
                                                         mem[3][0] (net)
                      0.100748    0.000084    1.478100 ^ hold97/A (sky130_fd_sc_hd__dlygate4sd3_1)
     1    0.003058    0.094746    1.057286    2.535386 ^ hold97/X (sky130_fd_sc_hd__dlygate4sd3_1)
                                                         net173 (net)
                      0.094746    0.000038    2.535425 ^ _589_/A1 (sky130_fd_sc_hd__mux2_1)
     1    0.002425    0.068017    0.235066    2.770491 ^ _589_/X (sky130_fd_sc_hd__mux2_1)
                                                         _096_ (net)
                      0.068017    0.000028    2.770518 ^ _728_/D (sky130_fd_sc_hd__dfxtp_1)
                                              2.770518   data arrival time

                                  0.000000    0.000000   clock wr_clk (rise edge)
                                  0.000000    0.000000   clock source latency
     1    0.023797    0.176583    0.121462    0.121462 ^ wr_clk (in)
                                                         wr_clk (net)
                      0.176607    0.000000    0.121462 ^ clkbuf_0_wr_clk/A (sky130_fd_sc_hd__clkbuf_16)
    16    0.102935    0.180447    0.367202    0.488664 ^ clkbuf_0_wr_clk/X (sky130_fd_sc_hd__clkbuf_16)
                                                         clknet_0_wr_clk (net)
                      0.180474    0.002243    0.490907 ^ clkbuf_4_6_0_wr_clk/A (sky130_fd_sc_hd__clkbuf_8)
     9    0.033041    0.113205    0.315612    0.806520 ^ clkbuf_4_6_0_wr_clk/X (sky130_fd_sc_hd__clkbuf_8)
                                                         clknet_4_6_0_wr_clk (net)
                      0.113205    0.000061    0.806581 ^ _728_/CLK (sky130_fd_sc_hd__dfxtp_1)
                                  0.250000    1.056581   clock uncertainty
                                  0.000000    1.056581   clock reconvergence pessimism
                                 -0.064692    0.991889   library hold time
                                              0.991889   data required time
---------------------------------------------------------------------------------------------
                                              0.991889   data required time
                                             -2.770518   data arrival time
---------------------------------------------------------------------------------------------
                                              1.778630   slack (MET)


Startpoint: _734_ (rising edge-triggered flip-flop clocked by wr_clk)
Endpoint: _734_ (rising edge-triggered flip-flop clocked by wr_clk)
Path Group: wr_clk
Path Type: min

Fanout         Cap        Slew       Delay        Time   Description
---------------------------------------------------------------------------------------------
                                  0.000000    0.000000   clock wr_clk (rise edge)
                                  0.000000    0.000000   clock source latency
     1    0.023797    0.176583    0.121462    0.121462 ^ wr_clk (in)
                                                         wr_clk (net)
                      0.176607    0.000000    0.121462 ^ clkbuf_0_wr_clk/A (sky130_fd_sc_hd__clkbuf_16)
    16    0.102935    0.180447    0.367202    0.488664 ^ clkbuf_0_wr_clk/X (sky130_fd_sc_hd__clkbuf_16)
                                                         clknet_0_wr_clk (net)
                      0.180479    0.002398    0.491062 ^ clkbuf_4_5_0_wr_clk/A (sky130_fd_sc_hd__clkbuf_8)
    14    0.037173    0.123071    0.323131    0.814193 ^ clkbuf_4_5_0_wr_clk/X (sky130_fd_sc_hd__clkbuf_8)
                                                         clknet_4_5_0_wr_clk (net)
                      0.123072    0.000610    0.814803 ^ _734_/CLK (sky130_fd_sc_hd__dfxtp_1)
     2    0.004940    0.100072    0.672747    1.487550 ^ _734_/Q (sky130_fd_sc_hd__dfxtp_1)
                                                         mem[3][6] (net)
                      0.100072    0.000034    1.487584 ^ hold85/A (sky130_fd_sc_hd__dlygate4sd3_1)
     1    0.003839    0.104994    1.068992    2.556577 ^ hold85/X (sky130_fd_sc_hd__dlygate4sd3_1)
                                                         net161 (net)
                      0.104994    0.000056    2.556633 ^ _595_/A1 (sky130_fd_sc_hd__mux2_1)
     1    0.001802    0.061023    0.230956    2.787588 ^ _595_/X (sky130_fd_sc_hd__mux2_1)
                                                         _102_ (net)
                      0.061023    0.000015    2.787604 ^ _734_/D (sky130_fd_sc_hd__dfxtp_1)
                                              2.787604   data arrival time

                                  0.000000    0.000000   clock wr_clk (rise edge)
                                  0.000000    0.000000   clock source latency
     1    0.023797    0.176583    0.121462    0.121462 ^ wr_clk (in)
                                                         wr_clk (net)
                      0.176607    0.000000    0.121462 ^ clkbuf_0_wr_clk/A (sky130_fd_sc_hd__clkbuf_16)
    16    0.102935    0.180447    0.367202    0.488664 ^ clkbuf_0_wr_clk/X (sky130_fd_sc_hd__clkbuf_16)
                                                         clknet_0_wr_clk (net)
                      0.180479    0.002398    0.491062 ^ clkbuf_4_5_0_wr_clk/A (sky130_fd_sc_hd__clkbuf_8)
    14    0.037173    0.123071    0.323131    0.814193 ^ clkbuf_4_5_0_wr_clk/X (sky130_fd_sc_hd__clkbuf_8)
                                                         clknet_4_5_0_wr_clk (net)
                      0.123072    0.000610    0.814803 ^ _734_/CLK (sky130_fd_sc_hd__dfxtp_1)
                                  0.250000    1.064803   clock uncertainty
                                  0.000000    1.064803   clock reconvergence pessimism
                                 -0.061499    1.003305   library hold time
                                              1.003305   data required time
---------------------------------------------------------------------------------------------
                                              1.003305   data required time
                                             -2.787604   data arrival time
---------------------------------------------------------------------------------------------
                                              1.784299   slack (MET)


Startpoint: _704_ (rising edge-triggered flip-flop clocked by wr_clk)
Endpoint: _704_ (rising edge-triggered flip-flop clocked by wr_clk)
Path Group: wr_clk
Path Type: min

Fanout         Cap        Slew       Delay        Time   Description
---------------------------------------------------------------------------------------------
                                  0.000000    0.000000   clock wr_clk (rise edge)
                                  0.000000    0.000000   clock source latency
     1    0.023797    0.176583    0.121462    0.121462 ^ wr_clk (in)
                                                         wr_clk (net)
                      0.176607    0.000000    0.121462 ^ clkbuf_0_wr_clk/A (sky130_fd_sc_hd__clkbuf_16)
    16    0.102935    0.180447    0.367202    0.488664 ^ clkbuf_0_wr_clk/X (sky130_fd_sc_hd__clkbuf_16)
                                                         clknet_0_wr_clk (net)
                      0.180474    0.002243    0.490907 ^ clkbuf_4_6_0_wr_clk/A (sky130_fd_sc_hd__clkbuf_8)
     9    0.033041    0.113205    0.315612    0.806520 ^ clkbuf_4_6_0_wr_clk/X (sky130_fd_sc_hd__clkbuf_8)
                                                         clknet_4_6_0_wr_clk (net)
                      0.113206    0.000546    0.807066 ^ _704_/CLK (sky130_fd_sc_hd__dfxtp_1)
     2    0.005670    0.106346    0.675803    1.482869 ^ _704_/Q (sky130_fd_sc_hd__dfxtp_1)
                                                         mem[7][0] (net)
                      0.106346    0.000068    1.482938 ^ hold104/A (sky130_fd_sc_hd__dlygate4sd3_1)
     1    0.003648    0.102380    1.068541    2.551479 ^ hold104/X (sky130_fd_sc_hd__dlygate4sd3_1)
                                                         net180 (net)
                      0.102380    0.000041    2.551520 ^ _562_/A1 (sky130_fd_sc_hd__mux2_1)
     1    0.001869    0.061768    0.230755    2.782275 ^ _562_/X (sky130_fd_sc_hd__mux2_1)
                                                         _072_ (net)
                      0.061768    0.000016    2.782291 ^ _704_/D (sky130_fd_sc_hd__dfxtp_1)
                                              2.782291   data arrival time

                                  0.000000    0.000000   clock wr_clk (rise edge)
                                  0.000000    0.000000   clock source latency
     1    0.023797    0.176583    0.121462    0.121462 ^ wr_clk (in)
                                                         wr_clk (net)
                      0.176607    0.000000    0.121462 ^ clkbuf_0_wr_clk/A (sky130_fd_sc_hd__clkbuf_16)
    16    0.102935    0.180447    0.367202    0.488664 ^ clkbuf_0_wr_clk/X (sky130_fd_sc_hd__clkbuf_16)
                                                         clknet_0_wr_clk (net)
                      0.180474    0.002243    0.490907 ^ clkbuf_4_6_0_wr_clk/A (sky130_fd_sc_hd__clkbuf_8)
     9    0.033041    0.113205    0.315612    0.806520 ^ clkbuf_4_6_0_wr_clk/X (sky130_fd_sc_hd__clkbuf_8)
                                                         clknet_4_6_0_wr_clk (net)
                      0.113206    0.000546    0.807066 ^ _704_/CLK (sky130_fd_sc_hd__dfxtp_1)
                                  0.250000    1.057066   clock uncertainty
                                  0.000000    1.057066   clock reconvergence pessimism
                                 -0.063240    0.993826   library hold time
                                              0.993826   data required time
---------------------------------------------------------------------------------------------
                                              0.993826   data required time
                                             -2.782291   data arrival time
---------------------------------------------------------------------------------------------
                                              1.788465   slack (MET)


Startpoint: _729_ (rising edge-triggered flip-flop clocked by wr_clk)
Endpoint: _729_ (rising edge-triggered flip-flop clocked by wr_clk)
Path Group: wr_clk
Path Type: min

Fanout         Cap        Slew       Delay        Time   Description
---------------------------------------------------------------------------------------------
                                  0.000000    0.000000   clock wr_clk (rise edge)
                                  0.000000    0.000000   clock source latency
     1    0.023797    0.176583    0.121462    0.121462 ^ wr_clk (in)
                                                         wr_clk (net)
                      0.176607    0.000000    0.121462 ^ clkbuf_0_wr_clk/A (sky130_fd_sc_hd__clkbuf_16)
    16    0.102935    0.180447    0.367202    0.488664 ^ clkbuf_0_wr_clk/X (sky130_fd_sc_hd__clkbuf_16)
                                                         clknet_0_wr_clk (net)
                      0.180447    0.000890    0.489554 ^ clkbuf_4_9_0_wr_clk/A (sky130_fd_sc_hd__clkbuf_8)
    10    0.035146    0.118197    0.319590    0.809144 ^ clkbuf_4_9_0_wr_clk/X (sky130_fd_sc_hd__clkbuf_8)
                                                         clknet_4_9_0_wr_clk (net)
                      0.118197    0.000103    0.809247 ^ _729_/CLK (sky130_fd_sc_hd__dfxtp_1)
     2    0.004667    0.096293    0.667590    1.476838 ^ _729_/Q (sky130_fd_sc_hd__dfxtp_1)
                                                         mem[3][1] (net)
                      0.096293    0.000025    1.476862 ^ hold124/A (sky130_fd_sc_hd__dlygate4sd3_1)
     1    0.003135    0.095687    1.056709    2.533571 ^ hold124/X (sky130_fd_sc_hd__dlygate4sd3_1)
                                                         net200 (net)
                      0.095687    0.000040    2.533611 ^ _590_/A1 (sky130_fd_sc_hd__mux2_1)
     1    0.003406    0.079454    0.248706    2.782317 ^ _590_/X (sky130_fd_sc_hd__mux2_1)
                                                         _097_ (net)
                      0.079454    0.000047    2.782364 ^ _729_/D (sky130_fd_sc_hd__dfxtp_1)
                                              2.782364   data arrival time

                                  0.000000    0.000000   clock wr_clk (rise edge)
                                  0.000000    0.000000   clock source latency
     1    0.023797    0.176583    0.121462    0.121462 ^ wr_clk (in)
                                                         wr_clk (net)
                      0.176607    0.000000    0.121462 ^ clkbuf_0_wr_clk/A (sky130_fd_sc_hd__clkbuf_16)
    16    0.102935    0.180447    0.367202    0.488664 ^ clkbuf_0_wr_clk/X (sky130_fd_sc_hd__clkbuf_16)
                                                         clknet_0_wr_clk (net)
                      0.180447    0.000890    0.489554 ^ clkbuf_4_9_0_wr_clk/A (sky130_fd_sc_hd__clkbuf_8)
    10    0.035146    0.118197    0.319590    0.809144 ^ clkbuf_4_9_0_wr_clk/X (sky130_fd_sc_hd__clkbuf_8)
                                                         clknet_4_9_0_wr_clk (net)
                      0.118197    0.000103    0.809247 ^ _729_/CLK (sky130_fd_sc_hd__dfxtp_1)
                                  0.250000    1.059247   clock uncertainty
                                  0.000000    1.059247   clock reconvergence pessimism
                                 -0.066558    0.992689   library hold time
                                              0.992689   data required time
---------------------------------------------------------------------------------------------
                                              0.992689   data required time
                                             -2.782364   data arrival time
---------------------------------------------------------------------------------------------
                                              1.789675   slack (MET)


Startpoint: _732_ (rising edge-triggered flip-flop clocked by wr_clk)
Endpoint: _732_ (rising edge-triggered flip-flop clocked by wr_clk)
Path Group: wr_clk
Path Type: min

Fanout         Cap        Slew       Delay        Time   Description
---------------------------------------------------------------------------------------------
                                  0.000000    0.000000   clock wr_clk (rise edge)
                                  0.000000    0.000000   clock source latency
     1    0.023797    0.176583    0.121462    0.121462 ^ wr_clk (in)
                                                         wr_clk (net)
                      0.176607    0.000000    0.121462 ^ clkbuf_0_wr_clk/A (sky130_fd_sc_hd__clkbuf_16)
    16    0.102935    0.180447    0.367202    0.488664 ^ clkbuf_0_wr_clk/X (sky130_fd_sc_hd__clkbuf_16)
                                                         clknet_0_wr_clk (net)
                      0.180447    0.000807    0.489471 ^ clkbuf_4_10_0_wr_clk/A (sky130_fd_sc_hd__clkbuf_8)
    13    0.038401    0.125998    0.325442    0.814912 ^ clkbuf_4_10_0_wr_clk/X (sky130_fd_sc_hd__clkbuf_8)
                                                         clknet_4_10_0_wr_clk (net)
                      0.126001    0.000830    0.815742 ^ _732_/CLK (sky130_fd_sc_hd__dfxtp_1)
     2    0.006153    0.112893    0.686854    1.502596 ^ _732_/Q (sky130_fd_sc_hd__dfxtp_1)
                                                         mem[3][4] (net)
                      0.112893    0.000089    1.502684 ^ hold114/A (sky130_fd_sc_hd__dlygate4sd3_1)
     1    0.003375    0.098708    1.066938    2.569623 ^ hold114/X (sky130_fd_sc_hd__dlygate4sd3_1)
                                                         net190 (net)
                      0.098708    0.000043    2.569665 ^ _593_/A1 (sky130_fd_sc_hd__mux2_1)
     1    0.002260    0.065717    0.234502    2.804167 ^ _593_/X (sky130_fd_sc_hd__mux2_1)
                                                         _100_ (net)
                      0.065717    0.000023    2.804190 ^ _732_/D (sky130_fd_sc_hd__dfxtp_1)
                                              2.804190   data arrival time

                                  0.000000    0.000000   clock wr_clk (rise edge)
                                  0.000000    0.000000   clock source latency
     1    0.023797    0.176583    0.121462    0.121462 ^ wr_clk (in)
                                                         wr_clk (net)
                      0.176607    0.000000    0.121462 ^ clkbuf_0_wr_clk/A (sky130_fd_sc_hd__clkbuf_16)
    16    0.102935    0.180447    0.367202    0.488664 ^ clkbuf_0_wr_clk/X (sky130_fd_sc_hd__clkbuf_16)
                                                         clknet_0_wr_clk (net)
                      0.180447    0.000807    0.489471 ^ clkbuf_4_10_0_wr_clk/A (sky130_fd_sc_hd__clkbuf_8)
    13    0.038401    0.125998    0.325442    0.814912 ^ clkbuf_4_10_0_wr_clk/X (sky130_fd_sc_hd__clkbuf_8)
                                                         clknet_4_10_0_wr_clk (net)
                      0.126001    0.000830    0.815742 ^ _732_/CLK (sky130_fd_sc_hd__dfxtp_1)
                                  0.250000    1.065742   clock uncertainty
                                  0.000000    1.065742   clock reconvergence pessimism
                                 -0.062124    1.003618   library hold time
                                              1.003618   data required time
---------------------------------------------------------------------------------------------
                                              1.003618   data required time
                                             -2.804190   data arrival time
---------------------------------------------------------------------------------------------
                                              1.800572   slack (MET)


Startpoint: arst_n (input port clocked by wr_clk)
Endpoint: _790_ (removal check against rising-edge clock wr_clk)
Path Group: asynchronous
Path Type: min

Fanout         Cap        Slew       Delay        Time   Description
---------------------------------------------------------------------------------------------
                                  0.000000    0.000000   clock wr_clk (rise edge)
                                  0.000000    0.000000   clock network delay (propagated)
                                  2.000000    2.000000 ^ input external delay
     1    0.002701    0.031606    0.015250    2.015250 ^ arst_n (in)
                                                         arst_n (net)
                      0.031606    0.000000    2.015250 ^ input11/A (sky130_fd_sc_hd__clkbuf_1)
     1    0.002196    0.062309    0.124921    2.140172 ^ input11/X (sky130_fd_sc_hd__clkbuf_1)
                                                         net11 (net)
                      0.062309    0.000020    2.140192 ^ fanout76/A (sky130_fd_sc_hd__buf_2)
     5    0.036066    0.285582    0.349105    2.489297 ^ fanout76/X (sky130_fd_sc_hd__buf_2)
                                                         net76 (net)
                      0.285582    0.000340    2.489637 ^ fanout75/A (sky130_fd_sc_hd__buf_2)
     6    0.041663    0.327934    0.477517    2.967154 ^ fanout75/X (sky130_fd_sc_hd__buf_2)
                                                         net75 (net)
                      0.327934    0.000183    2.967336 ^ fanout74/A (sky130_fd_sc_hd__buf_2)
     7    0.035551    0.282467    0.462602    3.429938 ^ fanout74/X (sky130_fd_sc_hd__buf_2)
                                                         net74 (net)
                      0.282467    0.000159    3.430097 ^ fanout73/A (sky130_fd_sc_hd__clkbuf_4)
    10    0.043896    0.221983    0.456342    3.886439 ^ fanout73/X (sky130_fd_sc_hd__clkbuf_4)
                                                         net73 (net)
                      0.221987    0.001400    3.887839 ^ _790_/RESET_B (sky130_fd_sc_hd__dfrtp_1)
                                              3.887839   data arrival time

                                  0.000000    0.000000   clock wr_clk (rise edge)
                                  0.000000    0.000000   clock source latency
     1    0.023797    0.176583    0.121462    0.121462 ^ wr_clk (in)
                                                         wr_clk (net)
                      0.176607    0.000000    0.121462 ^ clkbuf_0_wr_clk/A (sky130_fd_sc_hd__clkbuf_16)
    16    0.102935    0.180447    0.367202    0.488664 ^ clkbuf_0_wr_clk/X (sky130_fd_sc_hd__clkbuf_16)
                                                         clknet_0_wr_clk (net)
                      0.180450    0.001181    0.489845 ^ clkbuf_4_13_0_wr_clk/A (sky130_fd_sc_hd__clkbuf_8)
     8    0.039976    0.129768    0.328448    0.818293 ^ clkbuf_4_13_0_wr_clk/X (sky130_fd_sc_hd__clkbuf_8)
                                                         clknet_4_13_0_wr_clk (net)
                      0.129768    0.000218    0.818511 ^ _790_/CLK (sky130_fd_sc_hd__dfrtp_1)
                                  0.250000    1.068511   clock uncertainty
                                  0.000000    1.068511   clock reconvergence pessimism
                                  0.722144    1.790655   library removal time
                                              1.790655   data required time
---------------------------------------------------------------------------------------------
                                              1.790655   data required time
                                             -3.887839   data arrival time
---------------------------------------------------------------------------------------------
                                              2.097184   slack (MET)


Startpoint: arst_n (input port clocked by wr_clk)
Endpoint: _759_ (removal check against rising-edge clock wr_clk)
Path Group: asynchronous
Path Type: min

Fanout         Cap        Slew       Delay        Time   Description
---------------------------------------------------------------------------------------------
                                  0.000000    0.000000   clock wr_clk (rise edge)
                                  0.000000    0.000000   clock network delay (propagated)
                                  2.000000    2.000000 ^ input external delay
     1    0.002701    0.031606    0.015250    2.015250 ^ arst_n (in)
                                                         arst_n (net)
                      0.031606    0.000000    2.015250 ^ input11/A (sky130_fd_sc_hd__clkbuf_1)
     1    0.002196    0.062309    0.124921    2.140172 ^ input11/X (sky130_fd_sc_hd__clkbuf_1)
                                                         net11 (net)
                      0.062309    0.000020    2.140192 ^ fanout76/A (sky130_fd_sc_hd__buf_2)
     5    0.036066    0.285582    0.349105    2.489297 ^ fanout76/X (sky130_fd_sc_hd__buf_2)
                                                         net76 (net)
                      0.285582    0.000340    2.489637 ^ fanout75/A (sky130_fd_sc_hd__buf_2)
     6    0.041663    0.327934    0.477517    2.967154 ^ fanout75/X (sky130_fd_sc_hd__buf_2)
                                                         net75 (net)
                      0.327934    0.000183    2.967336 ^ fanout74/A (sky130_fd_sc_hd__buf_2)
     7    0.035551    0.282467    0.462602    3.429938 ^ fanout74/X (sky130_fd_sc_hd__buf_2)
                                                         net74 (net)
                      0.282467    0.000159    3.430097 ^ fanout73/A (sky130_fd_sc_hd__clkbuf_4)
    10    0.043896    0.221983    0.456342    3.886439 ^ fanout73/X (sky130_fd_sc_hd__clkbuf_4)
                                                         net73 (net)
                      0.221988    0.001450    3.887889 ^ _759_/RESET_B (sky130_fd_sc_hd__dfrtp_1)
                                              3.887889   data arrival time

                                  0.000000    0.000000   clock wr_clk (rise edge)
                                  0.000000    0.000000   clock source latency
     1    0.023797    0.176583    0.121462    0.121462 ^ wr_clk (in)
                                                         wr_clk (net)
                      0.176607    0.000000    0.121462 ^ clkbuf_0_wr_clk/A (sky130_fd_sc_hd__clkbuf_16)
    16    0.102935    0.180447    0.367202    0.488664 ^ clkbuf_0_wr_clk/X (sky130_fd_sc_hd__clkbuf_16)
                                                         clknet_0_wr_clk (net)
                      0.180450    0.001181    0.489845 ^ clkbuf_4_13_0_wr_clk/A (sky130_fd_sc_hd__clkbuf_8)
     8    0.039976    0.129768    0.328448    0.818293 ^ clkbuf_4_13_0_wr_clk/X (sky130_fd_sc_hd__clkbuf_8)
                                                         clknet_4_13_0_wr_clk (net)
                      0.129768    0.000265    0.818557 ^ _759_/CLK (sky130_fd_sc_hd__dfrtp_1)
                                  0.250000    1.068557   clock uncertainty
                                  0.000000    1.068557   clock reconvergence pessimism
                                  0.722144    1.790701   library removal time
                                              1.790701   data required time
---------------------------------------------------------------------------------------------
                                              1.790701   data required time
                                             -3.887889   data arrival time
---------------------------------------------------------------------------------------------
                                              2.097188   slack (MET)


Startpoint: arst_n (input port clocked by wr_clk)
Endpoint: _771_ (removal check against rising-edge clock wr_clk)
Path Group: asynchronous
Path Type: min

Fanout         Cap        Slew       Delay        Time   Description
---------------------------------------------------------------------------------------------
                                  0.000000    0.000000   clock wr_clk (rise edge)
                                  0.000000    0.000000   clock network delay (propagated)
                                  2.000000    2.000000 ^ input external delay
     1    0.002701    0.031606    0.015250    2.015250 ^ arst_n (in)
                                                         arst_n (net)
                      0.031606    0.000000    2.015250 ^ input11/A (sky130_fd_sc_hd__clkbuf_1)
     1    0.002196    0.062309    0.124921    2.140172 ^ input11/X (sky130_fd_sc_hd__clkbuf_1)
                                                         net11 (net)
                      0.062309    0.000020    2.140192 ^ fanout76/A (sky130_fd_sc_hd__buf_2)
     5    0.036066    0.285582    0.349105    2.489297 ^ fanout76/X (sky130_fd_sc_hd__buf_2)
                                                         net76 (net)
                      0.285582    0.000340    2.489637 ^ fanout75/A (sky130_fd_sc_hd__buf_2)
     6    0.041663    0.327934    0.477517    2.967154 ^ fanout75/X (sky130_fd_sc_hd__buf_2)
                                                         net75 (net)
                      0.327934    0.000183    2.967336 ^ fanout74/A (sky130_fd_sc_hd__buf_2)
     7    0.035551    0.282467    0.462602    3.429938 ^ fanout74/X (sky130_fd_sc_hd__buf_2)
                                                         net74 (net)
                      0.282467    0.000159    3.430097 ^ fanout73/A (sky130_fd_sc_hd__clkbuf_4)
    10    0.043896    0.221983    0.456342    3.886439 ^ fanout73/X (sky130_fd_sc_hd__clkbuf_4)
                                                         net73 (net)
                      0.221986    0.001300    3.887739 ^ _771_/RESET_B (sky130_fd_sc_hd__dfrtp_1)
                                              3.887739   data arrival time

                                  0.000000    0.000000   clock wr_clk (rise edge)
                                  0.000000    0.000000   clock source latency
     1    0.023797    0.176583    0.121462    0.121462 ^ wr_clk (in)
                                                         wr_clk (net)
                      0.176607    0.000000    0.121462 ^ clkbuf_0_wr_clk/A (sky130_fd_sc_hd__clkbuf_16)
    16    0.102935    0.180447    0.367202    0.488664 ^ clkbuf_0_wr_clk/X (sky130_fd_sc_hd__clkbuf_16)
                                                         clknet_0_wr_clk (net)
                      0.180449    0.001095    0.489758 ^ clkbuf_4_12_0_wr_clk/A (sky130_fd_sc_hd__clkbuf_8)
     8    0.034474    0.116594    0.318401    0.808160 ^ clkbuf_4_12_0_wr_clk/X (sky130_fd_sc_hd__clkbuf_8)
                                                         clknet_4_12_0_wr_clk (net)
                      0.116594    0.000122    0.808281 ^ _771_/CLK (sky130_fd_sc_hd__dfrtp_1)
                                  0.250000    1.058281   clock uncertainty
                                  0.000000    1.058281   clock reconvergence pessimism
                                  0.718178    1.776459   library removal time
                                              1.776459   data required time
---------------------------------------------------------------------------------------------
                                              1.776459   data required time
                                             -3.887739   data arrival time
---------------------------------------------------------------------------------------------
                                              2.111280   slack (MET)


Startpoint: arst_n (input port clocked by wr_clk)
Endpoint: _770_ (removal check against rising-edge clock wr_clk)
Path Group: asynchronous
Path Type: min

Fanout         Cap        Slew       Delay        Time   Description
---------------------------------------------------------------------------------------------
                                  0.000000    0.000000   clock wr_clk (rise edge)
                                  0.000000    0.000000   clock network delay (propagated)
                                  2.000000    2.000000 ^ input external delay
     1    0.002701    0.031606    0.015250    2.015250 ^ arst_n (in)
                                                         arst_n (net)
                      0.031606    0.000000    2.015250 ^ input11/A (sky130_fd_sc_hd__clkbuf_1)
     1    0.002196    0.062309    0.124921    2.140172 ^ input11/X (sky130_fd_sc_hd__clkbuf_1)
                                                         net11 (net)
                      0.062309    0.000020    2.140192 ^ fanout76/A (sky130_fd_sc_hd__buf_2)
     5    0.036066    0.285582    0.349105    2.489297 ^ fanout76/X (sky130_fd_sc_hd__buf_2)
                                                         net76 (net)
                      0.285582    0.000340    2.489637 ^ fanout75/A (sky130_fd_sc_hd__buf_2)
     6    0.041663    0.327934    0.477517    2.967154 ^ fanout75/X (sky130_fd_sc_hd__buf_2)
                                                         net75 (net)
                      0.327934    0.000183    2.967336 ^ fanout74/A (sky130_fd_sc_hd__buf_2)
     7    0.035551    0.282467    0.462602    3.429938 ^ fanout74/X (sky130_fd_sc_hd__buf_2)
                                                         net74 (net)
                      0.282467    0.000159    3.430097 ^ fanout73/A (sky130_fd_sc_hd__clkbuf_4)
    10    0.043896    0.221983    0.456342    3.886439 ^ fanout73/X (sky130_fd_sc_hd__clkbuf_4)
                                                         net73 (net)
                      0.221987    0.001386    3.887824 ^ _770_/RESET_B (sky130_fd_sc_hd__dfrtp_1)
                                              3.887824   data arrival time

                                  0.000000    0.000000   clock wr_clk (rise edge)
                                  0.000000    0.000000   clock source latency
     1    0.023797    0.176583    0.121462    0.121462 ^ wr_clk (in)
                                                         wr_clk (net)
                      0.176607    0.000000    0.121462 ^ clkbuf_0_wr_clk/A (sky130_fd_sc_hd__clkbuf_16)
    16    0.102935    0.180447    0.367202    0.488664 ^ clkbuf_0_wr_clk/X (sky130_fd_sc_hd__clkbuf_16)
                                                         clknet_0_wr_clk (net)
                      0.180449    0.001095    0.489758 ^ clkbuf_4_12_0_wr_clk/A (sky130_fd_sc_hd__clkbuf_8)
     8    0.034474    0.116594    0.318401    0.808160 ^ clkbuf_4_12_0_wr_clk/X (sky130_fd_sc_hd__clkbuf_8)
                                                         clknet_4_12_0_wr_clk (net)
                      0.116594    0.000158    0.808318 ^ _770_/CLK (sky130_fd_sc_hd__dfrtp_1)
                                  0.250000    1.058318   clock uncertainty
                                  0.000000    1.058318   clock reconvergence pessimism
                                  0.718178    1.776496   library removal time
                                              1.776496   data required time
---------------------------------------------------------------------------------------------
                                              1.776496   data required time
                                             -3.887824   data arrival time
---------------------------------------------------------------------------------------------
                                              2.111329   slack (MET)


Startpoint: arst_n (input port clocked by wr_clk)
Endpoint: _772_ (removal check against rising-edge clock wr_clk)
Path Group: asynchronous
Path Type: min

Fanout         Cap        Slew       Delay        Time   Description
---------------------------------------------------------------------------------------------
                                  0.000000    0.000000   clock wr_clk (rise edge)
                                  0.000000    0.000000   clock network delay (propagated)
                                  2.000000    2.000000 ^ input external delay
     1    0.002701    0.031606    0.015250    2.015250 ^ arst_n (in)
                                                         arst_n (net)
                      0.031606    0.000000    2.015250 ^ input11/A (sky130_fd_sc_hd__clkbuf_1)
     1    0.002196    0.062309    0.124921    2.140172 ^ input11/X (sky130_fd_sc_hd__clkbuf_1)
                                                         net11 (net)
                      0.062309    0.000020    2.140192 ^ fanout76/A (sky130_fd_sc_hd__buf_2)
     5    0.036066    0.285582    0.349105    2.489297 ^ fanout76/X (sky130_fd_sc_hd__buf_2)
                                                         net76 (net)
                      0.285582    0.000340    2.489637 ^ fanout75/A (sky130_fd_sc_hd__buf_2)
     6    0.041663    0.327934    0.477517    2.967154 ^ fanout75/X (sky130_fd_sc_hd__buf_2)
                                                         net75 (net)
                      0.327934    0.000183    2.967336 ^ fanout74/A (sky130_fd_sc_hd__buf_2)
     7    0.035551    0.282467    0.462602    3.429938 ^ fanout74/X (sky130_fd_sc_hd__buf_2)
                                                         net74 (net)
                      0.282467    0.000159    3.430097 ^ fanout73/A (sky130_fd_sc_hd__clkbuf_4)
    10    0.043896    0.221983    0.456342    3.886439 ^ fanout73/X (sky130_fd_sc_hd__clkbuf_4)
                                                         net73 (net)
                      0.221987    0.001376    3.887815 ^ _772_/RESET_B (sky130_fd_sc_hd__dfrtp_1)
                                              3.887815   data arrival time

                                  0.000000    0.000000   clock wr_clk (rise edge)
                                  0.000000    0.000000   clock source latency
     1    0.023797    0.176583    0.121462    0.121462 ^ wr_clk (in)
                                                         wr_clk (net)
                      0.176607    0.000000    0.121462 ^ clkbuf_0_wr_clk/A (sky130_fd_sc_hd__clkbuf_16)
    16    0.102935    0.180447    0.367202    0.488664 ^ clkbuf_0_wr_clk/X (sky130_fd_sc_hd__clkbuf_16)
                                                         clknet_0_wr_clk (net)
                      0.180449    0.001095    0.489758 ^ clkbuf_4_12_0_wr_clk/A (sky130_fd_sc_hd__clkbuf_8)
     8    0.034474    0.116594    0.318401    0.808160 ^ clkbuf_4_12_0_wr_clk/X (sky130_fd_sc_hd__clkbuf_8)
                                                         clknet_4_12_0_wr_clk (net)
                      0.116594    0.000078    0.808238 ^ _772_/CLK (sky130_fd_sc_hd__dfrtp_1)
                                  0.250000    1.058238   clock uncertainty
                                  0.000000    1.058238   clock reconvergence pessimism
                                  0.718178    1.776416   library removal time
                                              1.776416   data required time
---------------------------------------------------------------------------------------------
                                              1.776416   data required time
                                             -3.887815   data arrival time
---------------------------------------------------------------------------------------------
                                              2.111399   slack (MET)


Startpoint: arst_n (input port clocked by wr_clk)
Endpoint: _787_ (removal check against rising-edge clock wr_clk)
Path Group: asynchronous
Path Type: min

Fanout         Cap        Slew       Delay        Time   Description
---------------------------------------------------------------------------------------------
                                  0.000000    0.000000   clock wr_clk (rise edge)
                                  0.000000    0.000000   clock network delay (propagated)
                                  2.000000    2.000000 ^ input external delay
     1    0.002701    0.031606    0.015250    2.015250 ^ arst_n (in)
                                                         arst_n (net)
                      0.031606    0.000000    2.015250 ^ input11/A (sky130_fd_sc_hd__clkbuf_1)
     1    0.002196    0.062309    0.124921    2.140172 ^ input11/X (sky130_fd_sc_hd__clkbuf_1)
                                                         net11 (net)
                      0.062309    0.000020    2.140192 ^ fanout76/A (sky130_fd_sc_hd__buf_2)
     5    0.036066    0.285582    0.349105    2.489297 ^ fanout76/X (sky130_fd_sc_hd__buf_2)
                                                         net76 (net)
                      0.285582    0.000340    2.489637 ^ fanout75/A (sky130_fd_sc_hd__buf_2)
     6    0.041663    0.327934    0.477517    2.967154 ^ fanout75/X (sky130_fd_sc_hd__buf_2)
                                                         net75 (net)
                      0.327934    0.000183    2.967336 ^ fanout74/A (sky130_fd_sc_hd__buf_2)
     7    0.035551    0.282467    0.462602    3.429938 ^ fanout74/X (sky130_fd_sc_hd__buf_2)
                                                         net74 (net)
                      0.282467    0.000159    3.430097 ^ fanout73/A (sky130_fd_sc_hd__clkbuf_4)
    10    0.043896    0.221983    0.456342    3.886439 ^ fanout73/X (sky130_fd_sc_hd__clkbuf_4)
                                                         net73 (net)
                      0.221983    0.000646    3.887085 ^ _787_/RESET_B (sky130_fd_sc_hd__dfrtp_1)
                                              3.887085   data arrival time

                                  0.000000    0.000000   clock wr_clk (rise edge)
                                  0.000000    0.000000   clock source latency
     1    0.023797    0.176583    0.121462    0.121462 ^ wr_clk (in)
                                                         wr_clk (net)
                      0.176607    0.000000    0.121462 ^ clkbuf_0_wr_clk/A (sky130_fd_sc_hd__clkbuf_16)
    16    0.102935    0.180447    0.367202    0.488664 ^ clkbuf_0_wr_clk/X (sky130_fd_sc_hd__clkbuf_16)
                                                         clknet_0_wr_clk (net)
                      0.180454    0.001426    0.490090 ^ clkbuf_4_15_0_wr_clk/A (sky130_fd_sc_hd__clkbuf_8)
     7    0.032701    0.112391    0.315079    0.805170 ^ clkbuf_4_15_0_wr_clk/X (sky130_fd_sc_hd__clkbuf_8)
                                                         clknet_4_15_0_wr_clk (net)
                      0.112391    0.000274    0.805444 ^ _787_/CLK (sky130_fd_sc_hd__dfrtp_1)
                                  0.250000    1.055444   clock uncertainty
                                  0.000000    1.055444   clock reconvergence pessimism
                                  0.716911    1.772355   library removal time
                                              1.772355   data required time
---------------------------------------------------------------------------------------------
                                              1.772355   data required time
                                             -3.887085   data arrival time
---------------------------------------------------------------------------------------------
                                              2.114730   slack (MET)


Startpoint: arst_n (input port clocked by wr_clk)
Endpoint: _793_ (removal check against rising-edge clock wr_clk)
Path Group: asynchronous
Path Type: min

Fanout         Cap        Slew       Delay        Time   Description
---------------------------------------------------------------------------------------------
                                  0.000000    0.000000   clock wr_clk (rise edge)
                                  0.000000    0.000000   clock network delay (propagated)
                                  2.000000    2.000000 ^ input external delay
     1    0.002701    0.031606    0.015250    2.015250 ^ arst_n (in)
                                                         arst_n (net)
                      0.031606    0.000000    2.015250 ^ input11/A (sky130_fd_sc_hd__clkbuf_1)
     1    0.002196    0.062309    0.124921    2.140172 ^ input11/X (sky130_fd_sc_hd__clkbuf_1)
                                                         net11 (net)
                      0.062309    0.000020    2.140192 ^ fanout76/A (sky130_fd_sc_hd__buf_2)
     5    0.036066    0.285582    0.349105    2.489297 ^ fanout76/X (sky130_fd_sc_hd__buf_2)
                                                         net76 (net)
                      0.285582    0.000340    2.489637 ^ fanout75/A (sky130_fd_sc_hd__buf_2)
     6    0.041663    0.327934    0.477517    2.967154 ^ fanout75/X (sky130_fd_sc_hd__buf_2)
                                                         net75 (net)
                      0.327934    0.000183    2.967336 ^ fanout74/A (sky130_fd_sc_hd__buf_2)
     7    0.035551    0.282467    0.462602    3.429938 ^ fanout74/X (sky130_fd_sc_hd__buf_2)
                                                         net74 (net)
                      0.282467    0.000159    3.430097 ^ fanout73/A (sky130_fd_sc_hd__clkbuf_4)
    10    0.043896    0.221983    0.456342    3.886439 ^ fanout73/X (sky130_fd_sc_hd__clkbuf_4)
                                                         net73 (net)
                      0.221983    0.000672    3.887111 ^ _793_/RESET_B (sky130_fd_sc_hd__dfrtp_2)
                                              3.887111   data arrival time

                                  0.000000    0.000000   clock wr_clk (rise edge)
                                  0.000000    0.000000   clock source latency
     1    0.023797    0.176583    0.121462    0.121462 ^ wr_clk (in)
                                                         wr_clk (net)
                      0.176607    0.000000    0.121462 ^ clkbuf_0_wr_clk/A (sky130_fd_sc_hd__clkbuf_16)
    16    0.102935    0.180447    0.367202    0.488664 ^ clkbuf_0_wr_clk/X (sky130_fd_sc_hd__clkbuf_16)
                                                         clknet_0_wr_clk (net)
                      0.180454    0.001426    0.490090 ^ clkbuf_4_15_0_wr_clk/A (sky130_fd_sc_hd__clkbuf_8)
     7    0.032701    0.112391    0.315079    0.805170 ^ clkbuf_4_15_0_wr_clk/X (sky130_fd_sc_hd__clkbuf_8)
                                                         clknet_4_15_0_wr_clk (net)
                      0.112391    0.000296    0.805466 ^ _793_/CLK (sky130_fd_sc_hd__dfrtp_2)
                                  0.250000    1.055466   clock uncertainty
                                  0.000000    1.055466   clock reconvergence pessimism
                                  0.716768    1.772234   library removal time
                                              1.772234   data required time
---------------------------------------------------------------------------------------------
                                              1.772234   data required time
                                             -3.887111   data arrival time
---------------------------------------------------------------------------------------------
                                              2.114877   slack (MET)


Startpoint: arst_n (input port clocked by wr_clk)
Endpoint: _761_ (removal check against rising-edge clock wr_clk)
Path Group: asynchronous
Path Type: min

Fanout         Cap        Slew       Delay        Time   Description
---------------------------------------------------------------------------------------------
                                  0.000000    0.000000   clock wr_clk (rise edge)
                                  0.000000    0.000000   clock network delay (propagated)
                                  2.000000    2.000000 ^ input external delay
     1    0.002701    0.031606    0.015250    2.015250 ^ arst_n (in)
                                                         arst_n (net)
                      0.031606    0.000000    2.015250 ^ input11/A (sky130_fd_sc_hd__clkbuf_1)
     1    0.002196    0.062309    0.124921    2.140172 ^ input11/X (sky130_fd_sc_hd__clkbuf_1)
                                                         net11 (net)
                      0.062309    0.000020    2.140192 ^ fanout76/A (sky130_fd_sc_hd__buf_2)
     5    0.036066    0.285582    0.349105    2.489297 ^ fanout76/X (sky130_fd_sc_hd__buf_2)
                                                         net76 (net)
                      0.285582    0.000340    2.489637 ^ fanout75/A (sky130_fd_sc_hd__buf_2)
     6    0.041663    0.327934    0.477517    2.967154 ^ fanout75/X (sky130_fd_sc_hd__buf_2)
                                                         net75 (net)
                      0.327934    0.000183    2.967336 ^ fanout74/A (sky130_fd_sc_hd__buf_2)
     7    0.035551    0.282467    0.462602    3.429938 ^ fanout74/X (sky130_fd_sc_hd__buf_2)
                                                         net74 (net)
                      0.282467    0.000159    3.430097 ^ fanout73/A (sky130_fd_sc_hd__clkbuf_4)
    10    0.043896    0.221983    0.456342    3.886439 ^ fanout73/X (sky130_fd_sc_hd__clkbuf_4)
                                                         net73 (net)
                      0.221983    0.000091    3.886529 ^ fanout72/A (sky130_fd_sc_hd__clkbuf_4)
    10    0.041899    0.212728    0.423650    4.310180 ^ fanout72/X (sky130_fd_sc_hd__clkbuf_4)
                                                         net72 (net)
                      0.212728    0.000650    4.310830 ^ _761_/RESET_B (sky130_fd_sc_hd__dfrtp_4)
                                              4.310830   data arrival time

                                  0.000000    0.000000   clock wr_clk (rise edge)
                                  0.000000    0.000000   clock source latency
     1    0.023797    0.176583    0.121462    0.121462 ^ wr_clk (in)
                                                         wr_clk (net)
                      0.176607    0.000000    0.121462 ^ clkbuf_0_wr_clk/A (sky130_fd_sc_hd__clkbuf_16)
    16    0.102935    0.180447    0.367202    0.488664 ^ clkbuf_0_wr_clk/X (sky130_fd_sc_hd__clkbuf_16)
                                                         clknet_0_wr_clk (net)
                      0.180454    0.001401    0.490065 ^ clkbuf_4_14_0_wr_clk/A (sky130_fd_sc_hd__clkbuf_8)
     6    0.034532    0.116639    0.318207    0.808272 ^ clkbuf_4_14_0_wr_clk/X (sky130_fd_sc_hd__clkbuf_8)
                                                         clknet_4_14_0_wr_clk (net)
                      0.116641    0.000711    0.808983 ^ _761_/CLK (sky130_fd_sc_hd__dfrtp_4)
                                  0.250000    1.058983   clock uncertainty
                                  0.000000    1.058983   clock reconvergence pessimism
                                  0.716966    1.775949   library removal time
                                              1.775949   data required time
---------------------------------------------------------------------------------------------
                                              1.775949   data required time
                                             -4.310830   data arrival time
---------------------------------------------------------------------------------------------
                                              2.534881   slack (MET)


Startpoint: arst_n (input port clocked by wr_clk)
Endpoint: _788_ (removal check against rising-edge clock wr_clk)
Path Group: asynchronous
Path Type: min

Fanout         Cap        Slew       Delay        Time   Description
---------------------------------------------------------------------------------------------
                                  0.000000    0.000000   clock wr_clk (rise edge)
                                  0.000000    0.000000   clock network delay (propagated)
                                  2.000000    2.000000 ^ input external delay
     1    0.002701    0.031606    0.015250    2.015250 ^ arst_n (in)
                                                         arst_n (net)
                      0.031606    0.000000    2.015250 ^ input11/A (sky130_fd_sc_hd__clkbuf_1)
     1    0.002196    0.062309    0.124921    2.140172 ^ input11/X (sky130_fd_sc_hd__clkbuf_1)
                                                         net11 (net)
                      0.062309    0.000020    2.140192 ^ fanout76/A (sky130_fd_sc_hd__buf_2)
     5    0.036066    0.285582    0.349105    2.489297 ^ fanout76/X (sky130_fd_sc_hd__buf_2)
                                                         net76 (net)
                      0.285582    0.000340    2.489637 ^ fanout75/A (sky130_fd_sc_hd__buf_2)
     6    0.041663    0.327934    0.477517    2.967154 ^ fanout75/X (sky130_fd_sc_hd__buf_2)
                                                         net75 (net)
                      0.327934    0.000183    2.967336 ^ fanout74/A (sky130_fd_sc_hd__buf_2)
     7    0.035551    0.282467    0.462602    3.429938 ^ fanout74/X (sky130_fd_sc_hd__buf_2)
                                                         net74 (net)
                      0.282467    0.000159    3.430097 ^ fanout73/A (sky130_fd_sc_hd__clkbuf_4)
    10    0.043896    0.221983    0.456342    3.886439 ^ fanout73/X (sky130_fd_sc_hd__clkbuf_4)
                                                         net73 (net)
                      0.221983    0.000091    3.886529 ^ fanout72/A (sky130_fd_sc_hd__clkbuf_4)
    10    0.041899    0.212728    0.423650    4.310180 ^ fanout72/X (sky130_fd_sc_hd__clkbuf_4)
                                                         net72 (net)
                      0.212728    0.000699    4.310878 ^ _788_/RESET_B (sky130_fd_sc_hd__dfrtp_1)
                                              4.310878   data arrival time

                                  0.000000    0.000000   clock wr_clk (rise edge)
                                  0.000000    0.000000   clock source latency
     1    0.023797    0.176583    0.121462    0.121462 ^ wr_clk (in)
                                                         wr_clk (net)
                      0.176607    0.000000    0.121462 ^ clkbuf_0_wr_clk/A (sky130_fd_sc_hd__clkbuf_16)
    16    0.102935    0.180447    0.367202    0.488664 ^ clkbuf_0_wr_clk/X (sky130_fd_sc_hd__clkbuf_16)
                                                         clknet_0_wr_clk (net)
                      0.180454    0.001401    0.490065 ^ clkbuf_4_14_0_wr_clk/A (sky130_fd_sc_hd__clkbuf_8)
     6    0.034532    0.116639    0.318207    0.808272 ^ clkbuf_4_14_0_wr_clk/X (sky130_fd_sc_hd__clkbuf_8)
                                                         clknet_4_14_0_wr_clk (net)
                      0.116643    0.000852    0.809124 ^ _788_/CLK (sky130_fd_sc_hd__dfrtp_1)
                                  0.250000    1.059124   clock uncertainty
                                  0.000000    1.059124   clock reconvergence pessimism
                                  0.715350    1.774474   library removal time
                                              1.774474   data required time
---------------------------------------------------------------------------------------------
                                              1.774474   data required time
                                             -4.310878   data arrival time
---------------------------------------------------------------------------------------------
                                              2.536405   slack (MET)


Startpoint: arst_n (input port clocked by wr_clk)
Endpoint: _786_ (removal check against rising-edge clock wr_clk)
Path Group: asynchronous
Path Type: min

Fanout         Cap        Slew       Delay        Time   Description
---------------------------------------------------------------------------------------------
                                  0.000000    0.000000   clock wr_clk (rise edge)
                                  0.000000    0.000000   clock network delay (propagated)
                                  2.000000    2.000000 ^ input external delay
     1    0.002701    0.031606    0.015250    2.015250 ^ arst_n (in)
                                                         arst_n (net)
                      0.031606    0.000000    2.015250 ^ input11/A (sky130_fd_sc_hd__clkbuf_1)
     1    0.002196    0.062309    0.124921    2.140172 ^ input11/X (sky130_fd_sc_hd__clkbuf_1)
                                                         net11 (net)
                      0.062309    0.000020    2.140192 ^ fanout76/A (sky130_fd_sc_hd__buf_2)
     5    0.036066    0.285582    0.349105    2.489297 ^ fanout76/X (sky130_fd_sc_hd__buf_2)
                                                         net76 (net)
                      0.285582    0.000340    2.489637 ^ fanout75/A (sky130_fd_sc_hd__buf_2)
     6    0.041663    0.327934    0.477517    2.967154 ^ fanout75/X (sky130_fd_sc_hd__buf_2)
                                                         net75 (net)
                      0.327934    0.000183    2.967336 ^ fanout74/A (sky130_fd_sc_hd__buf_2)
     7    0.035551    0.282467    0.462602    3.429938 ^ fanout74/X (sky130_fd_sc_hd__buf_2)
                                                         net74 (net)
                      0.282467    0.000159    3.430097 ^ fanout73/A (sky130_fd_sc_hd__clkbuf_4)
    10    0.043896    0.221983    0.456342    3.886439 ^ fanout73/X (sky130_fd_sc_hd__clkbuf_4)
                                                         net73 (net)
                      0.221983    0.000091    3.886529 ^ fanout72/A (sky130_fd_sc_hd__clkbuf_4)
    10    0.041899    0.212728    0.423650    4.310180 ^ fanout72/X (sky130_fd_sc_hd__clkbuf_4)
                                                         net72 (net)
                      0.212728    0.000626    4.310806 ^ _786_/RESET_B (sky130_fd_sc_hd__dfrtp_1)
                                              4.310806   data arrival time

                                  0.000000    0.000000   clock wr_clk (rise edge)
                                  0.000000    0.000000   clock source latency
     1    0.023797    0.176583    0.121462    0.121462 ^ wr_clk (in)
                                                         wr_clk (net)
                      0.176607    0.000000    0.121462 ^ clkbuf_0_wr_clk/A (sky130_fd_sc_hd__clkbuf_16)
    16    0.102935    0.180447    0.367202    0.488664 ^ clkbuf_0_wr_clk/X (sky130_fd_sc_hd__clkbuf_16)
                                                         clknet_0_wr_clk (net)
                      0.180454    0.001401    0.490065 ^ clkbuf_4_14_0_wr_clk/A (sky130_fd_sc_hd__clkbuf_8)
     6    0.034532    0.116639    0.318207    0.808272 ^ clkbuf_4_14_0_wr_clk/X (sky130_fd_sc_hd__clkbuf_8)
                                                         clknet_4_14_0_wr_clk (net)
                      0.116642    0.000773    0.809045 ^ _786_/CLK (sky130_fd_sc_hd__dfrtp_1)
                                  0.250000    1.059045   clock uncertainty
                                  0.000000    1.059045   clock reconvergence pessimism
                                  0.715350    1.774395   library removal time
                                              1.774395   data required time
---------------------------------------------------------------------------------------------
                                              1.774395   data required time
                                             -4.310806   data arrival time
---------------------------------------------------------------------------------------------
                                              2.536411   slack (MET)


Startpoint: _756_ (rising edge-triggered flip-flop clocked by wr_clk)
Endpoint: afull (output port clocked by wr_clk)
Path Group: wr_clk
Path Type: min

Fanout         Cap        Slew       Delay        Time   Description
---------------------------------------------------------------------------------------------
                                  0.000000    0.000000   clock wr_clk (rise edge)
                                  0.000000    0.000000   clock source latency
     1    0.023797    0.176583    0.121462    0.121462 ^ wr_clk (in)
                                                         wr_clk (net)
                      0.176607    0.000000    0.121462 ^ clkbuf_0_wr_clk/A (sky130_fd_sc_hd__clkbuf_16)
    16    0.102935    0.180447    0.367202    0.488664 ^ clkbuf_0_wr_clk/X (sky130_fd_sc_hd__clkbuf_16)
                                                         clknet_0_wr_clk (net)
                      0.180454    0.001426    0.490090 ^ clkbuf_4_15_0_wr_clk/A (sky130_fd_sc_hd__clkbuf_8)
     7    0.032701    0.112391    0.315079    0.805170 ^ clkbuf_4_15_0_wr_clk/X (sky130_fd_sc_hd__clkbuf_8)
                                                         clknet_4_15_0_wr_clk (net)
                      0.112391    0.000254    0.805424 ^ _756_/CLK (sky130_fd_sc_hd__dfrtp_1)
     1    0.002113    0.070491    0.645207    1.450631 ^ _756_/Q (sky130_fd_sc_hd__dfrtp_1)
                                                         net24 (net)
                      0.070491    0.000019    1.450650 ^ output24/A (sky130_fd_sc_hd__buf_2)
     1    0.033924    0.269490    0.342247    1.792897 ^ output24/X (sky130_fd_sc_hd__buf_2)
                                                         afull (net)
                      0.269490    0.000181    1.793078 ^ afull (out)
                                              1.793078   data arrival time

                                  0.000000    0.000000   clock wr_clk (rise edge)
                                  0.000000    0.000000   clock network delay (propagated)
                                  0.250000    0.250000   clock uncertainty
                                  0.000000    0.250000   clock reconvergence pessimism
                                 -2.000000   -1.750000   output external delay
                                             -1.750000   data required time
---------------------------------------------------------------------------------------------
                                             -1.750000   data required time
                                             -1.793078   data arrival time
---------------------------------------------------------------------------------------------
                                              3.543078   slack (MET)


Startpoint: _755_ (rising edge-triggered flip-flop clocked by wr_clk)
Endpoint: full (output port clocked by wr_clk)
Path Group: wr_clk
Path Type: min

Fanout         Cap        Slew       Delay        Time   Description
---------------------------------------------------------------------------------------------
                                  0.000000    0.000000   clock wr_clk (rise edge)
                                  0.000000    0.000000   clock source latency
     1    0.023797    0.176583    0.121462    0.121462 ^ wr_clk (in)
                                                         wr_clk (net)
                      0.176607    0.000000    0.121462 ^ clkbuf_0_wr_clk/A (sky130_fd_sc_hd__clkbuf_16)
    16    0.102935    0.180447    0.367202    0.488664 ^ clkbuf_0_wr_clk/X (sky130_fd_sc_hd__clkbuf_16)
                                                         clknet_0_wr_clk (net)
                      0.180450    0.001181    0.489845 ^ clkbuf_4_13_0_wr_clk/A (sky130_fd_sc_hd__clkbuf_8)
     8    0.039976    0.129768    0.328448    0.818293 ^ clkbuf_4_13_0_wr_clk/X (sky130_fd_sc_hd__clkbuf_8)
                                                         clknet_4_13_0_wr_clk (net)
                      0.129770    0.000714    0.819007 ^ _755_/CLK (sky130_fd_sc_hd__dfrtp_1)
     2    0.004186    0.095009    0.681742    1.500748 ^ _755_/Q (sky130_fd_sc_hd__dfrtp_1)
                                                         net26 (net)
                      0.095009    0.000035    1.500783 ^ output26/A (sky130_fd_sc_hd__buf_2)
     1    0.034392    0.273056    0.355975    1.856758 ^ output26/X (sky130_fd_sc_hd__buf_2)
                                                         full (net)
                      0.273056    0.000409    1.857167 ^ full (out)
                                              1.857167   data arrival time

                                  0.000000    0.000000   clock wr_clk (rise edge)
                                  0.000000    0.000000   clock network delay (propagated)
                                  0.250000    0.250000   clock uncertainty
                                  0.000000    0.250000   clock reconvergence pessimism
                                 -2.000000   -1.750000   output external delay
                                             -1.750000   data required time
---------------------------------------------------------------------------------------------
                                             -1.750000   data required time
                                             -1.857167   data arrival time
---------------------------------------------------------------------------------------------
                                              3.607167   slack (MET)



