
===========================================================================
report_checks -path_delay min (Hold)
============================================================================
======================= nom_tt_025C_1v80 Corner ===================================

Startpoint: _1160_ (rising edge-triggered flip-flop clocked by wr_clk)
Endpoint: _1165_ (rising edge-triggered flip-flop clocked by wr_clk)
Path Group: wr_clk
Path Type: min

Fanout         Cap        Slew       Delay        Time   Description
---------------------------------------------------------------------------------------------
                      0.150000    0.000000    0.000000   clock wr_clk (rise edge)
                                  0.000000    0.000000   clock network delay (ideal)
                      0.150000    0.000000    0.000000 ^ _1160_/CLK (sky130_fd_sc_hd__dfrtp_2)
     1    0.002005    0.035463    0.363109    0.363109 ^ _1160_/Q (sky130_fd_sc_hd__dfrtp_2)
                                                         rd_gray_sync1[0] (net)
                      0.035463    0.000000    0.363109 ^ _1165_/D (sky130_fd_sc_hd__dfrtp_2)
                                              0.363109   data arrival time

                      0.150000    0.000000    0.000000   clock wr_clk (rise edge)
                                  0.000000    0.000000   clock network delay (ideal)
                                  0.250000    0.250000   clock uncertainty
                                  0.000000    0.250000   clock reconvergence pessimism
                                              0.250000 ^ _1165_/CLK (sky130_fd_sc_hd__dfrtp_2)
                                 -0.018380    0.231620   library hold time
                                              0.231620   data required time
---------------------------------------------------------------------------------------------
                                              0.231620   data required time
                                             -0.363109   data arrival time
---------------------------------------------------------------------------------------------
                                              0.131488   slack (MET)


Startpoint: _1161_ (rising edge-triggered flip-flop clocked by wr_clk)
Endpoint: _1166_ (rising edge-triggered flip-flop clocked by wr_clk)
Path Group: wr_clk
Path Type: min

Fanout         Cap        Slew       Delay        Time   Description
---------------------------------------------------------------------------------------------
                      0.150000    0.000000    0.000000   clock wr_clk (rise edge)
                                  0.000000    0.000000   clock network delay (ideal)
                      0.150000    0.000000    0.000000 ^ _1161_/CLK (sky130_fd_sc_hd__dfrtp_2)
     1    0.002005    0.035463    0.363109    0.363109 ^ _1161_/Q (sky130_fd_sc_hd__dfrtp_2)
                                                         rd_gray_sync1[1] (net)
                      0.035463    0.000000    0.363109 ^ _1166_/D (sky130_fd_sc_hd__dfrtp_2)
                                              0.363109   data arrival time

                      0.150000    0.000000    0.000000   clock wr_clk (rise edge)
                                  0.000000    0.000000   clock network delay (ideal)
                                  0.250000    0.250000   clock uncertainty
                                  0.000000    0.250000   clock reconvergence pessimism
                                              0.250000 ^ _1166_/CLK (sky130_fd_sc_hd__dfrtp_2)
                                 -0.018380    0.231620   library hold time
                                              0.231620   data required time
---------------------------------------------------------------------------------------------
                                              0.231620   data required time
                                             -0.363109   data arrival time
---------------------------------------------------------------------------------------------
                                              0.131488   slack (MET)


Startpoint: _1162_ (rising edge-triggered flip-flop clocked by wr_clk)
Endpoint: _1167_ (rising edge-triggered flip-flop clocked by wr_clk)
Path Group: wr_clk
Path Type: min

Fanout         Cap        Slew       Delay        Time   Description
---------------------------------------------------------------------------------------------
                      0.150000    0.000000    0.000000   clock wr_clk (rise edge)
                                  0.000000    0.000000   clock network delay (ideal)
                      0.150000    0.000000    0.000000 ^ _1162_/CLK (sky130_fd_sc_hd__dfrtp_2)
     1    0.002005    0.035463    0.363109    0.363109 ^ _1162_/Q (sky130_fd_sc_hd__dfrtp_2)
                                                         rd_gray_sync1[2] (net)
                      0.035463    0.000000    0.363109 ^ _1167_/D (sky130_fd_sc_hd__dfrtp_2)
                                              0.363109   data arrival time

                      0.150000    0.000000    0.000000   clock wr_clk (rise edge)
                                  0.000000    0.000000   clock network delay (ideal)
                                  0.250000    0.250000   clock uncertainty
                                  0.000000    0.250000   clock reconvergence pessimism
                                              0.250000 ^ _1167_/CLK (sky130_fd_sc_hd__dfrtp_2)
                                 -0.018380    0.231620   library hold time
                                              0.231620   data required time
---------------------------------------------------------------------------------------------
                                              0.231620   data required time
                                             -0.363109   data arrival time
---------------------------------------------------------------------------------------------
                                              0.131488   slack (MET)


Startpoint: _1163_ (rising edge-triggered flip-flop clocked by wr_clk)
Endpoint: _1168_ (rising edge-triggered flip-flop clocked by wr_clk)
Path Group: wr_clk
Path Type: min

Fanout         Cap        Slew       Delay        Time   Description
---------------------------------------------------------------------------------------------
                      0.150000    0.000000    0.000000   clock wr_clk (rise edge)
                                  0.000000    0.000000   clock network delay (ideal)
                      0.150000    0.000000    0.000000 ^ _1163_/CLK (sky130_fd_sc_hd__dfrtp_2)
     1    0.002005    0.035463    0.363109    0.363109 ^ _1163_/Q (sky130_fd_sc_hd__dfrtp_2)
                                                         rd_gray_sync1[3] (net)
                      0.035463    0.000000    0.363109 ^ _1168_/D (sky130_fd_sc_hd__dfrtp_2)
                                              0.363109   data arrival time

                      0.150000    0.000000    0.000000   clock wr_clk (rise edge)
                                  0.000000    0.000000   clock network delay (ideal)
                                  0.250000    0.250000   clock uncertainty
                                  0.000000    0.250000   clock reconvergence pessimism
                                              0.250000 ^ _1168_/CLK (sky130_fd_sc_hd__dfrtp_2)
                                 -0.018380    0.231620   library hold time
                                              0.231620   data required time
---------------------------------------------------------------------------------------------
                                              0.231620   data required time
                                             -0.363109   data arrival time
---------------------------------------------------------------------------------------------
                                              0.131488   slack (MET)


Startpoint: _1164_ (rising edge-triggered flip-flop clocked by wr_clk)
Endpoint: _1169_ (rising edge-triggered flip-flop clocked by wr_clk)
Path Group: wr_clk
Path Type: min

Fanout         Cap        Slew       Delay        Time   Description
---------------------------------------------------------------------------------------------
                      0.150000    0.000000    0.000000   clock wr_clk (rise edge)
                                  0.000000    0.000000   clock network delay (ideal)
                      0.150000    0.000000    0.000000 ^ _1164_/CLK (sky130_fd_sc_hd__dfrtp_2)
     1    0.002005    0.035463    0.363109    0.363109 ^ _1164_/Q (sky130_fd_sc_hd__dfrtp_2)
                                                         rd_gray_sync1[4] (net)
                      0.035463    0.000000    0.363109 ^ _1169_/D (sky130_fd_sc_hd__dfrtp_2)
                                              0.363109   data arrival time

                      0.150000    0.000000    0.000000   clock wr_clk (rise edge)
                                  0.000000    0.000000   clock network delay (ideal)
                                  0.250000    0.250000   clock uncertainty
                                  0.000000    0.250000   clock reconvergence pessimism
                                              0.250000 ^ _1169_/CLK (sky130_fd_sc_hd__dfrtp_2)
                                 -0.018380    0.231620   library hold time
                                              0.231620   data required time
---------------------------------------------------------------------------------------------
                                              0.231620   data required time
                                             -0.363109   data arrival time
---------------------------------------------------------------------------------------------
                                              0.131488   slack (MET)


Startpoint: _1040_ (rising edge-triggered flip-flop clocked by wr_clk)
Endpoint: _1040_ (rising edge-triggered flip-flop clocked by wr_clk)
Path Group: wr_clk
Path Type: min

Fanout         Cap        Slew       Delay        Time   Description
---------------------------------------------------------------------------------------------
                      0.150000    0.000000    0.000000   clock wr_clk (rise edge)
                                  0.000000    0.000000   clock network delay (ideal)
                      0.150000    0.000000    0.000000 ^ _1040_/CLK (sky130_fd_sc_hd__dfxtp_2)
     2    0.003792    0.035320    0.345028    0.345028 ^ _1040_/Q (sky130_fd_sc_hd__dfxtp_2)
                                                         mem[11][0] (net)
                      0.035320    0.000000    0.345028 ^ _0787_/A1 (sky130_fd_sc_hd__mux2_1)
     1    0.002191    0.038001    0.109009    0.454038 ^ _0787_/X (sky130_fd_sc_hd__mux2_1)
                                                         _0376_ (net)
                      0.038001    0.000000    0.454038 ^ _0788_/A (sky130_fd_sc_hd__buf_1)
     1    0.001674    0.033060    0.068954    0.522992 ^ _0788_/X (sky130_fd_sc_hd__buf_1)
                                                         _0032_ (net)
                      0.033060    0.000000    0.522992 ^ _1040_/D (sky130_fd_sc_hd__dfxtp_2)
                                              0.522992   data arrival time

                      0.150000    0.000000    0.000000   clock wr_clk (rise edge)
                                  0.000000    0.000000   clock network delay (ideal)
                                  0.250000    0.250000   clock uncertainty
                                  0.000000    0.250000   clock reconvergence pessimism
                                              0.250000 ^ _1040_/CLK (sky130_fd_sc_hd__dfxtp_2)
                                 -0.014924    0.235076   library hold time
                                              0.235076   data required time
---------------------------------------------------------------------------------------------
                                              0.235076   data required time
                                             -0.522992   data arrival time
---------------------------------------------------------------------------------------------
                                              0.287915   slack (MET)


Startpoint: _1041_ (rising edge-triggered flip-flop clocked by wr_clk)
Endpoint: _1041_ (rising edge-triggered flip-flop clocked by wr_clk)
Path Group: wr_clk
Path Type: min

Fanout         Cap        Slew       Delay        Time   Description
---------------------------------------------------------------------------------------------
                      0.150000    0.000000    0.000000   clock wr_clk (rise edge)
                                  0.000000    0.000000   clock network delay (ideal)
                      0.150000    0.000000    0.000000 ^ _1041_/CLK (sky130_fd_sc_hd__dfxtp_2)
     2    0.003792    0.035320    0.345028    0.345028 ^ _1041_/Q (sky130_fd_sc_hd__dfxtp_2)
                                                         mem[11][1] (net)
                      0.035320    0.000000    0.345028 ^ _0789_/A1 (sky130_fd_sc_hd__mux2_1)
     1    0.002191    0.038001    0.109009    0.454038 ^ _0789_/X (sky130_fd_sc_hd__mux2_1)
                                                         _0377_ (net)
                      0.038001    0.000000    0.454038 ^ _0790_/A (sky130_fd_sc_hd__buf_1)
     1    0.001674    0.033060    0.068954    0.522992 ^ _0790_/X (sky130_fd_sc_hd__buf_1)
                                                         _0033_ (net)
                      0.033060    0.000000    0.522992 ^ _1041_/D (sky130_fd_sc_hd__dfxtp_2)
                                              0.522992   data arrival time

                      0.150000    0.000000    0.000000   clock wr_clk (rise edge)
                                  0.000000    0.000000   clock network delay (ideal)
                                  0.250000    0.250000   clock uncertainty
                                  0.000000    0.250000   clock reconvergence pessimism
                                              0.250000 ^ _1041_/CLK (sky130_fd_sc_hd__dfxtp_2)
                                 -0.014924    0.235076   library hold time
                                              0.235076   data required time
---------------------------------------------------------------------------------------------
                                              0.235076   data required time
                                             -0.522992   data arrival time
---------------------------------------------------------------------------------------------
                                              0.287915   slack (MET)


Startpoint: _1042_ (rising edge-triggered flip-flop clocked by wr_clk)
Endpoint: _1042_ (rising edge-triggered flip-flop clocked by wr_clk)
Path Group: wr_clk
Path Type: min

Fanout         Cap        Slew       Delay        Time   Description
---------------------------------------------------------------------------------------------
                      0.150000    0.000000    0.000000   clock wr_clk (rise edge)
                                  0.000000    0.000000   clock network delay (ideal)
                      0.150000    0.000000    0.000000 ^ _1042_/CLK (sky130_fd_sc_hd__dfxtp_2)
     2    0.003792    0.035320    0.345028    0.345028 ^ _1042_/Q (sky130_fd_sc_hd__dfxtp_2)
                                                         mem[11][2] (net)
                      0.035320    0.000000    0.345028 ^ _0791_/A1 (sky130_fd_sc_hd__mux2_1)
     1    0.002191    0.038001    0.109009    0.454038 ^ _0791_/X (sky130_fd_sc_hd__mux2_1)
                                                         _0378_ (net)
                      0.038001    0.000000    0.454038 ^ _0792_/A (sky130_fd_sc_hd__buf_1)
     1    0.001674    0.033060    0.068954    0.522992 ^ _0792_/X (sky130_fd_sc_hd__buf_1)
                                                         _0034_ (net)
                      0.033060    0.000000    0.522992 ^ _1042_/D (sky130_fd_sc_hd__dfxtp_2)
                                              0.522992   data arrival time

                      0.150000    0.000000    0.000000   clock wr_clk (rise edge)
                                  0.000000    0.000000   clock network delay (ideal)
                                  0.250000    0.250000   clock uncertainty
                                  0.000000    0.250000   clock reconvergence pessimism
                                              0.250000 ^ _1042_/CLK (sky130_fd_sc_hd__dfxtp_2)
                                 -0.014924    0.235076   library hold time
                                              0.235076   data required time
---------------------------------------------------------------------------------------------
                                              0.235076   data required time
                                             -0.522992   data arrival time
---------------------------------------------------------------------------------------------
                                              0.287915   slack (MET)


Startpoint: _1043_ (rising edge-triggered flip-flop clocked by wr_clk)
Endpoint: _1043_ (rising edge-triggered flip-flop clocked by wr_clk)
Path Group: wr_clk
Path Type: min

Fanout         Cap        Slew       Delay        Time   Description
---------------------------------------------------------------------------------------------
                      0.150000    0.000000    0.000000   clock wr_clk (rise edge)
                                  0.000000    0.000000   clock network delay (ideal)
                      0.150000    0.000000    0.000000 ^ _1043_/CLK (sky130_fd_sc_hd__dfxtp_2)
     2    0.003792    0.035320    0.345028    0.345028 ^ _1043_/Q (sky130_fd_sc_hd__dfxtp_2)
                                                         mem[11][3] (net)
                      0.035320    0.000000    0.345028 ^ _0793_/A1 (sky130_fd_sc_hd__mux2_1)
     1    0.002191    0.038001    0.109009    0.454038 ^ _0793_/X (sky130_fd_sc_hd__mux2_1)
                                                         _0379_ (net)
                      0.038001    0.000000    0.454038 ^ _0794_/A (sky130_fd_sc_hd__buf_1)
     1    0.001674    0.033060    0.068954    0.522992 ^ _0794_/X (sky130_fd_sc_hd__buf_1)
                                                         _0035_ (net)
                      0.033060    0.000000    0.522992 ^ _1043_/D (sky130_fd_sc_hd__dfxtp_2)
                                              0.522992   data arrival time

                      0.150000    0.000000    0.000000   clock wr_clk (rise edge)
                                  0.000000    0.000000   clock network delay (ideal)
                                  0.250000    0.250000   clock uncertainty
                                  0.000000    0.250000   clock reconvergence pessimism
                                              0.250000 ^ _1043_/CLK (sky130_fd_sc_hd__dfxtp_2)
                                 -0.014924    0.235076   library hold time
                                              0.235076   data required time
---------------------------------------------------------------------------------------------
                                              0.235076   data required time
                                             -0.522992   data arrival time
---------------------------------------------------------------------------------------------
                                              0.287915   slack (MET)


Startpoint: _1044_ (rising edge-triggered flip-flop clocked by wr_clk)
Endpoint: _1044_ (rising edge-triggered flip-flop clocked by wr_clk)
Path Group: wr_clk
Path Type: min

Fanout         Cap        Slew       Delay        Time   Description
---------------------------------------------------------------------------------------------
                      0.150000    0.000000    0.000000   clock wr_clk (rise edge)
                                  0.000000    0.000000   clock network delay (ideal)
                      0.150000    0.000000    0.000000 ^ _1044_/CLK (sky130_fd_sc_hd__dfxtp_2)
     2    0.003792    0.035320    0.345028    0.345028 ^ _1044_/Q (sky130_fd_sc_hd__dfxtp_2)
                                                         mem[11][4] (net)
                      0.035320    0.000000    0.345028 ^ _0795_/A1 (sky130_fd_sc_hd__mux2_1)
     1    0.002191    0.038001    0.109009    0.454038 ^ _0795_/X (sky130_fd_sc_hd__mux2_1)
                                                         _0380_ (net)
                      0.038001    0.000000    0.454038 ^ _0796_/A (sky130_fd_sc_hd__buf_1)
     1    0.001674    0.033060    0.068954    0.522992 ^ _0796_/X (sky130_fd_sc_hd__buf_1)
                                                         _0036_ (net)
                      0.033060    0.000000    0.522992 ^ _1044_/D (sky130_fd_sc_hd__dfxtp_2)
                                              0.522992   data arrival time

                      0.150000    0.000000    0.000000   clock wr_clk (rise edge)
                                  0.000000    0.000000   clock network delay (ideal)
                                  0.250000    0.250000   clock uncertainty
                                  0.000000    0.250000   clock reconvergence pessimism
                                              0.250000 ^ _1044_/CLK (sky130_fd_sc_hd__dfxtp_2)
                                 -0.014924    0.235076   library hold time
                                              0.235076   data required time
---------------------------------------------------------------------------------------------
                                              0.235076   data required time
                                             -0.522992   data arrival time
---------------------------------------------------------------------------------------------
                                              0.287915   slack (MET)


Startpoint: _1045_ (rising edge-triggered flip-flop clocked by wr_clk)
Endpoint: _1045_ (rising edge-triggered flip-flop clocked by wr_clk)
Path Group: wr_clk
Path Type: min

Fanout         Cap        Slew       Delay        Time   Description
---------------------------------------------------------------------------------------------
                      0.150000    0.000000    0.000000   clock wr_clk (rise edge)
                                  0.000000    0.000000   clock network delay (ideal)
                      0.150000    0.000000    0.000000 ^ _1045_/CLK (sky130_fd_sc_hd__dfxtp_2)
     2    0.003792    0.035320    0.345028    0.345028 ^ _1045_/Q (sky130_fd_sc_hd__dfxtp_2)
                                                         mem[11][5] (net)
                      0.035320    0.000000    0.345028 ^ _0797_/A1 (sky130_fd_sc_hd__mux2_1)
     1    0.002191    0.038001    0.109009    0.454038 ^ _0797_/X (sky130_fd_sc_hd__mux2_1)
                                                         _0381_ (net)
                      0.038001    0.000000    0.454038 ^ _0798_/A (sky130_fd_sc_hd__buf_1)
     1    0.001674    0.033060    0.068954    0.522992 ^ _0798_/X (sky130_fd_sc_hd__buf_1)
                                                         _0037_ (net)
                      0.033060    0.000000    0.522992 ^ _1045_/D (sky130_fd_sc_hd__dfxtp_2)
                                              0.522992   data arrival time

                      0.150000    0.000000    0.000000   clock wr_clk (rise edge)
                                  0.000000    0.000000   clock network delay (ideal)
                                  0.250000    0.250000   clock uncertainty
                                  0.000000    0.250000   clock reconvergence pessimism
                                              0.250000 ^ _1045_/CLK (sky130_fd_sc_hd__dfxtp_2)
                                 -0.014924    0.235076   library hold time
                                              0.235076   data required time
---------------------------------------------------------------------------------------------
                                              0.235076   data required time
                                             -0.522992   data arrival time
---------------------------------------------------------------------------------------------
                                              0.287915   slack (MET)


Startpoint: _1046_ (rising edge-triggered flip-flop clocked by wr_clk)
Endpoint: _1046_ (rising edge-triggered flip-flop clocked by wr_clk)
Path Group: wr_clk
Path Type: min

Fanout         Cap        Slew       Delay        Time   Description
---------------------------------------------------------------------------------------------
                      0.150000    0.000000    0.000000   clock wr_clk (rise edge)
                                  0.000000    0.000000   clock network delay (ideal)
                      0.150000    0.000000    0.000000 ^ _1046_/CLK (sky130_fd_sc_hd__dfxtp_2)
     2    0.003792    0.035320    0.345028    0.345028 ^ _1046_/Q (sky130_fd_sc_hd__dfxtp_2)
                                                         mem[11][6] (net)
                      0.035320    0.000000    0.345028 ^ _0799_/A1 (sky130_fd_sc_hd__mux2_1)
     1    0.002191    0.038001    0.109009    0.454038 ^ _0799_/X (sky130_fd_sc_hd__mux2_1)
                                                         _0382_ (net)
                      0.038001    0.000000    0.454038 ^ _0800_/A (sky130_fd_sc_hd__buf_1)
     1    0.001674    0.033060    0.068954    0.522992 ^ _0800_/X (sky130_fd_sc_hd__buf_1)
                                                         _0038_ (net)
                      0.033060    0.000000    0.522992 ^ _1046_/D (sky130_fd_sc_hd__dfxtp_2)
                                              0.522992   data arrival time

                      0.150000    0.000000    0.000000   clock wr_clk (rise edge)
                                  0.000000    0.000000   clock network delay (ideal)
                                  0.250000    0.250000   clock uncertainty
                                  0.000000    0.250000   clock reconvergence pessimism
                                              0.250000 ^ _1046_/CLK (sky130_fd_sc_hd__dfxtp_2)
                                 -0.014924    0.235076   library hold time
                                              0.235076   data required time
---------------------------------------------------------------------------------------------
                                              0.235076   data required time
                                             -0.522992   data arrival time
---------------------------------------------------------------------------------------------
                                              0.287915   slack (MET)


Startpoint: _1047_ (rising edge-triggered flip-flop clocked by wr_clk)
Endpoint: _1047_ (rising edge-triggered flip-flop clocked by wr_clk)
Path Group: wr_clk
Path Type: min

Fanout         Cap        Slew       Delay        Time   Description
---------------------------------------------------------------------------------------------
                      0.150000    0.000000    0.000000   clock wr_clk (rise edge)
                                  0.000000    0.000000   clock network delay (ideal)
                      0.150000    0.000000    0.000000 ^ _1047_/CLK (sky130_fd_sc_hd__dfxtp_2)
     2    0.003792    0.035320    0.345028    0.345028 ^ _1047_/Q (sky130_fd_sc_hd__dfxtp_2)
                                                         mem[11][7] (net)
                      0.035320    0.000000    0.345028 ^ _0801_/A1 (sky130_fd_sc_hd__mux2_1)
     1    0.002191    0.038001    0.109009    0.454038 ^ _0801_/X (sky130_fd_sc_hd__mux2_1)
                                                         _0383_ (net)
                      0.038001    0.000000    0.454038 ^ _0802_/A (sky130_fd_sc_hd__buf_1)
     1    0.001674    0.033060    0.068954    0.522992 ^ _0802_/X (sky130_fd_sc_hd__buf_1)
                                                         _0039_ (net)
                      0.033060    0.000000    0.522992 ^ _1047_/D (sky130_fd_sc_hd__dfxtp_2)
                                              0.522992   data arrival time

                      0.150000    0.000000    0.000000   clock wr_clk (rise edge)
                                  0.000000    0.000000   clock network delay (ideal)
                                  0.250000    0.250000   clock uncertainty
                                  0.000000    0.250000   clock reconvergence pessimism
                                              0.250000 ^ _1047_/CLK (sky130_fd_sc_hd__dfxtp_2)
                                 -0.014924    0.235076   library hold time
                                              0.235076   data required time
---------------------------------------------------------------------------------------------
                                              0.235076   data required time
                                             -0.522992   data arrival time
---------------------------------------------------------------------------------------------
                                              0.287915   slack (MET)


Startpoint: _1104_ (rising edge-triggered flip-flop clocked by wr_clk)
Endpoint: _1104_ (rising edge-triggered flip-flop clocked by wr_clk)
Path Group: wr_clk
Path Type: min

Fanout         Cap        Slew       Delay        Time   Description
---------------------------------------------------------------------------------------------
                      0.150000    0.000000    0.000000   clock wr_clk (rise edge)
                                  0.000000    0.000000   clock network delay (ideal)
                      0.150000    0.000000    0.000000 ^ _1104_/CLK (sky130_fd_sc_hd__dfxtp_2)
     2    0.003792    0.035320    0.345028    0.345028 ^ _1104_/Q (sky130_fd_sc_hd__dfxtp_2)
                                                         mem[3][0] (net)
                      0.035320    0.000000    0.345028 ^ _0925_/A1 (sky130_fd_sc_hd__mux2_1)
     1    0.002191    0.038001    0.109009    0.454038 ^ _0925_/X (sky130_fd_sc_hd__mux2_1)
                                                         _0450_ (net)
                      0.038001    0.000000    0.454038 ^ _0926_/A (sky130_fd_sc_hd__buf_1)
     1    0.001674    0.033060    0.068954    0.522992 ^ _0926_/X (sky130_fd_sc_hd__buf_1)
                                                         _0096_ (net)
                      0.033060    0.000000    0.522992 ^ _1104_/D (sky130_fd_sc_hd__dfxtp_2)
                                              0.522992   data arrival time

                      0.150000    0.000000    0.000000   clock wr_clk (rise edge)
                                  0.000000    0.000000   clock network delay (ideal)
                                  0.250000    0.250000   clock uncertainty
                                  0.000000    0.250000   clock reconvergence pessimism
                                              0.250000 ^ _1104_/CLK (sky130_fd_sc_hd__dfxtp_2)
                                 -0.014924    0.235076   library hold time
                                              0.235076   data required time
---------------------------------------------------------------------------------------------
                                              0.235076   data required time
                                             -0.522992   data arrival time
---------------------------------------------------------------------------------------------
                                              0.287915   slack (MET)


Startpoint: _1105_ (rising edge-triggered flip-flop clocked by wr_clk)
Endpoint: _1105_ (rising edge-triggered flip-flop clocked by wr_clk)
Path Group: wr_clk
Path Type: min

Fanout         Cap        Slew       Delay        Time   Description
---------------------------------------------------------------------------------------------
                      0.150000    0.000000    0.000000   clock wr_clk (rise edge)
                                  0.000000    0.000000   clock network delay (ideal)
                      0.150000    0.000000    0.000000 ^ _1105_/CLK (sky130_fd_sc_hd__dfxtp_2)
     2    0.003792    0.035320    0.345028    0.345028 ^ _1105_/Q (sky130_fd_sc_hd__dfxtp_2)
                                                         mem[3][1] (net)
                      0.035320    0.000000    0.345028 ^ _0927_/A1 (sky130_fd_sc_hd__mux2_1)
     1    0.002191    0.038001    0.109009    0.454038 ^ _0927_/X (sky130_fd_sc_hd__mux2_1)
                                                         _0451_ (net)
                      0.038001    0.000000    0.454038 ^ _0928_/A (sky130_fd_sc_hd__buf_1)
     1    0.001674    0.033060    0.068954    0.522992 ^ _0928_/X (sky130_fd_sc_hd__buf_1)
                                                         _0097_ (net)
                      0.033060    0.000000    0.522992 ^ _1105_/D (sky130_fd_sc_hd__dfxtp_2)
                                              0.522992   data arrival time

                      0.150000    0.000000    0.000000   clock wr_clk (rise edge)
                                  0.000000    0.000000   clock network delay (ideal)
                                  0.250000    0.250000   clock uncertainty
                                  0.000000    0.250000   clock reconvergence pessimism
                                              0.250000 ^ _1105_/CLK (sky130_fd_sc_hd__dfxtp_2)
                                 -0.014924    0.235076   library hold time
                                              0.235076   data required time
---------------------------------------------------------------------------------------------
                                              0.235076   data required time
                                             -0.522992   data arrival time
---------------------------------------------------------------------------------------------
                                              0.287915   slack (MET)


Startpoint: _1106_ (rising edge-triggered flip-flop clocked by wr_clk)
Endpoint: _1106_ (rising edge-triggered flip-flop clocked by wr_clk)
Path Group: wr_clk
Path Type: min

Fanout         Cap        Slew       Delay        Time   Description
---------------------------------------------------------------------------------------------
                      0.150000    0.000000    0.000000   clock wr_clk (rise edge)
                                  0.000000    0.000000   clock network delay (ideal)
                      0.150000    0.000000    0.000000 ^ _1106_/CLK (sky130_fd_sc_hd__dfxtp_2)
     2    0.003792    0.035320    0.345028    0.345028 ^ _1106_/Q (sky130_fd_sc_hd__dfxtp_2)
                                                         mem[3][2] (net)
                      0.035320    0.000000    0.345028 ^ _0929_/A1 (sky130_fd_sc_hd__mux2_1)
     1    0.002191    0.038001    0.109009    0.454038 ^ _0929_/X (sky130_fd_sc_hd__mux2_1)
                                                         _0452_ (net)
                      0.038001    0.000000    0.454038 ^ _0930_/A (sky130_fd_sc_hd__buf_1)
     1    0.001674    0.033060    0.068954    0.522992 ^ _0930_/X (sky130_fd_sc_hd__buf_1)
                                                         _0098_ (net)
                      0.033060    0.000000    0.522992 ^ _1106_/D (sky130_fd_sc_hd__dfxtp_2)
                                              0.522992   data arrival time

                      0.150000    0.000000    0.000000   clock wr_clk (rise edge)
                                  0.000000    0.000000   clock network delay (ideal)
                                  0.250000    0.250000   clock uncertainty
                                  0.000000    0.250000   clock reconvergence pessimism
                                              0.250000 ^ _1106_/CLK (sky130_fd_sc_hd__dfxtp_2)
                                 -0.014924    0.235076   library hold time
                                              0.235076   data required time
---------------------------------------------------------------------------------------------
                                              0.235076   data required time
                                             -0.522992   data arrival time
---------------------------------------------------------------------------------------------
                                              0.287915   slack (MET)


Startpoint: _1107_ (rising edge-triggered flip-flop clocked by wr_clk)
Endpoint: _1107_ (rising edge-triggered flip-flop clocked by wr_clk)
Path Group: wr_clk
Path Type: min

Fanout         Cap        Slew       Delay        Time   Description
---------------------------------------------------------------------------------------------
                      0.150000    0.000000    0.000000   clock wr_clk (rise edge)
                                  0.000000    0.000000   clock network delay (ideal)
                      0.150000    0.000000    0.000000 ^ _1107_/CLK (sky130_fd_sc_hd__dfxtp_2)
     2    0.003792    0.035320    0.345028    0.345028 ^ _1107_/Q (sky130_fd_sc_hd__dfxtp_2)
                                                         mem[3][3] (net)
                      0.035320    0.000000    0.345028 ^ _0931_/A1 (sky130_fd_sc_hd__mux2_1)
     1    0.002191    0.038001    0.109009    0.454038 ^ _0931_/X (sky130_fd_sc_hd__mux2_1)
                                                         _0453_ (net)
                      0.038001    0.000000    0.454038 ^ _0932_/A (sky130_fd_sc_hd__buf_1)
     1    0.001674    0.033060    0.068954    0.522992 ^ _0932_/X (sky130_fd_sc_hd__buf_1)
                                                         _0099_ (net)
                      0.033060    0.000000    0.522992 ^ _1107_/D (sky130_fd_sc_hd__dfxtp_2)
                                              0.522992   data arrival time

                      0.150000    0.000000    0.000000   clock wr_clk (rise edge)
                                  0.000000    0.000000   clock network delay (ideal)
                                  0.250000    0.250000   clock uncertainty
                                  0.000000    0.250000   clock reconvergence pessimism
                                              0.250000 ^ _1107_/CLK (sky130_fd_sc_hd__dfxtp_2)
                                 -0.014924    0.235076   library hold time
                                              0.235076   data required time
---------------------------------------------------------------------------------------------
                                              0.235076   data required time
                                             -0.522992   data arrival time
---------------------------------------------------------------------------------------------
                                              0.287915   slack (MET)


Startpoint: _1108_ (rising edge-triggered flip-flop clocked by wr_clk)
Endpoint: _1108_ (rising edge-triggered flip-flop clocked by wr_clk)
Path Group: wr_clk
Path Type: min

Fanout         Cap        Slew       Delay        Time   Description
---------------------------------------------------------------------------------------------
                      0.150000    0.000000    0.000000   clock wr_clk (rise edge)
                                  0.000000    0.000000   clock network delay (ideal)
                      0.150000    0.000000    0.000000 ^ _1108_/CLK (sky130_fd_sc_hd__dfxtp_2)
     2    0.003792    0.035320    0.345028    0.345028 ^ _1108_/Q (sky130_fd_sc_hd__dfxtp_2)
                                                         mem[3][4] (net)
                      0.035320    0.000000    0.345028 ^ _0933_/A1 (sky130_fd_sc_hd__mux2_1)
     1    0.002191    0.038001    0.109009    0.454038 ^ _0933_/X (sky130_fd_sc_hd__mux2_1)
                                                         _0454_ (net)
                      0.038001    0.000000    0.454038 ^ _0934_/A (sky130_fd_sc_hd__buf_1)
     1    0.001674    0.033060    0.068954    0.522992 ^ _0934_/X (sky130_fd_sc_hd__buf_1)
                                                         _0100_ (net)
                      0.033060    0.000000    0.522992 ^ _1108_/D (sky130_fd_sc_hd__dfxtp_2)
                                              0.522992   data arrival time

                      0.150000    0.000000    0.000000   clock wr_clk (rise edge)
                                  0.000000    0.000000   clock network delay (ideal)
                                  0.250000    0.250000   clock uncertainty
                                  0.000000    0.250000   clock reconvergence pessimism
                                              0.250000 ^ _1108_/CLK (sky130_fd_sc_hd__dfxtp_2)
                                 -0.014924    0.235076   library hold time
                                              0.235076   data required time
---------------------------------------------------------------------------------------------
                                              0.235076   data required time
                                             -0.522992   data arrival time
---------------------------------------------------------------------------------------------
                                              0.287915   slack (MET)


Startpoint: _1109_ (rising edge-triggered flip-flop clocked by wr_clk)
Endpoint: _1109_ (rising edge-triggered flip-flop clocked by wr_clk)
Path Group: wr_clk
Path Type: min

Fanout         Cap        Slew       Delay        Time   Description
---------------------------------------------------------------------------------------------
                      0.150000    0.000000    0.000000   clock wr_clk (rise edge)
                                  0.000000    0.000000   clock network delay (ideal)
                      0.150000    0.000000    0.000000 ^ _1109_/CLK (sky130_fd_sc_hd__dfxtp_2)
     2    0.003792    0.035320    0.345028    0.345028 ^ _1109_/Q (sky130_fd_sc_hd__dfxtp_2)
                                                         mem[3][5] (net)
                      0.035320    0.000000    0.345028 ^ _0935_/A1 (sky130_fd_sc_hd__mux2_1)
     1    0.002191    0.038001    0.109009    0.454038 ^ _0935_/X (sky130_fd_sc_hd__mux2_1)
                                                         _0455_ (net)
                      0.038001    0.000000    0.454038 ^ _0936_/A (sky130_fd_sc_hd__buf_1)
     1    0.001674    0.033060    0.068954    0.522992 ^ _0936_/X (sky130_fd_sc_hd__buf_1)
                                                         _0101_ (net)
                      0.033060    0.000000    0.522992 ^ _1109_/D (sky130_fd_sc_hd__dfxtp_2)
                                              0.522992   data arrival time

                      0.150000    0.000000    0.000000   clock wr_clk (rise edge)
                                  0.000000    0.000000   clock network delay (ideal)
                                  0.250000    0.250000   clock uncertainty
                                  0.000000    0.250000   clock reconvergence pessimism
                                              0.250000 ^ _1109_/CLK (sky130_fd_sc_hd__dfxtp_2)
                                 -0.014924    0.235076   library hold time
                                              0.235076   data required time
---------------------------------------------------------------------------------------------
                                              0.235076   data required time
                                             -0.522992   data arrival time
---------------------------------------------------------------------------------------------
                                              0.287915   slack (MET)


Startpoint: _1110_ (rising edge-triggered flip-flop clocked by wr_clk)
Endpoint: _1110_ (rising edge-triggered flip-flop clocked by wr_clk)
Path Group: wr_clk
Path Type: min

Fanout         Cap        Slew       Delay        Time   Description
---------------------------------------------------------------------------------------------
                      0.150000    0.000000    0.000000   clock wr_clk (rise edge)
                                  0.000000    0.000000   clock network delay (ideal)
                      0.150000    0.000000    0.000000 ^ _1110_/CLK (sky130_fd_sc_hd__dfxtp_2)
     2    0.003792    0.035320    0.345028    0.345028 ^ _1110_/Q (sky130_fd_sc_hd__dfxtp_2)
                                                         mem[3][6] (net)
                      0.035320    0.000000    0.345028 ^ _0937_/A1 (sky130_fd_sc_hd__mux2_1)
     1    0.002191    0.038001    0.109009    0.454038 ^ _0937_/X (sky130_fd_sc_hd__mux2_1)
                                                         _0456_ (net)
                      0.038001    0.000000    0.454038 ^ _0938_/A (sky130_fd_sc_hd__buf_1)
     1    0.001674    0.033060    0.068954    0.522992 ^ _0938_/X (sky130_fd_sc_hd__buf_1)
                                                         _0102_ (net)
                      0.033060    0.000000    0.522992 ^ _1110_/D (sky130_fd_sc_hd__dfxtp_2)
                                              0.522992   data arrival time

                      0.150000    0.000000    0.000000   clock wr_clk (rise edge)
                                  0.000000    0.000000   clock network delay (ideal)
                                  0.250000    0.250000   clock uncertainty
                                  0.000000    0.250000   clock reconvergence pessimism
                                              0.250000 ^ _1110_/CLK (sky130_fd_sc_hd__dfxtp_2)
                                 -0.014924    0.235076   library hold time
                                              0.235076   data required time
---------------------------------------------------------------------------------------------
                                              0.235076   data required time
                                             -0.522992   data arrival time
---------------------------------------------------------------------------------------------
                                              0.287915   slack (MET)


Startpoint: _1111_ (rising edge-triggered flip-flop clocked by wr_clk)
Endpoint: _1111_ (rising edge-triggered flip-flop clocked by wr_clk)
Path Group: wr_clk
Path Type: min

Fanout         Cap        Slew       Delay        Time   Description
---------------------------------------------------------------------------------------------
                      0.150000    0.000000    0.000000   clock wr_clk (rise edge)
                                  0.000000    0.000000   clock network delay (ideal)
                      0.150000    0.000000    0.000000 ^ _1111_/CLK (sky130_fd_sc_hd__dfxtp_2)
     2    0.003792    0.035320    0.345028    0.345028 ^ _1111_/Q (sky130_fd_sc_hd__dfxtp_2)
                                                         mem[3][7] (net)
                      0.035320    0.000000    0.345028 ^ _0939_/A1 (sky130_fd_sc_hd__mux2_1)
     1    0.002191    0.038001    0.109009    0.454038 ^ _0939_/X (sky130_fd_sc_hd__mux2_1)
                                                         _0457_ (net)
                      0.038001    0.000000    0.454038 ^ _0940_/A (sky130_fd_sc_hd__buf_1)
     1    0.001674    0.033060    0.068954    0.522992 ^ _0940_/X (sky130_fd_sc_hd__buf_1)
                                                         _0103_ (net)
                      0.033060    0.000000    0.522992 ^ _1111_/D (sky130_fd_sc_hd__dfxtp_2)
                                              0.522992   data arrival time

                      0.150000    0.000000    0.000000   clock wr_clk (rise edge)
                                  0.000000    0.000000   clock network delay (ideal)
                                  0.250000    0.250000   clock uncertainty
                                  0.000000    0.250000   clock reconvergence pessimism
                                              0.250000 ^ _1111_/CLK (sky130_fd_sc_hd__dfxtp_2)
                                 -0.014924    0.235076   library hold time
                                              0.235076   data required time
---------------------------------------------------------------------------------------------
                                              0.235076   data required time
                                             -0.522992   data arrival time
---------------------------------------------------------------------------------------------
                                              0.287915   slack (MET)


Startpoint: _1170_ (rising edge-triggered flip-flop clocked by wr_clk)
Endpoint: _1170_ (rising edge-triggered flip-flop clocked by wr_clk)
Path Group: wr_clk
Path Type: min

Fanout         Cap        Slew       Delay        Time   Description
---------------------------------------------------------------------------------------------
                      0.150000    0.000000    0.000000   clock wr_clk (rise edge)
                                  0.000000    0.000000   clock network delay (ideal)
                      0.150000    0.000000    0.000000 ^ _1170_/CLK (sky130_fd_sc_hd__dfxtp_2)
     2    0.003792    0.035320    0.345028    0.345028 ^ _1170_/Q (sky130_fd_sc_hd__dfxtp_2)
                                                         mem[15][0] (net)
                      0.035320    0.000000    0.345028 ^ _0975_/A1 (sky130_fd_sc_hd__mux2_1)
     1    0.002191    0.038037    0.109009    0.454038 ^ _0975_/X (sky130_fd_sc_hd__mux2_1)
                                                         _0476_ (net)
                      0.038037    0.000000    0.454038 ^ _0976_/A (sky130_fd_sc_hd__buf_1)
     1    0.001674    0.033060    0.068967    0.523004 ^ _0976_/X (sky130_fd_sc_hd__buf_1)
                                                         _0120_ (net)
                      0.033060    0.000000    0.523004 ^ _1170_/D (sky130_fd_sc_hd__dfxtp_2)
                                              0.523004   data arrival time

                      0.150000    0.000000    0.000000   clock wr_clk (rise edge)
                                  0.000000    0.000000   clock network delay (ideal)
                                  0.250000    0.250000   clock uncertainty
                                  0.000000    0.250000   clock reconvergence pessimism
                                              0.250000 ^ _1170_/CLK (sky130_fd_sc_hd__dfxtp_2)
                                 -0.014924    0.235076   library hold time
                                              0.235076   data required time
---------------------------------------------------------------------------------------------
                                              0.235076   data required time
                                             -0.523004   data arrival time
---------------------------------------------------------------------------------------------
                                              0.287928   slack (MET)


Startpoint: _1171_ (rising edge-triggered flip-flop clocked by wr_clk)
Endpoint: _1171_ (rising edge-triggered flip-flop clocked by wr_clk)
Path Group: wr_clk
Path Type: min

Fanout         Cap        Slew       Delay        Time   Description
---------------------------------------------------------------------------------------------
                      0.150000    0.000000    0.000000   clock wr_clk (rise edge)
                                  0.000000    0.000000   clock network delay (ideal)
                      0.150000    0.000000    0.000000 ^ _1171_/CLK (sky130_fd_sc_hd__dfxtp_2)
     2    0.003792    0.035320    0.345028    0.345028 ^ _1171_/Q (sky130_fd_sc_hd__dfxtp_2)
                                                         mem[15][1] (net)
                      0.035320    0.000000    0.345028 ^ _0977_/A1 (sky130_fd_sc_hd__mux2_1)
     1    0.002191    0.038037    0.109009    0.454038 ^ _0977_/X (sky130_fd_sc_hd__mux2_1)
                                                         _0477_ (net)
                      0.038037    0.000000    0.454038 ^ _0978_/A (sky130_fd_sc_hd__buf_1)
     1    0.001674    0.033060    0.068967    0.523004 ^ _0978_/X (sky130_fd_sc_hd__buf_1)
                                                         _0121_ (net)
                      0.033060    0.000000    0.523004 ^ _1171_/D (sky130_fd_sc_hd__dfxtp_2)
                                              0.523004   data arrival time

                      0.150000    0.000000    0.000000   clock wr_clk (rise edge)
                                  0.000000    0.000000   clock network delay (ideal)
                                  0.250000    0.250000   clock uncertainty
                                  0.000000    0.250000   clock reconvergence pessimism
                                              0.250000 ^ _1171_/CLK (sky130_fd_sc_hd__dfxtp_2)
                                 -0.014924    0.235076   library hold time
                                              0.235076   data required time
---------------------------------------------------------------------------------------------
                                              0.235076   data required time
                                             -0.523004   data arrival time
---------------------------------------------------------------------------------------------
                                              0.287928   slack (MET)


Startpoint: _1172_ (rising edge-triggered flip-flop clocked by wr_clk)
Endpoint: _1172_ (rising edge-triggered flip-flop clocked by wr_clk)
Path Group: wr_clk
Path Type: min

Fanout         Cap        Slew       Delay        Time   Description
---------------------------------------------------------------------------------------------
                      0.150000    0.000000    0.000000   clock wr_clk (rise edge)
                                  0.000000    0.000000   clock network delay (ideal)
                      0.150000    0.000000    0.000000 ^ _1172_/CLK (sky130_fd_sc_hd__dfxtp_2)
     2    0.003792    0.035320    0.345028    0.345028 ^ _1172_/Q (sky130_fd_sc_hd__dfxtp_2)
                                                         mem[15][2] (net)
                      0.035320    0.000000    0.345028 ^ _0979_/A1 (sky130_fd_sc_hd__mux2_1)
     1    0.002191    0.038037    0.109009    0.454038 ^ _0979_/X (sky130_fd_sc_hd__mux2_1)
                                                         _0478_ (net)
                      0.038037    0.000000    0.454038 ^ _0980_/A (sky130_fd_sc_hd__buf_1)
     1    0.001674    0.033060    0.068967    0.523004 ^ _0980_/X (sky130_fd_sc_hd__buf_1)
                                                         _0122_ (net)
                      0.033060    0.000000    0.523004 ^ _1172_/D (sky130_fd_sc_hd__dfxtp_2)
                                              0.523004   data arrival time

                      0.150000    0.000000    0.000000   clock wr_clk (rise edge)
                                  0.000000    0.000000   clock network delay (ideal)
                                  0.250000    0.250000   clock uncertainty
                                  0.000000    0.250000   clock reconvergence pessimism
                                              0.250000 ^ _1172_/CLK (sky130_fd_sc_hd__dfxtp_2)
                                 -0.014924    0.235076   library hold time
                                              0.235076   data required time
---------------------------------------------------------------------------------------------
                                              0.235076   data required time
                                             -0.523004   data arrival time
---------------------------------------------------------------------------------------------
                                              0.287928   slack (MET)


Startpoint: _1173_ (rising edge-triggered flip-flop clocked by wr_clk)
Endpoint: _1173_ (rising edge-triggered flip-flop clocked by wr_clk)
Path Group: wr_clk
Path Type: min

Fanout         Cap        Slew       Delay        Time   Description
---------------------------------------------------------------------------------------------
                      0.150000    0.000000    0.000000   clock wr_clk (rise edge)
                                  0.000000    0.000000   clock network delay (ideal)
                      0.150000    0.000000    0.000000 ^ _1173_/CLK (sky130_fd_sc_hd__dfxtp_2)
     2    0.003792    0.035320    0.345028    0.345028 ^ _1173_/Q (sky130_fd_sc_hd__dfxtp_2)
                                                         mem[15][3] (net)
                      0.035320    0.000000    0.345028 ^ _0981_/A1 (sky130_fd_sc_hd__mux2_1)
     1    0.002191    0.038037    0.109009    0.454038 ^ _0981_/X (sky130_fd_sc_hd__mux2_1)
                                                         _0479_ (net)
                      0.038037    0.000000    0.454038 ^ _0982_/A (sky130_fd_sc_hd__buf_1)
     1    0.001674    0.033060    0.068967    0.523004 ^ _0982_/X (sky130_fd_sc_hd__buf_1)
                                                         _0123_ (net)
                      0.033060    0.000000    0.523004 ^ _1173_/D (sky130_fd_sc_hd__dfxtp_2)
                                              0.523004   data arrival time

                      0.150000    0.000000    0.000000   clock wr_clk (rise edge)
                                  0.000000    0.000000   clock network delay (ideal)
                                  0.250000    0.250000   clock uncertainty
                                  0.000000    0.250000   clock reconvergence pessimism
                                              0.250000 ^ _1173_/CLK (sky130_fd_sc_hd__dfxtp_2)
                                 -0.014924    0.235076   library hold time
                                              0.235076   data required time
---------------------------------------------------------------------------------------------
                                              0.235076   data required time
                                             -0.523004   data arrival time
---------------------------------------------------------------------------------------------
                                              0.287928   slack (MET)


Startpoint: _1174_ (rising edge-triggered flip-flop clocked by wr_clk)
Endpoint: _1174_ (rising edge-triggered flip-flop clocked by wr_clk)
Path Group: wr_clk
Path Type: min

Fanout         Cap        Slew       Delay        Time   Description
---------------------------------------------------------------------------------------------
                      0.150000    0.000000    0.000000   clock wr_clk (rise edge)
                                  0.000000    0.000000   clock network delay (ideal)
                      0.150000    0.000000    0.000000 ^ _1174_/CLK (sky130_fd_sc_hd__dfxtp_2)
     2    0.003792    0.035320    0.345028    0.345028 ^ _1174_/Q (sky130_fd_sc_hd__dfxtp_2)
                                                         mem[15][4] (net)
                      0.035320    0.000000    0.345028 ^ _0983_/A1 (sky130_fd_sc_hd__mux2_1)
     1    0.002191    0.038037    0.109009    0.454038 ^ _0983_/X (sky130_fd_sc_hd__mux2_1)
                                                         _0480_ (net)
                      0.038037    0.000000    0.454038 ^ _0984_/A (sky130_fd_sc_hd__buf_1)
     1    0.001674    0.033060    0.068967    0.523004 ^ _0984_/X (sky130_fd_sc_hd__buf_1)
                                                         _0124_ (net)
                      0.033060    0.000000    0.523004 ^ _1174_/D (sky130_fd_sc_hd__dfxtp_2)
                                              0.523004   data arrival time

                      0.150000    0.000000    0.000000   clock wr_clk (rise edge)
                                  0.000000    0.000000   clock network delay (ideal)
                                  0.250000    0.250000   clock uncertainty
                                  0.000000    0.250000   clock reconvergence pessimism
                                              0.250000 ^ _1174_/CLK (sky130_fd_sc_hd__dfxtp_2)
                                 -0.014924    0.235076   library hold time
                                              0.235076   data required time
---------------------------------------------------------------------------------------------
                                              0.235076   data required time
                                             -0.523004   data arrival time
---------------------------------------------------------------------------------------------
                                              0.287928   slack (MET)


Startpoint: _1175_ (rising edge-triggered flip-flop clocked by wr_clk)
Endpoint: _1175_ (rising edge-triggered flip-flop clocked by wr_clk)
Path Group: wr_clk
Path Type: min

Fanout         Cap        Slew       Delay        Time   Description
---------------------------------------------------------------------------------------------
                      0.150000    0.000000    0.000000   clock wr_clk (rise edge)
                                  0.000000    0.000000   clock network delay (ideal)
                      0.150000    0.000000    0.000000 ^ _1175_/CLK (sky130_fd_sc_hd__dfxtp_2)
     2    0.003792    0.035320    0.345028    0.345028 ^ _1175_/Q (sky130_fd_sc_hd__dfxtp_2)
                                                         mem[15][5] (net)
                      0.035320    0.000000    0.345028 ^ _0985_/A1 (sky130_fd_sc_hd__mux2_1)
     1    0.002191    0.038037    0.109009    0.454038 ^ _0985_/X (sky130_fd_sc_hd__mux2_1)
                                                         _0481_ (net)
                      0.038037    0.000000    0.454038 ^ _0986_/A (sky130_fd_sc_hd__buf_1)
     1    0.001674    0.033060    0.068967    0.523004 ^ _0986_/X (sky130_fd_sc_hd__buf_1)
                                                         _0125_ (net)
                      0.033060    0.000000    0.523004 ^ _1175_/D (sky130_fd_sc_hd__dfxtp_2)
                                              0.523004   data arrival time

                      0.150000    0.000000    0.000000   clock wr_clk (rise edge)
                                  0.000000    0.000000   clock network delay (ideal)
                                  0.250000    0.250000   clock uncertainty
                                  0.000000    0.250000   clock reconvergence pessimism
                                              0.250000 ^ _1175_/CLK (sky130_fd_sc_hd__dfxtp_2)
                                 -0.014924    0.235076   library hold time
                                              0.235076   data required time
---------------------------------------------------------------------------------------------
                                              0.235076   data required time
                                             -0.523004   data arrival time
---------------------------------------------------------------------------------------------
                                              0.287928   slack (MET)


Startpoint: _1176_ (rising edge-triggered flip-flop clocked by wr_clk)
Endpoint: _1176_ (rising edge-triggered flip-flop clocked by wr_clk)
Path Group: wr_clk
Path Type: min

Fanout         Cap        Slew       Delay        Time   Description
---------------------------------------------------------------------------------------------
                      0.150000    0.000000    0.000000   clock wr_clk (rise edge)
                                  0.000000    0.000000   clock network delay (ideal)
                      0.150000    0.000000    0.000000 ^ _1176_/CLK (sky130_fd_sc_hd__dfxtp_2)
     2    0.003792    0.035320    0.345028    0.345028 ^ _1176_/Q (sky130_fd_sc_hd__dfxtp_2)
                                                         mem[15][6] (net)
                      0.035320    0.000000    0.345028 ^ _0987_/A1 (sky130_fd_sc_hd__mux2_1)
     1    0.002191    0.038037    0.109009    0.454038 ^ _0987_/X (sky130_fd_sc_hd__mux2_1)
                                                         _0482_ (net)
                      0.038037    0.000000    0.454038 ^ _0988_/A (sky130_fd_sc_hd__buf_1)
     1    0.001674    0.033060    0.068967    0.523004 ^ _0988_/X (sky130_fd_sc_hd__buf_1)
                                                         _0126_ (net)
                      0.033060    0.000000    0.523004 ^ _1176_/D (sky130_fd_sc_hd__dfxtp_2)
                                              0.523004   data arrival time

                      0.150000    0.000000    0.000000   clock wr_clk (rise edge)
                                  0.000000    0.000000   clock network delay (ideal)
                                  0.250000    0.250000   clock uncertainty
                                  0.000000    0.250000   clock reconvergence pessimism
                                              0.250000 ^ _1176_/CLK (sky130_fd_sc_hd__dfxtp_2)
                                 -0.014924    0.235076   library hold time
                                              0.235076   data required time
---------------------------------------------------------------------------------------------
                                              0.235076   data required time
                                             -0.523004   data arrival time
---------------------------------------------------------------------------------------------
                                              0.287928   slack (MET)


Startpoint: _1080_ (rising edge-triggered flip-flop clocked by wr_clk)
Endpoint: _1080_ (rising edge-triggered flip-flop clocked by wr_clk)
Path Group: wr_clk
Path Type: min

Fanout         Cap        Slew       Delay        Time   Description
---------------------------------------------------------------------------------------------
                      0.150000    0.000000    0.000000   clock wr_clk (rise edge)
                                  0.000000    0.000000   clock network delay (ideal)
                      0.150000    0.000000    0.000000 ^ _1080_/CLK (sky130_fd_sc_hd__dfxtp_2)
     2    0.003613    0.034534    0.344199    0.344199 ^ _1080_/Q (sky130_fd_sc_hd__dfxtp_2)
                                                         mem[7][0] (net)
                      0.034534    0.000000    0.344199 ^ _0872_/A1 (sky130_fd_sc_hd__mux2_2)
     1    0.002191    0.034743    0.125972    0.470171 ^ _0872_/X (sky130_fd_sc_hd__mux2_2)
                                                         _0421_ (net)
                      0.034743    0.000000    0.470171 ^ _0873_/A (sky130_fd_sc_hd__buf_1)
     1    0.001674    0.033052    0.067818    0.537989 ^ _0873_/X (sky130_fd_sc_hd__buf_1)
                                                         _0072_ (net)
                      0.033052    0.000000    0.537989 ^ _1080_/D (sky130_fd_sc_hd__dfxtp_2)
                                              0.537989   data arrival time

                      0.150000    0.000000    0.000000   clock wr_clk (rise edge)
                                  0.000000    0.000000   clock network delay (ideal)
                                  0.250000    0.250000   clock uncertainty
                                  0.000000    0.250000   clock reconvergence pessimism
                                              0.250000 ^ _1080_/CLK (sky130_fd_sc_hd__dfxtp_2)
                                 -0.014922    0.235078   library hold time
                                              0.235078   data required time
---------------------------------------------------------------------------------------------
                                              0.235078   data required time
                                             -0.537989   data arrival time
---------------------------------------------------------------------------------------------
                                              0.302911   slack (MET)


Startpoint: _1081_ (rising edge-triggered flip-flop clocked by wr_clk)
Endpoint: _1081_ (rising edge-triggered flip-flop clocked by wr_clk)
Path Group: wr_clk
Path Type: min

Fanout         Cap        Slew       Delay        Time   Description
---------------------------------------------------------------------------------------------
                      0.150000    0.000000    0.000000   clock wr_clk (rise edge)
                                  0.000000    0.000000   clock network delay (ideal)
                      0.150000    0.000000    0.000000 ^ _1081_/CLK (sky130_fd_sc_hd__dfxtp_2)
     2    0.003613    0.034534    0.344199    0.344199 ^ _1081_/Q (sky130_fd_sc_hd__dfxtp_2)
                                                         mem[7][1] (net)
                      0.034534    0.000000    0.344199 ^ _0874_/A1 (sky130_fd_sc_hd__mux2_2)
     1    0.002191    0.034743    0.125972    0.470171 ^ _0874_/X (sky130_fd_sc_hd__mux2_2)
                                                         _0422_ (net)
                      0.034743    0.000000    0.470171 ^ _0875_/A (sky130_fd_sc_hd__buf_1)
     1    0.001674    0.033052    0.067818    0.537989 ^ _0875_/X (sky130_fd_sc_hd__buf_1)
                                                         _0073_ (net)
                      0.033052    0.000000    0.537989 ^ _1081_/D (sky130_fd_sc_hd__dfxtp_2)
                                              0.537989   data arrival time

                      0.150000    0.000000    0.000000   clock wr_clk (rise edge)
                                  0.000000    0.000000   clock network delay (ideal)
                                  0.250000    0.250000   clock uncertainty
                                  0.000000    0.250000   clock reconvergence pessimism
                                              0.250000 ^ _1081_/CLK (sky130_fd_sc_hd__dfxtp_2)
                                 -0.014922    0.235078   library hold time
                                              0.235078   data required time
---------------------------------------------------------------------------------------------
                                              0.235078   data required time
                                             -0.537989   data arrival time
---------------------------------------------------------------------------------------------
                                              0.302911   slack (MET)


Startpoint: _1082_ (rising edge-triggered flip-flop clocked by wr_clk)
Endpoint: _1082_ (rising edge-triggered flip-flop clocked by wr_clk)
Path Group: wr_clk
Path Type: min

Fanout         Cap        Slew       Delay        Time   Description
---------------------------------------------------------------------------------------------
                      0.150000    0.000000    0.000000   clock wr_clk (rise edge)
                                  0.000000    0.000000   clock network delay (ideal)
                      0.150000    0.000000    0.000000 ^ _1082_/CLK (sky130_fd_sc_hd__dfxtp_2)
     2    0.003613    0.034534    0.344199    0.344199 ^ _1082_/Q (sky130_fd_sc_hd__dfxtp_2)
                                                         mem[7][2] (net)
                      0.034534    0.000000    0.344199 ^ _0876_/A1 (sky130_fd_sc_hd__mux2_2)
     1    0.002191    0.034743    0.125972    0.470171 ^ _0876_/X (sky130_fd_sc_hd__mux2_2)
                                                         _0423_ (net)
                      0.034743    0.000000    0.470171 ^ _0877_/A (sky130_fd_sc_hd__buf_1)
     1    0.001674    0.033052    0.067818    0.537989 ^ _0877_/X (sky130_fd_sc_hd__buf_1)
                                                         _0074_ (net)
                      0.033052    0.000000    0.537989 ^ _1082_/D (sky130_fd_sc_hd__dfxtp_2)
                                              0.537989   data arrival time

                      0.150000    0.000000    0.000000   clock wr_clk (rise edge)
                                  0.000000    0.000000   clock network delay (ideal)
                                  0.250000    0.250000   clock uncertainty
                                  0.000000    0.250000   clock reconvergence pessimism
                                              0.250000 ^ _1082_/CLK (sky130_fd_sc_hd__dfxtp_2)
                                 -0.014922    0.235078   library hold time
                                              0.235078   data required time
---------------------------------------------------------------------------------------------
                                              0.235078   data required time
                                             -0.537989   data arrival time
---------------------------------------------------------------------------------------------
                                              0.302911   slack (MET)


Startpoint: _1083_ (rising edge-triggered flip-flop clocked by wr_clk)
Endpoint: _1083_ (rising edge-triggered flip-flop clocked by wr_clk)
Path Group: wr_clk
Path Type: min

Fanout         Cap        Slew       Delay        Time   Description
---------------------------------------------------------------------------------------------
                      0.150000    0.000000    0.000000   clock wr_clk (rise edge)
                                  0.000000    0.000000   clock network delay (ideal)
                      0.150000    0.000000    0.000000 ^ _1083_/CLK (sky130_fd_sc_hd__dfxtp_2)
     2    0.003613    0.034534    0.344199    0.344199 ^ _1083_/Q (sky130_fd_sc_hd__dfxtp_2)
                                                         mem[7][3] (net)
                      0.034534    0.000000    0.344199 ^ _0878_/A1 (sky130_fd_sc_hd__mux2_2)
     1    0.002191    0.034743    0.125972    0.470171 ^ _0878_/X (sky130_fd_sc_hd__mux2_2)
                                                         _0424_ (net)
                      0.034743    0.000000    0.470171 ^ _0879_/A (sky130_fd_sc_hd__buf_1)
     1    0.001674    0.033052    0.067818    0.537989 ^ _0879_/X (sky130_fd_sc_hd__buf_1)
                                                         _0075_ (net)
                      0.033052    0.000000    0.537989 ^ _1083_/D (sky130_fd_sc_hd__dfxtp_2)
                                              0.537989   data arrival time

                      0.150000    0.000000    0.000000   clock wr_clk (rise edge)
                                  0.000000    0.000000   clock network delay (ideal)
                                  0.250000    0.250000   clock uncertainty
                                  0.000000    0.250000   clock reconvergence pessimism
                                              0.250000 ^ _1083_/CLK (sky130_fd_sc_hd__dfxtp_2)
                                 -0.014922    0.235078   library hold time
                                              0.235078   data required time
---------------------------------------------------------------------------------------------
                                              0.235078   data required time
                                             -0.537989   data arrival time
---------------------------------------------------------------------------------------------
                                              0.302911   slack (MET)


Startpoint: _1084_ (rising edge-triggered flip-flop clocked by wr_clk)
Endpoint: _1084_ (rising edge-triggered flip-flop clocked by wr_clk)
Path Group: wr_clk
Path Type: min

Fanout         Cap        Slew       Delay        Time   Description
---------------------------------------------------------------------------------------------
                      0.150000    0.000000    0.000000   clock wr_clk (rise edge)
                                  0.000000    0.000000   clock network delay (ideal)
                      0.150000    0.000000    0.000000 ^ _1084_/CLK (sky130_fd_sc_hd__dfxtp_2)
     2    0.003613    0.034534    0.344199    0.344199 ^ _1084_/Q (sky130_fd_sc_hd__dfxtp_2)
                                                         mem[7][4] (net)
                      0.034534    0.000000    0.344199 ^ _0880_/A1 (sky130_fd_sc_hd__mux2_2)
     1    0.002191    0.034743    0.125972    0.470171 ^ _0880_/X (sky130_fd_sc_hd__mux2_2)
                                                         _0425_ (net)
                      0.034743    0.000000    0.470171 ^ _0881_/A (sky130_fd_sc_hd__buf_1)
     1    0.001674    0.033052    0.067818    0.537989 ^ _0881_/X (sky130_fd_sc_hd__buf_1)
                                                         _0076_ (net)
                      0.033052    0.000000    0.537989 ^ _1084_/D (sky130_fd_sc_hd__dfxtp_2)
                                              0.537989   data arrival time

                      0.150000    0.000000    0.000000   clock wr_clk (rise edge)
                                  0.000000    0.000000   clock network delay (ideal)
                                  0.250000    0.250000   clock uncertainty
                                  0.000000    0.250000   clock reconvergence pessimism
                                              0.250000 ^ _1084_/CLK (sky130_fd_sc_hd__dfxtp_2)
                                 -0.014922    0.235078   library hold time
                                              0.235078   data required time
---------------------------------------------------------------------------------------------
                                              0.235078   data required time
                                             -0.537989   data arrival time
---------------------------------------------------------------------------------------------
                                              0.302911   slack (MET)


Startpoint: _1085_ (rising edge-triggered flip-flop clocked by wr_clk)
Endpoint: _1085_ (rising edge-triggered flip-flop clocked by wr_clk)
Path Group: wr_clk
Path Type: min

Fanout         Cap        Slew       Delay        Time   Description
---------------------------------------------------------------------------------------------
                      0.150000    0.000000    0.000000   clock wr_clk (rise edge)
                                  0.000000    0.000000   clock network delay (ideal)
                      0.150000    0.000000    0.000000 ^ _1085_/CLK (sky130_fd_sc_hd__dfxtp_2)
     2    0.003613    0.034534    0.344199    0.344199 ^ _1085_/Q (sky130_fd_sc_hd__dfxtp_2)
                                                         mem[7][5] (net)
                      0.034534    0.000000    0.344199 ^ _0882_/A1 (sky130_fd_sc_hd__mux2_2)
     1    0.002191    0.034743    0.125972    0.470171 ^ _0882_/X (sky130_fd_sc_hd__mux2_2)
                                                         _0426_ (net)
                      0.034743    0.000000    0.470171 ^ _0883_/A (sky130_fd_sc_hd__buf_1)
     1    0.001674    0.033052    0.067818    0.537989 ^ _0883_/X (sky130_fd_sc_hd__buf_1)
                                                         _0077_ (net)
                      0.033052    0.000000    0.537989 ^ _1085_/D (sky130_fd_sc_hd__dfxtp_2)
                                              0.537989   data arrival time

                      0.150000    0.000000    0.000000   clock wr_clk (rise edge)
                                  0.000000    0.000000   clock network delay (ideal)
                                  0.250000    0.250000   clock uncertainty
                                  0.000000    0.250000   clock reconvergence pessimism
                                              0.250000 ^ _1085_/CLK (sky130_fd_sc_hd__dfxtp_2)
                                 -0.014922    0.235078   library hold time
                                              0.235078   data required time
---------------------------------------------------------------------------------------------
                                              0.235078   data required time
                                             -0.537989   data arrival time
---------------------------------------------------------------------------------------------
                                              0.302911   slack (MET)


Startpoint: _1086_ (rising edge-triggered flip-flop clocked by wr_clk)
Endpoint: _1086_ (rising edge-triggered flip-flop clocked by wr_clk)
Path Group: wr_clk
Path Type: min

Fanout         Cap        Slew       Delay        Time   Description
---------------------------------------------------------------------------------------------
                      0.150000    0.000000    0.000000   clock wr_clk (rise edge)
                                  0.000000    0.000000   clock network delay (ideal)
                      0.150000    0.000000    0.000000 ^ _1086_/CLK (sky130_fd_sc_hd__dfxtp_2)
     2    0.003613    0.034534    0.344199    0.344199 ^ _1086_/Q (sky130_fd_sc_hd__dfxtp_2)
                                                         mem[7][6] (net)
                      0.034534    0.000000    0.344199 ^ _0884_/A1 (sky130_fd_sc_hd__mux2_2)
     1    0.002191    0.034743    0.125972    0.470171 ^ _0884_/X (sky130_fd_sc_hd__mux2_2)
                                                         _0427_ (net)
                      0.034743    0.000000    0.470171 ^ _0885_/A (sky130_fd_sc_hd__buf_1)
     1    0.001674    0.033052    0.067818    0.537989 ^ _0885_/X (sky130_fd_sc_hd__buf_1)
                                                         _0078_ (net)
                      0.033052    0.000000    0.537989 ^ _1086_/D (sky130_fd_sc_hd__dfxtp_2)
                                              0.537989   data arrival time

                      0.150000    0.000000    0.000000   clock wr_clk (rise edge)
                                  0.000000    0.000000   clock network delay (ideal)
                                  0.250000    0.250000   clock uncertainty
                                  0.000000    0.250000   clock reconvergence pessimism
                                              0.250000 ^ _1086_/CLK (sky130_fd_sc_hd__dfxtp_2)
                                 -0.014922    0.235078   library hold time
                                              0.235078   data required time
---------------------------------------------------------------------------------------------
                                              0.235078   data required time
                                             -0.537989   data arrival time
---------------------------------------------------------------------------------------------
                                              0.302911   slack (MET)


Startpoint: _1087_ (rising edge-triggered flip-flop clocked by wr_clk)
Endpoint: _1087_ (rising edge-triggered flip-flop clocked by wr_clk)
Path Group: wr_clk
Path Type: min

Fanout         Cap        Slew       Delay        Time   Description
---------------------------------------------------------------------------------------------
                      0.150000    0.000000    0.000000   clock wr_clk (rise edge)
                                  0.000000    0.000000   clock network delay (ideal)
                      0.150000    0.000000    0.000000 ^ _1087_/CLK (sky130_fd_sc_hd__dfxtp_2)
     2    0.003613    0.034534    0.344199    0.344199 ^ _1087_/Q (sky130_fd_sc_hd__dfxtp_2)
                                                         mem[7][7] (net)
                      0.034534    0.000000    0.344199 ^ _0886_/A1 (sky130_fd_sc_hd__mux2_2)
     1    0.002191    0.034743    0.125972    0.470171 ^ _0886_/X (sky130_fd_sc_hd__mux2_2)
                                                         _0428_ (net)
                      0.034743    0.000000    0.470171 ^ _0887_/A (sky130_fd_sc_hd__buf_1)
     1    0.001674    0.033052    0.067818    0.537989 ^ _0887_/X (sky130_fd_sc_hd__buf_1)
                                                         _0079_ (net)
                      0.033052    0.000000    0.537989 ^ _1087_/D (sky130_fd_sc_hd__dfxtp_2)
                                              0.537989   data arrival time

                      0.150000    0.000000    0.000000   clock wr_clk (rise edge)
                                  0.000000    0.000000   clock network delay (ideal)
                                  0.250000    0.250000   clock uncertainty
                                  0.000000    0.250000   clock reconvergence pessimism
                                              0.250000 ^ _1087_/CLK (sky130_fd_sc_hd__dfxtp_2)
                                 -0.014922    0.235078   library hold time
                                              0.235078   data required time
---------------------------------------------------------------------------------------------
                                              0.235078   data required time
                                             -0.537989   data arrival time
---------------------------------------------------------------------------------------------
                                              0.302911   slack (MET)


Startpoint: _1177_ (rising edge-triggered flip-flop clocked by wr_clk)
Endpoint: _1177_ (rising edge-triggered flip-flop clocked by wr_clk)
Path Group: wr_clk
Path Type: min

Fanout         Cap        Slew       Delay        Time   Description
---------------------------------------------------------------------------------------------
                      0.150000    0.000000    0.000000   clock wr_clk (rise edge)
                                  0.000000    0.000000   clock network delay (ideal)
                      0.150000    0.000000    0.000000 ^ _1177_/CLK (sky130_fd_sc_hd__dfxtp_2)
     2    0.003613    0.034534    0.344199    0.344199 ^ _1177_/Q (sky130_fd_sc_hd__dfxtp_2)
                                                         mem[15][7] (net)
                      0.034534    0.000000    0.344199 ^ _0989_/A1 (sky130_fd_sc_hd__mux2_2)
     1    0.002191    0.034752    0.125972    0.470171 ^ _0989_/X (sky130_fd_sc_hd__mux2_2)
                                                         _0483_ (net)
                      0.034752    0.000000    0.470171 ^ _0990_/A (sky130_fd_sc_hd__buf_1)
     1    0.001674    0.033052    0.067821    0.537992 ^ _0990_/X (sky130_fd_sc_hd__buf_1)
                                                         _0127_ (net)
                      0.033052    0.000000    0.537992 ^ _1177_/D (sky130_fd_sc_hd__dfxtp_2)
                                              0.537992   data arrival time

                      0.150000    0.000000    0.000000   clock wr_clk (rise edge)
                                  0.000000    0.000000   clock network delay (ideal)
                                  0.250000    0.250000   clock uncertainty
                                  0.000000    0.250000   clock reconvergence pessimism
                                              0.250000 ^ _1177_/CLK (sky130_fd_sc_hd__dfxtp_2)
                                 -0.014922    0.235078   library hold time
                                              0.235078   data required time
---------------------------------------------------------------------------------------------
                                              0.235078   data required time
                                             -0.537992   data arrival time
---------------------------------------------------------------------------------------------
                                              0.302914   slack (MET)


Startpoint: _1016_ (rising edge-triggered flip-flop clocked by wr_clk)
Endpoint: _1016_ (rising edge-triggered flip-flop clocked by wr_clk)
Path Group: wr_clk
Path Type: min

Fanout         Cap        Slew       Delay        Time   Description
---------------------------------------------------------------------------------------------
                      0.150000    0.000000    0.000000   clock wr_clk (rise edge)
                                  0.000000    0.000000   clock network delay (ideal)
                      0.150000    0.000000    0.000000 ^ _1016_/CLK (sky130_fd_sc_hd__dfxtp_2)
     2    0.003774    0.035241    0.344945    0.344945 ^ _1016_/Q (sky130_fd_sc_hd__dfxtp_2)
                                                         mem[14][0] (net)
                      0.035241    0.000000    0.344945 ^ _0733_/A0 (sky130_fd_sc_hd__mux2_2)
     1    0.002191    0.034732    0.125540    0.470485 ^ _0733_/X (sky130_fd_sc_hd__mux2_2)
                                                         _0346_ (net)
                      0.034732    0.000000    0.470485 ^ _0734_/A (sky130_fd_sc_hd__buf_1)
     1    0.001674    0.033052    0.067814    0.538299 ^ _0734_/X (sky130_fd_sc_hd__buf_1)
                                                         _0008_ (net)
                      0.033052    0.000000    0.538299 ^ _1016_/D (sky130_fd_sc_hd__dfxtp_2)
                                              0.538299   data arrival time

                      0.150000    0.000000    0.000000   clock wr_clk (rise edge)
                                  0.000000    0.000000   clock network delay (ideal)
                                  0.250000    0.250000   clock uncertainty
                                  0.000000    0.250000   clock reconvergence pessimism
                                              0.250000 ^ _1016_/CLK (sky130_fd_sc_hd__dfxtp_2)
                                 -0.014922    0.235078   library hold time
                                              0.235078   data required time
---------------------------------------------------------------------------------------------
                                              0.235078   data required time
                                             -0.538299   data arrival time
---------------------------------------------------------------------------------------------
                                              0.303221   slack (MET)


Startpoint: _1017_ (rising edge-triggered flip-flop clocked by wr_clk)
Endpoint: _1017_ (rising edge-triggered flip-flop clocked by wr_clk)
Path Group: wr_clk
Path Type: min

Fanout         Cap        Slew       Delay        Time   Description
---------------------------------------------------------------------------------------------
                      0.150000    0.000000    0.000000   clock wr_clk (rise edge)
                                  0.000000    0.000000   clock network delay (ideal)
                      0.150000    0.000000    0.000000 ^ _1017_/CLK (sky130_fd_sc_hd__dfxtp_2)
     2    0.003774    0.035241    0.344945    0.344945 ^ _1017_/Q (sky130_fd_sc_hd__dfxtp_2)
                                                         mem[14][1] (net)
                      0.035241    0.000000    0.344945 ^ _0735_/A0 (sky130_fd_sc_hd__mux2_2)
     1    0.002191    0.034732    0.125540    0.470485 ^ _0735_/X (sky130_fd_sc_hd__mux2_2)
                                                         _0347_ (net)
                      0.034732    0.000000    0.470485 ^ _0736_/A (sky130_fd_sc_hd__buf_1)
     1    0.001674    0.033052    0.067814    0.538299 ^ _0736_/X (sky130_fd_sc_hd__buf_1)
                                                         _0009_ (net)
                      0.033052    0.000000    0.538299 ^ _1017_/D (sky130_fd_sc_hd__dfxtp_2)
                                              0.538299   data arrival time

                      0.150000    0.000000    0.000000   clock wr_clk (rise edge)
                                  0.000000    0.000000   clock network delay (ideal)
                                  0.250000    0.250000   clock uncertainty
                                  0.000000    0.250000   clock reconvergence pessimism
                                              0.250000 ^ _1017_/CLK (sky130_fd_sc_hd__dfxtp_2)
                                 -0.014922    0.235078   library hold time
                                              0.235078   data required time
---------------------------------------------------------------------------------------------
                                              0.235078   data required time
                                             -0.538299   data arrival time
---------------------------------------------------------------------------------------------
                                              0.303221   slack (MET)


Startpoint: _1018_ (rising edge-triggered flip-flop clocked by wr_clk)
Endpoint: _1018_ (rising edge-triggered flip-flop clocked by wr_clk)
Path Group: wr_clk
Path Type: min

Fanout         Cap        Slew       Delay        Time   Description
---------------------------------------------------------------------------------------------
                      0.150000    0.000000    0.000000   clock wr_clk (rise edge)
                                  0.000000    0.000000   clock network delay (ideal)
                      0.150000    0.000000    0.000000 ^ _1018_/CLK (sky130_fd_sc_hd__dfxtp_2)
     2    0.003774    0.035241    0.344945    0.344945 ^ _1018_/Q (sky130_fd_sc_hd__dfxtp_2)
                                                         mem[14][2] (net)
                      0.035241    0.000000    0.344945 ^ _0737_/A0 (sky130_fd_sc_hd__mux2_2)
     1    0.002191    0.034732    0.125540    0.470485 ^ _0737_/X (sky130_fd_sc_hd__mux2_2)
                                                         _0348_ (net)
                      0.034732    0.000000    0.470485 ^ _0738_/A (sky130_fd_sc_hd__buf_1)
     1    0.001674    0.033052    0.067814    0.538299 ^ _0738_/X (sky130_fd_sc_hd__buf_1)
                                                         _0010_ (net)
                      0.033052    0.000000    0.538299 ^ _1018_/D (sky130_fd_sc_hd__dfxtp_2)
                                              0.538299   data arrival time

                      0.150000    0.000000    0.000000   clock wr_clk (rise edge)
                                  0.000000    0.000000   clock network delay (ideal)
                                  0.250000    0.250000   clock uncertainty
                                  0.000000    0.250000   clock reconvergence pessimism
                                              0.250000 ^ _1018_/CLK (sky130_fd_sc_hd__dfxtp_2)
                                 -0.014922    0.235078   library hold time
                                              0.235078   data required time
---------------------------------------------------------------------------------------------
                                              0.235078   data required time
                                             -0.538299   data arrival time
---------------------------------------------------------------------------------------------
                                              0.303221   slack (MET)


Startpoint: _1019_ (rising edge-triggered flip-flop clocked by wr_clk)
Endpoint: _1019_ (rising edge-triggered flip-flop clocked by wr_clk)
Path Group: wr_clk
Path Type: min

Fanout         Cap        Slew       Delay        Time   Description
---------------------------------------------------------------------------------------------
                      0.150000    0.000000    0.000000   clock wr_clk (rise edge)
                                  0.000000    0.000000   clock network delay (ideal)
                      0.150000    0.000000    0.000000 ^ _1019_/CLK (sky130_fd_sc_hd__dfxtp_2)
     2    0.003774    0.035241    0.344945    0.344945 ^ _1019_/Q (sky130_fd_sc_hd__dfxtp_2)
                                                         mem[14][3] (net)
                      0.035241    0.000000    0.344945 ^ _0739_/A0 (sky130_fd_sc_hd__mux2_2)
     1    0.002191    0.034732    0.125540    0.470485 ^ _0739_/X (sky130_fd_sc_hd__mux2_2)
                                                         _0349_ (net)
                      0.034732    0.000000    0.470485 ^ _0740_/A (sky130_fd_sc_hd__buf_1)
     1    0.001674    0.033052    0.067814    0.538299 ^ _0740_/X (sky130_fd_sc_hd__buf_1)
                                                         _0011_ (net)
                      0.033052    0.000000    0.538299 ^ _1019_/D (sky130_fd_sc_hd__dfxtp_2)
                                              0.538299   data arrival time

                      0.150000    0.000000    0.000000   clock wr_clk (rise edge)
                                  0.000000    0.000000   clock network delay (ideal)
                                  0.250000    0.250000   clock uncertainty
                                  0.000000    0.250000   clock reconvergence pessimism
                                              0.250000 ^ _1019_/CLK (sky130_fd_sc_hd__dfxtp_2)
                                 -0.014922    0.235078   library hold time
                                              0.235078   data required time
---------------------------------------------------------------------------------------------
                                              0.235078   data required time
                                             -0.538299   data arrival time
---------------------------------------------------------------------------------------------
                                              0.303221   slack (MET)


Startpoint: _1020_ (rising edge-triggered flip-flop clocked by wr_clk)
Endpoint: _1020_ (rising edge-triggered flip-flop clocked by wr_clk)
Path Group: wr_clk
Path Type: min

Fanout         Cap        Slew       Delay        Time   Description
---------------------------------------------------------------------------------------------
                      0.150000    0.000000    0.000000   clock wr_clk (rise edge)
                                  0.000000    0.000000   clock network delay (ideal)
                      0.150000    0.000000    0.000000 ^ _1020_/CLK (sky130_fd_sc_hd__dfxtp_2)
     2    0.003774    0.035241    0.344945    0.344945 ^ _1020_/Q (sky130_fd_sc_hd__dfxtp_2)
                                                         mem[14][4] (net)
                      0.035241    0.000000    0.344945 ^ _0741_/A0 (sky130_fd_sc_hd__mux2_2)
     1    0.002191    0.034732    0.125540    0.470485 ^ _0741_/X (sky130_fd_sc_hd__mux2_2)
                                                         _0350_ (net)
                      0.034732    0.000000    0.470485 ^ _0742_/A (sky130_fd_sc_hd__buf_1)
     1    0.001674    0.033052    0.067814    0.538299 ^ _0742_/X (sky130_fd_sc_hd__buf_1)
                                                         _0012_ (net)
                      0.033052    0.000000    0.538299 ^ _1020_/D (sky130_fd_sc_hd__dfxtp_2)
                                              0.538299   data arrival time

                      0.150000    0.000000    0.000000   clock wr_clk (rise edge)
                                  0.000000    0.000000   clock network delay (ideal)
                                  0.250000    0.250000   clock uncertainty
                                  0.000000    0.250000   clock reconvergence pessimism
                                              0.250000 ^ _1020_/CLK (sky130_fd_sc_hd__dfxtp_2)
                                 -0.014922    0.235078   library hold time
                                              0.235078   data required time
---------------------------------------------------------------------------------------------
                                              0.235078   data required time
                                             -0.538299   data arrival time
---------------------------------------------------------------------------------------------
                                              0.303221   slack (MET)


Startpoint: _1021_ (rising edge-triggered flip-flop clocked by wr_clk)
Endpoint: _1021_ (rising edge-triggered flip-flop clocked by wr_clk)
Path Group: wr_clk
Path Type: min

Fanout         Cap        Slew       Delay        Time   Description
---------------------------------------------------------------------------------------------
                      0.150000    0.000000    0.000000   clock wr_clk (rise edge)
                                  0.000000    0.000000   clock network delay (ideal)
                      0.150000    0.000000    0.000000 ^ _1021_/CLK (sky130_fd_sc_hd__dfxtp_2)
     2    0.003774    0.035241    0.344945    0.344945 ^ _1021_/Q (sky130_fd_sc_hd__dfxtp_2)
                                                         mem[14][5] (net)
                      0.035241    0.000000    0.344945 ^ _0743_/A0 (sky130_fd_sc_hd__mux2_2)
     1    0.002191    0.034732    0.125540    0.470485 ^ _0743_/X (sky130_fd_sc_hd__mux2_2)
                                                         _0351_ (net)
                      0.034732    0.000000    0.470485 ^ _0744_/A (sky130_fd_sc_hd__buf_1)
     1    0.001674    0.033052    0.067814    0.538299 ^ _0744_/X (sky130_fd_sc_hd__buf_1)
                                                         _0013_ (net)
                      0.033052    0.000000    0.538299 ^ _1021_/D (sky130_fd_sc_hd__dfxtp_2)
                                              0.538299   data arrival time

                      0.150000    0.000000    0.000000   clock wr_clk (rise edge)
                                  0.000000    0.000000   clock network delay (ideal)
                                  0.250000    0.250000   clock uncertainty
                                  0.000000    0.250000   clock reconvergence pessimism
                                              0.250000 ^ _1021_/CLK (sky130_fd_sc_hd__dfxtp_2)
                                 -0.014922    0.235078   library hold time
                                              0.235078   data required time
---------------------------------------------------------------------------------------------
                                              0.235078   data required time
                                             -0.538299   data arrival time
---------------------------------------------------------------------------------------------
                                              0.303221   slack (MET)


Startpoint: _1022_ (rising edge-triggered flip-flop clocked by wr_clk)
Endpoint: _1022_ (rising edge-triggered flip-flop clocked by wr_clk)
Path Group: wr_clk
Path Type: min

Fanout         Cap        Slew       Delay        Time   Description
---------------------------------------------------------------------------------------------
                      0.150000    0.000000    0.000000   clock wr_clk (rise edge)
                                  0.000000    0.000000   clock network delay (ideal)
                      0.150000    0.000000    0.000000 ^ _1022_/CLK (sky130_fd_sc_hd__dfxtp_2)
     2    0.003774    0.035241    0.344945    0.344945 ^ _1022_/Q (sky130_fd_sc_hd__dfxtp_2)
                                                         mem[14][6] (net)
                      0.035241    0.000000    0.344945 ^ _0745_/A0 (sky130_fd_sc_hd__mux2_2)
     1    0.002191    0.034732    0.125540    0.470485 ^ _0745_/X (sky130_fd_sc_hd__mux2_2)
                                                         _0352_ (net)
                      0.034732    0.000000    0.470485 ^ _0746_/A (sky130_fd_sc_hd__buf_1)
     1    0.001674    0.033052    0.067814    0.538299 ^ _0746_/X (sky130_fd_sc_hd__buf_1)
                                                         _0014_ (net)
                      0.033052    0.000000    0.538299 ^ _1022_/D (sky130_fd_sc_hd__dfxtp_2)
                                              0.538299   data arrival time

                      0.150000    0.000000    0.000000   clock wr_clk (rise edge)
                                  0.000000    0.000000   clock network delay (ideal)
                                  0.250000    0.250000   clock uncertainty
                                  0.000000    0.250000   clock reconvergence pessimism
                                              0.250000 ^ _1022_/CLK (sky130_fd_sc_hd__dfxtp_2)
                                 -0.014922    0.235078   library hold time
                                              0.235078   data required time
---------------------------------------------------------------------------------------------
                                              0.235078   data required time
                                             -0.538299   data arrival time
---------------------------------------------------------------------------------------------
                                              0.303221   slack (MET)


Startpoint: _1023_ (rising edge-triggered flip-flop clocked by wr_clk)
Endpoint: _1023_ (rising edge-triggered flip-flop clocked by wr_clk)
Path Group: wr_clk
Path Type: min

Fanout         Cap        Slew       Delay        Time   Description
---------------------------------------------------------------------------------------------
                      0.150000    0.000000    0.000000   clock wr_clk (rise edge)
                                  0.000000    0.000000   clock network delay (ideal)
                      0.150000    0.000000    0.000000 ^ _1023_/CLK (sky130_fd_sc_hd__dfxtp_2)
     2    0.003774    0.035241    0.344945    0.344945 ^ _1023_/Q (sky130_fd_sc_hd__dfxtp_2)
                                                         mem[14][7] (net)
                      0.035241    0.000000    0.344945 ^ _0747_/A0 (sky130_fd_sc_hd__mux2_2)
     1    0.002191    0.034732    0.125540    0.470485 ^ _0747_/X (sky130_fd_sc_hd__mux2_2)
                                                         _0353_ (net)
                      0.034732    0.000000    0.470485 ^ _0748_/A (sky130_fd_sc_hd__buf_1)
     1    0.001674    0.033052    0.067814    0.538299 ^ _0748_/X (sky130_fd_sc_hd__buf_1)
                                                         _0015_ (net)
                      0.033052    0.000000    0.538299 ^ _1023_/D (sky130_fd_sc_hd__dfxtp_2)
                                              0.538299   data arrival time

                      0.150000    0.000000    0.000000   clock wr_clk (rise edge)
                                  0.000000    0.000000   clock network delay (ideal)
                                  0.250000    0.250000   clock uncertainty
                                  0.000000    0.250000   clock reconvergence pessimism
                                              0.250000 ^ _1023_/CLK (sky130_fd_sc_hd__dfxtp_2)
                                 -0.014922    0.235078   library hold time
                                              0.235078   data required time
---------------------------------------------------------------------------------------------
                                              0.235078   data required time
                                             -0.538299   data arrival time
---------------------------------------------------------------------------------------------
                                              0.303221   slack (MET)


Startpoint: _1056_ (rising edge-triggered flip-flop clocked by wr_clk)
Endpoint: _1056_ (rising edge-triggered flip-flop clocked by wr_clk)
Path Group: wr_clk
Path Type: min

Fanout         Cap        Slew       Delay        Time   Description
---------------------------------------------------------------------------------------------
                      0.150000    0.000000    0.000000   clock wr_clk (rise edge)
                                  0.000000    0.000000   clock network delay (ideal)
                      0.150000    0.000000    0.000000 ^ _1056_/CLK (sky130_fd_sc_hd__dfxtp_2)
     2    0.003774    0.035241    0.344945    0.344945 ^ _1056_/Q (sky130_fd_sc_hd__dfxtp_2)
                                                         mem[10][0] (net)
                      0.035241    0.000000    0.344945 ^ _0822_/A0 (sky130_fd_sc_hd__mux2_2)
     1    0.002191    0.034731    0.125540    0.470485 ^ _0822_/X (sky130_fd_sc_hd__mux2_2)
                                                         _0395_ (net)
                      0.034731    0.000000    0.470485 ^ _0823_/A (sky130_fd_sc_hd__buf_1)
     1    0.001674    0.033052    0.067814    0.538299 ^ _0823_/X (sky130_fd_sc_hd__buf_1)
                                                         _0048_ (net)
                      0.033052    0.000000    0.538299 ^ _1056_/D (sky130_fd_sc_hd__dfxtp_2)
                                              0.538299   data arrival time

                      0.150000    0.000000    0.000000   clock wr_clk (rise edge)
                                  0.000000    0.000000   clock network delay (ideal)
                                  0.250000    0.250000   clock uncertainty
                                  0.000000    0.250000   clock reconvergence pessimism
                                              0.250000 ^ _1056_/CLK (sky130_fd_sc_hd__dfxtp_2)
                                 -0.014922    0.235078   library hold time
                                              0.235078   data required time
---------------------------------------------------------------------------------------------
                                              0.235078   data required time
                                             -0.538299   data arrival time
---------------------------------------------------------------------------------------------
                                              0.303221   slack (MET)


Startpoint: _1057_ (rising edge-triggered flip-flop clocked by wr_clk)
Endpoint: _1057_ (rising edge-triggered flip-flop clocked by wr_clk)
Path Group: wr_clk
Path Type: min

Fanout         Cap        Slew       Delay        Time   Description
---------------------------------------------------------------------------------------------
                      0.150000    0.000000    0.000000   clock wr_clk (rise edge)
                                  0.000000    0.000000   clock network delay (ideal)
                      0.150000    0.000000    0.000000 ^ _1057_/CLK (sky130_fd_sc_hd__dfxtp_2)
     2    0.003774    0.035241    0.344945    0.344945 ^ _1057_/Q (sky130_fd_sc_hd__dfxtp_2)
                                                         mem[10][1] (net)
                      0.035241    0.000000    0.344945 ^ _0824_/A0 (sky130_fd_sc_hd__mux2_2)
     1    0.002191    0.034731    0.125540    0.470485 ^ _0824_/X (sky130_fd_sc_hd__mux2_2)
                                                         _0396_ (net)
                      0.034731    0.000000    0.470485 ^ _0825_/A (sky130_fd_sc_hd__buf_1)
     1    0.001674    0.033052    0.067814    0.538299 ^ _0825_/X (sky130_fd_sc_hd__buf_1)
                                                         _0049_ (net)
                      0.033052    0.000000    0.538299 ^ _1057_/D (sky130_fd_sc_hd__dfxtp_2)
                                              0.538299   data arrival time

                      0.150000    0.000000    0.000000   clock wr_clk (rise edge)
                                  0.000000    0.000000   clock network delay (ideal)
                                  0.250000    0.250000   clock uncertainty
                                  0.000000    0.250000   clock reconvergence pessimism
                                              0.250000 ^ _1057_/CLK (sky130_fd_sc_hd__dfxtp_2)
                                 -0.014922    0.235078   library hold time
                                              0.235078   data required time
---------------------------------------------------------------------------------------------
                                              0.235078   data required time
                                             -0.538299   data arrival time
---------------------------------------------------------------------------------------------
                                              0.303221   slack (MET)


Startpoint: _1058_ (rising edge-triggered flip-flop clocked by wr_clk)
Endpoint: _1058_ (rising edge-triggered flip-flop clocked by wr_clk)
Path Group: wr_clk
Path Type: min

Fanout         Cap        Slew       Delay        Time   Description
---------------------------------------------------------------------------------------------
                      0.150000    0.000000    0.000000   clock wr_clk (rise edge)
                                  0.000000    0.000000   clock network delay (ideal)
                      0.150000    0.000000    0.000000 ^ _1058_/CLK (sky130_fd_sc_hd__dfxtp_2)
     2    0.003774    0.035241    0.344945    0.344945 ^ _1058_/Q (sky130_fd_sc_hd__dfxtp_2)
                                                         mem[10][2] (net)
                      0.035241    0.000000    0.344945 ^ _0826_/A0 (sky130_fd_sc_hd__mux2_2)
     1    0.002191    0.034731    0.125540    0.470485 ^ _0826_/X (sky130_fd_sc_hd__mux2_2)
                                                         _0397_ (net)
                      0.034731    0.000000    0.470485 ^ _0827_/A (sky130_fd_sc_hd__buf_1)
     1    0.001674    0.033052    0.067814    0.538299 ^ _0827_/X (sky130_fd_sc_hd__buf_1)
                                                         _0050_ (net)
                      0.033052    0.000000    0.538299 ^ _1058_/D (sky130_fd_sc_hd__dfxtp_2)
                                              0.538299   data arrival time

                      0.150000    0.000000    0.000000   clock wr_clk (rise edge)
                                  0.000000    0.000000   clock network delay (ideal)
                                  0.250000    0.250000   clock uncertainty
                                  0.000000    0.250000   clock reconvergence pessimism
                                              0.250000 ^ _1058_/CLK (sky130_fd_sc_hd__dfxtp_2)
                                 -0.014922    0.235078   library hold time
                                              0.235078   data required time
---------------------------------------------------------------------------------------------
                                              0.235078   data required time
                                             -0.538299   data arrival time
---------------------------------------------------------------------------------------------
                                              0.303221   slack (MET)


Startpoint: _1059_ (rising edge-triggered flip-flop clocked by wr_clk)
Endpoint: _1059_ (rising edge-triggered flip-flop clocked by wr_clk)
Path Group: wr_clk
Path Type: min

Fanout         Cap        Slew       Delay        Time   Description
---------------------------------------------------------------------------------------------
                      0.150000    0.000000    0.000000   clock wr_clk (rise edge)
                                  0.000000    0.000000   clock network delay (ideal)
                      0.150000    0.000000    0.000000 ^ _1059_/CLK (sky130_fd_sc_hd__dfxtp_2)
     2    0.003774    0.035241    0.344945    0.344945 ^ _1059_/Q (sky130_fd_sc_hd__dfxtp_2)
                                                         mem[10][3] (net)
                      0.035241    0.000000    0.344945 ^ _0828_/A0 (sky130_fd_sc_hd__mux2_2)
     1    0.002191    0.034731    0.125540    0.470485 ^ _0828_/X (sky130_fd_sc_hd__mux2_2)
                                                         _0398_ (net)
                      0.034731    0.000000    0.470485 ^ _0829_/A (sky130_fd_sc_hd__buf_1)
     1    0.001674    0.033052    0.067814    0.538299 ^ _0829_/X (sky130_fd_sc_hd__buf_1)
                                                         _0051_ (net)
                      0.033052    0.000000    0.538299 ^ _1059_/D (sky130_fd_sc_hd__dfxtp_2)
                                              0.538299   data arrival time

                      0.150000    0.000000    0.000000   clock wr_clk (rise edge)
                                  0.000000    0.000000   clock network delay (ideal)
                                  0.250000    0.250000   clock uncertainty
                                  0.000000    0.250000   clock reconvergence pessimism
                                              0.250000 ^ _1059_/CLK (sky130_fd_sc_hd__dfxtp_2)
                                 -0.014922    0.235078   library hold time
                                              0.235078   data required time
---------------------------------------------------------------------------------------------
                                              0.235078   data required time
                                             -0.538299   data arrival time
---------------------------------------------------------------------------------------------
                                              0.303221   slack (MET)


Startpoint: _1060_ (rising edge-triggered flip-flop clocked by wr_clk)
Endpoint: _1060_ (rising edge-triggered flip-flop clocked by wr_clk)
Path Group: wr_clk
Path Type: min

Fanout         Cap        Slew       Delay        Time   Description
---------------------------------------------------------------------------------------------
                      0.150000    0.000000    0.000000   clock wr_clk (rise edge)
                                  0.000000    0.000000   clock network delay (ideal)
                      0.150000    0.000000    0.000000 ^ _1060_/CLK (sky130_fd_sc_hd__dfxtp_2)
     2    0.003774    0.035241    0.344945    0.344945 ^ _1060_/Q (sky130_fd_sc_hd__dfxtp_2)
                                                         mem[10][4] (net)
                      0.035241    0.000000    0.344945 ^ _0830_/A0 (sky130_fd_sc_hd__mux2_2)
     1    0.002191    0.034731    0.125540    0.470485 ^ _0830_/X (sky130_fd_sc_hd__mux2_2)
                                                         _0399_ (net)
                      0.034731    0.000000    0.470485 ^ _0831_/A (sky130_fd_sc_hd__buf_1)
     1    0.001674    0.033052    0.067814    0.538299 ^ _0831_/X (sky130_fd_sc_hd__buf_1)
                                                         _0052_ (net)
                      0.033052    0.000000    0.538299 ^ _1060_/D (sky130_fd_sc_hd__dfxtp_2)
                                              0.538299   data arrival time

                      0.150000    0.000000    0.000000   clock wr_clk (rise edge)
                                  0.000000    0.000000   clock network delay (ideal)
                                  0.250000    0.250000   clock uncertainty
                                  0.000000    0.250000   clock reconvergence pessimism
                                              0.250000 ^ _1060_/CLK (sky130_fd_sc_hd__dfxtp_2)
                                 -0.014922    0.235078   library hold time
                                              0.235078   data required time
---------------------------------------------------------------------------------------------
                                              0.235078   data required time
                                             -0.538299   data arrival time
---------------------------------------------------------------------------------------------
                                              0.303221   slack (MET)


Startpoint: _1061_ (rising edge-triggered flip-flop clocked by wr_clk)
Endpoint: _1061_ (rising edge-triggered flip-flop clocked by wr_clk)
Path Group: wr_clk
Path Type: min

Fanout         Cap        Slew       Delay        Time   Description
---------------------------------------------------------------------------------------------
                      0.150000    0.000000    0.000000   clock wr_clk (rise edge)
                                  0.000000    0.000000   clock network delay (ideal)
                      0.150000    0.000000    0.000000 ^ _1061_/CLK (sky130_fd_sc_hd__dfxtp_2)
     2    0.003774    0.035241    0.344945    0.344945 ^ _1061_/Q (sky130_fd_sc_hd__dfxtp_2)
                                                         mem[10][5] (net)
                      0.035241    0.000000    0.344945 ^ _0832_/A0 (sky130_fd_sc_hd__mux2_2)
     1    0.002191    0.034731    0.125540    0.470485 ^ _0832_/X (sky130_fd_sc_hd__mux2_2)
                                                         _0400_ (net)
                      0.034731    0.000000    0.470485 ^ _0833_/A (sky130_fd_sc_hd__buf_1)
     1    0.001674    0.033052    0.067814    0.538299 ^ _0833_/X (sky130_fd_sc_hd__buf_1)
                                                         _0053_ (net)
                      0.033052    0.000000    0.538299 ^ _1061_/D (sky130_fd_sc_hd__dfxtp_2)
                                              0.538299   data arrival time

                      0.150000    0.000000    0.000000   clock wr_clk (rise edge)
                                  0.000000    0.000000   clock network delay (ideal)
                                  0.250000    0.250000   clock uncertainty
                                  0.000000    0.250000   clock reconvergence pessimism
                                              0.250000 ^ _1061_/CLK (sky130_fd_sc_hd__dfxtp_2)
                                 -0.014922    0.235078   library hold time
                                              0.235078   data required time
---------------------------------------------------------------------------------------------
                                              0.235078   data required time
                                             -0.538299   data arrival time
---------------------------------------------------------------------------------------------
                                              0.303221   slack (MET)


Startpoint: _1062_ (rising edge-triggered flip-flop clocked by wr_clk)
Endpoint: _1062_ (rising edge-triggered flip-flop clocked by wr_clk)
Path Group: wr_clk
Path Type: min

Fanout         Cap        Slew       Delay        Time   Description
---------------------------------------------------------------------------------------------
                      0.150000    0.000000    0.000000   clock wr_clk (rise edge)
                                  0.000000    0.000000   clock network delay (ideal)
                      0.150000    0.000000    0.000000 ^ _1062_/CLK (sky130_fd_sc_hd__dfxtp_2)
     2    0.003774    0.035241    0.344945    0.344945 ^ _1062_/Q (sky130_fd_sc_hd__dfxtp_2)
                                                         mem[10][6] (net)
                      0.035241    0.000000    0.344945 ^ _0834_/A0 (sky130_fd_sc_hd__mux2_2)
     1    0.002191    0.034731    0.125540    0.470485 ^ _0834_/X (sky130_fd_sc_hd__mux2_2)
                                                         _0401_ (net)
                      0.034731    0.000000    0.470485 ^ _0835_/A (sky130_fd_sc_hd__buf_1)
     1    0.001674    0.033052    0.067814    0.538299 ^ _0835_/X (sky130_fd_sc_hd__buf_1)
                                                         _0054_ (net)
                      0.033052    0.000000    0.538299 ^ _1062_/D (sky130_fd_sc_hd__dfxtp_2)
                                              0.538299   data arrival time

                      0.150000    0.000000    0.000000   clock wr_clk (rise edge)
                                  0.000000    0.000000   clock network delay (ideal)
                                  0.250000    0.250000   clock uncertainty
                                  0.000000    0.250000   clock reconvergence pessimism
                                              0.250000 ^ _1062_/CLK (sky130_fd_sc_hd__dfxtp_2)
                                 -0.014922    0.235078   library hold time
                                              0.235078   data required time
---------------------------------------------------------------------------------------------
                                              0.235078   data required time
                                             -0.538299   data arrival time
---------------------------------------------------------------------------------------------
                                              0.303221   slack (MET)


Startpoint: _1063_ (rising edge-triggered flip-flop clocked by wr_clk)
Endpoint: _1063_ (rising edge-triggered flip-flop clocked by wr_clk)
Path Group: wr_clk
Path Type: min

Fanout         Cap        Slew       Delay        Time   Description
---------------------------------------------------------------------------------------------
                      0.150000    0.000000    0.000000   clock wr_clk (rise edge)
                                  0.000000    0.000000   clock network delay (ideal)
                      0.150000    0.000000    0.000000 ^ _1063_/CLK (sky130_fd_sc_hd__dfxtp_2)
     2    0.003774    0.035241    0.344945    0.344945 ^ _1063_/Q (sky130_fd_sc_hd__dfxtp_2)
                                                         mem[10][7] (net)
                      0.035241    0.000000    0.344945 ^ _0836_/A0 (sky130_fd_sc_hd__mux2_2)
     1    0.002191    0.034731    0.125540    0.470485 ^ _0836_/X (sky130_fd_sc_hd__mux2_2)
                                                         _0402_ (net)
                      0.034731    0.000000    0.470485 ^ _0837_/A (sky130_fd_sc_hd__buf_1)
     1    0.001674    0.033052    0.067814    0.538299 ^ _0837_/X (sky130_fd_sc_hd__buf_1)
                                                         _0055_ (net)
                      0.033052    0.000000    0.538299 ^ _1063_/D (sky130_fd_sc_hd__dfxtp_2)
                                              0.538299   data arrival time

                      0.150000    0.000000    0.000000   clock wr_clk (rise edge)
                                  0.000000    0.000000   clock network delay (ideal)
                                  0.250000    0.250000   clock uncertainty
                                  0.000000    0.250000   clock reconvergence pessimism
                                              0.250000 ^ _1063_/CLK (sky130_fd_sc_hd__dfxtp_2)
                                 -0.014922    0.235078   library hold time
                                              0.235078   data required time
---------------------------------------------------------------------------------------------
                                              0.235078   data required time
                                             -0.538299   data arrival time
---------------------------------------------------------------------------------------------
                                              0.303221   slack (MET)


Startpoint: _1088_ (rising edge-triggered flip-flop clocked by wr_clk)
Endpoint: _1088_ (rising edge-triggered flip-flop clocked by wr_clk)
Path Group: wr_clk
Path Type: min

Fanout         Cap        Slew       Delay        Time   Description
---------------------------------------------------------------------------------------------
                      0.150000    0.000000    0.000000   clock wr_clk (rise edge)
                                  0.000000    0.000000   clock network delay (ideal)
                      0.150000    0.000000    0.000000 ^ _1088_/CLK (sky130_fd_sc_hd__dfxtp_2)
     2    0.003774    0.035241    0.344945    0.344945 ^ _1088_/Q (sky130_fd_sc_hd__dfxtp_2)
                                                         mem[6][0] (net)
                      0.035241    0.000000    0.344945 ^ _0890_/A0 (sky130_fd_sc_hd__mux2_2)
     1    0.002191    0.034732    0.125540    0.470485 ^ _0890_/X (sky130_fd_sc_hd__mux2_2)
                                                         _0431_ (net)
                      0.034732    0.000000    0.470485 ^ _0891_/A (sky130_fd_sc_hd__buf_1)
     1    0.001674    0.033052    0.067814    0.538299 ^ _0891_/X (sky130_fd_sc_hd__buf_1)
                                                         _0080_ (net)
                      0.033052    0.000000    0.538299 ^ _1088_/D (sky130_fd_sc_hd__dfxtp_2)
                                              0.538299   data arrival time

                      0.150000    0.000000    0.000000   clock wr_clk (rise edge)
                                  0.000000    0.000000   clock network delay (ideal)
                                  0.250000    0.250000   clock uncertainty
                                  0.000000    0.250000   clock reconvergence pessimism
                                              0.250000 ^ _1088_/CLK (sky130_fd_sc_hd__dfxtp_2)
                                 -0.014922    0.235078   library hold time
                                              0.235078   data required time
---------------------------------------------------------------------------------------------
                                              0.235078   data required time
                                             -0.538299   data arrival time
---------------------------------------------------------------------------------------------
                                              0.303221   slack (MET)


Startpoint: _1089_ (rising edge-triggered flip-flop clocked by wr_clk)
Endpoint: _1089_ (rising edge-triggered flip-flop clocked by wr_clk)
Path Group: wr_clk
Path Type: min

Fanout         Cap        Slew       Delay        Time   Description
---------------------------------------------------------------------------------------------
                      0.150000    0.000000    0.000000   clock wr_clk (rise edge)
                                  0.000000    0.000000   clock network delay (ideal)
                      0.150000    0.000000    0.000000 ^ _1089_/CLK (sky130_fd_sc_hd__dfxtp_2)
     2    0.003774    0.035241    0.344945    0.344945 ^ _1089_/Q (sky130_fd_sc_hd__dfxtp_2)
                                                         mem[6][1] (net)
                      0.035241    0.000000    0.344945 ^ _0892_/A0 (sky130_fd_sc_hd__mux2_2)
     1    0.002191    0.034732    0.125540    0.470485 ^ _0892_/X (sky130_fd_sc_hd__mux2_2)
                                                         _0432_ (net)
                      0.034732    0.000000    0.470485 ^ _0893_/A (sky130_fd_sc_hd__buf_1)
     1    0.001674    0.033052    0.067814    0.538299 ^ _0893_/X (sky130_fd_sc_hd__buf_1)
                                                         _0081_ (net)
                      0.033052    0.000000    0.538299 ^ _1089_/D (sky130_fd_sc_hd__dfxtp_2)
                                              0.538299   data arrival time

                      0.150000    0.000000    0.000000   clock wr_clk (rise edge)
                                  0.000000    0.000000   clock network delay (ideal)
                                  0.250000    0.250000   clock uncertainty
                                  0.000000    0.250000   clock reconvergence pessimism
                                              0.250000 ^ _1089_/CLK (sky130_fd_sc_hd__dfxtp_2)
                                 -0.014922    0.235078   library hold time
                                              0.235078   data required time
---------------------------------------------------------------------------------------------
                                              0.235078   data required time
                                             -0.538299   data arrival time
---------------------------------------------------------------------------------------------
                                              0.303221   slack (MET)


Startpoint: _1090_ (rising edge-triggered flip-flop clocked by wr_clk)
Endpoint: _1090_ (rising edge-triggered flip-flop clocked by wr_clk)
Path Group: wr_clk
Path Type: min

Fanout         Cap        Slew       Delay        Time   Description
---------------------------------------------------------------------------------------------
                      0.150000    0.000000    0.000000   clock wr_clk (rise edge)
                                  0.000000    0.000000   clock network delay (ideal)
                      0.150000    0.000000    0.000000 ^ _1090_/CLK (sky130_fd_sc_hd__dfxtp_2)
     2    0.003774    0.035241    0.344945    0.344945 ^ _1090_/Q (sky130_fd_sc_hd__dfxtp_2)
                                                         mem[6][2] (net)
                      0.035241    0.000000    0.344945 ^ _0894_/A0 (sky130_fd_sc_hd__mux2_2)
     1    0.002191    0.034732    0.125540    0.470485 ^ _0894_/X (sky130_fd_sc_hd__mux2_2)
                                                         _0433_ (net)
                      0.034732    0.000000    0.470485 ^ _0895_/A (sky130_fd_sc_hd__buf_1)
     1    0.001674    0.033052    0.067814    0.538299 ^ _0895_/X (sky130_fd_sc_hd__buf_1)
                                                         _0082_ (net)
                      0.033052    0.000000    0.538299 ^ _1090_/D (sky130_fd_sc_hd__dfxtp_2)
                                              0.538299   data arrival time

                      0.150000    0.000000    0.000000   clock wr_clk (rise edge)
                                  0.000000    0.000000   clock network delay (ideal)
                                  0.250000    0.250000   clock uncertainty
                                  0.000000    0.250000   clock reconvergence pessimism
                                              0.250000 ^ _1090_/CLK (sky130_fd_sc_hd__dfxtp_2)
                                 -0.014922    0.235078   library hold time
                                              0.235078   data required time
---------------------------------------------------------------------------------------------
                                              0.235078   data required time
                                             -0.538299   data arrival time
---------------------------------------------------------------------------------------------
                                              0.303221   slack (MET)


Startpoint: _1091_ (rising edge-triggered flip-flop clocked by wr_clk)
Endpoint: _1091_ (rising edge-triggered flip-flop clocked by wr_clk)
Path Group: wr_clk
Path Type: min

Fanout         Cap        Slew       Delay        Time   Description
---------------------------------------------------------------------------------------------
                      0.150000    0.000000    0.000000   clock wr_clk (rise edge)
                                  0.000000    0.000000   clock network delay (ideal)
                      0.150000    0.000000    0.000000 ^ _1091_/CLK (sky130_fd_sc_hd__dfxtp_2)
     2    0.003774    0.035241    0.344945    0.344945 ^ _1091_/Q (sky130_fd_sc_hd__dfxtp_2)
                                                         mem[6][3] (net)
                      0.035241    0.000000    0.344945 ^ _0896_/A0 (sky130_fd_sc_hd__mux2_2)
     1    0.002191    0.034732    0.125540    0.470485 ^ _0896_/X (sky130_fd_sc_hd__mux2_2)
                                                         _0434_ (net)
                      0.034732    0.000000    0.470485 ^ _0897_/A (sky130_fd_sc_hd__buf_1)
     1    0.001674    0.033052    0.067814    0.538299 ^ _0897_/X (sky130_fd_sc_hd__buf_1)
                                                         _0083_ (net)
                      0.033052    0.000000    0.538299 ^ _1091_/D (sky130_fd_sc_hd__dfxtp_2)
                                              0.538299   data arrival time

                      0.150000    0.000000    0.000000   clock wr_clk (rise edge)
                                  0.000000    0.000000   clock network delay (ideal)
                                  0.250000    0.250000   clock uncertainty
                                  0.000000    0.250000   clock reconvergence pessimism
                                              0.250000 ^ _1091_/CLK (sky130_fd_sc_hd__dfxtp_2)
                                 -0.014922    0.235078   library hold time
                                              0.235078   data required time
---------------------------------------------------------------------------------------------
                                              0.235078   data required time
                                             -0.538299   data arrival time
---------------------------------------------------------------------------------------------
                                              0.303221   slack (MET)


Startpoint: _1092_ (rising edge-triggered flip-flop clocked by wr_clk)
Endpoint: _1092_ (rising edge-triggered flip-flop clocked by wr_clk)
Path Group: wr_clk
Path Type: min

Fanout         Cap        Slew       Delay        Time   Description
---------------------------------------------------------------------------------------------
                      0.150000    0.000000    0.000000   clock wr_clk (rise edge)
                                  0.000000    0.000000   clock network delay (ideal)
                      0.150000    0.000000    0.000000 ^ _1092_/CLK (sky130_fd_sc_hd__dfxtp_2)
     2    0.003774    0.035241    0.344945    0.344945 ^ _1092_/Q (sky130_fd_sc_hd__dfxtp_2)
                                                         mem[6][4] (net)
                      0.035241    0.000000    0.344945 ^ _0898_/A0 (sky130_fd_sc_hd__mux2_2)
     1    0.002191    0.034732    0.125540    0.470485 ^ _0898_/X (sky130_fd_sc_hd__mux2_2)
                                                         _0435_ (net)
                      0.034732    0.000000    0.470485 ^ _0899_/A (sky130_fd_sc_hd__buf_1)
     1    0.001674    0.033052    0.067814    0.538299 ^ _0899_/X (sky130_fd_sc_hd__buf_1)
                                                         _0084_ (net)
                      0.033052    0.000000    0.538299 ^ _1092_/D (sky130_fd_sc_hd__dfxtp_2)
                                              0.538299   data arrival time

                      0.150000    0.000000    0.000000   clock wr_clk (rise edge)
                                  0.000000    0.000000   clock network delay (ideal)
                                  0.250000    0.250000   clock uncertainty
                                  0.000000    0.250000   clock reconvergence pessimism
                                              0.250000 ^ _1092_/CLK (sky130_fd_sc_hd__dfxtp_2)
                                 -0.014922    0.235078   library hold time
                                              0.235078   data required time
---------------------------------------------------------------------------------------------
                                              0.235078   data required time
                                             -0.538299   data arrival time
---------------------------------------------------------------------------------------------
                                              0.303221   slack (MET)


Startpoint: _1093_ (rising edge-triggered flip-flop clocked by wr_clk)
Endpoint: _1093_ (rising edge-triggered flip-flop clocked by wr_clk)
Path Group: wr_clk
Path Type: min

Fanout         Cap        Slew       Delay        Time   Description
---------------------------------------------------------------------------------------------
                      0.150000    0.000000    0.000000   clock wr_clk (rise edge)
                                  0.000000    0.000000   clock network delay (ideal)
                      0.150000    0.000000    0.000000 ^ _1093_/CLK (sky130_fd_sc_hd__dfxtp_2)
     2    0.003774    0.035241    0.344945    0.344945 ^ _1093_/Q (sky130_fd_sc_hd__dfxtp_2)
                                                         mem[6][5] (net)
                      0.035241    0.000000    0.344945 ^ _0900_/A0 (sky130_fd_sc_hd__mux2_2)
     1    0.002191    0.034732    0.125540    0.470485 ^ _0900_/X (sky130_fd_sc_hd__mux2_2)
                                                         _0436_ (net)
                      0.034732    0.000000    0.470485 ^ _0901_/A (sky130_fd_sc_hd__buf_1)
     1    0.001674    0.033052    0.067814    0.538299 ^ _0901_/X (sky130_fd_sc_hd__buf_1)
                                                         _0085_ (net)
                      0.033052    0.000000    0.538299 ^ _1093_/D (sky130_fd_sc_hd__dfxtp_2)
                                              0.538299   data arrival time

                      0.150000    0.000000    0.000000   clock wr_clk (rise edge)
                                  0.000000    0.000000   clock network delay (ideal)
                                  0.250000    0.250000   clock uncertainty
                                  0.000000    0.250000   clock reconvergence pessimism
                                              0.250000 ^ _1093_/CLK (sky130_fd_sc_hd__dfxtp_2)
                                 -0.014922    0.235078   library hold time
                                              0.235078   data required time
---------------------------------------------------------------------------------------------
                                              0.235078   data required time
                                             -0.538299   data arrival time
---------------------------------------------------------------------------------------------
                                              0.303221   slack (MET)


Startpoint: _1094_ (rising edge-triggered flip-flop clocked by wr_clk)
Endpoint: _1094_ (rising edge-triggered flip-flop clocked by wr_clk)
Path Group: wr_clk
Path Type: min

Fanout         Cap        Slew       Delay        Time   Description
---------------------------------------------------------------------------------------------
                      0.150000    0.000000    0.000000   clock wr_clk (rise edge)
                                  0.000000    0.000000   clock network delay (ideal)
                      0.150000    0.000000    0.000000 ^ _1094_/CLK (sky130_fd_sc_hd__dfxtp_2)
     2    0.003774    0.035241    0.344945    0.344945 ^ _1094_/Q (sky130_fd_sc_hd__dfxtp_2)
                                                         mem[6][6] (net)
                      0.035241    0.000000    0.344945 ^ _0902_/A0 (sky130_fd_sc_hd__mux2_2)
     1    0.002191    0.034732    0.125540    0.470485 ^ _0902_/X (sky130_fd_sc_hd__mux2_2)
                                                         _0437_ (net)
                      0.034732    0.000000    0.470485 ^ _0903_/A (sky130_fd_sc_hd__buf_1)
     1    0.001674    0.033052    0.067814    0.538299 ^ _0903_/X (sky130_fd_sc_hd__buf_1)
                                                         _0086_ (net)
                      0.033052    0.000000    0.538299 ^ _1094_/D (sky130_fd_sc_hd__dfxtp_2)
                                              0.538299   data arrival time

                      0.150000    0.000000    0.000000   clock wr_clk (rise edge)
                                  0.000000    0.000000   clock network delay (ideal)
                                  0.250000    0.250000   clock uncertainty
                                  0.000000    0.250000   clock reconvergence pessimism
                                              0.250000 ^ _1094_/CLK (sky130_fd_sc_hd__dfxtp_2)
                                 -0.014922    0.235078   library hold time
                                              0.235078   data required time
---------------------------------------------------------------------------------------------
                                              0.235078   data required time
                                             -0.538299   data arrival time
---------------------------------------------------------------------------------------------
                                              0.303221   slack (MET)


Startpoint: _1095_ (rising edge-triggered flip-flop clocked by wr_clk)
Endpoint: _1095_ (rising edge-triggered flip-flop clocked by wr_clk)
Path Group: wr_clk
Path Type: min

Fanout         Cap        Slew       Delay        Time   Description
---------------------------------------------------------------------------------------------
                      0.150000    0.000000    0.000000   clock wr_clk (rise edge)
                                  0.000000    0.000000   clock network delay (ideal)
                      0.150000    0.000000    0.000000 ^ _1095_/CLK (sky130_fd_sc_hd__dfxtp_2)
     2    0.003774    0.035241    0.344945    0.344945 ^ _1095_/Q (sky130_fd_sc_hd__dfxtp_2)
                                                         mem[6][7] (net)
                      0.035241    0.000000    0.344945 ^ _0904_/A0 (sky130_fd_sc_hd__mux2_2)
     1    0.002191    0.034732    0.125540    0.470485 ^ _0904_/X (sky130_fd_sc_hd__mux2_2)
                                                         _0438_ (net)
                      0.034732    0.000000    0.470485 ^ _0905_/A (sky130_fd_sc_hd__buf_1)
     1    0.001674    0.033052    0.067814    0.538299 ^ _0905_/X (sky130_fd_sc_hd__buf_1)
                                                         _0087_ (net)
                      0.033052    0.000000    0.538299 ^ _1095_/D (sky130_fd_sc_hd__dfxtp_2)
                                              0.538299   data arrival time

                      0.150000    0.000000    0.000000   clock wr_clk (rise edge)
                                  0.000000    0.000000   clock network delay (ideal)
                                  0.250000    0.250000   clock uncertainty
                                  0.000000    0.250000   clock reconvergence pessimism
                                              0.250000 ^ _1095_/CLK (sky130_fd_sc_hd__dfxtp_2)
                                 -0.014922    0.235078   library hold time
                                              0.235078   data required time
---------------------------------------------------------------------------------------------
                                              0.235078   data required time
                                             -0.538299   data arrival time
---------------------------------------------------------------------------------------------
                                              0.303221   slack (MET)


Startpoint: _1096_ (rising edge-triggered flip-flop clocked by wr_clk)
Endpoint: _1096_ (rising edge-triggered flip-flop clocked by wr_clk)
Path Group: wr_clk
Path Type: min

Fanout         Cap        Slew       Delay        Time   Description
---------------------------------------------------------------------------------------------
                      0.150000    0.000000    0.000000   clock wr_clk (rise edge)
                                  0.000000    0.000000   clock network delay (ideal)
                      0.150000    0.000000    0.000000 ^ _1096_/CLK (sky130_fd_sc_hd__dfxtp_2)
     2    0.003774    0.035241    0.344945    0.344945 ^ _1096_/Q (sky130_fd_sc_hd__dfxtp_2)
                                                         mem[2][0] (net)
                      0.035241    0.000000    0.344945 ^ _0907_/A0 (sky130_fd_sc_hd__mux2_2)
     1    0.002191    0.034731    0.125540    0.470485 ^ _0907_/X (sky130_fd_sc_hd__mux2_2)
                                                         _0440_ (net)
                      0.034731    0.000000    0.470485 ^ _0908_/A (sky130_fd_sc_hd__buf_1)
     1    0.001674    0.033052    0.067814    0.538299 ^ _0908_/X (sky130_fd_sc_hd__buf_1)
                                                         _0088_ (net)
                      0.033052    0.000000    0.538299 ^ _1096_/D (sky130_fd_sc_hd__dfxtp_2)
                                              0.538299   data arrival time

                      0.150000    0.000000    0.000000   clock wr_clk (rise edge)
                                  0.000000    0.000000   clock network delay (ideal)
                                  0.250000    0.250000   clock uncertainty
                                  0.000000    0.250000   clock reconvergence pessimism
                                              0.250000 ^ _1096_/CLK (sky130_fd_sc_hd__dfxtp_2)
                                 -0.014922    0.235078   library hold time
                                              0.235078   data required time
---------------------------------------------------------------------------------------------
                                              0.235078   data required time
                                             -0.538299   data arrival time
---------------------------------------------------------------------------------------------
                                              0.303221   slack (MET)


Startpoint: _1097_ (rising edge-triggered flip-flop clocked by wr_clk)
Endpoint: _1097_ (rising edge-triggered flip-flop clocked by wr_clk)
Path Group: wr_clk
Path Type: min

Fanout         Cap        Slew       Delay        Time   Description
---------------------------------------------------------------------------------------------
                      0.150000    0.000000    0.000000   clock wr_clk (rise edge)
                                  0.000000    0.000000   clock network delay (ideal)
                      0.150000    0.000000    0.000000 ^ _1097_/CLK (sky130_fd_sc_hd__dfxtp_2)
     2    0.003774    0.035241    0.344945    0.344945 ^ _1097_/Q (sky130_fd_sc_hd__dfxtp_2)
                                                         mem[2][1] (net)
                      0.035241    0.000000    0.344945 ^ _0909_/A0 (sky130_fd_sc_hd__mux2_2)
     1    0.002191    0.034731    0.125540    0.470485 ^ _0909_/X (sky130_fd_sc_hd__mux2_2)
                                                         _0441_ (net)
                      0.034731    0.000000    0.470485 ^ _0910_/A (sky130_fd_sc_hd__buf_1)
     1    0.001674    0.033052    0.067814    0.538299 ^ _0910_/X (sky130_fd_sc_hd__buf_1)
                                                         _0089_ (net)
                      0.033052    0.000000    0.538299 ^ _1097_/D (sky130_fd_sc_hd__dfxtp_2)
                                              0.538299   data arrival time

                      0.150000    0.000000    0.000000   clock wr_clk (rise edge)
                                  0.000000    0.000000   clock network delay (ideal)
                                  0.250000    0.250000   clock uncertainty
                                  0.000000    0.250000   clock reconvergence pessimism
                                              0.250000 ^ _1097_/CLK (sky130_fd_sc_hd__dfxtp_2)
                                 -0.014922    0.235078   library hold time
                                              0.235078   data required time
---------------------------------------------------------------------------------------------
                                              0.235078   data required time
                                             -0.538299   data arrival time
---------------------------------------------------------------------------------------------
                                              0.303221   slack (MET)


Startpoint: _1098_ (rising edge-triggered flip-flop clocked by wr_clk)
Endpoint: _1098_ (rising edge-triggered flip-flop clocked by wr_clk)
Path Group: wr_clk
Path Type: min

Fanout         Cap        Slew       Delay        Time   Description
---------------------------------------------------------------------------------------------
                      0.150000    0.000000    0.000000   clock wr_clk (rise edge)
                                  0.000000    0.000000   clock network delay (ideal)
                      0.150000    0.000000    0.000000 ^ _1098_/CLK (sky130_fd_sc_hd__dfxtp_2)
     2    0.003774    0.035241    0.344945    0.344945 ^ _1098_/Q (sky130_fd_sc_hd__dfxtp_2)
                                                         mem[2][2] (net)
                      0.035241    0.000000    0.344945 ^ _0911_/A0 (sky130_fd_sc_hd__mux2_2)
     1    0.002191    0.034731    0.125540    0.470485 ^ _0911_/X (sky130_fd_sc_hd__mux2_2)
                                                         _0442_ (net)
                      0.034731    0.000000    0.470485 ^ _0912_/A (sky130_fd_sc_hd__buf_1)
     1    0.001674    0.033052    0.067814    0.538299 ^ _0912_/X (sky130_fd_sc_hd__buf_1)
                                                         _0090_ (net)
                      0.033052    0.000000    0.538299 ^ _1098_/D (sky130_fd_sc_hd__dfxtp_2)
                                              0.538299   data arrival time

                      0.150000    0.000000    0.000000   clock wr_clk (rise edge)
                                  0.000000    0.000000   clock network delay (ideal)
                                  0.250000    0.250000   clock uncertainty
                                  0.000000    0.250000   clock reconvergence pessimism
                                              0.250000 ^ _1098_/CLK (sky130_fd_sc_hd__dfxtp_2)
                                 -0.014922    0.235078   library hold time
                                              0.235078   data required time
---------------------------------------------------------------------------------------------
                                              0.235078   data required time
                                             -0.538299   data arrival time
---------------------------------------------------------------------------------------------
                                              0.303221   slack (MET)


Startpoint: _1099_ (rising edge-triggered flip-flop clocked by wr_clk)
Endpoint: _1099_ (rising edge-triggered flip-flop clocked by wr_clk)
Path Group: wr_clk
Path Type: min

Fanout         Cap        Slew       Delay        Time   Description
---------------------------------------------------------------------------------------------
                      0.150000    0.000000    0.000000   clock wr_clk (rise edge)
                                  0.000000    0.000000   clock network delay (ideal)
                      0.150000    0.000000    0.000000 ^ _1099_/CLK (sky130_fd_sc_hd__dfxtp_2)
     2    0.003774    0.035241    0.344945    0.344945 ^ _1099_/Q (sky130_fd_sc_hd__dfxtp_2)
                                                         mem[2][3] (net)
                      0.035241    0.000000    0.344945 ^ _0913_/A0 (sky130_fd_sc_hd__mux2_2)
     1    0.002191    0.034731    0.125540    0.470485 ^ _0913_/X (sky130_fd_sc_hd__mux2_2)
                                                         _0443_ (net)
                      0.034731    0.000000    0.470485 ^ _0914_/A (sky130_fd_sc_hd__buf_1)
     1    0.001674    0.033052    0.067814    0.538299 ^ _0914_/X (sky130_fd_sc_hd__buf_1)
                                                         _0091_ (net)
                      0.033052    0.000000    0.538299 ^ _1099_/D (sky130_fd_sc_hd__dfxtp_2)
                                              0.538299   data arrival time

                      0.150000    0.000000    0.000000   clock wr_clk (rise edge)
                                  0.000000    0.000000   clock network delay (ideal)
                                  0.250000    0.250000   clock uncertainty
                                  0.000000    0.250000   clock reconvergence pessimism
                                              0.250000 ^ _1099_/CLK (sky130_fd_sc_hd__dfxtp_2)
                                 -0.014922    0.235078   library hold time
                                              0.235078   data required time
---------------------------------------------------------------------------------------------
                                              0.235078   data required time
                                             -0.538299   data arrival time
---------------------------------------------------------------------------------------------
                                              0.303221   slack (MET)


Startpoint: _1100_ (rising edge-triggered flip-flop clocked by wr_clk)
Endpoint: _1100_ (rising edge-triggered flip-flop clocked by wr_clk)
Path Group: wr_clk
Path Type: min

Fanout         Cap        Slew       Delay        Time   Description
---------------------------------------------------------------------------------------------
                      0.150000    0.000000    0.000000   clock wr_clk (rise edge)
                                  0.000000    0.000000   clock network delay (ideal)
                      0.150000    0.000000    0.000000 ^ _1100_/CLK (sky130_fd_sc_hd__dfxtp_2)
     2    0.003774    0.035241    0.344945    0.344945 ^ _1100_/Q (sky130_fd_sc_hd__dfxtp_2)
                                                         mem[2][4] (net)
                      0.035241    0.000000    0.344945 ^ _0915_/A0 (sky130_fd_sc_hd__mux2_2)
     1    0.002191    0.034731    0.125540    0.470485 ^ _0915_/X (sky130_fd_sc_hd__mux2_2)
                                                         _0444_ (net)
                      0.034731    0.000000    0.470485 ^ _0916_/A (sky130_fd_sc_hd__buf_1)
     1    0.001674    0.033052    0.067814    0.538299 ^ _0916_/X (sky130_fd_sc_hd__buf_1)
                                                         _0092_ (net)
                      0.033052    0.000000    0.538299 ^ _1100_/D (sky130_fd_sc_hd__dfxtp_2)
                                              0.538299   data arrival time

                      0.150000    0.000000    0.000000   clock wr_clk (rise edge)
                                  0.000000    0.000000   clock network delay (ideal)
                                  0.250000    0.250000   clock uncertainty
                                  0.000000    0.250000   clock reconvergence pessimism
                                              0.250000 ^ _1100_/CLK (sky130_fd_sc_hd__dfxtp_2)
                                 -0.014922    0.235078   library hold time
                                              0.235078   data required time
---------------------------------------------------------------------------------------------
                                              0.235078   data required time
                                             -0.538299   data arrival time
---------------------------------------------------------------------------------------------
                                              0.303221   slack (MET)


Startpoint: _1101_ (rising edge-triggered flip-flop clocked by wr_clk)
Endpoint: _1101_ (rising edge-triggered flip-flop clocked by wr_clk)
Path Group: wr_clk
Path Type: min

Fanout         Cap        Slew       Delay        Time   Description
---------------------------------------------------------------------------------------------
                      0.150000    0.000000    0.000000   clock wr_clk (rise edge)
                                  0.000000    0.000000   clock network delay (ideal)
                      0.150000    0.000000    0.000000 ^ _1101_/CLK (sky130_fd_sc_hd__dfxtp_2)
     2    0.003774    0.035241    0.344945    0.344945 ^ _1101_/Q (sky130_fd_sc_hd__dfxtp_2)
                                                         mem[2][5] (net)
                      0.035241    0.000000    0.344945 ^ _0917_/A0 (sky130_fd_sc_hd__mux2_2)
     1    0.002191    0.034731    0.125540    0.470485 ^ _0917_/X (sky130_fd_sc_hd__mux2_2)
                                                         _0445_ (net)
                      0.034731    0.000000    0.470485 ^ _0918_/A (sky130_fd_sc_hd__buf_1)
     1    0.001674    0.033052    0.067814    0.538299 ^ _0918_/X (sky130_fd_sc_hd__buf_1)
                                                         _0093_ (net)
                      0.033052    0.000000    0.538299 ^ _1101_/D (sky130_fd_sc_hd__dfxtp_2)
                                              0.538299   data arrival time

                      0.150000    0.000000    0.000000   clock wr_clk (rise edge)
                                  0.000000    0.000000   clock network delay (ideal)
                                  0.250000    0.250000   clock uncertainty
                                  0.000000    0.250000   clock reconvergence pessimism
                                              0.250000 ^ _1101_/CLK (sky130_fd_sc_hd__dfxtp_2)
                                 -0.014922    0.235078   library hold time
                                              0.235078   data required time
---------------------------------------------------------------------------------------------
                                              0.235078   data required time
                                             -0.538299   data arrival time
---------------------------------------------------------------------------------------------
                                              0.303221   slack (MET)


Startpoint: _1102_ (rising edge-triggered flip-flop clocked by wr_clk)
Endpoint: _1102_ (rising edge-triggered flip-flop clocked by wr_clk)
Path Group: wr_clk
Path Type: min

Fanout         Cap        Slew       Delay        Time   Description
---------------------------------------------------------------------------------------------
                      0.150000    0.000000    0.000000   clock wr_clk (rise edge)
                                  0.000000    0.000000   clock network delay (ideal)
                      0.150000    0.000000    0.000000 ^ _1102_/CLK (sky130_fd_sc_hd__dfxtp_2)
     2    0.003774    0.035241    0.344945    0.344945 ^ _1102_/Q (sky130_fd_sc_hd__dfxtp_2)
                                                         mem[2][6] (net)
                      0.035241    0.000000    0.344945 ^ _0919_/A0 (sky130_fd_sc_hd__mux2_2)
     1    0.002191    0.034731    0.125540    0.470485 ^ _0919_/X (sky130_fd_sc_hd__mux2_2)
                                                         _0446_ (net)
                      0.034731    0.000000    0.470485 ^ _0920_/A (sky130_fd_sc_hd__buf_1)
     1    0.001674    0.033052    0.067814    0.538299 ^ _0920_/X (sky130_fd_sc_hd__buf_1)
                                                         _0094_ (net)
                      0.033052    0.000000    0.538299 ^ _1102_/D (sky130_fd_sc_hd__dfxtp_2)
                                              0.538299   data arrival time

                      0.150000    0.000000    0.000000   clock wr_clk (rise edge)
                                  0.000000    0.000000   clock network delay (ideal)
                                  0.250000    0.250000   clock uncertainty
                                  0.000000    0.250000   clock reconvergence pessimism
                                              0.250000 ^ _1102_/CLK (sky130_fd_sc_hd__dfxtp_2)
                                 -0.014922    0.235078   library hold time
                                              0.235078   data required time
---------------------------------------------------------------------------------------------
                                              0.235078   data required time
                                             -0.538299   data arrival time
---------------------------------------------------------------------------------------------
                                              0.303221   slack (MET)


Startpoint: _1103_ (rising edge-triggered flip-flop clocked by wr_clk)
Endpoint: _1103_ (rising edge-triggered flip-flop clocked by wr_clk)
Path Group: wr_clk
Path Type: min

Fanout         Cap        Slew       Delay        Time   Description
---------------------------------------------------------------------------------------------
                      0.150000    0.000000    0.000000   clock wr_clk (rise edge)
                                  0.000000    0.000000   clock network delay (ideal)
                      0.150000    0.000000    0.000000 ^ _1103_/CLK (sky130_fd_sc_hd__dfxtp_2)
     2    0.003774    0.035241    0.344945    0.344945 ^ _1103_/Q (sky130_fd_sc_hd__dfxtp_2)
                                                         mem[2][7] (net)
                      0.035241    0.000000    0.344945 ^ _0921_/A0 (sky130_fd_sc_hd__mux2_2)
     1    0.002191    0.034731    0.125540    0.470485 ^ _0921_/X (sky130_fd_sc_hd__mux2_2)
                                                         _0447_ (net)
                      0.034731    0.000000    0.470485 ^ _0922_/A (sky130_fd_sc_hd__buf_1)
     1    0.001674    0.033052    0.067814    0.538299 ^ _0922_/X (sky130_fd_sc_hd__buf_1)
                                                         _0095_ (net)
                      0.033052    0.000000    0.538299 ^ _1103_/D (sky130_fd_sc_hd__dfxtp_2)
                                              0.538299   data arrival time

                      0.150000    0.000000    0.000000   clock wr_clk (rise edge)
                                  0.000000    0.000000   clock network delay (ideal)
                                  0.250000    0.250000   clock uncertainty
                                  0.000000    0.250000   clock reconvergence pessimism
                                              0.250000 ^ _1103_/CLK (sky130_fd_sc_hd__dfxtp_2)
                                 -0.014922    0.235078   library hold time
                                              0.235078   data required time
---------------------------------------------------------------------------------------------
                                              0.235078   data required time
                                             -0.538299   data arrival time
---------------------------------------------------------------------------------------------
                                              0.303221   slack (MET)


Startpoint: _1024_ (rising edge-triggered flip-flop clocked by wr_clk)
Endpoint: _1024_ (rising edge-triggered flip-flop clocked by wr_clk)
Path Group: wr_clk
Path Type: min

Fanout         Cap        Slew       Delay        Time   Description
---------------------------------------------------------------------------------------------
                      0.150000    0.000000    0.000000   clock wr_clk (rise edge)
                                  0.000000    0.000000   clock network delay (ideal)
                      0.150000    0.000000    0.000000 ^ _1024_/CLK (sky130_fd_sc_hd__dfxtp_2)
     2    0.003840    0.035530    0.345250    0.345250 ^ _1024_/Q (sky130_fd_sc_hd__dfxtp_2)
                                                         mem[13][0] (net)
                      0.035530    0.000000    0.345250 ^ _0750_/A0 (sky130_fd_sc_hd__mux2_2)
     1    0.002191    0.034732    0.125642    0.470892 ^ _0750_/X (sky130_fd_sc_hd__mux2_2)
                                                         _0355_ (net)
                      0.034732    0.000000    0.470892 ^ _0751_/A (sky130_fd_sc_hd__buf_1)
     1    0.001674    0.033052    0.067814    0.538706 ^ _0751_/X (sky130_fd_sc_hd__buf_1)
                                                         _0016_ (net)
                      0.033052    0.000000    0.538706 ^ _1024_/D (sky130_fd_sc_hd__dfxtp_2)
                                              0.538706   data arrival time

                      0.150000    0.000000    0.000000   clock wr_clk (rise edge)
                                  0.000000    0.000000   clock network delay (ideal)
                                  0.250000    0.250000   clock uncertainty
                                  0.000000    0.250000   clock reconvergence pessimism
                                              0.250000 ^ _1024_/CLK (sky130_fd_sc_hd__dfxtp_2)
                                 -0.014922    0.235078   library hold time
                                              0.235078   data required time
---------------------------------------------------------------------------------------------
                                              0.235078   data required time
                                             -0.538706   data arrival time
---------------------------------------------------------------------------------------------
                                              0.303628   slack (MET)


Startpoint: _1025_ (rising edge-triggered flip-flop clocked by wr_clk)
Endpoint: _1025_ (rising edge-triggered flip-flop clocked by wr_clk)
Path Group: wr_clk
Path Type: min

Fanout         Cap        Slew       Delay        Time   Description
---------------------------------------------------------------------------------------------
                      0.150000    0.000000    0.000000   clock wr_clk (rise edge)
                                  0.000000    0.000000   clock network delay (ideal)
                      0.150000    0.000000    0.000000 ^ _1025_/CLK (sky130_fd_sc_hd__dfxtp_2)
     2    0.003840    0.035530    0.345250    0.345250 ^ _1025_/Q (sky130_fd_sc_hd__dfxtp_2)
                                                         mem[13][1] (net)
                      0.035530    0.000000    0.345250 ^ _0752_/A0 (sky130_fd_sc_hd__mux2_2)
     1    0.002191    0.034732    0.125642    0.470892 ^ _0752_/X (sky130_fd_sc_hd__mux2_2)
                                                         _0356_ (net)
                      0.034732    0.000000    0.470892 ^ _0753_/A (sky130_fd_sc_hd__buf_1)
     1    0.001674    0.033052    0.067814    0.538706 ^ _0753_/X (sky130_fd_sc_hd__buf_1)
                                                         _0017_ (net)
                      0.033052    0.000000    0.538706 ^ _1025_/D (sky130_fd_sc_hd__dfxtp_2)
                                              0.538706   data arrival time

                      0.150000    0.000000    0.000000   clock wr_clk (rise edge)
                                  0.000000    0.000000   clock network delay (ideal)
                                  0.250000    0.250000   clock uncertainty
                                  0.000000    0.250000   clock reconvergence pessimism
                                              0.250000 ^ _1025_/CLK (sky130_fd_sc_hd__dfxtp_2)
                                 -0.014922    0.235078   library hold time
                                              0.235078   data required time
---------------------------------------------------------------------------------------------
                                              0.235078   data required time
                                             -0.538706   data arrival time
---------------------------------------------------------------------------------------------
                                              0.303628   slack (MET)


Startpoint: _1026_ (rising edge-triggered flip-flop clocked by wr_clk)
Endpoint: _1026_ (rising edge-triggered flip-flop clocked by wr_clk)
Path Group: wr_clk
Path Type: min

Fanout         Cap        Slew       Delay        Time   Description
---------------------------------------------------------------------------------------------
                      0.150000    0.000000    0.000000   clock wr_clk (rise edge)
                                  0.000000    0.000000   clock network delay (ideal)
                      0.150000    0.000000    0.000000 ^ _1026_/CLK (sky130_fd_sc_hd__dfxtp_2)
     2    0.003840    0.035530    0.345250    0.345250 ^ _1026_/Q (sky130_fd_sc_hd__dfxtp_2)
                                                         mem[13][2] (net)
                      0.035530    0.000000    0.345250 ^ _0754_/A0 (sky130_fd_sc_hd__mux2_2)
     1    0.002191    0.034732    0.125642    0.470892 ^ _0754_/X (sky130_fd_sc_hd__mux2_2)
                                                         _0357_ (net)
                      0.034732    0.000000    0.470892 ^ _0755_/A (sky130_fd_sc_hd__buf_1)
     1    0.001674    0.033052    0.067814    0.538706 ^ _0755_/X (sky130_fd_sc_hd__buf_1)
                                                         _0018_ (net)
                      0.033052    0.000000    0.538706 ^ _1026_/D (sky130_fd_sc_hd__dfxtp_2)
                                              0.538706   data arrival time

                      0.150000    0.000000    0.000000   clock wr_clk (rise edge)
                                  0.000000    0.000000   clock network delay (ideal)
                                  0.250000    0.250000   clock uncertainty
                                  0.000000    0.250000   clock reconvergence pessimism
                                              0.250000 ^ _1026_/CLK (sky130_fd_sc_hd__dfxtp_2)
                                 -0.014922    0.235078   library hold time
                                              0.235078   data required time
---------------------------------------------------------------------------------------------
                                              0.235078   data required time
                                             -0.538706   data arrival time
---------------------------------------------------------------------------------------------
                                              0.303628   slack (MET)


Startpoint: _1027_ (rising edge-triggered flip-flop clocked by wr_clk)
Endpoint: _1027_ (rising edge-triggered flip-flop clocked by wr_clk)
Path Group: wr_clk
Path Type: min

Fanout         Cap        Slew       Delay        Time   Description
---------------------------------------------------------------------------------------------
                      0.150000    0.000000    0.000000   clock wr_clk (rise edge)
                                  0.000000    0.000000   clock network delay (ideal)
                      0.150000    0.000000    0.000000 ^ _1027_/CLK (sky130_fd_sc_hd__dfxtp_2)
     2    0.003840    0.035530    0.345250    0.345250 ^ _1027_/Q (sky130_fd_sc_hd__dfxtp_2)
                                                         mem[13][3] (net)
                      0.035530    0.000000    0.345250 ^ _0756_/A0 (sky130_fd_sc_hd__mux2_2)
     1    0.002191    0.034732    0.125642    0.470892 ^ _0756_/X (sky130_fd_sc_hd__mux2_2)
                                                         _0358_ (net)
                      0.034732    0.000000    0.470892 ^ _0757_/A (sky130_fd_sc_hd__buf_1)
     1    0.001674    0.033052    0.067814    0.538706 ^ _0757_/X (sky130_fd_sc_hd__buf_1)
                                                         _0019_ (net)
                      0.033052    0.000000    0.538706 ^ _1027_/D (sky130_fd_sc_hd__dfxtp_2)
                                              0.538706   data arrival time

                      0.150000    0.000000    0.000000   clock wr_clk (rise edge)
                                  0.000000    0.000000   clock network delay (ideal)
                                  0.250000    0.250000   clock uncertainty
                                  0.000000    0.250000   clock reconvergence pessimism
                                              0.250000 ^ _1027_/CLK (sky130_fd_sc_hd__dfxtp_2)
                                 -0.014922    0.235078   library hold time
                                              0.235078   data required time
---------------------------------------------------------------------------------------------
                                              0.235078   data required time
                                             -0.538706   data arrival time
---------------------------------------------------------------------------------------------
                                              0.303628   slack (MET)


Startpoint: _1028_ (rising edge-triggered flip-flop clocked by wr_clk)
Endpoint: _1028_ (rising edge-triggered flip-flop clocked by wr_clk)
Path Group: wr_clk
Path Type: min

Fanout         Cap        Slew       Delay        Time   Description
---------------------------------------------------------------------------------------------
                      0.150000    0.000000    0.000000   clock wr_clk (rise edge)
                                  0.000000    0.000000   clock network delay (ideal)
                      0.150000    0.000000    0.000000 ^ _1028_/CLK (sky130_fd_sc_hd__dfxtp_2)
     2    0.003840    0.035530    0.345250    0.345250 ^ _1028_/Q (sky130_fd_sc_hd__dfxtp_2)
                                                         mem[13][4] (net)
                      0.035530    0.000000    0.345250 ^ _0758_/A0 (sky130_fd_sc_hd__mux2_2)
     1    0.002191    0.034732    0.125642    0.470892 ^ _0758_/X (sky130_fd_sc_hd__mux2_2)
                                                         _0359_ (net)
                      0.034732    0.000000    0.470892 ^ _0759_/A (sky130_fd_sc_hd__buf_1)
     1    0.001674    0.033052    0.067814    0.538706 ^ _0759_/X (sky130_fd_sc_hd__buf_1)
                                                         _0020_ (net)
                      0.033052    0.000000    0.538706 ^ _1028_/D (sky130_fd_sc_hd__dfxtp_2)
                                              0.538706   data arrival time

                      0.150000    0.000000    0.000000   clock wr_clk (rise edge)
                                  0.000000    0.000000   clock network delay (ideal)
                                  0.250000    0.250000   clock uncertainty
                                  0.000000    0.250000   clock reconvergence pessimism
                                              0.250000 ^ _1028_/CLK (sky130_fd_sc_hd__dfxtp_2)
                                 -0.014922    0.235078   library hold time
                                              0.235078   data required time
---------------------------------------------------------------------------------------------
                                              0.235078   data required time
                                             -0.538706   data arrival time
---------------------------------------------------------------------------------------------
                                              0.303628   slack (MET)


Startpoint: _1029_ (rising edge-triggered flip-flop clocked by wr_clk)
Endpoint: _1029_ (rising edge-triggered flip-flop clocked by wr_clk)
Path Group: wr_clk
Path Type: min

Fanout         Cap        Slew       Delay        Time   Description
---------------------------------------------------------------------------------------------
                      0.150000    0.000000    0.000000   clock wr_clk (rise edge)
                                  0.000000    0.000000   clock network delay (ideal)
                      0.150000    0.000000    0.000000 ^ _1029_/CLK (sky130_fd_sc_hd__dfxtp_2)
     2    0.003840    0.035530    0.345250    0.345250 ^ _1029_/Q (sky130_fd_sc_hd__dfxtp_2)
                                                         mem[13][5] (net)
                      0.035530    0.000000    0.345250 ^ _0760_/A0 (sky130_fd_sc_hd__mux2_2)
     1    0.002191    0.034732    0.125642    0.470892 ^ _0760_/X (sky130_fd_sc_hd__mux2_2)
                                                         _0360_ (net)
                      0.034732    0.000000    0.470892 ^ _0761_/A (sky130_fd_sc_hd__buf_1)
     1    0.001674    0.033052    0.067814    0.538706 ^ _0761_/X (sky130_fd_sc_hd__buf_1)
                                                         _0021_ (net)
                      0.033052    0.000000    0.538706 ^ _1029_/D (sky130_fd_sc_hd__dfxtp_2)
                                              0.538706   data arrival time

                      0.150000    0.000000    0.000000   clock wr_clk (rise edge)
                                  0.000000    0.000000   clock network delay (ideal)
                                  0.250000    0.250000   clock uncertainty
                                  0.000000    0.250000   clock reconvergence pessimism
                                              0.250000 ^ _1029_/CLK (sky130_fd_sc_hd__dfxtp_2)
                                 -0.014922    0.235078   library hold time
                                              0.235078   data required time
---------------------------------------------------------------------------------------------
                                              0.235078   data required time
                                             -0.538706   data arrival time
---------------------------------------------------------------------------------------------
                                              0.303628   slack (MET)


Startpoint: _1030_ (rising edge-triggered flip-flop clocked by wr_clk)
Endpoint: _1030_ (rising edge-triggered flip-flop clocked by wr_clk)
Path Group: wr_clk
Path Type: min

Fanout         Cap        Slew       Delay        Time   Description
---------------------------------------------------------------------------------------------
                      0.150000    0.000000    0.000000   clock wr_clk (rise edge)
                                  0.000000    0.000000   clock network delay (ideal)
                      0.150000    0.000000    0.000000 ^ _1030_/CLK (sky130_fd_sc_hd__dfxtp_2)
     2    0.003840    0.035530    0.345250    0.345250 ^ _1030_/Q (sky130_fd_sc_hd__dfxtp_2)
                                                         mem[13][6] (net)
                      0.035530    0.000000    0.345250 ^ _0762_/A0 (sky130_fd_sc_hd__mux2_2)
     1    0.002191    0.034732    0.125642    0.470892 ^ _0762_/X (sky130_fd_sc_hd__mux2_2)
                                                         _0361_ (net)
                      0.034732    0.000000    0.470892 ^ _0763_/A (sky130_fd_sc_hd__buf_1)
     1    0.001674    0.033052    0.067814    0.538706 ^ _0763_/X (sky130_fd_sc_hd__buf_1)
                                                         _0022_ (net)
                      0.033052    0.000000    0.538706 ^ _1030_/D (sky130_fd_sc_hd__dfxtp_2)
                                              0.538706   data arrival time

                      0.150000    0.000000    0.000000   clock wr_clk (rise edge)
                                  0.000000    0.000000   clock network delay (ideal)
                                  0.250000    0.250000   clock uncertainty
                                  0.000000    0.250000   clock reconvergence pessimism
                                              0.250000 ^ _1030_/CLK (sky130_fd_sc_hd__dfxtp_2)
                                 -0.014922    0.235078   library hold time
                                              0.235078   data required time
---------------------------------------------------------------------------------------------
                                              0.235078   data required time
                                             -0.538706   data arrival time
---------------------------------------------------------------------------------------------
                                              0.303628   slack (MET)


Startpoint: _1031_ (rising edge-triggered flip-flop clocked by wr_clk)
Endpoint: _1031_ (rising edge-triggered flip-flop clocked by wr_clk)
Path Group: wr_clk
Path Type: min

Fanout         Cap        Slew       Delay        Time   Description
---------------------------------------------------------------------------------------------
                      0.150000    0.000000    0.000000   clock wr_clk (rise edge)
                                  0.000000    0.000000   clock network delay (ideal)
                      0.150000    0.000000    0.000000 ^ _1031_/CLK (sky130_fd_sc_hd__dfxtp_2)
     2    0.003840    0.035530    0.345250    0.345250 ^ _1031_/Q (sky130_fd_sc_hd__dfxtp_2)
                                                         mem[13][7] (net)
                      0.035530    0.000000    0.345250 ^ _0764_/A0 (sky130_fd_sc_hd__mux2_2)
     1    0.002191    0.034732    0.125642    0.470892 ^ _0764_/X (sky130_fd_sc_hd__mux2_2)
                                                         _0362_ (net)
                      0.034732    0.000000    0.470892 ^ _0765_/A (sky130_fd_sc_hd__buf_1)
     1    0.001674    0.033052    0.067814    0.538706 ^ _0765_/X (sky130_fd_sc_hd__buf_1)
                                                         _0023_ (net)
                      0.033052    0.000000    0.538706 ^ _1031_/D (sky130_fd_sc_hd__dfxtp_2)
                                              0.538706   data arrival time

                      0.150000    0.000000    0.000000   clock wr_clk (rise edge)
                                  0.000000    0.000000   clock network delay (ideal)
                                  0.250000    0.250000   clock uncertainty
                                  0.000000    0.250000   clock reconvergence pessimism
                                              0.250000 ^ _1031_/CLK (sky130_fd_sc_hd__dfxtp_2)
                                 -0.014922    0.235078   library hold time
                                              0.235078   data required time
---------------------------------------------------------------------------------------------
                                              0.235078   data required time
                                             -0.538706   data arrival time
---------------------------------------------------------------------------------------------
                                              0.303628   slack (MET)


Startpoint: _1048_ (rising edge-triggered flip-flop clocked by wr_clk)
Endpoint: _1048_ (rising edge-triggered flip-flop clocked by wr_clk)
Path Group: wr_clk
Path Type: min

Fanout         Cap        Slew       Delay        Time   Description
---------------------------------------------------------------------------------------------
                      0.150000    0.000000    0.000000   clock wr_clk (rise edge)
                                  0.000000    0.000000   clock network delay (ideal)
                      0.150000    0.000000    0.000000 ^ _1048_/CLK (sky130_fd_sc_hd__dfxtp_2)
     2    0.003840    0.035530    0.345250    0.345250 ^ _1048_/Q (sky130_fd_sc_hd__dfxtp_2)
                                                         mem[1][0] (net)
                      0.035530    0.000000    0.345250 ^ _0805_/A0 (sky130_fd_sc_hd__mux2_2)
     1    0.002191    0.034731    0.125642    0.470892 ^ _0805_/X (sky130_fd_sc_hd__mux2_2)
                                                         _0386_ (net)
                      0.034731    0.000000    0.470892 ^ _0806_/A (sky130_fd_sc_hd__buf_1)
     1    0.001674    0.033052    0.067814    0.538706 ^ _0806_/X (sky130_fd_sc_hd__buf_1)
                                                         _0040_ (net)
                      0.033052    0.000000    0.538706 ^ _1048_/D (sky130_fd_sc_hd__dfxtp_2)
                                              0.538706   data arrival time

                      0.150000    0.000000    0.000000   clock wr_clk (rise edge)
                                  0.000000    0.000000   clock network delay (ideal)
                                  0.250000    0.250000   clock uncertainty
                                  0.000000    0.250000   clock reconvergence pessimism
                                              0.250000 ^ _1048_/CLK (sky130_fd_sc_hd__dfxtp_2)
                                 -0.014922    0.235078   library hold time
                                              0.235078   data required time
---------------------------------------------------------------------------------------------
                                              0.235078   data required time
                                             -0.538706   data arrival time
---------------------------------------------------------------------------------------------
                                              0.303628   slack (MET)


Startpoint: _1049_ (rising edge-triggered flip-flop clocked by wr_clk)
Endpoint: _1049_ (rising edge-triggered flip-flop clocked by wr_clk)
Path Group: wr_clk
Path Type: min

Fanout         Cap        Slew       Delay        Time   Description
---------------------------------------------------------------------------------------------
                      0.150000    0.000000    0.000000   clock wr_clk (rise edge)
                                  0.000000    0.000000   clock network delay (ideal)
                      0.150000    0.000000    0.000000 ^ _1049_/CLK (sky130_fd_sc_hd__dfxtp_2)
     2    0.003840    0.035530    0.345250    0.345250 ^ _1049_/Q (sky130_fd_sc_hd__dfxtp_2)
                                                         mem[1][1] (net)
                      0.035530    0.000000    0.345250 ^ _0807_/A0 (sky130_fd_sc_hd__mux2_2)
     1    0.002191    0.034731    0.125642    0.470892 ^ _0807_/X (sky130_fd_sc_hd__mux2_2)
                                                         _0387_ (net)
                      0.034731    0.000000    0.470892 ^ _0808_/A (sky130_fd_sc_hd__buf_1)
     1    0.001674    0.033052    0.067814    0.538706 ^ _0808_/X (sky130_fd_sc_hd__buf_1)
                                                         _0041_ (net)
                      0.033052    0.000000    0.538706 ^ _1049_/D (sky130_fd_sc_hd__dfxtp_2)
                                              0.538706   data arrival time

                      0.150000    0.000000    0.000000   clock wr_clk (rise edge)
                                  0.000000    0.000000   clock network delay (ideal)
                                  0.250000    0.250000   clock uncertainty
                                  0.000000    0.250000   clock reconvergence pessimism
                                              0.250000 ^ _1049_/CLK (sky130_fd_sc_hd__dfxtp_2)
                                 -0.014922    0.235078   library hold time
                                              0.235078   data required time
---------------------------------------------------------------------------------------------
                                              0.235078   data required time
                                             -0.538706   data arrival time
---------------------------------------------------------------------------------------------
                                              0.303628   slack (MET)


Startpoint: _1050_ (rising edge-triggered flip-flop clocked by wr_clk)
Endpoint: _1050_ (rising edge-triggered flip-flop clocked by wr_clk)
Path Group: wr_clk
Path Type: min

Fanout         Cap        Slew       Delay        Time   Description
---------------------------------------------------------------------------------------------
                      0.150000    0.000000    0.000000   clock wr_clk (rise edge)
                                  0.000000    0.000000   clock network delay (ideal)
                      0.150000    0.000000    0.000000 ^ _1050_/CLK (sky130_fd_sc_hd__dfxtp_2)
     2    0.003840    0.035530    0.345250    0.345250 ^ _1050_/Q (sky130_fd_sc_hd__dfxtp_2)
                                                         mem[1][2] (net)
                      0.035530    0.000000    0.345250 ^ _0809_/A0 (sky130_fd_sc_hd__mux2_2)
     1    0.002191    0.034731    0.125642    0.470892 ^ _0809_/X (sky130_fd_sc_hd__mux2_2)
                                                         _0388_ (net)
                      0.034731    0.000000    0.470892 ^ _0810_/A (sky130_fd_sc_hd__buf_1)
     1    0.001674    0.033052    0.067814    0.538706 ^ _0810_/X (sky130_fd_sc_hd__buf_1)
                                                         _0042_ (net)
                      0.033052    0.000000    0.538706 ^ _1050_/D (sky130_fd_sc_hd__dfxtp_2)
                                              0.538706   data arrival time

                      0.150000    0.000000    0.000000   clock wr_clk (rise edge)
                                  0.000000    0.000000   clock network delay (ideal)
                                  0.250000    0.250000   clock uncertainty
                                  0.000000    0.250000   clock reconvergence pessimism
                                              0.250000 ^ _1050_/CLK (sky130_fd_sc_hd__dfxtp_2)
                                 -0.014922    0.235078   library hold time
                                              0.235078   data required time
---------------------------------------------------------------------------------------------
                                              0.235078   data required time
                                             -0.538706   data arrival time
---------------------------------------------------------------------------------------------
                                              0.303628   slack (MET)


Startpoint: _1051_ (rising edge-triggered flip-flop clocked by wr_clk)
Endpoint: _1051_ (rising edge-triggered flip-flop clocked by wr_clk)
Path Group: wr_clk
Path Type: min

Fanout         Cap        Slew       Delay        Time   Description
---------------------------------------------------------------------------------------------
                      0.150000    0.000000    0.000000   clock wr_clk (rise edge)
                                  0.000000    0.000000   clock network delay (ideal)
                      0.150000    0.000000    0.000000 ^ _1051_/CLK (sky130_fd_sc_hd__dfxtp_2)
     2    0.003840    0.035530    0.345250    0.345250 ^ _1051_/Q (sky130_fd_sc_hd__dfxtp_2)
                                                         mem[1][3] (net)
                      0.035530    0.000000    0.345250 ^ _0811_/A0 (sky130_fd_sc_hd__mux2_2)
     1    0.002191    0.034731    0.125642    0.470892 ^ _0811_/X (sky130_fd_sc_hd__mux2_2)
                                                         _0389_ (net)
                      0.034731    0.000000    0.470892 ^ _0812_/A (sky130_fd_sc_hd__buf_1)
     1    0.001674    0.033052    0.067814    0.538706 ^ _0812_/X (sky130_fd_sc_hd__buf_1)
                                                         _0043_ (net)
                      0.033052    0.000000    0.538706 ^ _1051_/D (sky130_fd_sc_hd__dfxtp_2)
                                              0.538706   data arrival time

                      0.150000    0.000000    0.000000   clock wr_clk (rise edge)
                                  0.000000    0.000000   clock network delay (ideal)
                                  0.250000    0.250000   clock uncertainty
                                  0.000000    0.250000   clock reconvergence pessimism
                                              0.250000 ^ _1051_/CLK (sky130_fd_sc_hd__dfxtp_2)
                                 -0.014922    0.235078   library hold time
                                              0.235078   data required time
---------------------------------------------------------------------------------------------
                                              0.235078   data required time
                                             -0.538706   data arrival time
---------------------------------------------------------------------------------------------
                                              0.303628   slack (MET)


Startpoint: _1052_ (rising edge-triggered flip-flop clocked by wr_clk)
Endpoint: _1052_ (rising edge-triggered flip-flop clocked by wr_clk)
Path Group: wr_clk
Path Type: min

Fanout         Cap        Slew       Delay        Time   Description
---------------------------------------------------------------------------------------------
                      0.150000    0.000000    0.000000   clock wr_clk (rise edge)
                                  0.000000    0.000000   clock network delay (ideal)
                      0.150000    0.000000    0.000000 ^ _1052_/CLK (sky130_fd_sc_hd__dfxtp_2)
     2    0.003840    0.035530    0.345250    0.345250 ^ _1052_/Q (sky130_fd_sc_hd__dfxtp_2)
                                                         mem[1][4] (net)
                      0.035530    0.000000    0.345250 ^ _0813_/A0 (sky130_fd_sc_hd__mux2_2)
     1    0.002191    0.034731    0.125642    0.470892 ^ _0813_/X (sky130_fd_sc_hd__mux2_2)
                                                         _0390_ (net)
                      0.034731    0.000000    0.470892 ^ _0814_/A (sky130_fd_sc_hd__buf_1)
     1    0.001674    0.033052    0.067814    0.538706 ^ _0814_/X (sky130_fd_sc_hd__buf_1)
                                                         _0044_ (net)
                      0.033052    0.000000    0.538706 ^ _1052_/D (sky130_fd_sc_hd__dfxtp_2)
                                              0.538706   data arrival time

                      0.150000    0.000000    0.000000   clock wr_clk (rise edge)
                                  0.000000    0.000000   clock network delay (ideal)
                                  0.250000    0.250000   clock uncertainty
                                  0.000000    0.250000   clock reconvergence pessimism
                                              0.250000 ^ _1052_/CLK (sky130_fd_sc_hd__dfxtp_2)
                                 -0.014922    0.235078   library hold time
                                              0.235078   data required time
---------------------------------------------------------------------------------------------
                                              0.235078   data required time
                                             -0.538706   data arrival time
---------------------------------------------------------------------------------------------
                                              0.303628   slack (MET)


Startpoint: _1053_ (rising edge-triggered flip-flop clocked by wr_clk)
Endpoint: _1053_ (rising edge-triggered flip-flop clocked by wr_clk)
Path Group: wr_clk
Path Type: min

Fanout         Cap        Slew       Delay        Time   Description
---------------------------------------------------------------------------------------------
                      0.150000    0.000000    0.000000   clock wr_clk (rise edge)
                                  0.000000    0.000000   clock network delay (ideal)
                      0.150000    0.000000    0.000000 ^ _1053_/CLK (sky130_fd_sc_hd__dfxtp_2)
     2    0.003840    0.035530    0.345250    0.345250 ^ _1053_/Q (sky130_fd_sc_hd__dfxtp_2)
                                                         mem[1][5] (net)
                      0.035530    0.000000    0.345250 ^ _0815_/A0 (sky130_fd_sc_hd__mux2_2)
     1    0.002191    0.034731    0.125642    0.470892 ^ _0815_/X (sky130_fd_sc_hd__mux2_2)
                                                         _0391_ (net)
                      0.034731    0.000000    0.470892 ^ _0816_/A (sky130_fd_sc_hd__buf_1)
     1    0.001674    0.033052    0.067814    0.538706 ^ _0816_/X (sky130_fd_sc_hd__buf_1)
                                                         _0045_ (net)
                      0.033052    0.000000    0.538706 ^ _1053_/D (sky130_fd_sc_hd__dfxtp_2)
                                              0.538706   data arrival time

                      0.150000    0.000000    0.000000   clock wr_clk (rise edge)
                                  0.000000    0.000000   clock network delay (ideal)
                                  0.250000    0.250000   clock uncertainty
                                  0.000000    0.250000   clock reconvergence pessimism
                                              0.250000 ^ _1053_/CLK (sky130_fd_sc_hd__dfxtp_2)
                                 -0.014922    0.235078   library hold time
                                              0.235078   data required time
---------------------------------------------------------------------------------------------
                                              0.235078   data required time
                                             -0.538706   data arrival time
---------------------------------------------------------------------------------------------
                                              0.303628   slack (MET)


Startpoint: _1054_ (rising edge-triggered flip-flop clocked by wr_clk)
Endpoint: _1054_ (rising edge-triggered flip-flop clocked by wr_clk)
Path Group: wr_clk
Path Type: min

Fanout         Cap        Slew       Delay        Time   Description
---------------------------------------------------------------------------------------------
                      0.150000    0.000000    0.000000   clock wr_clk (rise edge)
                                  0.000000    0.000000   clock network delay (ideal)
                      0.150000    0.000000    0.000000 ^ _1054_/CLK (sky130_fd_sc_hd__dfxtp_2)
     2    0.003840    0.035530    0.345250    0.345250 ^ _1054_/Q (sky130_fd_sc_hd__dfxtp_2)
                                                         mem[1][6] (net)
                      0.035530    0.000000    0.345250 ^ _0817_/A0 (sky130_fd_sc_hd__mux2_2)
     1    0.002191    0.034731    0.125642    0.470892 ^ _0817_/X (sky130_fd_sc_hd__mux2_2)
                                                         _0392_ (net)
                      0.034731    0.000000    0.470892 ^ _0818_/A (sky130_fd_sc_hd__buf_1)
     1    0.001674    0.033052    0.067814    0.538706 ^ _0818_/X (sky130_fd_sc_hd__buf_1)
                                                         _0046_ (net)
                      0.033052    0.000000    0.538706 ^ _1054_/D (sky130_fd_sc_hd__dfxtp_2)
                                              0.538706   data arrival time

                      0.150000    0.000000    0.000000   clock wr_clk (rise edge)
                                  0.000000    0.000000   clock network delay (ideal)
                                  0.250000    0.250000   clock uncertainty
                                  0.000000    0.250000   clock reconvergence pessimism
                                              0.250000 ^ _1054_/CLK (sky130_fd_sc_hd__dfxtp_2)
                                 -0.014922    0.235078   library hold time
                                              0.235078   data required time
---------------------------------------------------------------------------------------------
                                              0.235078   data required time
                                             -0.538706   data arrival time
---------------------------------------------------------------------------------------------
                                              0.303628   slack (MET)


Startpoint: _1055_ (rising edge-triggered flip-flop clocked by wr_clk)
Endpoint: _1055_ (rising edge-triggered flip-flop clocked by wr_clk)
Path Group: wr_clk
Path Type: min

Fanout         Cap        Slew       Delay        Time   Description
---------------------------------------------------------------------------------------------
                      0.150000    0.000000    0.000000   clock wr_clk (rise edge)
                                  0.000000    0.000000   clock network delay (ideal)
                      0.150000    0.000000    0.000000 ^ _1055_/CLK (sky130_fd_sc_hd__dfxtp_2)
     2    0.003840    0.035530    0.345250    0.345250 ^ _1055_/Q (sky130_fd_sc_hd__dfxtp_2)
                                                         mem[1][7] (net)
                      0.035530    0.000000    0.345250 ^ _0819_/A0 (sky130_fd_sc_hd__mux2_2)
     1    0.002191    0.034731    0.125642    0.470892 ^ _0819_/X (sky130_fd_sc_hd__mux2_2)
                                                         _0393_ (net)
                      0.034731    0.000000    0.470892 ^ _0820_/A (sky130_fd_sc_hd__buf_1)
     1    0.001674    0.033052    0.067814    0.538706 ^ _0820_/X (sky130_fd_sc_hd__buf_1)
                                                         _0047_ (net)
                      0.033052    0.000000    0.538706 ^ _1055_/D (sky130_fd_sc_hd__dfxtp_2)
                                              0.538706   data arrival time

                      0.150000    0.000000    0.000000   clock wr_clk (rise edge)
                                  0.000000    0.000000   clock network delay (ideal)
                                  0.250000    0.250000   clock uncertainty
                                  0.000000    0.250000   clock reconvergence pessimism
                                              0.250000 ^ _1055_/CLK (sky130_fd_sc_hd__dfxtp_2)
                                 -0.014922    0.235078   library hold time
                                              0.235078   data required time
---------------------------------------------------------------------------------------------
                                              0.235078   data required time
                                             -0.538706   data arrival time
---------------------------------------------------------------------------------------------
                                              0.303628   slack (MET)


Startpoint: _1113_ (rising edge-triggered flip-flop clocked by wr_clk)
Endpoint: _1113_ (rising edge-triggered flip-flop clocked by wr_clk)
Path Group: wr_clk
Path Type: min

Fanout         Cap        Slew       Delay        Time   Description
---------------------------------------------------------------------------------------------
                      0.150000    0.000000    0.000000   clock wr_clk (rise edge)
                                  0.000000    0.000000   clock network delay (ideal)
                      0.150000    0.000000    0.000000 ^ _1113_/CLK (sky130_fd_sc_hd__dfxtp_2)
     2    0.003840    0.035530    0.345250    0.345250 ^ _1113_/Q (sky130_fd_sc_hd__dfxtp_2)
                                                         mem[5][0] (net)
                      0.035530    0.000000    0.345250 ^ _0942_/A0 (sky130_fd_sc_hd__mux2_2)
     1    0.002191    0.034731    0.125642    0.470892 ^ _0942_/X (sky130_fd_sc_hd__mux2_2)
                                                         _0459_ (net)
                      0.034731    0.000000    0.470892 ^ _0943_/A (sky130_fd_sc_hd__buf_1)
     1    0.001674    0.033052    0.067814    0.538706 ^ _0943_/X (sky130_fd_sc_hd__buf_1)
                                                         _0104_ (net)
                      0.033052    0.000000    0.538706 ^ _1113_/D (sky130_fd_sc_hd__dfxtp_2)
                                              0.538706   data arrival time

                      0.150000    0.000000    0.000000   clock wr_clk (rise edge)
                                  0.000000    0.000000   clock network delay (ideal)
                                  0.250000    0.250000   clock uncertainty
                                  0.000000    0.250000   clock reconvergence pessimism
                                              0.250000 ^ _1113_/CLK (sky130_fd_sc_hd__dfxtp_2)
                                 -0.014922    0.235078   library hold time
                                              0.235078   data required time
---------------------------------------------------------------------------------------------
                                              0.235078   data required time
                                             -0.538706   data arrival time
---------------------------------------------------------------------------------------------
                                              0.303628   slack (MET)


Startpoint: _1114_ (rising edge-triggered flip-flop clocked by wr_clk)
Endpoint: _1114_ (rising edge-triggered flip-flop clocked by wr_clk)
Path Group: wr_clk
Path Type: min

Fanout         Cap        Slew       Delay        Time   Description
---------------------------------------------------------------------------------------------
                      0.150000    0.000000    0.000000   clock wr_clk (rise edge)
                                  0.000000    0.000000   clock network delay (ideal)
                      0.150000    0.000000    0.000000 ^ _1114_/CLK (sky130_fd_sc_hd__dfxtp_2)
     2    0.003840    0.035530    0.345250    0.345250 ^ _1114_/Q (sky130_fd_sc_hd__dfxtp_2)
                                                         mem[5][1] (net)
                      0.035530    0.000000    0.345250 ^ _0944_/A0 (sky130_fd_sc_hd__mux2_2)
     1    0.002191    0.034731    0.125642    0.470892 ^ _0944_/X (sky130_fd_sc_hd__mux2_2)
                                                         _0460_ (net)
                      0.034731    0.000000    0.470892 ^ _0945_/A (sky130_fd_sc_hd__buf_1)
     1    0.001674    0.033052    0.067814    0.538706 ^ _0945_/X (sky130_fd_sc_hd__buf_1)
                                                         _0105_ (net)
                      0.033052    0.000000    0.538706 ^ _1114_/D (sky130_fd_sc_hd__dfxtp_2)
                                              0.538706   data arrival time

                      0.150000    0.000000    0.000000   clock wr_clk (rise edge)
                                  0.000000    0.000000   clock network delay (ideal)
                                  0.250000    0.250000   clock uncertainty
                                  0.000000    0.250000   clock reconvergence pessimism
                                              0.250000 ^ _1114_/CLK (sky130_fd_sc_hd__dfxtp_2)
                                 -0.014922    0.235078   library hold time
                                              0.235078   data required time
---------------------------------------------------------------------------------------------
                                              0.235078   data required time
                                             -0.538706   data arrival time
---------------------------------------------------------------------------------------------
                                              0.303628   slack (MET)


Startpoint: _1115_ (rising edge-triggered flip-flop clocked by wr_clk)
Endpoint: _1115_ (rising edge-triggered flip-flop clocked by wr_clk)
Path Group: wr_clk
Path Type: min

Fanout         Cap        Slew       Delay        Time   Description
---------------------------------------------------------------------------------------------
                      0.150000    0.000000    0.000000   clock wr_clk (rise edge)
                                  0.000000    0.000000   clock network delay (ideal)
                      0.150000    0.000000    0.000000 ^ _1115_/CLK (sky130_fd_sc_hd__dfxtp_2)
     2    0.003840    0.035530    0.345250    0.345250 ^ _1115_/Q (sky130_fd_sc_hd__dfxtp_2)
                                                         mem[5][2] (net)
                      0.035530    0.000000    0.345250 ^ _0946_/A0 (sky130_fd_sc_hd__mux2_2)
     1    0.002191    0.034731    0.125642    0.470892 ^ _0946_/X (sky130_fd_sc_hd__mux2_2)
                                                         _0461_ (net)
                      0.034731    0.000000    0.470892 ^ _0947_/A (sky130_fd_sc_hd__buf_1)
     1    0.001674    0.033052    0.067814    0.538706 ^ _0947_/X (sky130_fd_sc_hd__buf_1)
                                                         _0106_ (net)
                      0.033052    0.000000    0.538706 ^ _1115_/D (sky130_fd_sc_hd__dfxtp_2)
                                              0.538706   data arrival time

                      0.150000    0.000000    0.000000   clock wr_clk (rise edge)
                                  0.000000    0.000000   clock network delay (ideal)
                                  0.250000    0.250000   clock uncertainty
                                  0.000000    0.250000   clock reconvergence pessimism
                                              0.250000 ^ _1115_/CLK (sky130_fd_sc_hd__dfxtp_2)
                                 -0.014922    0.235078   library hold time
                                              0.235078   data required time
---------------------------------------------------------------------------------------------
                                              0.235078   data required time
                                             -0.538706   data arrival time
---------------------------------------------------------------------------------------------
                                              0.303628   slack (MET)


Startpoint: _1116_ (rising edge-triggered flip-flop clocked by wr_clk)
Endpoint: _1116_ (rising edge-triggered flip-flop clocked by wr_clk)
Path Group: wr_clk
Path Type: min

Fanout         Cap        Slew       Delay        Time   Description
---------------------------------------------------------------------------------------------
                      0.150000    0.000000    0.000000   clock wr_clk (rise edge)
                                  0.000000    0.000000   clock network delay (ideal)
                      0.150000    0.000000    0.000000 ^ _1116_/CLK (sky130_fd_sc_hd__dfxtp_2)
     2    0.003840    0.035530    0.345250    0.345250 ^ _1116_/Q (sky130_fd_sc_hd__dfxtp_2)
                                                         mem[5][3] (net)
                      0.035530    0.000000    0.345250 ^ _0948_/A0 (sky130_fd_sc_hd__mux2_2)
     1    0.002191    0.034731    0.125642    0.470892 ^ _0948_/X (sky130_fd_sc_hd__mux2_2)
                                                         _0462_ (net)
                      0.034731    0.000000    0.470892 ^ _0949_/A (sky130_fd_sc_hd__buf_1)
     1    0.001674    0.033052    0.067814    0.538706 ^ _0949_/X (sky130_fd_sc_hd__buf_1)
                                                         _0107_ (net)
                      0.033052    0.000000    0.538706 ^ _1116_/D (sky130_fd_sc_hd__dfxtp_2)
                                              0.538706   data arrival time

                      0.150000    0.000000    0.000000   clock wr_clk (rise edge)
                                  0.000000    0.000000   clock network delay (ideal)
                                  0.250000    0.250000   clock uncertainty
                                  0.000000    0.250000   clock reconvergence pessimism
                                              0.250000 ^ _1116_/CLK (sky130_fd_sc_hd__dfxtp_2)
                                 -0.014922    0.235078   library hold time
                                              0.235078   data required time
---------------------------------------------------------------------------------------------
                                              0.235078   data required time
                                             -0.538706   data arrival time
---------------------------------------------------------------------------------------------
                                              0.303628   slack (MET)


Startpoint: _1117_ (rising edge-triggered flip-flop clocked by wr_clk)
Endpoint: _1117_ (rising edge-triggered flip-flop clocked by wr_clk)
Path Group: wr_clk
Path Type: min

Fanout         Cap        Slew       Delay        Time   Description
---------------------------------------------------------------------------------------------
                      0.150000    0.000000    0.000000   clock wr_clk (rise edge)
                                  0.000000    0.000000   clock network delay (ideal)
                      0.150000    0.000000    0.000000 ^ _1117_/CLK (sky130_fd_sc_hd__dfxtp_2)
     2    0.003840    0.035530    0.345250    0.345250 ^ _1117_/Q (sky130_fd_sc_hd__dfxtp_2)
                                                         mem[5][4] (net)
                      0.035530    0.000000    0.345250 ^ _0950_/A0 (sky130_fd_sc_hd__mux2_2)
     1    0.002191    0.034731    0.125642    0.470892 ^ _0950_/X (sky130_fd_sc_hd__mux2_2)
                                                         _0463_ (net)
                      0.034731    0.000000    0.470892 ^ _0951_/A (sky130_fd_sc_hd__buf_1)
     1    0.001674    0.033052    0.067814    0.538706 ^ _0951_/X (sky130_fd_sc_hd__buf_1)
                                                         _0108_ (net)
                      0.033052    0.000000    0.538706 ^ _1117_/D (sky130_fd_sc_hd__dfxtp_2)
                                              0.538706   data arrival time

                      0.150000    0.000000    0.000000   clock wr_clk (rise edge)
                                  0.000000    0.000000   clock network delay (ideal)
                                  0.250000    0.250000   clock uncertainty
                                  0.000000    0.250000   clock reconvergence pessimism
                                              0.250000 ^ _1117_/CLK (sky130_fd_sc_hd__dfxtp_2)
                                 -0.014922    0.235078   library hold time
                                              0.235078   data required time
---------------------------------------------------------------------------------------------
                                              0.235078   data required time
                                             -0.538706   data arrival time
---------------------------------------------------------------------------------------------
                                              0.303628   slack (MET)


Startpoint: _1118_ (rising edge-triggered flip-flop clocked by wr_clk)
Endpoint: _1118_ (rising edge-triggered flip-flop clocked by wr_clk)
Path Group: wr_clk
Path Type: min

Fanout         Cap        Slew       Delay        Time   Description
---------------------------------------------------------------------------------------------
                      0.150000    0.000000    0.000000   clock wr_clk (rise edge)
                                  0.000000    0.000000   clock network delay (ideal)
                      0.150000    0.000000    0.000000 ^ _1118_/CLK (sky130_fd_sc_hd__dfxtp_2)
     2    0.003840    0.035530    0.345250    0.345250 ^ _1118_/Q (sky130_fd_sc_hd__dfxtp_2)
                                                         mem[5][5] (net)
                      0.035530    0.000000    0.345250 ^ _0952_/A0 (sky130_fd_sc_hd__mux2_2)
     1    0.002191    0.034731    0.125642    0.470892 ^ _0952_/X (sky130_fd_sc_hd__mux2_2)
                                                         _0464_ (net)
                      0.034731    0.000000    0.470892 ^ _0953_/A (sky130_fd_sc_hd__buf_1)
     1    0.001674    0.033052    0.067814    0.538706 ^ _0953_/X (sky130_fd_sc_hd__buf_1)
                                                         _0109_ (net)
                      0.033052    0.000000    0.538706 ^ _1118_/D (sky130_fd_sc_hd__dfxtp_2)
                                              0.538706   data arrival time

                      0.150000    0.000000    0.000000   clock wr_clk (rise edge)
                                  0.000000    0.000000   clock network delay (ideal)
                                  0.250000    0.250000   clock uncertainty
                                  0.000000    0.250000   clock reconvergence pessimism
                                              0.250000 ^ _1118_/CLK (sky130_fd_sc_hd__dfxtp_2)
                                 -0.014922    0.235078   library hold time
                                              0.235078   data required time
---------------------------------------------------------------------------------------------
                                              0.235078   data required time
                                             -0.538706   data arrival time
---------------------------------------------------------------------------------------------
                                              0.303628   slack (MET)


Startpoint: _1119_ (rising edge-triggered flip-flop clocked by wr_clk)
Endpoint: _1119_ (rising edge-triggered flip-flop clocked by wr_clk)
Path Group: wr_clk
Path Type: min

Fanout         Cap        Slew       Delay        Time   Description
---------------------------------------------------------------------------------------------
                      0.150000    0.000000    0.000000   clock wr_clk (rise edge)
                                  0.000000    0.000000   clock network delay (ideal)
                      0.150000    0.000000    0.000000 ^ _1119_/CLK (sky130_fd_sc_hd__dfxtp_2)
     2    0.003840    0.035530    0.345250    0.345250 ^ _1119_/Q (sky130_fd_sc_hd__dfxtp_2)
                                                         mem[5][6] (net)
                      0.035530    0.000000    0.345250 ^ _0954_/A0 (sky130_fd_sc_hd__mux2_2)
     1    0.002191    0.034731    0.125642    0.470892 ^ _0954_/X (sky130_fd_sc_hd__mux2_2)
                                                         _0465_ (net)
                      0.034731    0.000000    0.470892 ^ _0955_/A (sky130_fd_sc_hd__buf_1)
     1    0.001674    0.033052    0.067814    0.538706 ^ _0955_/X (sky130_fd_sc_hd__buf_1)
                                                         _0110_ (net)
                      0.033052    0.000000    0.538706 ^ _1119_/D (sky130_fd_sc_hd__dfxtp_2)
                                              0.538706   data arrival time

                      0.150000    0.000000    0.000000   clock wr_clk (rise edge)
                                  0.000000    0.000000   clock network delay (ideal)
                                  0.250000    0.250000   clock uncertainty
                                  0.000000    0.250000   clock reconvergence pessimism
                                              0.250000 ^ _1119_/CLK (sky130_fd_sc_hd__dfxtp_2)
                                 -0.014922    0.235078   library hold time
                                              0.235078   data required time
---------------------------------------------------------------------------------------------
                                              0.235078   data required time
                                             -0.538706   data arrival time
---------------------------------------------------------------------------------------------
                                              0.303628   slack (MET)


Startpoint: _1120_ (rising edge-triggered flip-flop clocked by wr_clk)
Endpoint: _1120_ (rising edge-triggered flip-flop clocked by wr_clk)
Path Group: wr_clk
Path Type: min

Fanout         Cap        Slew       Delay        Time   Description
---------------------------------------------------------------------------------------------
                      0.150000    0.000000    0.000000   clock wr_clk (rise edge)
                                  0.000000    0.000000   clock network delay (ideal)
                      0.150000    0.000000    0.000000 ^ _1120_/CLK (sky130_fd_sc_hd__dfxtp_2)
     2    0.003840    0.035530    0.345250    0.345250 ^ _1120_/Q (sky130_fd_sc_hd__dfxtp_2)
                                                         mem[5][7] (net)
                      0.035530    0.000000    0.345250 ^ _0956_/A0 (sky130_fd_sc_hd__mux2_2)
     1    0.002191    0.034731    0.125642    0.470892 ^ _0956_/X (sky130_fd_sc_hd__mux2_2)
                                                         _0466_ (net)
                      0.034731    0.000000    0.470892 ^ _0957_/A (sky130_fd_sc_hd__buf_1)
     1    0.001674    0.033052    0.067814    0.538706 ^ _0957_/X (sky130_fd_sc_hd__buf_1)
                                                         _0111_ (net)
                      0.033052    0.000000    0.538706 ^ _1120_/D (sky130_fd_sc_hd__dfxtp_2)
                                              0.538706   data arrival time

                      0.150000    0.000000    0.000000   clock wr_clk (rise edge)
                                  0.000000    0.000000   clock network delay (ideal)
                                  0.250000    0.250000   clock uncertainty
                                  0.000000    0.250000   clock reconvergence pessimism
                                              0.250000 ^ _1120_/CLK (sky130_fd_sc_hd__dfxtp_2)
                                 -0.014922    0.235078   library hold time
                                              0.235078   data required time
---------------------------------------------------------------------------------------------
                                              0.235078   data required time
                                             -0.538706   data arrival time
---------------------------------------------------------------------------------------------
                                              0.303628   slack (MET)


Startpoint: _1178_ (rising edge-triggered flip-flop clocked by wr_clk)
Endpoint: _1178_ (rising edge-triggered flip-flop clocked by wr_clk)
Path Group: wr_clk
Path Type: min

Fanout         Cap        Slew       Delay        Time   Description
---------------------------------------------------------------------------------------------
                      0.150000    0.000000    0.000000   clock wr_clk (rise edge)
                                  0.000000    0.000000   clock network delay (ideal)
                      0.150000    0.000000    0.000000 ^ _1178_/CLK (sky130_fd_sc_hd__dfxtp_2)
     2    0.003840    0.035530    0.345250    0.345250 ^ _1178_/Q (sky130_fd_sc_hd__dfxtp_2)
                                                         mem[9][0] (net)
                      0.035530    0.000000    0.345250 ^ _0992_/A0 (sky130_fd_sc_hd__mux2_2)
     1    0.002191    0.034731    0.125642    0.470892 ^ _0992_/X (sky130_fd_sc_hd__mux2_2)
                                                         _0485_ (net)
                      0.034731    0.000000    0.470892 ^ _0993_/A (sky130_fd_sc_hd__buf_1)
     1    0.001674    0.033052    0.067814    0.538706 ^ _0993_/X (sky130_fd_sc_hd__buf_1)
                                                         _0128_ (net)
                      0.033052    0.000000    0.538706 ^ _1178_/D (sky130_fd_sc_hd__dfxtp_2)
                                              0.538706   data arrival time

                      0.150000    0.000000    0.000000   clock wr_clk (rise edge)
                                  0.000000    0.000000   clock network delay (ideal)
                                  0.250000    0.250000   clock uncertainty
                                  0.000000    0.250000   clock reconvergence pessimism
                                              0.250000 ^ _1178_/CLK (sky130_fd_sc_hd__dfxtp_2)
                                 -0.014922    0.235078   library hold time
                                              0.235078   data required time
---------------------------------------------------------------------------------------------
                                              0.235078   data required time
                                             -0.538706   data arrival time
---------------------------------------------------------------------------------------------
                                              0.303628   slack (MET)


Startpoint: _1179_ (rising edge-triggered flip-flop clocked by wr_clk)
Endpoint: _1179_ (rising edge-triggered flip-flop clocked by wr_clk)
Path Group: wr_clk
Path Type: min

Fanout         Cap        Slew       Delay        Time   Description
---------------------------------------------------------------------------------------------
                      0.150000    0.000000    0.000000   clock wr_clk (rise edge)
                                  0.000000    0.000000   clock network delay (ideal)
                      0.150000    0.000000    0.000000 ^ _1179_/CLK (sky130_fd_sc_hd__dfxtp_2)
     2    0.003840    0.035530    0.345250    0.345250 ^ _1179_/Q (sky130_fd_sc_hd__dfxtp_2)
                                                         mem[9][1] (net)
                      0.035530    0.000000    0.345250 ^ _0994_/A0 (sky130_fd_sc_hd__mux2_2)
     1    0.002191    0.034731    0.125642    0.470892 ^ _0994_/X (sky130_fd_sc_hd__mux2_2)
                                                         _0486_ (net)
                      0.034731    0.000000    0.470892 ^ _0995_/A (sky130_fd_sc_hd__buf_1)
     1    0.001674    0.033052    0.067814    0.538706 ^ _0995_/X (sky130_fd_sc_hd__buf_1)
                                                         _0129_ (net)
                      0.033052    0.000000    0.538706 ^ _1179_/D (sky130_fd_sc_hd__dfxtp_2)
                                              0.538706   data arrival time

                      0.150000    0.000000    0.000000   clock wr_clk (rise edge)
                                  0.000000    0.000000   clock network delay (ideal)
                                  0.250000    0.250000   clock uncertainty
                                  0.000000    0.250000   clock reconvergence pessimism
                                              0.250000 ^ _1179_/CLK (sky130_fd_sc_hd__dfxtp_2)
                                 -0.014922    0.235078   library hold time
                                              0.235078   data required time
---------------------------------------------------------------------------------------------
                                              0.235078   data required time
                                             -0.538706   data arrival time
---------------------------------------------------------------------------------------------
                                              0.303628   slack (MET)


Startpoint: _1180_ (rising edge-triggered flip-flop clocked by wr_clk)
Endpoint: _1180_ (rising edge-triggered flip-flop clocked by wr_clk)
Path Group: wr_clk
Path Type: min

Fanout         Cap        Slew       Delay        Time   Description
---------------------------------------------------------------------------------------------
                      0.150000    0.000000    0.000000   clock wr_clk (rise edge)
                                  0.000000    0.000000   clock network delay (ideal)
                      0.150000    0.000000    0.000000 ^ _1180_/CLK (sky130_fd_sc_hd__dfxtp_2)
     2    0.003840    0.035530    0.345250    0.345250 ^ _1180_/Q (sky130_fd_sc_hd__dfxtp_2)
                                                         mem[9][2] (net)
                      0.035530    0.000000    0.345250 ^ _0996_/A0 (sky130_fd_sc_hd__mux2_2)
     1    0.002191    0.034731    0.125642    0.470892 ^ _0996_/X (sky130_fd_sc_hd__mux2_2)
                                                         _0487_ (net)
                      0.034731    0.000000    0.470892 ^ _0997_/A (sky130_fd_sc_hd__buf_1)
     1    0.001674    0.033052    0.067814    0.538706 ^ _0997_/X (sky130_fd_sc_hd__buf_1)
                                                         _0130_ (net)
                      0.033052    0.000000    0.538706 ^ _1180_/D (sky130_fd_sc_hd__dfxtp_2)
                                              0.538706   data arrival time

                      0.150000    0.000000    0.000000   clock wr_clk (rise edge)
                                  0.000000    0.000000   clock network delay (ideal)
                                  0.250000    0.250000   clock uncertainty
                                  0.000000    0.250000   clock reconvergence pessimism
                                              0.250000 ^ _1180_/CLK (sky130_fd_sc_hd__dfxtp_2)
                                 -0.014922    0.235078   library hold time
                                              0.235078   data required time
---------------------------------------------------------------------------------------------
                                              0.235078   data required time
                                             -0.538706   data arrival time
---------------------------------------------------------------------------------------------
                                              0.303628   slack (MET)


Startpoint: _1181_ (rising edge-triggered flip-flop clocked by wr_clk)
Endpoint: _1181_ (rising edge-triggered flip-flop clocked by wr_clk)
Path Group: wr_clk
Path Type: min

Fanout         Cap        Slew       Delay        Time   Description
---------------------------------------------------------------------------------------------
                      0.150000    0.000000    0.000000   clock wr_clk (rise edge)
                                  0.000000    0.000000   clock network delay (ideal)
                      0.150000    0.000000    0.000000 ^ _1181_/CLK (sky130_fd_sc_hd__dfxtp_2)
     2    0.003840    0.035530    0.345250    0.345250 ^ _1181_/Q (sky130_fd_sc_hd__dfxtp_2)
                                                         mem[9][3] (net)
                      0.035530    0.000000    0.345250 ^ _0998_/A0 (sky130_fd_sc_hd__mux2_2)
     1    0.002191    0.034731    0.125642    0.470892 ^ _0998_/X (sky130_fd_sc_hd__mux2_2)
                                                         _0488_ (net)
                      0.034731    0.000000    0.470892 ^ _0999_/A (sky130_fd_sc_hd__buf_1)
     1    0.001674    0.033052    0.067814    0.538706 ^ _0999_/X (sky130_fd_sc_hd__buf_1)
                                                         _0131_ (net)
                      0.033052    0.000000    0.538706 ^ _1181_/D (sky130_fd_sc_hd__dfxtp_2)
                                              0.538706   data arrival time

                      0.150000    0.000000    0.000000   clock wr_clk (rise edge)
                                  0.000000    0.000000   clock network delay (ideal)
                                  0.250000    0.250000   clock uncertainty
                                  0.000000    0.250000   clock reconvergence pessimism
                                              0.250000 ^ _1181_/CLK (sky130_fd_sc_hd__dfxtp_2)
                                 -0.014922    0.235078   library hold time
                                              0.235078   data required time
---------------------------------------------------------------------------------------------
                                              0.235078   data required time
                                             -0.538706   data arrival time
---------------------------------------------------------------------------------------------
                                              0.303628   slack (MET)


Startpoint: _1182_ (rising edge-triggered flip-flop clocked by wr_clk)
Endpoint: _1182_ (rising edge-triggered flip-flop clocked by wr_clk)
Path Group: wr_clk
Path Type: min

Fanout         Cap        Slew       Delay        Time   Description
---------------------------------------------------------------------------------------------
                      0.150000    0.000000    0.000000   clock wr_clk (rise edge)
                                  0.000000    0.000000   clock network delay (ideal)
                      0.150000    0.000000    0.000000 ^ _1182_/CLK (sky130_fd_sc_hd__dfxtp_2)
     2    0.003840    0.035530    0.345250    0.345250 ^ _1182_/Q (sky130_fd_sc_hd__dfxtp_2)
                                                         mem[9][4] (net)
                      0.035530    0.000000    0.345250 ^ _1000_/A0 (sky130_fd_sc_hd__mux2_2)
     1    0.002191    0.034731    0.125642    0.470892 ^ _1000_/X (sky130_fd_sc_hd__mux2_2)
                                                         _0489_ (net)
                      0.034731    0.000000    0.470892 ^ _1001_/A (sky130_fd_sc_hd__buf_1)
     1    0.001674    0.033052    0.067814    0.538706 ^ _1001_/X (sky130_fd_sc_hd__buf_1)
                                                         _0132_ (net)
                      0.033052    0.000000    0.538706 ^ _1182_/D (sky130_fd_sc_hd__dfxtp_2)
                                              0.538706   data arrival time

                      0.150000    0.000000    0.000000   clock wr_clk (rise edge)
                                  0.000000    0.000000   clock network delay (ideal)
                                  0.250000    0.250000   clock uncertainty
                                  0.000000    0.250000   clock reconvergence pessimism
                                              0.250000 ^ _1182_/CLK (sky130_fd_sc_hd__dfxtp_2)
                                 -0.014922    0.235078   library hold time
                                              0.235078   data required time
---------------------------------------------------------------------------------------------
                                              0.235078   data required time
                                             -0.538706   data arrival time
---------------------------------------------------------------------------------------------
                                              0.303628   slack (MET)


Startpoint: _1183_ (rising edge-triggered flip-flop clocked by wr_clk)
Endpoint: _1183_ (rising edge-triggered flip-flop clocked by wr_clk)
Path Group: wr_clk
Path Type: min

Fanout         Cap        Slew       Delay        Time   Description
---------------------------------------------------------------------------------------------
                      0.150000    0.000000    0.000000   clock wr_clk (rise edge)
                                  0.000000    0.000000   clock network delay (ideal)
                      0.150000    0.000000    0.000000 ^ _1183_/CLK (sky130_fd_sc_hd__dfxtp_2)
     2    0.003840    0.035530    0.345250    0.345250 ^ _1183_/Q (sky130_fd_sc_hd__dfxtp_2)
                                                         mem[9][5] (net)
                      0.035530    0.000000    0.345250 ^ _1002_/A0 (sky130_fd_sc_hd__mux2_2)
     1    0.002191    0.034731    0.125642    0.470892 ^ _1002_/X (sky130_fd_sc_hd__mux2_2)
                                                         _0490_ (net)
                      0.034731    0.000000    0.470892 ^ _1003_/A (sky130_fd_sc_hd__buf_1)
     1    0.001674    0.033052    0.067814    0.538706 ^ _1003_/X (sky130_fd_sc_hd__buf_1)
                                                         _0133_ (net)
                      0.033052    0.000000    0.538706 ^ _1183_/D (sky130_fd_sc_hd__dfxtp_2)
                                              0.538706   data arrival time

                      0.150000    0.000000    0.000000   clock wr_clk (rise edge)
                                  0.000000    0.000000   clock network delay (ideal)
                                  0.250000    0.250000   clock uncertainty
                                  0.000000    0.250000   clock reconvergence pessimism
                                              0.250000 ^ _1183_/CLK (sky130_fd_sc_hd__dfxtp_2)
                                 -0.014922    0.235078   library hold time
                                              0.235078   data required time
---------------------------------------------------------------------------------------------
                                              0.235078   data required time
                                             -0.538706   data arrival time
---------------------------------------------------------------------------------------------
                                              0.303628   slack (MET)


Startpoint: _1184_ (rising edge-triggered flip-flop clocked by wr_clk)
Endpoint: _1184_ (rising edge-triggered flip-flop clocked by wr_clk)
Path Group: wr_clk
Path Type: min

Fanout         Cap        Slew       Delay        Time   Description
---------------------------------------------------------------------------------------------
                      0.150000    0.000000    0.000000   clock wr_clk (rise edge)
                                  0.000000    0.000000   clock network delay (ideal)
                      0.150000    0.000000    0.000000 ^ _1184_/CLK (sky130_fd_sc_hd__dfxtp_2)
     2    0.003840    0.035530    0.345250    0.345250 ^ _1184_/Q (sky130_fd_sc_hd__dfxtp_2)
                                                         mem[9][6] (net)
                      0.035530    0.000000    0.345250 ^ _1004_/A0 (sky130_fd_sc_hd__mux2_2)
     1    0.002191    0.034731    0.125642    0.470892 ^ _1004_/X (sky130_fd_sc_hd__mux2_2)
                                                         _0491_ (net)
                      0.034731    0.000000    0.470892 ^ _1005_/A (sky130_fd_sc_hd__buf_1)
     1    0.001674    0.033052    0.067814    0.538706 ^ _1005_/X (sky130_fd_sc_hd__buf_1)
                                                         _0134_ (net)
                      0.033052    0.000000    0.538706 ^ _1184_/D (sky130_fd_sc_hd__dfxtp_2)
                                              0.538706   data arrival time

                      0.150000    0.000000    0.000000   clock wr_clk (rise edge)
                                  0.000000    0.000000   clock network delay (ideal)
                                  0.250000    0.250000   clock uncertainty
                                  0.000000    0.250000   clock reconvergence pessimism
                                              0.250000 ^ _1184_/CLK (sky130_fd_sc_hd__dfxtp_2)
                                 -0.014922    0.235078   library hold time
                                              0.235078   data required time
---------------------------------------------------------------------------------------------
                                              0.235078   data required time
                                             -0.538706   data arrival time
---------------------------------------------------------------------------------------------
                                              0.303628   slack (MET)


Startpoint: _1185_ (rising edge-triggered flip-flop clocked by wr_clk)
Endpoint: _1185_ (rising edge-triggered flip-flop clocked by wr_clk)
Path Group: wr_clk
Path Type: min

Fanout         Cap        Slew       Delay        Time   Description
---------------------------------------------------------------------------------------------
                      0.150000    0.000000    0.000000   clock wr_clk (rise edge)
                                  0.000000    0.000000   clock network delay (ideal)
                      0.150000    0.000000    0.000000 ^ _1185_/CLK (sky130_fd_sc_hd__dfxtp_2)
     2    0.003840    0.035530    0.345250    0.345250 ^ _1185_/Q (sky130_fd_sc_hd__dfxtp_2)
                                                         mem[9][7] (net)
                      0.035530    0.000000    0.345250 ^ _1006_/A0 (sky130_fd_sc_hd__mux2_2)
     1    0.002191    0.034731    0.125642    0.470892 ^ _1006_/X (sky130_fd_sc_hd__mux2_2)
                                                         _0492_ (net)
                      0.034731    0.000000    0.470892 ^ _1007_/A (sky130_fd_sc_hd__buf_1)
     1    0.001674    0.033052    0.067814    0.538706 ^ _1007_/X (sky130_fd_sc_hd__buf_1)
                                                         _0135_ (net)
                      0.033052    0.000000    0.538706 ^ _1185_/D (sky130_fd_sc_hd__dfxtp_2)
                                              0.538706   data arrival time

                      0.150000    0.000000    0.000000   clock wr_clk (rise edge)
                                  0.000000    0.000000   clock network delay (ideal)
                                  0.250000    0.250000   clock uncertainty
                                  0.000000    0.250000   clock reconvergence pessimism
                                              0.250000 ^ _1185_/CLK (sky130_fd_sc_hd__dfxtp_2)
                                 -0.014922    0.235078   library hold time
                                              0.235078   data required time
---------------------------------------------------------------------------------------------
                                              0.235078   data required time
                                             -0.538706   data arrival time
---------------------------------------------------------------------------------------------
                                              0.303628   slack (MET)


Startpoint: _1032_ (rising edge-triggered flip-flop clocked by wr_clk)
Endpoint: _1032_ (rising edge-triggered flip-flop clocked by wr_clk)
Path Group: wr_clk
Path Type: min

Fanout         Cap        Slew       Delay        Time   Description
---------------------------------------------------------------------------------------------
                      0.150000    0.000000    0.000000   clock wr_clk (rise edge)
                                  0.000000    0.000000   clock network delay (ideal)
                      0.150000    0.000000    0.000000 ^ _1032_/CLK (sky130_fd_sc_hd__dfxtp_2)
     2    0.003853    0.035588    0.345311    0.345311 ^ _1032_/Q (sky130_fd_sc_hd__dfxtp_2)
                                                         mem[12][0] (net)
                      0.035588    0.000000    0.345311 ^ _0768_/A0 (sky130_fd_sc_hd__mux2_2)
     1    0.002191    0.034732    0.125662    0.470972 ^ _0768_/X (sky130_fd_sc_hd__mux2_2)
                                                         _0365_ (net)
                      0.034732    0.000000    0.470972 ^ _0769_/A (sky130_fd_sc_hd__buf_1)
     1    0.001674    0.033052    0.067814    0.538786 ^ _0769_/X (sky130_fd_sc_hd__buf_1)
                                                         _0024_ (net)
                      0.033052    0.000000    0.538786 ^ _1032_/D (sky130_fd_sc_hd__dfxtp_2)
                                              0.538786   data arrival time

                      0.150000    0.000000    0.000000   clock wr_clk (rise edge)
                                  0.000000    0.000000   clock network delay (ideal)
                                  0.250000    0.250000   clock uncertainty
                                  0.000000    0.250000   clock reconvergence pessimism
                                              0.250000 ^ _1032_/CLK (sky130_fd_sc_hd__dfxtp_2)
                                 -0.014922    0.235078   library hold time
                                              0.235078   data required time
---------------------------------------------------------------------------------------------
                                              0.235078   data required time
                                             -0.538786   data arrival time
---------------------------------------------------------------------------------------------
                                              0.303708   slack (MET)


Startpoint: _1033_ (rising edge-triggered flip-flop clocked by wr_clk)
Endpoint: _1033_ (rising edge-triggered flip-flop clocked by wr_clk)
Path Group: wr_clk
Path Type: min

Fanout         Cap        Slew       Delay        Time   Description
---------------------------------------------------------------------------------------------
                      0.150000    0.000000    0.000000   clock wr_clk (rise edge)
                                  0.000000    0.000000   clock network delay (ideal)
                      0.150000    0.000000    0.000000 ^ _1033_/CLK (sky130_fd_sc_hd__dfxtp_2)
     2    0.003853    0.035588    0.345311    0.345311 ^ _1033_/Q (sky130_fd_sc_hd__dfxtp_2)
                                                         mem[12][1] (net)
                      0.035588    0.000000    0.345311 ^ _0770_/A0 (sky130_fd_sc_hd__mux2_2)
     1    0.002191    0.034732    0.125662    0.470972 ^ _0770_/X (sky130_fd_sc_hd__mux2_2)
                                                         _0366_ (net)
                      0.034732    0.000000    0.470972 ^ _0771_/A (sky130_fd_sc_hd__buf_1)
     1    0.001674    0.033052    0.067814    0.538786 ^ _0771_/X (sky130_fd_sc_hd__buf_1)
                                                         _0025_ (net)
                      0.033052    0.000000    0.538786 ^ _1033_/D (sky130_fd_sc_hd__dfxtp_2)
                                              0.538786   data arrival time

                      0.150000    0.000000    0.000000   clock wr_clk (rise edge)
                                  0.000000    0.000000   clock network delay (ideal)
                                  0.250000    0.250000   clock uncertainty
                                  0.000000    0.250000   clock reconvergence pessimism
                                              0.250000 ^ _1033_/CLK (sky130_fd_sc_hd__dfxtp_2)
                                 -0.014922    0.235078   library hold time
                                              0.235078   data required time
---------------------------------------------------------------------------------------------
                                              0.235078   data required time
                                             -0.538786   data arrival time
---------------------------------------------------------------------------------------------
                                              0.303708   slack (MET)


Startpoint: _1034_ (rising edge-triggered flip-flop clocked by wr_clk)
Endpoint: _1034_ (rising edge-triggered flip-flop clocked by wr_clk)
Path Group: wr_clk
Path Type: min

Fanout         Cap        Slew       Delay        Time   Description
---------------------------------------------------------------------------------------------
                      0.150000    0.000000    0.000000   clock wr_clk (rise edge)
                                  0.000000    0.000000   clock network delay (ideal)
                      0.150000    0.000000    0.000000 ^ _1034_/CLK (sky130_fd_sc_hd__dfxtp_2)
     2    0.003853    0.035588    0.345311    0.345311 ^ _1034_/Q (sky130_fd_sc_hd__dfxtp_2)
                                                         mem[12][2] (net)
                      0.035588    0.000000    0.345311 ^ _0772_/A0 (sky130_fd_sc_hd__mux2_2)
     1    0.002191    0.034732    0.125662    0.470972 ^ _0772_/X (sky130_fd_sc_hd__mux2_2)
                                                         _0367_ (net)
                      0.034732    0.000000    0.470972 ^ _0773_/A (sky130_fd_sc_hd__buf_1)
     1    0.001674    0.033052    0.067814    0.538786 ^ _0773_/X (sky130_fd_sc_hd__buf_1)
                                                         _0026_ (net)
                      0.033052    0.000000    0.538786 ^ _1034_/D (sky130_fd_sc_hd__dfxtp_2)
                                              0.538786   data arrival time

                      0.150000    0.000000    0.000000   clock wr_clk (rise edge)
                                  0.000000    0.000000   clock network delay (ideal)
                                  0.250000    0.250000   clock uncertainty
                                  0.000000    0.250000   clock reconvergence pessimism
                                              0.250000 ^ _1034_/CLK (sky130_fd_sc_hd__dfxtp_2)
                                 -0.014922    0.235078   library hold time
                                              0.235078   data required time
---------------------------------------------------------------------------------------------
                                              0.235078   data required time
                                             -0.538786   data arrival time
---------------------------------------------------------------------------------------------
                                              0.303708   slack (MET)


Startpoint: _1035_ (rising edge-triggered flip-flop clocked by wr_clk)
Endpoint: _1035_ (rising edge-triggered flip-flop clocked by wr_clk)
Path Group: wr_clk
Path Type: min

Fanout         Cap        Slew       Delay        Time   Description
---------------------------------------------------------------------------------------------
                      0.150000    0.000000    0.000000   clock wr_clk (rise edge)
                                  0.000000    0.000000   clock network delay (ideal)
                      0.150000    0.000000    0.000000 ^ _1035_/CLK (sky130_fd_sc_hd__dfxtp_2)
     2    0.003853    0.035588    0.345311    0.345311 ^ _1035_/Q (sky130_fd_sc_hd__dfxtp_2)
                                                         mem[12][3] (net)
                      0.035588    0.000000    0.345311 ^ _0774_/A0 (sky130_fd_sc_hd__mux2_2)
     1    0.002191    0.034732    0.125662    0.470972 ^ _0774_/X (sky130_fd_sc_hd__mux2_2)
                                                         _0368_ (net)
                      0.034732    0.000000    0.470972 ^ _0775_/A (sky130_fd_sc_hd__buf_1)
     1    0.001674    0.033052    0.067814    0.538786 ^ _0775_/X (sky130_fd_sc_hd__buf_1)
                                                         _0027_ (net)
                      0.033052    0.000000    0.538786 ^ _1035_/D (sky130_fd_sc_hd__dfxtp_2)
                                              0.538786   data arrival time

                      0.150000    0.000000    0.000000   clock wr_clk (rise edge)
                                  0.000000    0.000000   clock network delay (ideal)
                                  0.250000    0.250000   clock uncertainty
                                  0.000000    0.250000   clock reconvergence pessimism
                                              0.250000 ^ _1035_/CLK (sky130_fd_sc_hd__dfxtp_2)
                                 -0.014922    0.235078   library hold time
                                              0.235078   data required time
---------------------------------------------------------------------------------------------
                                              0.235078   data required time
                                             -0.538786   data arrival time
---------------------------------------------------------------------------------------------
                                              0.303708   slack (MET)


Startpoint: _1036_ (rising edge-triggered flip-flop clocked by wr_clk)
Endpoint: _1036_ (rising edge-triggered flip-flop clocked by wr_clk)
Path Group: wr_clk
Path Type: min

Fanout         Cap        Slew       Delay        Time   Description
---------------------------------------------------------------------------------------------
                      0.150000    0.000000    0.000000   clock wr_clk (rise edge)
                                  0.000000    0.000000   clock network delay (ideal)
                      0.150000    0.000000    0.000000 ^ _1036_/CLK (sky130_fd_sc_hd__dfxtp_2)
     2    0.003853    0.035588    0.345311    0.345311 ^ _1036_/Q (sky130_fd_sc_hd__dfxtp_2)
                                                         mem[12][4] (net)
                      0.035588    0.000000    0.345311 ^ _0776_/A0 (sky130_fd_sc_hd__mux2_2)
     1    0.002191    0.034732    0.125662    0.470972 ^ _0776_/X (sky130_fd_sc_hd__mux2_2)
                                                         _0369_ (net)
                      0.034732    0.000000    0.470972 ^ _0777_/A (sky130_fd_sc_hd__buf_1)
     1    0.001674    0.033052    0.067814    0.538786 ^ _0777_/X (sky130_fd_sc_hd__buf_1)
                                                         _0028_ (net)
                      0.033052    0.000000    0.538786 ^ _1036_/D (sky130_fd_sc_hd__dfxtp_2)
                                              0.538786   data arrival time

                      0.150000    0.000000    0.000000   clock wr_clk (rise edge)
                                  0.000000    0.000000   clock network delay (ideal)
                                  0.250000    0.250000   clock uncertainty
                                  0.000000    0.250000   clock reconvergence pessimism
                                              0.250000 ^ _1036_/CLK (sky130_fd_sc_hd__dfxtp_2)
                                 -0.014922    0.235078   library hold time
                                              0.235078   data required time
---------------------------------------------------------------------------------------------
                                              0.235078   data required time
                                             -0.538786   data arrival time
---------------------------------------------------------------------------------------------
                                              0.303708   slack (MET)


Startpoint: _1037_ (rising edge-triggered flip-flop clocked by wr_clk)
Endpoint: _1037_ (rising edge-triggered flip-flop clocked by wr_clk)
Path Group: wr_clk
Path Type: min

Fanout         Cap        Slew       Delay        Time   Description
---------------------------------------------------------------------------------------------
                      0.150000    0.000000    0.000000   clock wr_clk (rise edge)
                                  0.000000    0.000000   clock network delay (ideal)
                      0.150000    0.000000    0.000000 ^ _1037_/CLK (sky130_fd_sc_hd__dfxtp_2)
     2    0.003853    0.035588    0.345311    0.345311 ^ _1037_/Q (sky130_fd_sc_hd__dfxtp_2)
                                                         mem[12][5] (net)
                      0.035588    0.000000    0.345311 ^ _0778_/A0 (sky130_fd_sc_hd__mux2_2)
     1    0.002191    0.034732    0.125662    0.470972 ^ _0778_/X (sky130_fd_sc_hd__mux2_2)
                                                         _0370_ (net)
                      0.034732    0.000000    0.470972 ^ _0779_/A (sky130_fd_sc_hd__buf_1)
     1    0.001674    0.033052    0.067814    0.538786 ^ _0779_/X (sky130_fd_sc_hd__buf_1)
                                                         _0029_ (net)
                      0.033052    0.000000    0.538786 ^ _1037_/D (sky130_fd_sc_hd__dfxtp_2)
                                              0.538786   data arrival time

                      0.150000    0.000000    0.000000   clock wr_clk (rise edge)
                                  0.000000    0.000000   clock network delay (ideal)
                                  0.250000    0.250000   clock uncertainty
                                  0.000000    0.250000   clock reconvergence pessimism
                                              0.250000 ^ _1037_/CLK (sky130_fd_sc_hd__dfxtp_2)
                                 -0.014922    0.235078   library hold time
                                              0.235078   data required time
---------------------------------------------------------------------------------------------
                                              0.235078   data required time
                                             -0.538786   data arrival time
---------------------------------------------------------------------------------------------
                                              0.303708   slack (MET)


Startpoint: _1038_ (rising edge-triggered flip-flop clocked by wr_clk)
Endpoint: _1038_ (rising edge-triggered flip-flop clocked by wr_clk)
Path Group: wr_clk
Path Type: min

Fanout         Cap        Slew       Delay        Time   Description
---------------------------------------------------------------------------------------------
                      0.150000    0.000000    0.000000   clock wr_clk (rise edge)
                                  0.000000    0.000000   clock network delay (ideal)
                      0.150000    0.000000    0.000000 ^ _1038_/CLK (sky130_fd_sc_hd__dfxtp_2)
     2    0.003853    0.035588    0.345311    0.345311 ^ _1038_/Q (sky130_fd_sc_hd__dfxtp_2)
                                                         mem[12][6] (net)
                      0.035588    0.000000    0.345311 ^ _0780_/A0 (sky130_fd_sc_hd__mux2_2)
     1    0.002191    0.034732    0.125662    0.470972 ^ _0780_/X (sky130_fd_sc_hd__mux2_2)
                                                         _0371_ (net)
                      0.034732    0.000000    0.470972 ^ _0781_/A (sky130_fd_sc_hd__buf_1)
     1    0.001674    0.033052    0.067814    0.538786 ^ _0781_/X (sky130_fd_sc_hd__buf_1)
                                                         _0030_ (net)
                      0.033052    0.000000    0.538786 ^ _1038_/D (sky130_fd_sc_hd__dfxtp_2)
                                              0.538786   data arrival time

                      0.150000    0.000000    0.000000   clock wr_clk (rise edge)
                                  0.000000    0.000000   clock network delay (ideal)
                                  0.250000    0.250000   clock uncertainty
                                  0.000000    0.250000   clock reconvergence pessimism
                                              0.250000 ^ _1038_/CLK (sky130_fd_sc_hd__dfxtp_2)
                                 -0.014922    0.235078   library hold time
                                              0.235078   data required time
---------------------------------------------------------------------------------------------
                                              0.235078   data required time
                                             -0.538786   data arrival time
---------------------------------------------------------------------------------------------
                                              0.303708   slack (MET)


Startpoint: _1039_ (rising edge-triggered flip-flop clocked by wr_clk)
Endpoint: _1039_ (rising edge-triggered flip-flop clocked by wr_clk)
Path Group: wr_clk
Path Type: min

Fanout         Cap        Slew       Delay        Time   Description
---------------------------------------------------------------------------------------------
                      0.150000    0.000000    0.000000   clock wr_clk (rise edge)
                                  0.000000    0.000000   clock network delay (ideal)
                      0.150000    0.000000    0.000000 ^ _1039_/CLK (sky130_fd_sc_hd__dfxtp_2)
     2    0.003853    0.035588    0.345311    0.345311 ^ _1039_/Q (sky130_fd_sc_hd__dfxtp_2)
                                                         mem[12][7] (net)
                      0.035588    0.000000    0.345311 ^ _0782_/A0 (sky130_fd_sc_hd__mux2_2)
     1    0.002191    0.034732    0.125662    0.470972 ^ _0782_/X (sky130_fd_sc_hd__mux2_2)
                                                         _0372_ (net)
                      0.034732    0.000000    0.470972 ^ _0783_/A (sky130_fd_sc_hd__buf_1)
     1    0.001674    0.033052    0.067814    0.538786 ^ _0783_/X (sky130_fd_sc_hd__buf_1)
                                                         _0031_ (net)
                      0.033052    0.000000    0.538786 ^ _1039_/D (sky130_fd_sc_hd__dfxtp_2)
                                              0.538786   data arrival time

                      0.150000    0.000000    0.000000   clock wr_clk (rise edge)
                                  0.000000    0.000000   clock network delay (ideal)
                                  0.250000    0.250000   clock uncertainty
                                  0.000000    0.250000   clock reconvergence pessimism
                                              0.250000 ^ _1039_/CLK (sky130_fd_sc_hd__dfxtp_2)
                                 -0.014922    0.235078   library hold time
                                              0.235078   data required time
---------------------------------------------------------------------------------------------
                                              0.235078   data required time
                                             -0.538786   data arrival time
---------------------------------------------------------------------------------------------
                                              0.303708   slack (MET)


Startpoint: _1064_ (rising edge-triggered flip-flop clocked by wr_clk)
Endpoint: _1064_ (rising edge-triggered flip-flop clocked by wr_clk)
Path Group: wr_clk
Path Type: min

Fanout         Cap        Slew       Delay        Time   Description
---------------------------------------------------------------------------------------------
                      0.150000    0.000000    0.000000   clock wr_clk (rise edge)
                                  0.000000    0.000000   clock network delay (ideal)
                      0.150000    0.000000    0.000000 ^ _1064_/CLK (sky130_fd_sc_hd__dfxtp_2)
     2    0.003853    0.035588    0.345311    0.345311 ^ _1064_/Q (sky130_fd_sc_hd__dfxtp_2)
                                                         mem[0][0] (net)
                      0.035588    0.000000    0.345311 ^ _0839_/A0 (sky130_fd_sc_hd__mux2_2)
     1    0.002191    0.034731    0.125662    0.470972 ^ _0839_/X (sky130_fd_sc_hd__mux2_2)
                                                         _0404_ (net)
                      0.034731    0.000000    0.470972 ^ _0840_/A (sky130_fd_sc_hd__buf_1)
     1    0.001674    0.033052    0.067814    0.538786 ^ _0840_/X (sky130_fd_sc_hd__buf_1)
                                                         _0056_ (net)
                      0.033052    0.000000    0.538786 ^ _1064_/D (sky130_fd_sc_hd__dfxtp_2)
                                              0.538786   data arrival time

                      0.150000    0.000000    0.000000   clock wr_clk (rise edge)
                                  0.000000    0.000000   clock network delay (ideal)
                                  0.250000    0.250000   clock uncertainty
                                  0.000000    0.250000   clock reconvergence pessimism
                                              0.250000 ^ _1064_/CLK (sky130_fd_sc_hd__dfxtp_2)
                                 -0.014922    0.235078   library hold time
                                              0.235078   data required time
---------------------------------------------------------------------------------------------
                                              0.235078   data required time
                                             -0.538786   data arrival time
---------------------------------------------------------------------------------------------
                                              0.303708   slack (MET)


Startpoint: _1065_ (rising edge-triggered flip-flop clocked by wr_clk)
Endpoint: _1065_ (rising edge-triggered flip-flop clocked by wr_clk)
Path Group: wr_clk
Path Type: min

Fanout         Cap        Slew       Delay        Time   Description
---------------------------------------------------------------------------------------------
                      0.150000    0.000000    0.000000   clock wr_clk (rise edge)
                                  0.000000    0.000000   clock network delay (ideal)
                      0.150000    0.000000    0.000000 ^ _1065_/CLK (sky130_fd_sc_hd__dfxtp_2)
     2    0.003853    0.035588    0.345311    0.345311 ^ _1065_/Q (sky130_fd_sc_hd__dfxtp_2)
                                                         mem[0][1] (net)
                      0.035588    0.000000    0.345311 ^ _0841_/A0 (sky130_fd_sc_hd__mux2_2)
     1    0.002191    0.034731    0.125662    0.470972 ^ _0841_/X (sky130_fd_sc_hd__mux2_2)
                                                         _0405_ (net)
                      0.034731    0.000000    0.470972 ^ _0842_/A (sky130_fd_sc_hd__buf_1)
     1    0.001674    0.033052    0.067814    0.538786 ^ _0842_/X (sky130_fd_sc_hd__buf_1)
                                                         _0057_ (net)
                      0.033052    0.000000    0.538786 ^ _1065_/D (sky130_fd_sc_hd__dfxtp_2)
                                              0.538786   data arrival time

                      0.150000    0.000000    0.000000   clock wr_clk (rise edge)
                                  0.000000    0.000000   clock network delay (ideal)
                                  0.250000    0.250000   clock uncertainty
                                  0.000000    0.250000   clock reconvergence pessimism
                                              0.250000 ^ _1065_/CLK (sky130_fd_sc_hd__dfxtp_2)
                                 -0.014922    0.235078   library hold time
                                              0.235078   data required time
---------------------------------------------------------------------------------------------
                                              0.235078   data required time
                                             -0.538786   data arrival time
---------------------------------------------------------------------------------------------
                                              0.303708   slack (MET)


Startpoint: _1066_ (rising edge-triggered flip-flop clocked by wr_clk)
Endpoint: _1066_ (rising edge-triggered flip-flop clocked by wr_clk)
Path Group: wr_clk
Path Type: min

Fanout         Cap        Slew       Delay        Time   Description
---------------------------------------------------------------------------------------------
                      0.150000    0.000000    0.000000   clock wr_clk (rise edge)
                                  0.000000    0.000000   clock network delay (ideal)
                      0.150000    0.000000    0.000000 ^ _1066_/CLK (sky130_fd_sc_hd__dfxtp_2)
     2    0.003853    0.035588    0.345311    0.345311 ^ _1066_/Q (sky130_fd_sc_hd__dfxtp_2)
                                                         mem[0][2] (net)
                      0.035588    0.000000    0.345311 ^ _0843_/A0 (sky130_fd_sc_hd__mux2_2)
     1    0.002191    0.034731    0.125662    0.470972 ^ _0843_/X (sky130_fd_sc_hd__mux2_2)
                                                         _0406_ (net)
                      0.034731    0.000000    0.470972 ^ _0844_/A (sky130_fd_sc_hd__buf_1)
     1    0.001674    0.033052    0.067814    0.538786 ^ _0844_/X (sky130_fd_sc_hd__buf_1)
                                                         _0058_ (net)
                      0.033052    0.000000    0.538786 ^ _1066_/D (sky130_fd_sc_hd__dfxtp_2)
                                              0.538786   data arrival time

                      0.150000    0.000000    0.000000   clock wr_clk (rise edge)
                                  0.000000    0.000000   clock network delay (ideal)
                                  0.250000    0.250000   clock uncertainty
                                  0.000000    0.250000   clock reconvergence pessimism
                                              0.250000 ^ _1066_/CLK (sky130_fd_sc_hd__dfxtp_2)
                                 -0.014922    0.235078   library hold time
                                              0.235078   data required time
---------------------------------------------------------------------------------------------
                                              0.235078   data required time
                                             -0.538786   data arrival time
---------------------------------------------------------------------------------------------
                                              0.303708   slack (MET)


Startpoint: _1067_ (rising edge-triggered flip-flop clocked by wr_clk)
Endpoint: _1067_ (rising edge-triggered flip-flop clocked by wr_clk)
Path Group: wr_clk
Path Type: min

Fanout         Cap        Slew       Delay        Time   Description
---------------------------------------------------------------------------------------------
                      0.150000    0.000000    0.000000   clock wr_clk (rise edge)
                                  0.000000    0.000000   clock network delay (ideal)
                      0.150000    0.000000    0.000000 ^ _1067_/CLK (sky130_fd_sc_hd__dfxtp_2)
     2    0.003853    0.035588    0.345311    0.345311 ^ _1067_/Q (sky130_fd_sc_hd__dfxtp_2)
                                                         mem[0][3] (net)
                      0.035588    0.000000    0.345311 ^ _0845_/A0 (sky130_fd_sc_hd__mux2_2)
     1    0.002191    0.034731    0.125662    0.470972 ^ _0845_/X (sky130_fd_sc_hd__mux2_2)
                                                         _0407_ (net)
                      0.034731    0.000000    0.470972 ^ _0846_/A (sky130_fd_sc_hd__buf_1)
     1    0.001674    0.033052    0.067814    0.538786 ^ _0846_/X (sky130_fd_sc_hd__buf_1)
                                                         _0059_ (net)
                      0.033052    0.000000    0.538786 ^ _1067_/D (sky130_fd_sc_hd__dfxtp_2)
                                              0.538786   data arrival time

                      0.150000    0.000000    0.000000   clock wr_clk (rise edge)
                                  0.000000    0.000000   clock network delay (ideal)
                                  0.250000    0.250000   clock uncertainty
                                  0.000000    0.250000   clock reconvergence pessimism
                                              0.250000 ^ _1067_/CLK (sky130_fd_sc_hd__dfxtp_2)
                                 -0.014922    0.235078   library hold time
                                              0.235078   data required time
---------------------------------------------------------------------------------------------
                                              0.235078   data required time
                                             -0.538786   data arrival time
---------------------------------------------------------------------------------------------
                                              0.303708   slack (MET)


Startpoint: _1068_ (rising edge-triggered flip-flop clocked by wr_clk)
Endpoint: _1068_ (rising edge-triggered flip-flop clocked by wr_clk)
Path Group: wr_clk
Path Type: min

Fanout         Cap        Slew       Delay        Time   Description
---------------------------------------------------------------------------------------------
                      0.150000    0.000000    0.000000   clock wr_clk (rise edge)
                                  0.000000    0.000000   clock network delay (ideal)
                      0.150000    0.000000    0.000000 ^ _1068_/CLK (sky130_fd_sc_hd__dfxtp_2)
     2    0.003853    0.035588    0.345311    0.345311 ^ _1068_/Q (sky130_fd_sc_hd__dfxtp_2)
                                                         mem[0][4] (net)
                      0.035588    0.000000    0.345311 ^ _0847_/A0 (sky130_fd_sc_hd__mux2_2)
     1    0.002191    0.034731    0.125662    0.470972 ^ _0847_/X (sky130_fd_sc_hd__mux2_2)
                                                         _0408_ (net)
                      0.034731    0.000000    0.470972 ^ _0848_/A (sky130_fd_sc_hd__buf_1)
     1    0.001674    0.033052    0.067814    0.538786 ^ _0848_/X (sky130_fd_sc_hd__buf_1)
                                                         _0060_ (net)
                      0.033052    0.000000    0.538786 ^ _1068_/D (sky130_fd_sc_hd__dfxtp_2)
                                              0.538786   data arrival time

                      0.150000    0.000000    0.000000   clock wr_clk (rise edge)
                                  0.000000    0.000000   clock network delay (ideal)
                                  0.250000    0.250000   clock uncertainty
                                  0.000000    0.250000   clock reconvergence pessimism
                                              0.250000 ^ _1068_/CLK (sky130_fd_sc_hd__dfxtp_2)
                                 -0.014922    0.235078   library hold time
                                              0.235078   data required time
---------------------------------------------------------------------------------------------
                                              0.235078   data required time
                                             -0.538786   data arrival time
---------------------------------------------------------------------------------------------
                                              0.303708   slack (MET)


Startpoint: _1069_ (rising edge-triggered flip-flop clocked by wr_clk)
Endpoint: _1069_ (rising edge-triggered flip-flop clocked by wr_clk)
Path Group: wr_clk
Path Type: min

Fanout         Cap        Slew       Delay        Time   Description
---------------------------------------------------------------------------------------------
                      0.150000    0.000000    0.000000   clock wr_clk (rise edge)
                                  0.000000    0.000000   clock network delay (ideal)
                      0.150000    0.000000    0.000000 ^ _1069_/CLK (sky130_fd_sc_hd__dfxtp_2)
     2    0.003853    0.035588    0.345311    0.345311 ^ _1069_/Q (sky130_fd_sc_hd__dfxtp_2)
                                                         mem[0][5] (net)
                      0.035588    0.000000    0.345311 ^ _0849_/A0 (sky130_fd_sc_hd__mux2_2)
     1    0.002191    0.034731    0.125662    0.470972 ^ _0849_/X (sky130_fd_sc_hd__mux2_2)
                                                         _0409_ (net)
                      0.034731    0.000000    0.470972 ^ _0850_/A (sky130_fd_sc_hd__buf_1)
     1    0.001674    0.033052    0.067814    0.538786 ^ _0850_/X (sky130_fd_sc_hd__buf_1)
                                                         _0061_ (net)
                      0.033052    0.000000    0.538786 ^ _1069_/D (sky130_fd_sc_hd__dfxtp_2)
                                              0.538786   data arrival time

                      0.150000    0.000000    0.000000   clock wr_clk (rise edge)
                                  0.000000    0.000000   clock network delay (ideal)
                                  0.250000    0.250000   clock uncertainty
                                  0.000000    0.250000   clock reconvergence pessimism
                                              0.250000 ^ _1069_/CLK (sky130_fd_sc_hd__dfxtp_2)
                                 -0.014922    0.235078   library hold time
                                              0.235078   data required time
---------------------------------------------------------------------------------------------
                                              0.235078   data required time
                                             -0.538786   data arrival time
---------------------------------------------------------------------------------------------
                                              0.303708   slack (MET)


Startpoint: _1070_ (rising edge-triggered flip-flop clocked by wr_clk)
Endpoint: _1070_ (rising edge-triggered flip-flop clocked by wr_clk)
Path Group: wr_clk
Path Type: min

Fanout         Cap        Slew       Delay        Time   Description
---------------------------------------------------------------------------------------------
                      0.150000    0.000000    0.000000   clock wr_clk (rise edge)
                                  0.000000    0.000000   clock network delay (ideal)
                      0.150000    0.000000    0.000000 ^ _1070_/CLK (sky130_fd_sc_hd__dfxtp_2)
     2    0.003853    0.035588    0.345311    0.345311 ^ _1070_/Q (sky130_fd_sc_hd__dfxtp_2)
                                                         mem[0][6] (net)
                      0.035588    0.000000    0.345311 ^ _0851_/A0 (sky130_fd_sc_hd__mux2_2)
     1    0.002191    0.034731    0.125662    0.470972 ^ _0851_/X (sky130_fd_sc_hd__mux2_2)
                                                         _0410_ (net)
                      0.034731    0.000000    0.470972 ^ _0852_/A (sky130_fd_sc_hd__buf_1)
     1    0.001674    0.033052    0.067814    0.538786 ^ _0852_/X (sky130_fd_sc_hd__buf_1)
                                                         _0062_ (net)
                      0.033052    0.000000    0.538786 ^ _1070_/D (sky130_fd_sc_hd__dfxtp_2)
                                              0.538786   data arrival time

                      0.150000    0.000000    0.000000   clock wr_clk (rise edge)
                                  0.000000    0.000000   clock network delay (ideal)
                                  0.250000    0.250000   clock uncertainty
                                  0.000000    0.250000   clock reconvergence pessimism
                                              0.250000 ^ _1070_/CLK (sky130_fd_sc_hd__dfxtp_2)
                                 -0.014922    0.235078   library hold time
                                              0.235078   data required time
---------------------------------------------------------------------------------------------
                                              0.235078   data required time
                                             -0.538786   data arrival time
---------------------------------------------------------------------------------------------
                                              0.303708   slack (MET)


Startpoint: _1071_ (rising edge-triggered flip-flop clocked by wr_clk)
Endpoint: _1071_ (rising edge-triggered flip-flop clocked by wr_clk)
Path Group: wr_clk
Path Type: min

Fanout         Cap        Slew       Delay        Time   Description
---------------------------------------------------------------------------------------------
                      0.150000    0.000000    0.000000   clock wr_clk (rise edge)
                                  0.000000    0.000000   clock network delay (ideal)
                      0.150000    0.000000    0.000000 ^ _1071_/CLK (sky130_fd_sc_hd__dfxtp_2)
     2    0.003853    0.035588    0.345311    0.345311 ^ _1071_/Q (sky130_fd_sc_hd__dfxtp_2)
                                                         mem[0][7] (net)
                      0.035588    0.000000    0.345311 ^ _0853_/A0 (sky130_fd_sc_hd__mux2_2)
     1    0.002191    0.034731    0.125662    0.470972 ^ _0853_/X (sky130_fd_sc_hd__mux2_2)
                                                         _0411_ (net)
                      0.034731    0.000000    0.470972 ^ _0854_/A (sky130_fd_sc_hd__buf_1)
     1    0.001674    0.033052    0.067814    0.538786 ^ _0854_/X (sky130_fd_sc_hd__buf_1)
                                                         _0063_ (net)
                      0.033052    0.000000    0.538786 ^ _1071_/D (sky130_fd_sc_hd__dfxtp_2)
                                              0.538786   data arrival time

                      0.150000    0.000000    0.000000   clock wr_clk (rise edge)
                                  0.000000    0.000000   clock network delay (ideal)
                                  0.250000    0.250000   clock uncertainty
                                  0.000000    0.250000   clock reconvergence pessimism
                                              0.250000 ^ _1071_/CLK (sky130_fd_sc_hd__dfxtp_2)
                                 -0.014922    0.235078   library hold time
                                              0.235078   data required time
---------------------------------------------------------------------------------------------
                                              0.235078   data required time
                                             -0.538786   data arrival time
---------------------------------------------------------------------------------------------
                                              0.303708   slack (MET)


Startpoint: _1072_ (rising edge-triggered flip-flop clocked by wr_clk)
Endpoint: _1072_ (rising edge-triggered flip-flop clocked by wr_clk)
Path Group: wr_clk
Path Type: min

Fanout         Cap        Slew       Delay        Time   Description
---------------------------------------------------------------------------------------------
                      0.150000    0.000000    0.000000   clock wr_clk (rise edge)
                                  0.000000    0.000000   clock network delay (ideal)
                      0.150000    0.000000    0.000000 ^ _1072_/CLK (sky130_fd_sc_hd__dfxtp_2)
     2    0.003853    0.035588    0.345311    0.345311 ^ _1072_/Q (sky130_fd_sc_hd__dfxtp_2)
                                                         mem[8][0] (net)
                      0.035588    0.000000    0.345311 ^ _0856_/A0 (sky130_fd_sc_hd__mux2_2)
     1    0.002191    0.034731    0.125662    0.470972 ^ _0856_/X (sky130_fd_sc_hd__mux2_2)
                                                         _0413_ (net)
                      0.034731    0.000000    0.470972 ^ _0857_/A (sky130_fd_sc_hd__buf_1)
     1    0.001674    0.033052    0.067814    0.538786 ^ _0857_/X (sky130_fd_sc_hd__buf_1)
                                                         _0064_ (net)
                      0.033052    0.000000    0.538786 ^ _1072_/D (sky130_fd_sc_hd__dfxtp_2)
                                              0.538786   data arrival time

                      0.150000    0.000000    0.000000   clock wr_clk (rise edge)
                                  0.000000    0.000000   clock network delay (ideal)
                                  0.250000    0.250000   clock uncertainty
                                  0.000000    0.250000   clock reconvergence pessimism
                                              0.250000 ^ _1072_/CLK (sky130_fd_sc_hd__dfxtp_2)
                                 -0.014922    0.235078   library hold time
                                              0.235078   data required time
---------------------------------------------------------------------------------------------
                                              0.235078   data required time
                                             -0.538786   data arrival time
---------------------------------------------------------------------------------------------
                                              0.303708   slack (MET)


Startpoint: _1073_ (rising edge-triggered flip-flop clocked by wr_clk)
Endpoint: _1073_ (rising edge-triggered flip-flop clocked by wr_clk)
Path Group: wr_clk
Path Type: min

Fanout         Cap        Slew       Delay        Time   Description
---------------------------------------------------------------------------------------------
                      0.150000    0.000000    0.000000   clock wr_clk (rise edge)
                                  0.000000    0.000000   clock network delay (ideal)
                      0.150000    0.000000    0.000000 ^ _1073_/CLK (sky130_fd_sc_hd__dfxtp_2)
     2    0.003853    0.035588    0.345311    0.345311 ^ _1073_/Q (sky130_fd_sc_hd__dfxtp_2)
                                                         mem[8][1] (net)
                      0.035588    0.000000    0.345311 ^ _0858_/A0 (sky130_fd_sc_hd__mux2_2)
     1    0.002191    0.034731    0.125662    0.470972 ^ _0858_/X (sky130_fd_sc_hd__mux2_2)
                                                         _0414_ (net)
                      0.034731    0.000000    0.470972 ^ _0859_/A (sky130_fd_sc_hd__buf_1)
     1    0.001674    0.033052    0.067814    0.538786 ^ _0859_/X (sky130_fd_sc_hd__buf_1)
                                                         _0065_ (net)
                      0.033052    0.000000    0.538786 ^ _1073_/D (sky130_fd_sc_hd__dfxtp_2)
                                              0.538786   data arrival time

                      0.150000    0.000000    0.000000   clock wr_clk (rise edge)
                                  0.000000    0.000000   clock network delay (ideal)
                                  0.250000    0.250000   clock uncertainty
                                  0.000000    0.250000   clock reconvergence pessimism
                                              0.250000 ^ _1073_/CLK (sky130_fd_sc_hd__dfxtp_2)
                                 -0.014922    0.235078   library hold time
                                              0.235078   data required time
---------------------------------------------------------------------------------------------
                                              0.235078   data required time
                                             -0.538786   data arrival time
---------------------------------------------------------------------------------------------
                                              0.303708   slack (MET)


Startpoint: _1074_ (rising edge-triggered flip-flop clocked by wr_clk)
Endpoint: _1074_ (rising edge-triggered flip-flop clocked by wr_clk)
Path Group: wr_clk
Path Type: min

Fanout         Cap        Slew       Delay        Time   Description
---------------------------------------------------------------------------------------------
                      0.150000    0.000000    0.000000   clock wr_clk (rise edge)
                                  0.000000    0.000000   clock network delay (ideal)
                      0.150000    0.000000    0.000000 ^ _1074_/CLK (sky130_fd_sc_hd__dfxtp_2)
     2    0.003853    0.035588    0.345311    0.345311 ^ _1074_/Q (sky130_fd_sc_hd__dfxtp_2)
                                                         mem[8][2] (net)
                      0.035588    0.000000    0.345311 ^ _0860_/A0 (sky130_fd_sc_hd__mux2_2)
     1    0.002191    0.034731    0.125662    0.470972 ^ _0860_/X (sky130_fd_sc_hd__mux2_2)
                                                         _0415_ (net)
                      0.034731    0.000000    0.470972 ^ _0861_/A (sky130_fd_sc_hd__buf_1)
     1    0.001674    0.033052    0.067814    0.538786 ^ _0861_/X (sky130_fd_sc_hd__buf_1)
                                                         _0066_ (net)
                      0.033052    0.000000    0.538786 ^ _1074_/D (sky130_fd_sc_hd__dfxtp_2)
                                              0.538786   data arrival time

                      0.150000    0.000000    0.000000   clock wr_clk (rise edge)
                                  0.000000    0.000000   clock network delay (ideal)
                                  0.250000    0.250000   clock uncertainty
                                  0.000000    0.250000   clock reconvergence pessimism
                                              0.250000 ^ _1074_/CLK (sky130_fd_sc_hd__dfxtp_2)
                                 -0.014922    0.235078   library hold time
                                              0.235078   data required time
---------------------------------------------------------------------------------------------
                                              0.235078   data required time
                                             -0.538786   data arrival time
---------------------------------------------------------------------------------------------
                                              0.303708   slack (MET)


Startpoint: _1075_ (rising edge-triggered flip-flop clocked by wr_clk)
Endpoint: _1075_ (rising edge-triggered flip-flop clocked by wr_clk)
Path Group: wr_clk
Path Type: min

Fanout         Cap        Slew       Delay        Time   Description
---------------------------------------------------------------------------------------------
                      0.150000    0.000000    0.000000   clock wr_clk (rise edge)
                                  0.000000    0.000000   clock network delay (ideal)
                      0.150000    0.000000    0.000000 ^ _1075_/CLK (sky130_fd_sc_hd__dfxtp_2)
     2    0.003853    0.035588    0.345311    0.345311 ^ _1075_/Q (sky130_fd_sc_hd__dfxtp_2)
                                                         mem[8][3] (net)
                      0.035588    0.000000    0.345311 ^ _0862_/A0 (sky130_fd_sc_hd__mux2_2)
     1    0.002191    0.034731    0.125662    0.470972 ^ _0862_/X (sky130_fd_sc_hd__mux2_2)
                                                         _0416_ (net)
                      0.034731    0.000000    0.470972 ^ _0863_/A (sky130_fd_sc_hd__buf_1)
     1    0.001674    0.033052    0.067814    0.538786 ^ _0863_/X (sky130_fd_sc_hd__buf_1)
                                                         _0067_ (net)
                      0.033052    0.000000    0.538786 ^ _1075_/D (sky130_fd_sc_hd__dfxtp_2)
                                              0.538786   data arrival time

                      0.150000    0.000000    0.000000   clock wr_clk (rise edge)
                                  0.000000    0.000000   clock network delay (ideal)
                                  0.250000    0.250000   clock uncertainty
                                  0.000000    0.250000   clock reconvergence pessimism
                                              0.250000 ^ _1075_/CLK (sky130_fd_sc_hd__dfxtp_2)
                                 -0.014922    0.235078   library hold time
                                              0.235078   data required time
---------------------------------------------------------------------------------------------
                                              0.235078   data required time
                                             -0.538786   data arrival time
---------------------------------------------------------------------------------------------
                                              0.303708   slack (MET)


Startpoint: _1076_ (rising edge-triggered flip-flop clocked by wr_clk)
Endpoint: _1076_ (rising edge-triggered flip-flop clocked by wr_clk)
Path Group: wr_clk
Path Type: min

Fanout         Cap        Slew       Delay        Time   Description
---------------------------------------------------------------------------------------------
                      0.150000    0.000000    0.000000   clock wr_clk (rise edge)
                                  0.000000    0.000000   clock network delay (ideal)
                      0.150000    0.000000    0.000000 ^ _1076_/CLK (sky130_fd_sc_hd__dfxtp_2)
     2    0.003853    0.035588    0.345311    0.345311 ^ _1076_/Q (sky130_fd_sc_hd__dfxtp_2)
                                                         mem[8][4] (net)
                      0.035588    0.000000    0.345311 ^ _0864_/A0 (sky130_fd_sc_hd__mux2_2)
     1    0.002191    0.034731    0.125662    0.470972 ^ _0864_/X (sky130_fd_sc_hd__mux2_2)
                                                         _0417_ (net)
                      0.034731    0.000000    0.470972 ^ _0865_/A (sky130_fd_sc_hd__buf_1)
     1    0.001674    0.033052    0.067814    0.538786 ^ _0865_/X (sky130_fd_sc_hd__buf_1)
                                                         _0068_ (net)
                      0.033052    0.000000    0.538786 ^ _1076_/D (sky130_fd_sc_hd__dfxtp_2)
                                              0.538786   data arrival time

                      0.150000    0.000000    0.000000   clock wr_clk (rise edge)
                                  0.000000    0.000000   clock network delay (ideal)
                                  0.250000    0.250000   clock uncertainty
                                  0.000000    0.250000   clock reconvergence pessimism
                                              0.250000 ^ _1076_/CLK (sky130_fd_sc_hd__dfxtp_2)
                                 -0.014922    0.235078   library hold time
                                              0.235078   data required time
---------------------------------------------------------------------------------------------
                                              0.235078   data required time
                                             -0.538786   data arrival time
---------------------------------------------------------------------------------------------
                                              0.303708   slack (MET)


Startpoint: _1077_ (rising edge-triggered flip-flop clocked by wr_clk)
Endpoint: _1077_ (rising edge-triggered flip-flop clocked by wr_clk)
Path Group: wr_clk
Path Type: min

Fanout         Cap        Slew       Delay        Time   Description
---------------------------------------------------------------------------------------------
                      0.150000    0.000000    0.000000   clock wr_clk (rise edge)
                                  0.000000    0.000000   clock network delay (ideal)
                      0.150000    0.000000    0.000000 ^ _1077_/CLK (sky130_fd_sc_hd__dfxtp_2)
     2    0.003853    0.035588    0.345311    0.345311 ^ _1077_/Q (sky130_fd_sc_hd__dfxtp_2)
                                                         mem[8][5] (net)
                      0.035588    0.000000    0.345311 ^ _0866_/A0 (sky130_fd_sc_hd__mux2_2)
     1    0.002191    0.034731    0.125662    0.470972 ^ _0866_/X (sky130_fd_sc_hd__mux2_2)
                                                         _0418_ (net)
                      0.034731    0.000000    0.470972 ^ _0867_/A (sky130_fd_sc_hd__buf_1)
     1    0.001674    0.033052    0.067814    0.538786 ^ _0867_/X (sky130_fd_sc_hd__buf_1)
                                                         _0069_ (net)
                      0.033052    0.000000    0.538786 ^ _1077_/D (sky130_fd_sc_hd__dfxtp_2)
                                              0.538786   data arrival time

                      0.150000    0.000000    0.000000   clock wr_clk (rise edge)
                                  0.000000    0.000000   clock network delay (ideal)
                                  0.250000    0.250000   clock uncertainty
                                  0.000000    0.250000   clock reconvergence pessimism
                                              0.250000 ^ _1077_/CLK (sky130_fd_sc_hd__dfxtp_2)
                                 -0.014922    0.235078   library hold time
                                              0.235078   data required time
---------------------------------------------------------------------------------------------
                                              0.235078   data required time
                                             -0.538786   data arrival time
---------------------------------------------------------------------------------------------
                                              0.303708   slack (MET)


Startpoint: _1078_ (rising edge-triggered flip-flop clocked by wr_clk)
Endpoint: _1078_ (rising edge-triggered flip-flop clocked by wr_clk)
Path Group: wr_clk
Path Type: min

Fanout         Cap        Slew       Delay        Time   Description
---------------------------------------------------------------------------------------------
                      0.150000    0.000000    0.000000   clock wr_clk (rise edge)
                                  0.000000    0.000000   clock network delay (ideal)
                      0.150000    0.000000    0.000000 ^ _1078_/CLK (sky130_fd_sc_hd__dfxtp_2)
     2    0.003853    0.035588    0.345311    0.345311 ^ _1078_/Q (sky130_fd_sc_hd__dfxtp_2)
                                                         mem[8][6] (net)
                      0.035588    0.000000    0.345311 ^ _0868_/A0 (sky130_fd_sc_hd__mux2_2)
     1    0.002191    0.034731    0.125662    0.470972 ^ _0868_/X (sky130_fd_sc_hd__mux2_2)
                                                         _0419_ (net)
                      0.034731    0.000000    0.470972 ^ _0869_/A (sky130_fd_sc_hd__buf_1)
     1    0.001674    0.033052    0.067814    0.538786 ^ _0869_/X (sky130_fd_sc_hd__buf_1)
                                                         _0070_ (net)
                      0.033052    0.000000    0.538786 ^ _1078_/D (sky130_fd_sc_hd__dfxtp_2)
                                              0.538786   data arrival time

                      0.150000    0.000000    0.000000   clock wr_clk (rise edge)
                                  0.000000    0.000000   clock network delay (ideal)
                                  0.250000    0.250000   clock uncertainty
                                  0.000000    0.250000   clock reconvergence pessimism
                                              0.250000 ^ _1078_/CLK (sky130_fd_sc_hd__dfxtp_2)
                                 -0.014922    0.235078   library hold time
                                              0.235078   data required time
---------------------------------------------------------------------------------------------
                                              0.235078   data required time
                                             -0.538786   data arrival time
---------------------------------------------------------------------------------------------
                                              0.303708   slack (MET)


Startpoint: _1079_ (rising edge-triggered flip-flop clocked by wr_clk)
Endpoint: _1079_ (rising edge-triggered flip-flop clocked by wr_clk)
Path Group: wr_clk
Path Type: min

Fanout         Cap        Slew       Delay        Time   Description
---------------------------------------------------------------------------------------------
                      0.150000    0.000000    0.000000   clock wr_clk (rise edge)
                                  0.000000    0.000000   clock network delay (ideal)
                      0.150000    0.000000    0.000000 ^ _1079_/CLK (sky130_fd_sc_hd__dfxtp_2)
     2    0.003853    0.035588    0.345311    0.345311 ^ _1079_/Q (sky130_fd_sc_hd__dfxtp_2)
                                                         mem[8][7] (net)
                      0.035588    0.000000    0.345311 ^ _0870_/A0 (sky130_fd_sc_hd__mux2_2)
     1    0.002191    0.034731    0.125662    0.470972 ^ _0870_/X (sky130_fd_sc_hd__mux2_2)
                                                         _0420_ (net)
                      0.034731    0.000000    0.470972 ^ _0871_/A (sky130_fd_sc_hd__buf_1)
     1    0.001674    0.033052    0.067814    0.538786 ^ _0871_/X (sky130_fd_sc_hd__buf_1)
                                                         _0071_ (net)
                      0.033052    0.000000    0.538786 ^ _1079_/D (sky130_fd_sc_hd__dfxtp_2)
                                              0.538786   data arrival time

                      0.150000    0.000000    0.000000   clock wr_clk (rise edge)
                                  0.000000    0.000000   clock network delay (ideal)
                                  0.250000    0.250000   clock uncertainty
                                  0.000000    0.250000   clock reconvergence pessimism
                                              0.250000 ^ _1079_/CLK (sky130_fd_sc_hd__dfxtp_2)
                                 -0.014922    0.235078   library hold time
                                              0.235078   data required time
---------------------------------------------------------------------------------------------
                                              0.235078   data required time
                                             -0.538786   data arrival time
---------------------------------------------------------------------------------------------
                                              0.303708   slack (MET)


Startpoint: _1138_ (rising edge-triggered flip-flop clocked by wr_clk)
Endpoint: _1138_ (rising edge-triggered flip-flop clocked by wr_clk)
Path Group: wr_clk
Path Type: min

Fanout         Cap        Slew       Delay        Time   Description
---------------------------------------------------------------------------------------------
                      0.150000    0.000000    0.000000   clock wr_clk (rise edge)
                                  0.000000    0.000000   clock network delay (ideal)
                      0.150000    0.000000    0.000000 ^ _1138_/CLK (sky130_fd_sc_hd__dfxtp_2)
     2    0.003853    0.035588    0.345311    0.345311 ^ _1138_/Q (sky130_fd_sc_hd__dfxtp_2)
                                                         mem[4][0] (net)
                      0.035588    0.000000    0.345311 ^ _0959_/A0 (sky130_fd_sc_hd__mux2_2)
     1    0.002191    0.034732    0.125662    0.470972 ^ _0959_/X (sky130_fd_sc_hd__mux2_2)
                                                         _0468_ (net)
                      0.034732    0.000000    0.470972 ^ _0960_/A (sky130_fd_sc_hd__buf_1)
     1    0.001674    0.033052    0.067814    0.538786 ^ _0960_/X (sky130_fd_sc_hd__buf_1)
                                                         _0112_ (net)
                      0.033052    0.000000    0.538786 ^ _1138_/D (sky130_fd_sc_hd__dfxtp_2)
                                              0.538786   data arrival time

                      0.150000    0.000000    0.000000   clock wr_clk (rise edge)
                                  0.000000    0.000000   clock network delay (ideal)
                                  0.250000    0.250000   clock uncertainty
                                  0.000000    0.250000   clock reconvergence pessimism
                                              0.250000 ^ _1138_/CLK (sky130_fd_sc_hd__dfxtp_2)
                                 -0.014922    0.235078   library hold time
                                              0.235078   data required time
---------------------------------------------------------------------------------------------
                                              0.235078   data required time
                                             -0.538786   data arrival time
---------------------------------------------------------------------------------------------
                                              0.303708   slack (MET)


Startpoint: _1139_ (rising edge-triggered flip-flop clocked by wr_clk)
Endpoint: _1139_ (rising edge-triggered flip-flop clocked by wr_clk)
Path Group: wr_clk
Path Type: min

Fanout         Cap        Slew       Delay        Time   Description
---------------------------------------------------------------------------------------------
                      0.150000    0.000000    0.000000   clock wr_clk (rise edge)
                                  0.000000    0.000000   clock network delay (ideal)
                      0.150000    0.000000    0.000000 ^ _1139_/CLK (sky130_fd_sc_hd__dfxtp_2)
     2    0.003853    0.035588    0.345311    0.345311 ^ _1139_/Q (sky130_fd_sc_hd__dfxtp_2)
                                                         mem[4][1] (net)
                      0.035588    0.000000    0.345311 ^ _0961_/A0 (sky130_fd_sc_hd__mux2_2)
     1    0.002191    0.034732    0.125662    0.470972 ^ _0961_/X (sky130_fd_sc_hd__mux2_2)
                                                         _0469_ (net)
                      0.034732    0.000000    0.470972 ^ _0962_/A (sky130_fd_sc_hd__buf_1)
     1    0.001674    0.033052    0.067814    0.538786 ^ _0962_/X (sky130_fd_sc_hd__buf_1)
                                                         _0113_ (net)
                      0.033052    0.000000    0.538786 ^ _1139_/D (sky130_fd_sc_hd__dfxtp_2)
                                              0.538786   data arrival time

                      0.150000    0.000000    0.000000   clock wr_clk (rise edge)
                                  0.000000    0.000000   clock network delay (ideal)
                                  0.250000    0.250000   clock uncertainty
                                  0.000000    0.250000   clock reconvergence pessimism
                                              0.250000 ^ _1139_/CLK (sky130_fd_sc_hd__dfxtp_2)
                                 -0.014922    0.235078   library hold time
                                              0.235078   data required time
---------------------------------------------------------------------------------------------
                                              0.235078   data required time
                                             -0.538786   data arrival time
---------------------------------------------------------------------------------------------
                                              0.303708   slack (MET)


Startpoint: _1140_ (rising edge-triggered flip-flop clocked by wr_clk)
Endpoint: _1140_ (rising edge-triggered flip-flop clocked by wr_clk)
Path Group: wr_clk
Path Type: min

Fanout         Cap        Slew       Delay        Time   Description
---------------------------------------------------------------------------------------------
                      0.150000    0.000000    0.000000   clock wr_clk (rise edge)
                                  0.000000    0.000000   clock network delay (ideal)
                      0.150000    0.000000    0.000000 ^ _1140_/CLK (sky130_fd_sc_hd__dfxtp_2)
     2    0.003853    0.035588    0.345311    0.345311 ^ _1140_/Q (sky130_fd_sc_hd__dfxtp_2)
                                                         mem[4][2] (net)
                      0.035588    0.000000    0.345311 ^ _0963_/A0 (sky130_fd_sc_hd__mux2_2)
     1    0.002191    0.034732    0.125662    0.470972 ^ _0963_/X (sky130_fd_sc_hd__mux2_2)
                                                         _0470_ (net)
                      0.034732    0.000000    0.470972 ^ _0964_/A (sky130_fd_sc_hd__buf_1)
     1    0.001674    0.033052    0.067814    0.538786 ^ _0964_/X (sky130_fd_sc_hd__buf_1)
                                                         _0114_ (net)
                      0.033052    0.000000    0.538786 ^ _1140_/D (sky130_fd_sc_hd__dfxtp_2)
                                              0.538786   data arrival time

                      0.150000    0.000000    0.000000   clock wr_clk (rise edge)
                                  0.000000    0.000000   clock network delay (ideal)
                                  0.250000    0.250000   clock uncertainty
                                  0.000000    0.250000   clock reconvergence pessimism
                                              0.250000 ^ _1140_/CLK (sky130_fd_sc_hd__dfxtp_2)
                                 -0.014922    0.235078   library hold time
                                              0.235078   data required time
---------------------------------------------------------------------------------------------
                                              0.235078   data required time
                                             -0.538786   data arrival time
---------------------------------------------------------------------------------------------
                                              0.303708   slack (MET)


Startpoint: _1141_ (rising edge-triggered flip-flop clocked by wr_clk)
Endpoint: _1141_ (rising edge-triggered flip-flop clocked by wr_clk)
Path Group: wr_clk
Path Type: min

Fanout         Cap        Slew       Delay        Time   Description
---------------------------------------------------------------------------------------------
                      0.150000    0.000000    0.000000   clock wr_clk (rise edge)
                                  0.000000    0.000000   clock network delay (ideal)
                      0.150000    0.000000    0.000000 ^ _1141_/CLK (sky130_fd_sc_hd__dfxtp_2)
     2    0.003853    0.035588    0.345311    0.345311 ^ _1141_/Q (sky130_fd_sc_hd__dfxtp_2)
                                                         mem[4][3] (net)
                      0.035588    0.000000    0.345311 ^ _0965_/A0 (sky130_fd_sc_hd__mux2_2)
     1    0.002191    0.034732    0.125662    0.470972 ^ _0965_/X (sky130_fd_sc_hd__mux2_2)
                                                         _0471_ (net)
                      0.034732    0.000000    0.470972 ^ _0966_/A (sky130_fd_sc_hd__buf_1)
     1    0.001674    0.033052    0.067814    0.538786 ^ _0966_/X (sky130_fd_sc_hd__buf_1)
                                                         _0115_ (net)
                      0.033052    0.000000    0.538786 ^ _1141_/D (sky130_fd_sc_hd__dfxtp_2)
                                              0.538786   data arrival time

                      0.150000    0.000000    0.000000   clock wr_clk (rise edge)
                                  0.000000    0.000000   clock network delay (ideal)
                                  0.250000    0.250000   clock uncertainty
                                  0.000000    0.250000   clock reconvergence pessimism
                                              0.250000 ^ _1141_/CLK (sky130_fd_sc_hd__dfxtp_2)
                                 -0.014922    0.235078   library hold time
                                              0.235078   data required time
---------------------------------------------------------------------------------------------
                                              0.235078   data required time
                                             -0.538786   data arrival time
---------------------------------------------------------------------------------------------
                                              0.303708   slack (MET)


Startpoint: _1142_ (rising edge-triggered flip-flop clocked by wr_clk)
Endpoint: _1142_ (rising edge-triggered flip-flop clocked by wr_clk)
Path Group: wr_clk
Path Type: min

Fanout         Cap        Slew       Delay        Time   Description
---------------------------------------------------------------------------------------------
                      0.150000    0.000000    0.000000   clock wr_clk (rise edge)
                                  0.000000    0.000000   clock network delay (ideal)
                      0.150000    0.000000    0.000000 ^ _1142_/CLK (sky130_fd_sc_hd__dfxtp_2)
     2    0.003853    0.035588    0.345311    0.345311 ^ _1142_/Q (sky130_fd_sc_hd__dfxtp_2)
                                                         mem[4][4] (net)
                      0.035588    0.000000    0.345311 ^ _0967_/A0 (sky130_fd_sc_hd__mux2_2)
     1    0.002191    0.034732    0.125662    0.470972 ^ _0967_/X (sky130_fd_sc_hd__mux2_2)
                                                         _0472_ (net)
                      0.034732    0.000000    0.470972 ^ _0968_/A (sky130_fd_sc_hd__buf_1)
     1    0.001674    0.033052    0.067814    0.538786 ^ _0968_/X (sky130_fd_sc_hd__buf_1)
                                                         _0116_ (net)
                      0.033052    0.000000    0.538786 ^ _1142_/D (sky130_fd_sc_hd__dfxtp_2)
                                              0.538786   data arrival time

                      0.150000    0.000000    0.000000   clock wr_clk (rise edge)
                                  0.000000    0.000000   clock network delay (ideal)
                                  0.250000    0.250000   clock uncertainty
                                  0.000000    0.250000   clock reconvergence pessimism
                                              0.250000 ^ _1142_/CLK (sky130_fd_sc_hd__dfxtp_2)
                                 -0.014922    0.235078   library hold time
                                              0.235078   data required time
---------------------------------------------------------------------------------------------
                                              0.235078   data required time
                                             -0.538786   data arrival time
---------------------------------------------------------------------------------------------
                                              0.303708   slack (MET)


Startpoint: _1143_ (rising edge-triggered flip-flop clocked by wr_clk)
Endpoint: _1143_ (rising edge-triggered flip-flop clocked by wr_clk)
Path Group: wr_clk
Path Type: min

Fanout         Cap        Slew       Delay        Time   Description
---------------------------------------------------------------------------------------------
                      0.150000    0.000000    0.000000   clock wr_clk (rise edge)
                                  0.000000    0.000000   clock network delay (ideal)
                      0.150000    0.000000    0.000000 ^ _1143_/CLK (sky130_fd_sc_hd__dfxtp_2)
     2    0.003853    0.035588    0.345311    0.345311 ^ _1143_/Q (sky130_fd_sc_hd__dfxtp_2)
                                                         mem[4][5] (net)
                      0.035588    0.000000    0.345311 ^ _0969_/A0 (sky130_fd_sc_hd__mux2_2)
     1    0.002191    0.034732    0.125662    0.470972 ^ _0969_/X (sky130_fd_sc_hd__mux2_2)
                                                         _0473_ (net)
                      0.034732    0.000000    0.470972 ^ _0970_/A (sky130_fd_sc_hd__buf_1)
     1    0.001674    0.033052    0.067814    0.538786 ^ _0970_/X (sky130_fd_sc_hd__buf_1)
                                                         _0117_ (net)
                      0.033052    0.000000    0.538786 ^ _1143_/D (sky130_fd_sc_hd__dfxtp_2)
                                              0.538786   data arrival time

                      0.150000    0.000000    0.000000   clock wr_clk (rise edge)
                                  0.000000    0.000000   clock network delay (ideal)
                                  0.250000    0.250000   clock uncertainty
                                  0.000000    0.250000   clock reconvergence pessimism
                                              0.250000 ^ _1143_/CLK (sky130_fd_sc_hd__dfxtp_2)
                                 -0.014922    0.235078   library hold time
                                              0.235078   data required time
---------------------------------------------------------------------------------------------
                                              0.235078   data required time
                                             -0.538786   data arrival time
---------------------------------------------------------------------------------------------
                                              0.303708   slack (MET)


Startpoint: _1144_ (rising edge-triggered flip-flop clocked by wr_clk)
Endpoint: _1144_ (rising edge-triggered flip-flop clocked by wr_clk)
Path Group: wr_clk
Path Type: min

Fanout         Cap        Slew       Delay        Time   Description
---------------------------------------------------------------------------------------------
                      0.150000    0.000000    0.000000   clock wr_clk (rise edge)
                                  0.000000    0.000000   clock network delay (ideal)
                      0.150000    0.000000    0.000000 ^ _1144_/CLK (sky130_fd_sc_hd__dfxtp_2)
     2    0.003853    0.035588    0.345311    0.345311 ^ _1144_/Q (sky130_fd_sc_hd__dfxtp_2)
                                                         mem[4][6] (net)
                      0.035588    0.000000    0.345311 ^ _0971_/A0 (sky130_fd_sc_hd__mux2_2)
     1    0.002191    0.034732    0.125662    0.470972 ^ _0971_/X (sky130_fd_sc_hd__mux2_2)
                                                         _0474_ (net)
                      0.034732    0.000000    0.470972 ^ _0972_/A (sky130_fd_sc_hd__buf_1)
     1    0.001674    0.033052    0.067814    0.538786 ^ _0972_/X (sky130_fd_sc_hd__buf_1)
                                                         _0118_ (net)
                      0.033052    0.000000    0.538786 ^ _1144_/D (sky130_fd_sc_hd__dfxtp_2)
                                              0.538786   data arrival time

                      0.150000    0.000000    0.000000   clock wr_clk (rise edge)
                                  0.000000    0.000000   clock network delay (ideal)
                                  0.250000    0.250000   clock uncertainty
                                  0.000000    0.250000   clock reconvergence pessimism
                                              0.250000 ^ _1144_/CLK (sky130_fd_sc_hd__dfxtp_2)
                                 -0.014922    0.235078   library hold time
                                              0.235078   data required time
---------------------------------------------------------------------------------------------
                                              0.235078   data required time
                                             -0.538786   data arrival time
---------------------------------------------------------------------------------------------
                                              0.303708   slack (MET)


Startpoint: _1145_ (rising edge-triggered flip-flop clocked by wr_clk)
Endpoint: _1145_ (rising edge-triggered flip-flop clocked by wr_clk)
Path Group: wr_clk
Path Type: min

Fanout         Cap        Slew       Delay        Time   Description
---------------------------------------------------------------------------------------------
                      0.150000    0.000000    0.000000   clock wr_clk (rise edge)
                                  0.000000    0.000000   clock network delay (ideal)
                      0.150000    0.000000    0.000000 ^ _1145_/CLK (sky130_fd_sc_hd__dfxtp_2)
     2    0.003853    0.035588    0.345311    0.345311 ^ _1145_/Q (sky130_fd_sc_hd__dfxtp_2)
                                                         mem[4][7] (net)
                      0.035588    0.000000    0.345311 ^ _0973_/A0 (sky130_fd_sc_hd__mux2_2)
     1    0.002191    0.034732    0.125662    0.470972 ^ _0973_/X (sky130_fd_sc_hd__mux2_2)
                                                         _0475_ (net)
                      0.034732    0.000000    0.470972 ^ _0974_/A (sky130_fd_sc_hd__buf_1)
     1    0.001674    0.033052    0.067814    0.538786 ^ _0974_/X (sky130_fd_sc_hd__buf_1)
                                                         _0119_ (net)
                      0.033052    0.000000    0.538786 ^ _1145_/D (sky130_fd_sc_hd__dfxtp_2)
                                              0.538786   data arrival time

                      0.150000    0.000000    0.000000   clock wr_clk (rise edge)
                                  0.000000    0.000000   clock network delay (ideal)
                                  0.250000    0.250000   clock uncertainty
                                  0.000000    0.250000   clock reconvergence pessimism
                                              0.250000 ^ _1145_/CLK (sky130_fd_sc_hd__dfxtp_2)
                                 -0.014922    0.235078   library hold time
                                              0.235078   data required time
---------------------------------------------------------------------------------------------
                                              0.235078   data required time
                                             -0.538786   data arrival time
---------------------------------------------------------------------------------------------
                                              0.303708   slack (MET)


Startpoint: _1134_ (rising edge-triggered flip-flop clocked by wr_clk)
Endpoint: _1146_ (rising edge-triggered flip-flop clocked by wr_clk)
Path Group: wr_clk
Path Type: min

Fanout         Cap        Slew       Delay        Time   Description
---------------------------------------------------------------------------------------------
                      0.150000    0.000000    0.000000   clock wr_clk (rise edge)
                                  0.000000    0.000000   clock network delay (ideal)
                      0.150000    0.000000    0.000000 ^ _1134_/CLK (sky130_fd_sc_hd__dfrtp_2)
     9    0.033369    0.171541    0.483755    0.483755 ^ _1134_/Q (sky130_fd_sc_hd__dfrtp_2)
                                                         wr_bin[1] (net)
                      0.171541    0.000000    0.483755 ^ _0670_/A (sky130_fd_sc_hd__xnor2_2)
     1    0.001949    0.029943    0.080369    0.564124 v _0670_/Y (sky130_fd_sc_hd__xnor2_2)
                                                         wr_gray_next[0] (net)
                      0.029943    0.000000    0.564124 v _1146_/D (sky130_fd_sc_hd__dfrtp_2)
                                              0.564124   data arrival time

                      0.150000    0.000000    0.000000   clock wr_clk (rise edge)
                                  0.000000    0.000000   clock network delay (ideal)
                                  0.250000    0.250000   clock uncertainty
                                  0.000000    0.250000   clock reconvergence pessimism
                                              0.250000 ^ _1146_/CLK (sky130_fd_sc_hd__dfrtp_2)
                                 -0.012040    0.237960   library hold time
                                              0.237960   data required time
---------------------------------------------------------------------------------------------
                                              0.237960   data required time
                                             -0.564124   data arrival time
---------------------------------------------------------------------------------------------
                                              0.326164   slack (MET)


Startpoint: _1137_ (rising edge-triggered flip-flop clocked by wr_clk)
Endpoint: _1137_ (rising edge-triggered flip-flop clocked by wr_clk)
Path Group: wr_clk
Path Type: min

Fanout         Cap        Slew       Delay        Time   Description
---------------------------------------------------------------------------------------------
                      0.150000    0.000000    0.000000   clock wr_clk (rise edge)
                                  0.000000    0.000000   clock network delay (ideal)
                      0.150000    0.000000    0.000000 ^ _1137_/CLK (sky130_fd_sc_hd__dfrtp_2)
     5    0.038165    0.192449    0.500032    0.500032 ^ _1137_/Q (sky130_fd_sc_hd__dfrtp_2)
                                                         wr_bin[4] (net)
                      0.192449    0.000000    0.500032 ^ _0661_/A (sky130_fd_sc_hd__xnor2_2)
     1    0.001949    0.029941    0.083409    0.583441 v _0661_/Y (sky130_fd_sc_hd__xnor2_2)
                                                         wr_bin_next[4] (net)
                      0.029941    0.000000    0.583441 v _1137_/D (sky130_fd_sc_hd__dfrtp_2)
                                              0.583441   data arrival time

                      0.150000    0.000000    0.000000   clock wr_clk (rise edge)
                                  0.000000    0.000000   clock network delay (ideal)
                                  0.250000    0.250000   clock uncertainty
                                  0.000000    0.250000   clock reconvergence pessimism
                                              0.250000 ^ _1137_/CLK (sky130_fd_sc_hd__dfrtp_2)
                                 -0.012039    0.237961   library hold time
                                              0.237961   data required time
---------------------------------------------------------------------------------------------
                                              0.237961   data required time
                                             -0.583441   data arrival time
---------------------------------------------------------------------------------------------
                                              0.345481   slack (MET)


Startpoint: _1134_ (rising edge-triggered flip-flop clocked by wr_clk)
Endpoint: _1134_ (rising edge-triggered flip-flop clocked by wr_clk)
Path Group: wr_clk
Path Type: min

Fanout         Cap        Slew       Delay        Time   Description
---------------------------------------------------------------------------------------------
                      0.150000    0.000000    0.000000   clock wr_clk (rise edge)
                                  0.000000    0.000000   clock network delay (ideal)
                      0.150000    0.000000    0.000000 ^ _1134_/CLK (sky130_fd_sc_hd__dfrtp_2)
     9    0.033369    0.171541    0.483755    0.483755 ^ _1134_/Q (sky130_fd_sc_hd__dfrtp_2)
                                                         wr_bin[1] (net)
                      0.171541    0.000000    0.483755 ^ _0598_/A (sky130_fd_sc_hd__nand2_2)
     1    0.004215    0.034749    0.064611    0.548366 v _0598_/Y (sky130_fd_sc_hd__nand2_2)
                                                         _0238_ (net)
                      0.034749    0.000000    0.548366 v _0599_/B (sky130_fd_sc_hd__nand2_2)
     1    0.002005    0.032537    0.049256    0.597621 ^ _0599_/Y (sky130_fd_sc_hd__nand2_2)
                                                         wr_bin_next[1] (net)
                      0.032537    0.000000    0.597621 ^ _1134_/D (sky130_fd_sc_hd__dfrtp_2)
                                              0.597621   data arrival time

                      0.150000    0.000000    0.000000   clock wr_clk (rise edge)
                                  0.000000    0.000000   clock network delay (ideal)
                                  0.250000    0.250000   clock uncertainty
                                  0.000000    0.250000   clock reconvergence pessimism
                                              0.250000 ^ _1134_/CLK (sky130_fd_sc_hd__dfrtp_2)
                                 -0.017781    0.232219   library hold time
                                              0.232219   data required time
---------------------------------------------------------------------------------------------
                                              0.232219   data required time
                                             -0.597621   data arrival time
---------------------------------------------------------------------------------------------
                                              0.365403   slack (MET)


Startpoint: _1137_ (rising edge-triggered flip-flop clocked by wr_clk)
Endpoint: _1149_ (rising edge-triggered flip-flop clocked by wr_clk)
Path Group: wr_clk
Path Type: min

Fanout         Cap        Slew       Delay        Time   Description
---------------------------------------------------------------------------------------------
                      0.150000    0.000000    0.000000   clock wr_clk (rise edge)
                                  0.000000    0.000000   clock network delay (ideal)
                      0.150000    0.000000    0.000000 ^ _1137_/CLK (sky130_fd_sc_hd__dfrtp_2)
     5    0.038165    0.192449    0.500032    0.500032 ^ _1137_/Q (sky130_fd_sc_hd__dfrtp_2)
                                                         wr_bin[4] (net)
                      0.192449    0.000000    0.500032 ^ _0603_/A (sky130_fd_sc_hd__xnor2_2)
     2    0.009786    0.061100    0.115436    0.615468 v _0603_/Y (sky130_fd_sc_hd__xnor2_2)
                                                         wr_gray_next[3] (net)
                      0.061100    0.000000    0.615468 v _1149_/D (sky130_fd_sc_hd__dfrtp_2)
                                              0.615468   data arrival time

                      0.150000    0.000000    0.000000   clock wr_clk (rise edge)
                                  0.000000    0.000000   clock network delay (ideal)
                                  0.250000    0.250000   clock uncertainty
                                  0.000000    0.250000   clock reconvergence pessimism
                                              0.250000 ^ _1149_/CLK (sky130_fd_sc_hd__dfrtp_2)
                                 -0.024708    0.225292   library hold time
                                              0.225292   data required time
---------------------------------------------------------------------------------------------
                                              0.225292   data required time
                                             -0.615468   data arrival time
---------------------------------------------------------------------------------------------
                                              0.390176   slack (MET)


Startpoint: _1136_ (rising edge-triggered flip-flop clocked by wr_clk)
Endpoint: _1148_ (rising edge-triggered flip-flop clocked by wr_clk)
Path Group: wr_clk
Path Type: min

Fanout         Cap        Slew       Delay        Time   Description
---------------------------------------------------------------------------------------------
                      0.150000    0.000000    0.000000   clock wr_clk (rise edge)
                                  0.000000    0.000000   clock network delay (ideal)
                      0.150000    0.000000    0.000000 ^ _1136_/CLK (sky130_fd_sc_hd__dfrtp_2)
    15    0.053897    0.264063    0.550510    0.550510 ^ _1136_/Q (sky130_fd_sc_hd__dfrtp_2)
                                                         wr_bin[3] (net)
                      0.264063    0.000000    0.550510 ^ _0674_/A (sky130_fd_sc_hd__xnor2_2)
     1    0.001949    0.030318    0.093820    0.644329 v _0674_/Y (sky130_fd_sc_hd__xnor2_2)
                                                         wr_gray_next[2] (net)
                      0.030318    0.000000    0.644329 v _1148_/D (sky130_fd_sc_hd__dfrtp_2)
                                              0.644329   data arrival time

                      0.150000    0.000000    0.000000   clock wr_clk (rise edge)
                                  0.000000    0.000000   clock network delay (ideal)
                                  0.250000    0.250000   clock uncertainty
                                  0.000000    0.250000   clock reconvergence pessimism
                                              0.250000 ^ _1148_/CLK (sky130_fd_sc_hd__dfrtp_2)
                                 -0.012193    0.237807   library hold time
                                              0.237807   data required time
---------------------------------------------------------------------------------------------
                                              0.237807   data required time
                                             -0.644329   data arrival time
---------------------------------------------------------------------------------------------
                                              0.406522   slack (MET)


Startpoint: _1134_ (rising edge-triggered flip-flop clocked by wr_clk)
Endpoint: _1147_ (rising edge-triggered flip-flop clocked by wr_clk)
Path Group: wr_clk
Path Type: min

Fanout         Cap        Slew       Delay        Time   Description
---------------------------------------------------------------------------------------------
                      0.150000    0.000000    0.000000   clock wr_clk (rise edge)
                                  0.000000    0.000000   clock network delay (ideal)
                      0.150000    0.000000    0.000000 ^ _1134_/CLK (sky130_fd_sc_hd__dfrtp_2)
     9    0.033369    0.171541    0.483755    0.483755 ^ _1134_/Q (sky130_fd_sc_hd__dfrtp_2)
                                                         wr_bin[1] (net)
                      0.171541    0.000000    0.483755 ^ _0671_/A (sky130_fd_sc_hd__nor2_2)
     1    0.008077    0.046193    0.074937    0.558692 v _0671_/Y (sky130_fd_sc_hd__nor2_2)
                                                         _0294_ (net)
                      0.046193    0.000000    0.558692 v _0672_/B (sky130_fd_sc_hd__xnor2_2)
     1    0.002005    0.032098    0.100847    0.659539 ^ _0672_/Y (sky130_fd_sc_hd__xnor2_2)
                                                         wr_gray_next[1] (net)
                      0.032098    0.000000    0.659539 ^ _1147_/D (sky130_fd_sc_hd__dfrtp_2)
                                              0.659539   data arrival time

                      0.150000    0.000000    0.000000   clock wr_clk (rise edge)
                                  0.000000    0.000000   clock network delay (ideal)
                                  0.250000    0.250000   clock uncertainty
                                  0.000000    0.250000   clock reconvergence pessimism
                                              0.250000 ^ _1147_/CLK (sky130_fd_sc_hd__dfrtp_2)
                                 -0.017692    0.232308   library hold time
                                              0.232308   data required time
---------------------------------------------------------------------------------------------
                                              0.232308   data required time
                                             -0.659539   data arrival time
---------------------------------------------------------------------------------------------
                                              0.427231   slack (MET)


Startpoint: _1133_ (rising edge-triggered flip-flop clocked by wr_clk)
Endpoint: _1133_ (rising edge-triggered flip-flop clocked by wr_clk)
Path Group: wr_clk
Path Type: min

Fanout         Cap        Slew       Delay        Time   Description
---------------------------------------------------------------------------------------------
                      0.150000    0.000000    0.000000   clock wr_clk (rise edge)
                                  0.000000    0.000000   clock network delay (ideal)
                      0.150000    0.000000    0.000000 ^ _1133_/CLK (sky130_fd_sc_hd__dfrtp_2)
    11    0.030241    0.103216    0.497124    0.497124 v _1133_/Q (sky130_fd_sc_hd__dfrtp_2)
                                                         wr_bin[0] (net)
                      0.103216    0.000000    0.497124 v _0512_/A (sky130_fd_sc_hd__inv_2)
     7    0.024349    0.119143    0.134703    0.631827 ^ _0512_/Y (sky130_fd_sc_hd__inv_2)
                                                         _0155_ (net)
                      0.119143    0.000000    0.631827 ^ _0593_/A (sky130_fd_sc_hd__xnor2_2)
     2    0.003739    0.037135    0.079554    0.711381 v _0593_/Y (sky130_fd_sc_hd__xnor2_2)
                                                         wr_bin_next[0] (net)
                      0.037135    0.000000    0.711381 v _1133_/D (sky130_fd_sc_hd__dfrtp_2)
                                              0.711381   data arrival time

                      0.150000    0.000000    0.000000   clock wr_clk (rise edge)
                                  0.000000    0.000000   clock network delay (ideal)
                                  0.250000    0.250000   clock uncertainty
                                  0.000000    0.250000   clock reconvergence pessimism
                                              0.250000 ^ _1133_/CLK (sky130_fd_sc_hd__dfrtp_2)
                                 -0.014964    0.235036   library hold time
                                              0.235036   data required time
---------------------------------------------------------------------------------------------
                                              0.235036   data required time
                                             -0.711381   data arrival time
---------------------------------------------------------------------------------------------
                                              0.476345   slack (MET)


Startpoint: _1137_ (rising edge-triggered flip-flop clocked by wr_clk)
Endpoint: _1132_ (rising edge-triggered flip-flop clocked by wr_clk)
Path Group: wr_clk
Path Type: min

Fanout         Cap        Slew       Delay        Time   Description
---------------------------------------------------------------------------------------------
                      0.150000    0.000000    0.000000   clock wr_clk (rise edge)
                                  0.000000    0.000000   clock network delay (ideal)
                      0.150000    0.000000    0.000000 ^ _1137_/CLK (sky130_fd_sc_hd__dfrtp_2)
     5    0.038165    0.192449    0.500032    0.500032 ^ _1137_/Q (sky130_fd_sc_hd__dfrtp_2)
                                                         wr_bin[4] (net)
                      0.192449    0.000000    0.500032 ^ _0507_/A (sky130_fd_sc_hd__xnor2_2)
     2    0.012257    0.078345    0.166681    0.666713 ^ _0507_/Y (sky130_fd_sc_hd__xnor2_2)
                                                         _0150_ (net)
                      0.078345    0.000000    0.666713 ^ _0537_/A2 (sky130_fd_sc_hd__a21oi_4)
     1    0.001949    0.025093    0.051644    0.718357 v _0537_/Y (sky130_fd_sc_hd__a21oi_4)
                                                         afull_next (net)
                      0.025093    0.000000    0.718357 v _1132_/D (sky130_fd_sc_hd__dfrtp_2)
                                              0.718357   data arrival time

                      0.150000    0.000000    0.000000   clock wr_clk (rise edge)
                                  0.000000    0.000000   clock network delay (ideal)
                                  0.250000    0.250000   clock uncertainty
                                  0.000000    0.250000   clock reconvergence pessimism
                                              0.250000 ^ _1132_/CLK (sky130_fd_sc_hd__dfrtp_2)
                                 -0.010068    0.239932   library hold time
                                              0.239932   data required time
---------------------------------------------------------------------------------------------
                                              0.239932   data required time
                                             -0.718357   data arrival time
---------------------------------------------------------------------------------------------
                                              0.478425   slack (MET)


Startpoint: _1135_ (rising edge-triggered flip-flop clocked by wr_clk)
Endpoint: _1135_ (rising edge-triggered flip-flop clocked by wr_clk)
Path Group: wr_clk
Path Type: min

Fanout         Cap        Slew       Delay        Time   Description
---------------------------------------------------------------------------------------------
                      0.150000    0.000000    0.000000   clock wr_clk (rise edge)
                                  0.000000    0.000000   clock network delay (ideal)
                      0.150000    0.000000    0.000000 ^ _1135_/CLK (sky130_fd_sc_hd__dfrtp_2)
    19    0.077286    0.370533    0.625555    0.625555 ^ _1135_/Q (sky130_fd_sc_hd__dfrtp_2)
                                                         wr_bin[2] (net)
                      0.370533    0.000000    0.625555 ^ _0601_/A (sky130_fd_sc_hd__xor2_2)
     1    0.001949    0.028061    0.105698    0.731253 v _0601_/X (sky130_fd_sc_hd__xor2_2)
                                                         wr_bin_next[2] (net)
                      0.028061    0.000000    0.731253 v _1135_/D (sky130_fd_sc_hd__dfrtp_2)
                                              0.731253   data arrival time

                      0.150000    0.000000    0.000000   clock wr_clk (rise edge)
                                  0.000000    0.000000   clock network delay (ideal)
                                  0.250000    0.250000   clock uncertainty
                                  0.000000    0.250000   clock reconvergence pessimism
                                              0.250000 ^ _1135_/CLK (sky130_fd_sc_hd__dfrtp_2)
                                 -0.011275    0.238725   library hold time
                                              0.238725   data required time
---------------------------------------------------------------------------------------------
                                              0.238725   data required time
                                             -0.731253   data arrival time
---------------------------------------------------------------------------------------------
                                              0.492528   slack (MET)


Startpoint: _1136_ (rising edge-triggered flip-flop clocked by wr_clk)
Endpoint: _1136_ (rising edge-triggered flip-flop clocked by wr_clk)
Path Group: wr_clk
Path Type: min

Fanout         Cap        Slew       Delay        Time   Description
---------------------------------------------------------------------------------------------
                      0.150000    0.000000    0.000000   clock wr_clk (rise edge)
                                  0.000000    0.000000   clock network delay (ideal)
                      0.150000    0.000000    0.000000 ^ _1136_/CLK (sky130_fd_sc_hd__dfrtp_2)
    15    0.049547    0.143590    0.536677    0.536677 v _1136_/Q (sky130_fd_sc_hd__dfrtp_2)
                                                         wr_bin[3] (net)
                      0.143590    0.000000    0.536677 v _0655_/B1_N (sky130_fd_sc_hd__a21bo_2)
     1    0.004557    0.039356    0.231449    0.768126 ^ _0655_/X (sky130_fd_sc_hd__a21bo_2)
                                                         _0286_ (net)
                      0.039356    0.000000    0.768126 ^ _0657_/A (sky130_fd_sc_hd__nand2_2)
     1    0.001949    0.021473    0.032380    0.800506 v _0657_/Y (sky130_fd_sc_hd__nand2_2)
                                                         wr_bin_next[3] (net)
                      0.021473    0.000000    0.800506 v _1136_/D (sky130_fd_sc_hd__dfrtp_2)
                                              0.800506   data arrival time

                      0.150000    0.000000    0.000000   clock wr_clk (rise edge)
                                  0.000000    0.000000   clock network delay (ideal)
                                  0.250000    0.250000   clock uncertainty
                                  0.000000    0.250000   clock reconvergence pessimism
                                              0.250000 ^ _1136_/CLK (sky130_fd_sc_hd__dfrtp_2)
                                 -0.008596    0.241404   library hold time
                                              0.241404   data required time
---------------------------------------------------------------------------------------------
                                              0.241404   data required time
                                             -0.800506   data arrival time
---------------------------------------------------------------------------------------------
                                              0.559103   slack (MET)


Startpoint: _1168_ (rising edge-triggered flip-flop clocked by wr_clk)
Endpoint: _1131_ (rising edge-triggered flip-flop clocked by wr_clk)
Path Group: wr_clk
Path Type: min

Fanout         Cap        Slew       Delay        Time   Description
---------------------------------------------------------------------------------------------
                      0.150000    0.000000    0.000000   clock wr_clk (rise edge)
                                  0.000000    0.000000   clock network delay (ideal)
                      0.150000    0.000000    0.000000 ^ _1168_/CLK (sky130_fd_sc_hd__dfrtp_2)
     4    0.029390    0.154360    0.470090    0.470090 ^ _1168_/Q (sky130_fd_sc_hd__dfrtp_2)
                                                         rd_gray_sync2[3] (net)
                      0.154360    0.000000    0.470090 ^ _0604_/A (sky130_fd_sc_hd__xor2_2)
     1    0.001404    0.026423    0.076466    0.546556 v _0604_/X (sky130_fd_sc_hd__xor2_2)
                                                         _0241_ (net)
                      0.026423    0.000000    0.546556 v _0623_/A (sky130_fd_sc_hd__and3_2)
     1    0.001647    0.031115    0.153591    0.700147 v _0623_/X (sky130_fd_sc_hd__and3_2)
                                                         _0260_ (net)
                      0.031115    0.000000    0.700147 v _0624_/A (sky130_fd_sc_hd__buf_2)
     1    0.001949    0.021916    0.104509    0.804657 v _0624_/X (sky130_fd_sc_hd__buf_2)
                                                         full_next (net)
                      0.021916    0.000000    0.804657 v _1131_/D (sky130_fd_sc_hd__dfrtp_2)
                                              0.804657   data arrival time

                      0.150000    0.000000    0.000000   clock wr_clk (rise edge)
                                  0.000000    0.000000   clock network delay (ideal)
                                  0.250000    0.250000   clock uncertainty
                                  0.000000    0.250000   clock reconvergence pessimism
                                              0.250000 ^ _1131_/CLK (sky130_fd_sc_hd__dfrtp_2)
                                 -0.008776    0.241224   library hold time
                                              0.241224   data required time
---------------------------------------------------------------------------------------------
                                              0.241224   data required time
                                             -0.804657   data arrival time
---------------------------------------------------------------------------------------------
                                              0.563433   slack (MET)


Startpoint: arst_n (input port clocked by wr_clk)
Endpoint: _1131_ (removal check against rising-edge clock wr_clk)
Path Group: asynchronous
Path Type: min

Fanout         Cap        Slew       Delay        Time   Description
---------------------------------------------------------------------------------------------
                      0.150000    0.000000    0.000000   clock wr_clk (rise edge)
                                  0.000000    0.000000   clock network delay (ideal)
                                  2.000000    2.000000 ^ input external delay
    50    0.180216    0.815125    0.556529    2.556529 ^ arst_n (in)
                                                         arst_n (net)
                      0.815125    0.000000    2.556529 ^ _1131_/RESET_B (sky130_fd_sc_hd__dfrtp_2)
                                              2.556529   data arrival time

                      0.150000    0.000000    0.000000   clock wr_clk (rise edge)
                                  0.000000    0.000000   clock network delay (ideal)
                                  0.250000    0.250000   clock uncertainty
                                  0.000000    0.250000   clock reconvergence pessimism
                                              0.250000 ^ _1131_/CLK (sky130_fd_sc_hd__dfrtp_2)
                                  0.556776    0.806776   library removal time
                                              0.806776   data required time
---------------------------------------------------------------------------------------------
                                              0.806776   data required time
                                             -2.556529   data arrival time
---------------------------------------------------------------------------------------------
                                              1.749752   slack (MET)


Startpoint: arst_n (input port clocked by wr_clk)
Endpoint: _1132_ (removal check against rising-edge clock wr_clk)
Path Group: asynchronous
Path Type: min

Fanout         Cap        Slew       Delay        Time   Description
---------------------------------------------------------------------------------------------
                      0.150000    0.000000    0.000000   clock wr_clk (rise edge)
                                  0.000000    0.000000   clock network delay (ideal)
                                  2.000000    2.000000 ^ input external delay
    50    0.180216    0.815125    0.556529    2.556529 ^ arst_n (in)
                                                         arst_n (net)
                      0.815125    0.000000    2.556529 ^ _1132_/RESET_B (sky130_fd_sc_hd__dfrtp_2)
                                              2.556529   data arrival time

                      0.150000    0.000000    0.000000   clock wr_clk (rise edge)
                                  0.000000    0.000000   clock network delay (ideal)
                                  0.250000    0.250000   clock uncertainty
                                  0.000000    0.250000   clock reconvergence pessimism
                                              0.250000 ^ _1132_/CLK (sky130_fd_sc_hd__dfrtp_2)
                                  0.556776    0.806776   library removal time
                                              0.806776   data required time
---------------------------------------------------------------------------------------------
                                              0.806776   data required time
                                             -2.556529   data arrival time
---------------------------------------------------------------------------------------------
                                              1.749752   slack (MET)


Startpoint: arst_n (input port clocked by wr_clk)
Endpoint: _1133_ (removal check against rising-edge clock wr_clk)
Path Group: asynchronous
Path Type: min

Fanout         Cap        Slew       Delay        Time   Description
---------------------------------------------------------------------------------------------
                      0.150000    0.000000    0.000000   clock wr_clk (rise edge)
                                  0.000000    0.000000   clock network delay (ideal)
                                  2.000000    2.000000 ^ input external delay
    50    0.180216    0.815125    0.556529    2.556529 ^ arst_n (in)
                                                         arst_n (net)
                      0.815125    0.000000    2.556529 ^ _1133_/RESET_B (sky130_fd_sc_hd__dfrtp_2)
                                              2.556529   data arrival time

                      0.150000    0.000000    0.000000   clock wr_clk (rise edge)
                                  0.000000    0.000000   clock network delay (ideal)
                                  0.250000    0.250000   clock uncertainty
                                  0.000000    0.250000   clock reconvergence pessimism
                                              0.250000 ^ _1133_/CLK (sky130_fd_sc_hd__dfrtp_2)
                                  0.556776    0.806776   library removal time
                                              0.806776   data required time
---------------------------------------------------------------------------------------------
                                              0.806776   data required time
                                             -2.556529   data arrival time
---------------------------------------------------------------------------------------------
                                              1.749752   slack (MET)


Startpoint: arst_n (input port clocked by wr_clk)
Endpoint: _1134_ (removal check against rising-edge clock wr_clk)
Path Group: asynchronous
Path Type: min

Fanout         Cap        Slew       Delay        Time   Description
---------------------------------------------------------------------------------------------
                      0.150000    0.000000    0.000000   clock wr_clk (rise edge)
                                  0.000000    0.000000   clock network delay (ideal)
                                  2.000000    2.000000 ^ input external delay
    50    0.180216    0.815125    0.556529    2.556529 ^ arst_n (in)
                                                         arst_n (net)
                      0.815125    0.000000    2.556529 ^ _1134_/RESET_B (sky130_fd_sc_hd__dfrtp_2)
                                              2.556529   data arrival time

                      0.150000    0.000000    0.000000   clock wr_clk (rise edge)
                                  0.000000    0.000000   clock network delay (ideal)
                                  0.250000    0.250000   clock uncertainty
                                  0.000000    0.250000   clock reconvergence pessimism
                                              0.250000 ^ _1134_/CLK (sky130_fd_sc_hd__dfrtp_2)
                                  0.556776    0.806776   library removal time
                                              0.806776   data required time
---------------------------------------------------------------------------------------------
                                              0.806776   data required time
                                             -2.556529   data arrival time
---------------------------------------------------------------------------------------------
                                              1.749752   slack (MET)


Startpoint: arst_n (input port clocked by wr_clk)
Endpoint: _1135_ (removal check against rising-edge clock wr_clk)
Path Group: asynchronous
Path Type: min

Fanout         Cap        Slew       Delay        Time   Description
---------------------------------------------------------------------------------------------
                      0.150000    0.000000    0.000000   clock wr_clk (rise edge)
                                  0.000000    0.000000   clock network delay (ideal)
                                  2.000000    2.000000 ^ input external delay
    50    0.180216    0.815125    0.556529    2.556529 ^ arst_n (in)
                                                         arst_n (net)
                      0.815125    0.000000    2.556529 ^ _1135_/RESET_B (sky130_fd_sc_hd__dfrtp_2)
                                              2.556529   data arrival time

                      0.150000    0.000000    0.000000   clock wr_clk (rise edge)
                                  0.000000    0.000000   clock network delay (ideal)
                                  0.250000    0.250000   clock uncertainty
                                  0.000000    0.250000   clock reconvergence pessimism
                                              0.250000 ^ _1135_/CLK (sky130_fd_sc_hd__dfrtp_2)
                                  0.556776    0.806776   library removal time
                                              0.806776   data required time
---------------------------------------------------------------------------------------------
                                              0.806776   data required time
                                             -2.556529   data arrival time
---------------------------------------------------------------------------------------------
                                              1.749752   slack (MET)


Startpoint: arst_n (input port clocked by wr_clk)
Endpoint: _1136_ (removal check against rising-edge clock wr_clk)
Path Group: asynchronous
Path Type: min

Fanout         Cap        Slew       Delay        Time   Description
---------------------------------------------------------------------------------------------
                      0.150000    0.000000    0.000000   clock wr_clk (rise edge)
                                  0.000000    0.000000   clock network delay (ideal)
                                  2.000000    2.000000 ^ input external delay
    50    0.180216    0.815125    0.556529    2.556529 ^ arst_n (in)
                                                         arst_n (net)
                      0.815125    0.000000    2.556529 ^ _1136_/RESET_B (sky130_fd_sc_hd__dfrtp_2)
                                              2.556529   data arrival time

                      0.150000    0.000000    0.000000   clock wr_clk (rise edge)
                                  0.000000    0.000000   clock network delay (ideal)
                                  0.250000    0.250000   clock uncertainty
                                  0.000000    0.250000   clock reconvergence pessimism
                                              0.250000 ^ _1136_/CLK (sky130_fd_sc_hd__dfrtp_2)
                                  0.556776    0.806776   library removal time
                                              0.806776   data required time
---------------------------------------------------------------------------------------------
                                              0.806776   data required time
                                             -2.556529   data arrival time
---------------------------------------------------------------------------------------------
                                              1.749752   slack (MET)


Startpoint: arst_n (input port clocked by wr_clk)
Endpoint: _1137_ (removal check against rising-edge clock wr_clk)
Path Group: asynchronous
Path Type: min

Fanout         Cap        Slew       Delay        Time   Description
---------------------------------------------------------------------------------------------
                      0.150000    0.000000    0.000000   clock wr_clk (rise edge)
                                  0.000000    0.000000   clock network delay (ideal)
                                  2.000000    2.000000 ^ input external delay
    50    0.180216    0.815125    0.556529    2.556529 ^ arst_n (in)
                                                         arst_n (net)
                      0.815125    0.000000    2.556529 ^ _1137_/RESET_B (sky130_fd_sc_hd__dfrtp_2)
                                              2.556529   data arrival time

                      0.150000    0.000000    0.000000   clock wr_clk (rise edge)
                                  0.000000    0.000000   clock network delay (ideal)
                                  0.250000    0.250000   clock uncertainty
                                  0.000000    0.250000   clock reconvergence pessimism
                                              0.250000 ^ _1137_/CLK (sky130_fd_sc_hd__dfrtp_2)
                                  0.556776    0.806776   library removal time
                                              0.806776   data required time
---------------------------------------------------------------------------------------------
                                              0.806776   data required time
                                             -2.556529   data arrival time
---------------------------------------------------------------------------------------------
                                              1.749752   slack (MET)


Startpoint: arst_n (input port clocked by wr_clk)
Endpoint: _1146_ (removal check against rising-edge clock wr_clk)
Path Group: asynchronous
Path Type: min

Fanout         Cap        Slew       Delay        Time   Description
---------------------------------------------------------------------------------------------
                      0.150000    0.000000    0.000000   clock wr_clk (rise edge)
                                  0.000000    0.000000   clock network delay (ideal)
                                  2.000000    2.000000 ^ input external delay
    50    0.180216    0.815125    0.556529    2.556529 ^ arst_n (in)
                                                         arst_n (net)
                      0.815125    0.000000    2.556529 ^ _1146_/RESET_B (sky130_fd_sc_hd__dfrtp_2)
                                              2.556529   data arrival time

                      0.150000    0.000000    0.000000   clock wr_clk (rise edge)
                                  0.000000    0.000000   clock network delay (ideal)
                                  0.250000    0.250000   clock uncertainty
                                  0.000000    0.250000   clock reconvergence pessimism
                                              0.250000 ^ _1146_/CLK (sky130_fd_sc_hd__dfrtp_2)
                                  0.556776    0.806776   library removal time
                                              0.806776   data required time
---------------------------------------------------------------------------------------------
                                              0.806776   data required time
                                             -2.556529   data arrival time
---------------------------------------------------------------------------------------------
                                              1.749752   slack (MET)


Startpoint: arst_n (input port clocked by wr_clk)
Endpoint: _1147_ (removal check against rising-edge clock wr_clk)
Path Group: asynchronous
Path Type: min

Fanout         Cap        Slew       Delay        Time   Description
---------------------------------------------------------------------------------------------
                      0.150000    0.000000    0.000000   clock wr_clk (rise edge)
                                  0.000000    0.000000   clock network delay (ideal)
                                  2.000000    2.000000 ^ input external delay
    50    0.180216    0.815125    0.556529    2.556529 ^ arst_n (in)
                                                         arst_n (net)
                      0.815125    0.000000    2.556529 ^ _1147_/RESET_B (sky130_fd_sc_hd__dfrtp_2)
                                              2.556529   data arrival time

                      0.150000    0.000000    0.000000   clock wr_clk (rise edge)
                                  0.000000    0.000000   clock network delay (ideal)
                                  0.250000    0.250000   clock uncertainty
                                  0.000000    0.250000   clock reconvergence pessimism
                                              0.250000 ^ _1147_/CLK (sky130_fd_sc_hd__dfrtp_2)
                                  0.556776    0.806776   library removal time
                                              0.806776   data required time
---------------------------------------------------------------------------------------------
                                              0.806776   data required time
                                             -2.556529   data arrival time
---------------------------------------------------------------------------------------------
                                              1.749752   slack (MET)


Startpoint: arst_n (input port clocked by wr_clk)
Endpoint: _1148_ (removal check against rising-edge clock wr_clk)
Path Group: asynchronous
Path Type: min

Fanout         Cap        Slew       Delay        Time   Description
---------------------------------------------------------------------------------------------
                      0.150000    0.000000    0.000000   clock wr_clk (rise edge)
                                  0.000000    0.000000   clock network delay (ideal)
                                  2.000000    2.000000 ^ input external delay
    50    0.180216    0.815125    0.556529    2.556529 ^ arst_n (in)
                                                         arst_n (net)
                      0.815125    0.000000    2.556529 ^ _1148_/RESET_B (sky130_fd_sc_hd__dfrtp_2)
                                              2.556529   data arrival time

                      0.150000    0.000000    0.000000   clock wr_clk (rise edge)
                                  0.000000    0.000000   clock network delay (ideal)
                                  0.250000    0.250000   clock uncertainty
                                  0.000000    0.250000   clock reconvergence pessimism
                                              0.250000 ^ _1148_/CLK (sky130_fd_sc_hd__dfrtp_2)
                                  0.556776    0.806776   library removal time
                                              0.806776   data required time
---------------------------------------------------------------------------------------------
                                              0.806776   data required time
                                             -2.556529   data arrival time
---------------------------------------------------------------------------------------------
                                              1.749752   slack (MET)


Startpoint: arst_n (input port clocked by wr_clk)
Endpoint: _1149_ (removal check against rising-edge clock wr_clk)
Path Group: asynchronous
Path Type: min

Fanout         Cap        Slew       Delay        Time   Description
---------------------------------------------------------------------------------------------
                      0.150000    0.000000    0.000000   clock wr_clk (rise edge)
                                  0.000000    0.000000   clock network delay (ideal)
                                  2.000000    2.000000 ^ input external delay
    50    0.180216    0.815125    0.556529    2.556529 ^ arst_n (in)
                                                         arst_n (net)
                      0.815125    0.000000    2.556529 ^ _1149_/RESET_B (sky130_fd_sc_hd__dfrtp_2)
                                              2.556529   data arrival time

                      0.150000    0.000000    0.000000   clock wr_clk (rise edge)
                                  0.000000    0.000000   clock network delay (ideal)
                                  0.250000    0.250000   clock uncertainty
                                  0.000000    0.250000   clock reconvergence pessimism
                                              0.250000 ^ _1149_/CLK (sky130_fd_sc_hd__dfrtp_2)
                                  0.556776    0.806776   library removal time
                                              0.806776   data required time
---------------------------------------------------------------------------------------------
                                              0.806776   data required time
                                             -2.556529   data arrival time
---------------------------------------------------------------------------------------------
                                              1.749752   slack (MET)


Startpoint: arst_n (input port clocked by wr_clk)
Endpoint: _1160_ (removal check against rising-edge clock wr_clk)
Path Group: asynchronous
Path Type: min

Fanout         Cap        Slew       Delay        Time   Description
---------------------------------------------------------------------------------------------
                      0.150000    0.000000    0.000000   clock wr_clk (rise edge)
                                  0.000000    0.000000   clock network delay (ideal)
                                  2.000000    2.000000 ^ input external delay
    50    0.180216    0.815125    0.556529    2.556529 ^ arst_n (in)
                                                         arst_n (net)
                      0.815125    0.000000    2.556529 ^ _1160_/RESET_B (sky130_fd_sc_hd__dfrtp_2)
                                              2.556529   data arrival time

                      0.150000    0.000000    0.000000   clock wr_clk (rise edge)
                                  0.000000    0.000000   clock network delay (ideal)
                                  0.250000    0.250000   clock uncertainty
                                  0.000000    0.250000   clock reconvergence pessimism
                                              0.250000 ^ _1160_/CLK (sky130_fd_sc_hd__dfrtp_2)
                                  0.556776    0.806776   library removal time
                                              0.806776   data required time
---------------------------------------------------------------------------------------------
                                              0.806776   data required time
                                             -2.556529   data arrival time
---------------------------------------------------------------------------------------------
                                              1.749752   slack (MET)


Startpoint: arst_n (input port clocked by wr_clk)
Endpoint: _1161_ (removal check against rising-edge clock wr_clk)
Path Group: asynchronous
Path Type: min

Fanout         Cap        Slew       Delay        Time   Description
---------------------------------------------------------------------------------------------
                      0.150000    0.000000    0.000000   clock wr_clk (rise edge)
                                  0.000000    0.000000   clock network delay (ideal)
                                  2.000000    2.000000 ^ input external delay
    50    0.180216    0.815125    0.556529    2.556529 ^ arst_n (in)
                                                         arst_n (net)
                      0.815125    0.000000    2.556529 ^ _1161_/RESET_B (sky130_fd_sc_hd__dfrtp_2)
                                              2.556529   data arrival time

                      0.150000    0.000000    0.000000   clock wr_clk (rise edge)
                                  0.000000    0.000000   clock network delay (ideal)
                                  0.250000    0.250000   clock uncertainty
                                  0.000000    0.250000   clock reconvergence pessimism
                                              0.250000 ^ _1161_/CLK (sky130_fd_sc_hd__dfrtp_2)
                                  0.556776    0.806776   library removal time
                                              0.806776   data required time
---------------------------------------------------------------------------------------------
                                              0.806776   data required time
                                             -2.556529   data arrival time
---------------------------------------------------------------------------------------------
                                              1.749752   slack (MET)


Startpoint: arst_n (input port clocked by wr_clk)
Endpoint: _1162_ (removal check against rising-edge clock wr_clk)
Path Group: asynchronous
Path Type: min

Fanout         Cap        Slew       Delay        Time   Description
---------------------------------------------------------------------------------------------
                      0.150000    0.000000    0.000000   clock wr_clk (rise edge)
                                  0.000000    0.000000   clock network delay (ideal)
                                  2.000000    2.000000 ^ input external delay
    50    0.180216    0.815125    0.556529    2.556529 ^ arst_n (in)
                                                         arst_n (net)
                      0.815125    0.000000    2.556529 ^ _1162_/RESET_B (sky130_fd_sc_hd__dfrtp_2)
                                              2.556529   data arrival time

                      0.150000    0.000000    0.000000   clock wr_clk (rise edge)
                                  0.000000    0.000000   clock network delay (ideal)
                                  0.250000    0.250000   clock uncertainty
                                  0.000000    0.250000   clock reconvergence pessimism
                                              0.250000 ^ _1162_/CLK (sky130_fd_sc_hd__dfrtp_2)
                                  0.556776    0.806776   library removal time
                                              0.806776   data required time
---------------------------------------------------------------------------------------------
                                              0.806776   data required time
                                             -2.556529   data arrival time
---------------------------------------------------------------------------------------------
                                              1.749752   slack (MET)


Startpoint: arst_n (input port clocked by wr_clk)
Endpoint: _1163_ (removal check against rising-edge clock wr_clk)
Path Group: asynchronous
Path Type: min

Fanout         Cap        Slew       Delay        Time   Description
---------------------------------------------------------------------------------------------
                      0.150000    0.000000    0.000000   clock wr_clk (rise edge)
                                  0.000000    0.000000   clock network delay (ideal)
                                  2.000000    2.000000 ^ input external delay
    50    0.180216    0.815125    0.556529    2.556529 ^ arst_n (in)
                                                         arst_n (net)
                      0.815125    0.000000    2.556529 ^ _1163_/RESET_B (sky130_fd_sc_hd__dfrtp_2)
                                              2.556529   data arrival time

                      0.150000    0.000000    0.000000   clock wr_clk (rise edge)
                                  0.000000    0.000000   clock network delay (ideal)
                                  0.250000    0.250000   clock uncertainty
                                  0.000000    0.250000   clock reconvergence pessimism
                                              0.250000 ^ _1163_/CLK (sky130_fd_sc_hd__dfrtp_2)
                                  0.556776    0.806776   library removal time
                                              0.806776   data required time
---------------------------------------------------------------------------------------------
                                              0.806776   data required time
                                             -2.556529   data arrival time
---------------------------------------------------------------------------------------------
                                              1.749752   slack (MET)


Startpoint: arst_n (input port clocked by wr_clk)
Endpoint: _1164_ (removal check against rising-edge clock wr_clk)
Path Group: asynchronous
Path Type: min

Fanout         Cap        Slew       Delay        Time   Description
---------------------------------------------------------------------------------------------
                      0.150000    0.000000    0.000000   clock wr_clk (rise edge)
                                  0.000000    0.000000   clock network delay (ideal)
                                  2.000000    2.000000 ^ input external delay
    50    0.180216    0.815125    0.556529    2.556529 ^ arst_n (in)
                                                         arst_n (net)
                      0.815125    0.000000    2.556529 ^ _1164_/RESET_B (sky130_fd_sc_hd__dfrtp_2)
                                              2.556529   data arrival time

                      0.150000    0.000000    0.000000   clock wr_clk (rise edge)
                                  0.000000    0.000000   clock network delay (ideal)
                                  0.250000    0.250000   clock uncertainty
                                  0.000000    0.250000   clock reconvergence pessimism
                                              0.250000 ^ _1164_/CLK (sky130_fd_sc_hd__dfrtp_2)
                                  0.556776    0.806776   library removal time
                                              0.806776   data required time
---------------------------------------------------------------------------------------------
                                              0.806776   data required time
                                             -2.556529   data arrival time
---------------------------------------------------------------------------------------------
                                              1.749752   slack (MET)


Startpoint: arst_n (input port clocked by wr_clk)
Endpoint: _1165_ (removal check against rising-edge clock wr_clk)
Path Group: asynchronous
Path Type: min

Fanout         Cap        Slew       Delay        Time   Description
---------------------------------------------------------------------------------------------
                      0.150000    0.000000    0.000000   clock wr_clk (rise edge)
                                  0.000000    0.000000   clock network delay (ideal)
                                  2.000000    2.000000 ^ input external delay
    50    0.180216    0.815125    0.556529    2.556529 ^ arst_n (in)
                                                         arst_n (net)
                      0.815125    0.000000    2.556529 ^ _1165_/RESET_B (sky130_fd_sc_hd__dfrtp_2)
                                              2.556529   data arrival time

                      0.150000    0.000000    0.000000   clock wr_clk (rise edge)
                                  0.000000    0.000000   clock network delay (ideal)
                                  0.250000    0.250000   clock uncertainty
                                  0.000000    0.250000   clock reconvergence pessimism
                                              0.250000 ^ _1165_/CLK (sky130_fd_sc_hd__dfrtp_2)
                                  0.556776    0.806776   library removal time
                                              0.806776   data required time
---------------------------------------------------------------------------------------------
                                              0.806776   data required time
                                             -2.556529   data arrival time
---------------------------------------------------------------------------------------------
                                              1.749752   slack (MET)


Startpoint: arst_n (input port clocked by wr_clk)
Endpoint: _1166_ (removal check against rising-edge clock wr_clk)
Path Group: asynchronous
Path Type: min

Fanout         Cap        Slew       Delay        Time   Description
---------------------------------------------------------------------------------------------
                      0.150000    0.000000    0.000000   clock wr_clk (rise edge)
                                  0.000000    0.000000   clock network delay (ideal)
                                  2.000000    2.000000 ^ input external delay
    50    0.180216    0.815125    0.556529    2.556529 ^ arst_n (in)
                                                         arst_n (net)
                      0.815125    0.000000    2.556529 ^ _1166_/RESET_B (sky130_fd_sc_hd__dfrtp_2)
                                              2.556529   data arrival time

                      0.150000    0.000000    0.000000   clock wr_clk (rise edge)
                                  0.000000    0.000000   clock network delay (ideal)
                                  0.250000    0.250000   clock uncertainty
                                  0.000000    0.250000   clock reconvergence pessimism
                                              0.250000 ^ _1166_/CLK (sky130_fd_sc_hd__dfrtp_2)
                                  0.556776    0.806776   library removal time
                                              0.806776   data required time
---------------------------------------------------------------------------------------------
                                              0.806776   data required time
                                             -2.556529   data arrival time
---------------------------------------------------------------------------------------------
                                              1.749752   slack (MET)


Startpoint: arst_n (input port clocked by wr_clk)
Endpoint: _1167_ (removal check against rising-edge clock wr_clk)
Path Group: asynchronous
Path Type: min

Fanout         Cap        Slew       Delay        Time   Description
---------------------------------------------------------------------------------------------
                      0.150000    0.000000    0.000000   clock wr_clk (rise edge)
                                  0.000000    0.000000   clock network delay (ideal)
                                  2.000000    2.000000 ^ input external delay
    50    0.180216    0.815125    0.556529    2.556529 ^ arst_n (in)
                                                         arst_n (net)
                      0.815125    0.000000    2.556529 ^ _1167_/RESET_B (sky130_fd_sc_hd__dfrtp_2)
                                              2.556529   data arrival time

                      0.150000    0.000000    0.000000   clock wr_clk (rise edge)
                                  0.000000    0.000000   clock network delay (ideal)
                                  0.250000    0.250000   clock uncertainty
                                  0.000000    0.250000   clock reconvergence pessimism
                                              0.250000 ^ _1167_/CLK (sky130_fd_sc_hd__dfrtp_2)
                                  0.556776    0.806776   library removal time
                                              0.806776   data required time
---------------------------------------------------------------------------------------------
                                              0.806776   data required time
                                             -2.556529   data arrival time
---------------------------------------------------------------------------------------------
                                              1.749752   slack (MET)


Startpoint: arst_n (input port clocked by wr_clk)
Endpoint: _1168_ (removal check against rising-edge clock wr_clk)
Path Group: asynchronous
Path Type: min

Fanout         Cap        Slew       Delay        Time   Description
---------------------------------------------------------------------------------------------
                      0.150000    0.000000    0.000000   clock wr_clk (rise edge)
                                  0.000000    0.000000   clock network delay (ideal)
                                  2.000000    2.000000 ^ input external delay
    50    0.180216    0.815125    0.556529    2.556529 ^ arst_n (in)
                                                         arst_n (net)
                      0.815125    0.000000    2.556529 ^ _1168_/RESET_B (sky130_fd_sc_hd__dfrtp_2)
                                              2.556529   data arrival time

                      0.150000    0.000000    0.000000   clock wr_clk (rise edge)
                                  0.000000    0.000000   clock network delay (ideal)
                                  0.250000    0.250000   clock uncertainty
                                  0.000000    0.250000   clock reconvergence pessimism
                                              0.250000 ^ _1168_/CLK (sky130_fd_sc_hd__dfrtp_2)
                                  0.556776    0.806776   library removal time
                                              0.806776   data required time
---------------------------------------------------------------------------------------------
                                              0.806776   data required time
                                             -2.556529   data arrival time
---------------------------------------------------------------------------------------------
                                              1.749752   slack (MET)


Startpoint: arst_n (input port clocked by wr_clk)
Endpoint: _1169_ (removal check against rising-edge clock wr_clk)
Path Group: asynchronous
Path Type: min

Fanout         Cap        Slew       Delay        Time   Description
---------------------------------------------------------------------------------------------
                      0.150000    0.000000    0.000000   clock wr_clk (rise edge)
                                  0.000000    0.000000   clock network delay (ideal)
                                  2.000000    2.000000 ^ input external delay
    50    0.180216    0.815125    0.556529    2.556529 ^ arst_n (in)
                                                         arst_n (net)
                      0.815125    0.000000    2.556529 ^ _1169_/RESET_B (sky130_fd_sc_hd__dfrtp_2)
                                              2.556529   data arrival time

                      0.150000    0.000000    0.000000   clock wr_clk (rise edge)
                                  0.000000    0.000000   clock network delay (ideal)
                                  0.250000    0.250000   clock uncertainty
                                  0.000000    0.250000   clock reconvergence pessimism
                                              0.250000 ^ _1169_/CLK (sky130_fd_sc_hd__dfrtp_2)
                                  0.556776    0.806776   library removal time
                                              0.806776   data required time
---------------------------------------------------------------------------------------------
                                              0.806776   data required time
                                             -2.556529   data arrival time
---------------------------------------------------------------------------------------------
                                              1.749752   slack (MET)


Startpoint: _1132_ (rising edge-triggered flip-flop clocked by wr_clk)
Endpoint: afull (output port clocked by wr_clk)
Path Group: wr_clk
Path Type: min

Fanout         Cap        Slew       Delay        Time   Description
---------------------------------------------------------------------------------------------
                      0.150000    0.000000    0.000000   clock wr_clk (rise edge)
                                  0.000000    0.000000   clock network delay (ideal)
                      0.150000    0.000000    0.000000 ^ _1132_/CLK (sky130_fd_sc_hd__dfrtp_2)
     1    0.033442    0.171856    0.484006    0.484006 ^ _1132_/Q (sky130_fd_sc_hd__dfrtp_2)
                                                         afull (net)
                      0.171856    0.000000    0.484006 ^ afull (out)
                                              0.484006   data arrival time

                      0.150000    0.000000    0.000000   clock wr_clk (rise edge)
                                  0.000000    0.000000   clock network delay (ideal)
                                  0.250000    0.250000   clock uncertainty
                                  0.000000    0.250000   clock reconvergence pessimism
                                 -2.000000   -1.750000   output external delay
                                             -1.750000   data required time
---------------------------------------------------------------------------------------------
                                             -1.750000   data required time
                                             -0.484006   data arrival time
---------------------------------------------------------------------------------------------
                                              2.234006   slack (MET)


Startpoint: _1131_ (rising edge-triggered flip-flop clocked by wr_clk)
Endpoint: full (output port clocked by wr_clk)
Path Group: wr_clk
Path Type: min

Fanout         Cap        Slew       Delay        Time   Description
---------------------------------------------------------------------------------------------
                      0.150000    0.000000    0.000000   clock wr_clk (rise edge)
                                  0.000000    0.000000   clock network delay (ideal)
                      0.150000    0.000000    0.000000 ^ _1131_/CLK (sky130_fd_sc_hd__dfrtp_2)
     3    0.039418    0.198153    0.504052    0.504052 ^ _1131_/Q (sky130_fd_sc_hd__dfrtp_2)
                                                         full (net)
                      0.198153    0.000000    0.504052 ^ full (out)
                                              0.504052   data arrival time

                      0.150000    0.000000    0.000000   clock wr_clk (rise edge)
                                  0.000000    0.000000   clock network delay (ideal)
                                  0.250000    0.250000   clock uncertainty
                                  0.000000    0.250000   clock reconvergence pessimism
                                 -2.000000   -1.750000   output external delay
                                             -1.750000   data required time
---------------------------------------------------------------------------------------------
                                             -1.750000   data required time
                                             -0.504052   data arrival time
---------------------------------------------------------------------------------------------
                                              2.254053   slack (MET)



