
===========================================================================
report_checks -path_delay max (Setup)
============================================================================
======================= nom_tt_025C_1v80 Corner ===================================

Startpoint: wr_en (input port clocked by wr_clk)
Endpoint: _1370_ (rising edge-triggered flip-flop clocked by wr_clk)
Path Group: wr_clk
Path Type: max

Fanout         Cap        Slew       Delay        Time   Description
---------------------------------------------------------------------------------------------
                      0.150000    0.000000    0.000000   clock wr_clk (rise edge)
                                  0.000000    0.000000   clock network delay (ideal)
                                  2.000000    2.000000 ^ input external delay
     1    0.002476    0.018986    0.009156    2.009156 ^ wr_en (in)
                                                         wr_en (net)
                      0.018986    0.000000    2.009156 ^ _0807_/B_N (sky130_fd_sc_hd__nor2b_4)
     4    0.014234    0.119513    0.157281    2.166437 ^ _0807_/Y (sky130_fd_sc_hd__nor2b_4)
                                                         _0293_ (net)
                      0.119513    0.000000    2.166437 ^ _0809_/A (sky130_fd_sc_hd__nand2_4)
     7    0.029950    0.082146    0.098642    2.265078 v _0809_/Y (sky130_fd_sc_hd__nand2_4)
                                                         _0295_ (net)
                      0.082146    0.000000    2.265078 v _1122_/B (sky130_fd_sc_hd__or3b_2)
     1    0.002015    0.072231    0.437122    2.702200 v _1122_/X (sky130_fd_sc_hd__or3b_2)
                                                         _0548_ (net)
                      0.072231    0.000000    2.702200 v _1123_/A (sky130_fd_sc_hd__buf_1)
     8    0.024624    0.145173    0.193920    2.896120 v _1123_/X (sky130_fd_sc_hd__buf_1)
                                                         _0549_ (net)
                      0.145173    0.000000    2.896120 v _1124_/S (sky130_fd_sc_hd__mux2_2)
     1    0.002015    0.045546    0.296965    3.193085 v _1124_/X (sky130_fd_sc_hd__mux2_2)
                                                         _0550_ (net)
                      0.045546    0.000000    3.193085 v _1125_/A (sky130_fd_sc_hd__buf_1)
     1    0.001681    0.021562    0.081530    3.274615 v _1125_/X (sky130_fd_sc_hd__buf_1)
                                                         _0040_ (net)
                      0.021562    0.000000    3.274615 v _1370_/D (sky130_fd_sc_hd__dfxtp_2)
                                              3.274615   data arrival time

                      0.150000   10.000000   10.000000   clock wr_clk (rise edge)
                                  0.000000   10.000000   clock network delay (ideal)
                                 -0.250000    9.750000   clock uncertainty
                                  0.000000    9.750000   clock reconvergence pessimism
                                              9.750000 ^ _1370_/CLK (sky130_fd_sc_hd__dfxtp_2)
                                 -0.078174    9.671826   library setup time
                                              9.671826   data required time
---------------------------------------------------------------------------------------------
                                              9.671826   data required time
                                             -3.274615   data arrival time
---------------------------------------------------------------------------------------------
                                              6.397211   slack (MET)


Startpoint: wr_en (input port clocked by wr_clk)
Endpoint: _1371_ (rising edge-triggered flip-flop clocked by wr_clk)
Path Group: wr_clk
Path Type: max

Fanout         Cap        Slew       Delay        Time   Description
---------------------------------------------------------------------------------------------
                      0.150000    0.000000    0.000000   clock wr_clk (rise edge)
                                  0.000000    0.000000   clock network delay (ideal)
                                  2.000000    2.000000 ^ input external delay
     1    0.002476    0.018986    0.009156    2.009156 ^ wr_en (in)
                                                         wr_en (net)
                      0.018986    0.000000    2.009156 ^ _0807_/B_N (sky130_fd_sc_hd__nor2b_4)
     4    0.014234    0.119513    0.157281    2.166437 ^ _0807_/Y (sky130_fd_sc_hd__nor2b_4)
                                                         _0293_ (net)
                      0.119513    0.000000    2.166437 ^ _0809_/A (sky130_fd_sc_hd__nand2_4)
     7    0.029950    0.082146    0.098642    2.265078 v _0809_/Y (sky130_fd_sc_hd__nand2_4)
                                                         _0295_ (net)
                      0.082146    0.000000    2.265078 v _1122_/B (sky130_fd_sc_hd__or3b_2)
     1    0.002015    0.072231    0.437122    2.702200 v _1122_/X (sky130_fd_sc_hd__or3b_2)
                                                         _0548_ (net)
                      0.072231    0.000000    2.702200 v _1123_/A (sky130_fd_sc_hd__buf_1)
     8    0.024624    0.145173    0.193920    2.896120 v _1123_/X (sky130_fd_sc_hd__buf_1)
                                                         _0549_ (net)
                      0.145173    0.000000    2.896120 v _1126_/S (sky130_fd_sc_hd__mux2_2)
     1    0.002015    0.045546    0.296965    3.193085 v _1126_/X (sky130_fd_sc_hd__mux2_2)
                                                         _0551_ (net)
                      0.045546    0.000000    3.193085 v _1127_/A (sky130_fd_sc_hd__buf_1)
     1    0.001681    0.021562    0.081530    3.274615 v _1127_/X (sky130_fd_sc_hd__buf_1)
                                                         _0041_ (net)
                      0.021562    0.000000    3.274615 v _1371_/D (sky130_fd_sc_hd__dfxtp_2)
                                              3.274615   data arrival time

                      0.150000   10.000000   10.000000   clock wr_clk (rise edge)
                                  0.000000   10.000000   clock network delay (ideal)
                                 -0.250000    9.750000   clock uncertainty
                                  0.000000    9.750000   clock reconvergence pessimism
                                              9.750000 ^ _1371_/CLK (sky130_fd_sc_hd__dfxtp_2)
                                 -0.078174    9.671826   library setup time
                                              9.671826   data required time
---------------------------------------------------------------------------------------------
                                              9.671826   data required time
                                             -3.274615   data arrival time
---------------------------------------------------------------------------------------------
                                              6.397211   slack (MET)


Startpoint: wr_en (input port clocked by wr_clk)
Endpoint: _1372_ (rising edge-triggered flip-flop clocked by wr_clk)
Path Group: wr_clk
Path Type: max

Fanout         Cap        Slew       Delay        Time   Description
---------------------------------------------------------------------------------------------
                      0.150000    0.000000    0.000000   clock wr_clk (rise edge)
                                  0.000000    0.000000   clock network delay (ideal)
                                  2.000000    2.000000 ^ input external delay
     1    0.002476    0.018986    0.009156    2.009156 ^ wr_en (in)
                                                         wr_en (net)
                      0.018986    0.000000    2.009156 ^ _0807_/B_N (sky130_fd_sc_hd__nor2b_4)
     4    0.014234    0.119513    0.157281    2.166437 ^ _0807_/Y (sky130_fd_sc_hd__nor2b_4)
                                                         _0293_ (net)
                      0.119513    0.000000    2.166437 ^ _0809_/A (sky130_fd_sc_hd__nand2_4)
     7    0.029950    0.082146    0.098642    2.265078 v _0809_/Y (sky130_fd_sc_hd__nand2_4)
                                                         _0295_ (net)
                      0.082146    0.000000    2.265078 v _1122_/B (sky130_fd_sc_hd__or3b_2)
     1    0.002015    0.072231    0.437122    2.702200 v _1122_/X (sky130_fd_sc_hd__or3b_2)
                                                         _0548_ (net)
                      0.072231    0.000000    2.702200 v _1123_/A (sky130_fd_sc_hd__buf_1)
     8    0.024624    0.145173    0.193920    2.896120 v _1123_/X (sky130_fd_sc_hd__buf_1)
                                                         _0549_ (net)
                      0.145173    0.000000    2.896120 v _1128_/S (sky130_fd_sc_hd__mux2_2)
     1    0.002015    0.045546    0.296965    3.193085 v _1128_/X (sky130_fd_sc_hd__mux2_2)
                                                         _0552_ (net)
                      0.045546    0.000000    3.193085 v _1129_/A (sky130_fd_sc_hd__buf_1)
     1    0.001681    0.021562    0.081530    3.274615 v _1129_/X (sky130_fd_sc_hd__buf_1)
                                                         _0042_ (net)
                      0.021562    0.000000    3.274615 v _1372_/D (sky130_fd_sc_hd__dfxtp_2)
                                              3.274615   data arrival time

                      0.150000   10.000000   10.000000   clock wr_clk (rise edge)
                                  0.000000   10.000000   clock network delay (ideal)
                                 -0.250000    9.750000   clock uncertainty
                                  0.000000    9.750000   clock reconvergence pessimism
                                              9.750000 ^ _1372_/CLK (sky130_fd_sc_hd__dfxtp_2)
                                 -0.078174    9.671826   library setup time
                                              9.671826   data required time
---------------------------------------------------------------------------------------------
                                              9.671826   data required time
                                             -3.274615   data arrival time
---------------------------------------------------------------------------------------------
                                              6.397211   slack (MET)


Startpoint: wr_en (input port clocked by wr_clk)
Endpoint: _1373_ (rising edge-triggered flip-flop clocked by wr_clk)
Path Group: wr_clk
Path Type: max

Fanout         Cap        Slew       Delay        Time   Description
---------------------------------------------------------------------------------------------
                      0.150000    0.000000    0.000000   clock wr_clk (rise edge)
                                  0.000000    0.000000   clock network delay (ideal)
                                  2.000000    2.000000 ^ input external delay
     1    0.002476    0.018986    0.009156    2.009156 ^ wr_en (in)
                                                         wr_en (net)
                      0.018986    0.000000    2.009156 ^ _0807_/B_N (sky130_fd_sc_hd__nor2b_4)
     4    0.014234    0.119513    0.157281    2.166437 ^ _0807_/Y (sky130_fd_sc_hd__nor2b_4)
                                                         _0293_ (net)
                      0.119513    0.000000    2.166437 ^ _0809_/A (sky130_fd_sc_hd__nand2_4)
     7    0.029950    0.082146    0.098642    2.265078 v _0809_/Y (sky130_fd_sc_hd__nand2_4)
                                                         _0295_ (net)
                      0.082146    0.000000    2.265078 v _1122_/B (sky130_fd_sc_hd__or3b_2)
     1    0.002015    0.072231    0.437122    2.702200 v _1122_/X (sky130_fd_sc_hd__or3b_2)
                                                         _0548_ (net)
                      0.072231    0.000000    2.702200 v _1123_/A (sky130_fd_sc_hd__buf_1)
     8    0.024624    0.145173    0.193920    2.896120 v _1123_/X (sky130_fd_sc_hd__buf_1)
                                                         _0549_ (net)
                      0.145173    0.000000    2.896120 v _1130_/S (sky130_fd_sc_hd__mux2_2)
     1    0.002015    0.045546    0.296965    3.193085 v _1130_/X (sky130_fd_sc_hd__mux2_2)
                                                         _0553_ (net)
                      0.045546    0.000000    3.193085 v _1131_/A (sky130_fd_sc_hd__buf_1)
     1    0.001681    0.021562    0.081530    3.274615 v _1131_/X (sky130_fd_sc_hd__buf_1)
                                                         _0043_ (net)
                      0.021562    0.000000    3.274615 v _1373_/D (sky130_fd_sc_hd__dfxtp_2)
                                              3.274615   data arrival time

                      0.150000   10.000000   10.000000   clock wr_clk (rise edge)
                                  0.000000   10.000000   clock network delay (ideal)
                                 -0.250000    9.750000   clock uncertainty
                                  0.000000    9.750000   clock reconvergence pessimism
                                              9.750000 ^ _1373_/CLK (sky130_fd_sc_hd__dfxtp_2)
                                 -0.078174    9.671826   library setup time
                                              9.671826   data required time
---------------------------------------------------------------------------------------------
                                              9.671826   data required time
                                             -3.274615   data arrival time
---------------------------------------------------------------------------------------------
                                              6.397211   slack (MET)


Startpoint: wr_en (input port clocked by wr_clk)
Endpoint: _1374_ (rising edge-triggered flip-flop clocked by wr_clk)
Path Group: wr_clk
Path Type: max

Fanout         Cap        Slew       Delay        Time   Description
---------------------------------------------------------------------------------------------
                      0.150000    0.000000    0.000000   clock wr_clk (rise edge)
                                  0.000000    0.000000   clock network delay (ideal)
                                  2.000000    2.000000 ^ input external delay
     1    0.002476    0.018986    0.009156    2.009156 ^ wr_en (in)
                                                         wr_en (net)
                      0.018986    0.000000    2.009156 ^ _0807_/B_N (sky130_fd_sc_hd__nor2b_4)
     4    0.014234    0.119513    0.157281    2.166437 ^ _0807_/Y (sky130_fd_sc_hd__nor2b_4)
                                                         _0293_ (net)
                      0.119513    0.000000    2.166437 ^ _0809_/A (sky130_fd_sc_hd__nand2_4)
     7    0.029950    0.082146    0.098642    2.265078 v _0809_/Y (sky130_fd_sc_hd__nand2_4)
                                                         _0295_ (net)
                      0.082146    0.000000    2.265078 v _1122_/B (sky130_fd_sc_hd__or3b_2)
     1    0.002015    0.072231    0.437122    2.702200 v _1122_/X (sky130_fd_sc_hd__or3b_2)
                                                         _0548_ (net)
                      0.072231    0.000000    2.702200 v _1123_/A (sky130_fd_sc_hd__buf_1)
     8    0.024624    0.145173    0.193920    2.896120 v _1123_/X (sky130_fd_sc_hd__buf_1)
                                                         _0549_ (net)
                      0.145173    0.000000    2.896120 v _1132_/S (sky130_fd_sc_hd__mux2_2)
     1    0.002015    0.045546    0.296965    3.193085 v _1132_/X (sky130_fd_sc_hd__mux2_2)
                                                         _0554_ (net)
                      0.045546    0.000000    3.193085 v _1133_/A (sky130_fd_sc_hd__buf_1)
     1    0.001681    0.021562    0.081530    3.274615 v _1133_/X (sky130_fd_sc_hd__buf_1)
                                                         _0044_ (net)
                      0.021562    0.000000    3.274615 v _1374_/D (sky130_fd_sc_hd__dfxtp_2)
                                              3.274615   data arrival time

                      0.150000   10.000000   10.000000   clock wr_clk (rise edge)
                                  0.000000   10.000000   clock network delay (ideal)
                                 -0.250000    9.750000   clock uncertainty
                                  0.000000    9.750000   clock reconvergence pessimism
                                              9.750000 ^ _1374_/CLK (sky130_fd_sc_hd__dfxtp_2)
                                 -0.078174    9.671826   library setup time
                                              9.671826   data required time
---------------------------------------------------------------------------------------------
                                              9.671826   data required time
                                             -3.274615   data arrival time
---------------------------------------------------------------------------------------------
                                              6.397211   slack (MET)


Startpoint: wr_en (input port clocked by wr_clk)
Endpoint: _1375_ (rising edge-triggered flip-flop clocked by wr_clk)
Path Group: wr_clk
Path Type: max

Fanout         Cap        Slew       Delay        Time   Description
---------------------------------------------------------------------------------------------
                      0.150000    0.000000    0.000000   clock wr_clk (rise edge)
                                  0.000000    0.000000   clock network delay (ideal)
                                  2.000000    2.000000 ^ input external delay
     1    0.002476    0.018986    0.009156    2.009156 ^ wr_en (in)
                                                         wr_en (net)
                      0.018986    0.000000    2.009156 ^ _0807_/B_N (sky130_fd_sc_hd__nor2b_4)
     4    0.014234    0.119513    0.157281    2.166437 ^ _0807_/Y (sky130_fd_sc_hd__nor2b_4)
                                                         _0293_ (net)
                      0.119513    0.000000    2.166437 ^ _0809_/A (sky130_fd_sc_hd__nand2_4)
     7    0.029950    0.082146    0.098642    2.265078 v _0809_/Y (sky130_fd_sc_hd__nand2_4)
                                                         _0295_ (net)
                      0.082146    0.000000    2.265078 v _1122_/B (sky130_fd_sc_hd__or3b_2)
     1    0.002015    0.072231    0.437122    2.702200 v _1122_/X (sky130_fd_sc_hd__or3b_2)
                                                         _0548_ (net)
                      0.072231    0.000000    2.702200 v _1123_/A (sky130_fd_sc_hd__buf_1)
     8    0.024624    0.145173    0.193920    2.896120 v _1123_/X (sky130_fd_sc_hd__buf_1)
                                                         _0549_ (net)
                      0.145173    0.000000    2.896120 v _1134_/S (sky130_fd_sc_hd__mux2_2)
     1    0.002015    0.045546    0.296965    3.193085 v _1134_/X (sky130_fd_sc_hd__mux2_2)
                                                         _0555_ (net)
                      0.045546    0.000000    3.193085 v _1135_/A (sky130_fd_sc_hd__buf_1)
     1    0.001681    0.021562    0.081530    3.274615 v _1135_/X (sky130_fd_sc_hd__buf_1)
                                                         _0045_ (net)
                      0.021562    0.000000    3.274615 v _1375_/D (sky130_fd_sc_hd__dfxtp_2)
                                              3.274615   data arrival time

                      0.150000   10.000000   10.000000   clock wr_clk (rise edge)
                                  0.000000   10.000000   clock network delay (ideal)
                                 -0.250000    9.750000   clock uncertainty
                                  0.000000    9.750000   clock reconvergence pessimism
                                              9.750000 ^ _1375_/CLK (sky130_fd_sc_hd__dfxtp_2)
                                 -0.078174    9.671826   library setup time
                                              9.671826   data required time
---------------------------------------------------------------------------------------------
                                              9.671826   data required time
                                             -3.274615   data arrival time
---------------------------------------------------------------------------------------------
                                              6.397211   slack (MET)


Startpoint: wr_en (input port clocked by wr_clk)
Endpoint: _1376_ (rising edge-triggered flip-flop clocked by wr_clk)
Path Group: wr_clk
Path Type: max

Fanout         Cap        Slew       Delay        Time   Description
---------------------------------------------------------------------------------------------
                      0.150000    0.000000    0.000000   clock wr_clk (rise edge)
                                  0.000000    0.000000   clock network delay (ideal)
                                  2.000000    2.000000 ^ input external delay
     1    0.002476    0.018986    0.009156    2.009156 ^ wr_en (in)
                                                         wr_en (net)
                      0.018986    0.000000    2.009156 ^ _0807_/B_N (sky130_fd_sc_hd__nor2b_4)
     4    0.014234    0.119513    0.157281    2.166437 ^ _0807_/Y (sky130_fd_sc_hd__nor2b_4)
                                                         _0293_ (net)
                      0.119513    0.000000    2.166437 ^ _0809_/A (sky130_fd_sc_hd__nand2_4)
     7    0.029950    0.082146    0.098642    2.265078 v _0809_/Y (sky130_fd_sc_hd__nand2_4)
                                                         _0295_ (net)
                      0.082146    0.000000    2.265078 v _1122_/B (sky130_fd_sc_hd__or3b_2)
     1    0.002015    0.072231    0.437122    2.702200 v _1122_/X (sky130_fd_sc_hd__or3b_2)
                                                         _0548_ (net)
                      0.072231    0.000000    2.702200 v _1123_/A (sky130_fd_sc_hd__buf_1)
     8    0.024624    0.145173    0.193920    2.896120 v _1123_/X (sky130_fd_sc_hd__buf_1)
                                                         _0549_ (net)
                      0.145173    0.000000    2.896120 v _1136_/S (sky130_fd_sc_hd__mux2_2)
     1    0.002015    0.045546    0.296965    3.193085 v _1136_/X (sky130_fd_sc_hd__mux2_2)
                                                         _0556_ (net)
                      0.045546    0.000000    3.193085 v _1137_/A (sky130_fd_sc_hd__buf_1)
     1    0.001681    0.021562    0.081530    3.274615 v _1137_/X (sky130_fd_sc_hd__buf_1)
                                                         _0046_ (net)
                      0.021562    0.000000    3.274615 v _1376_/D (sky130_fd_sc_hd__dfxtp_2)
                                              3.274615   data arrival time

                      0.150000   10.000000   10.000000   clock wr_clk (rise edge)
                                  0.000000   10.000000   clock network delay (ideal)
                                 -0.250000    9.750000   clock uncertainty
                                  0.000000    9.750000   clock reconvergence pessimism
                                              9.750000 ^ _1376_/CLK (sky130_fd_sc_hd__dfxtp_2)
                                 -0.078174    9.671826   library setup time
                                              9.671826   data required time
---------------------------------------------------------------------------------------------
                                              9.671826   data required time
                                             -3.274615   data arrival time
---------------------------------------------------------------------------------------------
                                              6.397211   slack (MET)


Startpoint: wr_en (input port clocked by wr_clk)
Endpoint: _1377_ (rising edge-triggered flip-flop clocked by wr_clk)
Path Group: wr_clk
Path Type: max

Fanout         Cap        Slew       Delay        Time   Description
---------------------------------------------------------------------------------------------
                      0.150000    0.000000    0.000000   clock wr_clk (rise edge)
                                  0.000000    0.000000   clock network delay (ideal)
                                  2.000000    2.000000 ^ input external delay
     1    0.002476    0.018986    0.009156    2.009156 ^ wr_en (in)
                                                         wr_en (net)
                      0.018986    0.000000    2.009156 ^ _0807_/B_N (sky130_fd_sc_hd__nor2b_4)
     4    0.014234    0.119513    0.157281    2.166437 ^ _0807_/Y (sky130_fd_sc_hd__nor2b_4)
                                                         _0293_ (net)
                      0.119513    0.000000    2.166437 ^ _0809_/A (sky130_fd_sc_hd__nand2_4)
     7    0.029950    0.082146    0.098642    2.265078 v _0809_/Y (sky130_fd_sc_hd__nand2_4)
                                                         _0295_ (net)
                      0.082146    0.000000    2.265078 v _1122_/B (sky130_fd_sc_hd__or3b_2)
     1    0.002015    0.072231    0.437122    2.702200 v _1122_/X (sky130_fd_sc_hd__or3b_2)
                                                         _0548_ (net)
                      0.072231    0.000000    2.702200 v _1123_/A (sky130_fd_sc_hd__buf_1)
     8    0.024624    0.145173    0.193920    2.896120 v _1123_/X (sky130_fd_sc_hd__buf_1)
                                                         _0549_ (net)
                      0.145173    0.000000    2.896120 v _1138_/S (sky130_fd_sc_hd__mux2_2)
     1    0.002015    0.045546    0.296965    3.193085 v _1138_/X (sky130_fd_sc_hd__mux2_2)
                                                         _0557_ (net)
                      0.045546    0.000000    3.193085 v _1139_/A (sky130_fd_sc_hd__buf_1)
     1    0.001681    0.021562    0.081530    3.274615 v _1139_/X (sky130_fd_sc_hd__buf_1)
                                                         _0047_ (net)
                      0.021562    0.000000    3.274615 v _1377_/D (sky130_fd_sc_hd__dfxtp_2)
                                              3.274615   data arrival time

                      0.150000   10.000000   10.000000   clock wr_clk (rise edge)
                                  0.000000   10.000000   clock network delay (ideal)
                                 -0.250000    9.750000   clock uncertainty
                                  0.000000    9.750000   clock reconvergence pessimism
                                              9.750000 ^ _1377_/CLK (sky130_fd_sc_hd__dfxtp_2)
                                 -0.078174    9.671826   library setup time
                                              9.671826   data required time
---------------------------------------------------------------------------------------------
                                              9.671826   data required time
                                             -3.274615   data arrival time
---------------------------------------------------------------------------------------------
                                              6.397211   slack (MET)


Startpoint: wr_en (input port clocked by wr_clk)
Endpoint: _1435_ (rising edge-triggered flip-flop clocked by wr_clk)
Path Group: wr_clk
Path Type: max

Fanout         Cap        Slew       Delay        Time   Description
---------------------------------------------------------------------------------------------
                      0.150000    0.000000    0.000000   clock wr_clk (rise edge)
                                  0.000000    0.000000   clock network delay (ideal)
                                  2.000000    2.000000 ^ input external delay
     1    0.002476    0.018986    0.009156    2.009156 ^ wr_en (in)
                                                         wr_en (net)
                      0.018986    0.000000    2.009156 ^ _0807_/B_N (sky130_fd_sc_hd__nor2b_4)
     4    0.014234    0.119513    0.157281    2.166437 ^ _0807_/Y (sky130_fd_sc_hd__nor2b_4)
                                                         _0293_ (net)
                      0.119513    0.000000    2.166437 ^ _0809_/A (sky130_fd_sc_hd__nand2_4)
     7    0.029950    0.082146    0.098642    2.265078 v _0809_/Y (sky130_fd_sc_hd__nand2_4)
                                                         _0295_ (net)
                      0.082146    0.000000    2.265078 v _1261_/B (sky130_fd_sc_hd__or3b_2)
     1    0.002015    0.072240    0.437122    2.702200 v _1261_/X (sky130_fd_sc_hd__or3b_2)
                                                         _0623_ (net)
                      0.072240    0.000000    2.702200 v _1262_/A (sky130_fd_sc_hd__buf_1)
     8    0.024624    0.145173    0.193924    2.896124 v _1262_/X (sky130_fd_sc_hd__buf_1)
                                                         _0624_ (net)
                      0.145173    0.000000    2.896124 v _1263_/S (sky130_fd_sc_hd__mux2_2)
     1    0.002015    0.045546    0.296965    3.193089 v _1263_/X (sky130_fd_sc_hd__mux2_2)
                                                         _0625_ (net)
                      0.045546    0.000000    3.193089 v _1264_/A (sky130_fd_sc_hd__buf_1)
     1    0.001681    0.021562    0.081530    3.274619 v _1264_/X (sky130_fd_sc_hd__buf_1)
                                                         _0104_ (net)
                      0.021562    0.000000    3.274619 v _1435_/D (sky130_fd_sc_hd__dfxtp_2)
                                              3.274619   data arrival time

                      0.150000   10.000000   10.000000   clock wr_clk (rise edge)
                                  0.000000   10.000000   clock network delay (ideal)
                                 -0.250000    9.750000   clock uncertainty
                                  0.000000    9.750000   clock reconvergence pessimism
                                              9.750000 ^ _1435_/CLK (sky130_fd_sc_hd__dfxtp_2)
                                 -0.078174    9.671826   library setup time
                                              9.671826   data required time
---------------------------------------------------------------------------------------------
                                              9.671826   data required time
                                             -3.274619   data arrival time
---------------------------------------------------------------------------------------------
                                              6.397207   slack (MET)


Startpoint: wr_en (input port clocked by wr_clk)
Endpoint: _1436_ (rising edge-triggered flip-flop clocked by wr_clk)
Path Group: wr_clk
Path Type: max

Fanout         Cap        Slew       Delay        Time   Description
---------------------------------------------------------------------------------------------
                      0.150000    0.000000    0.000000   clock wr_clk (rise edge)
                                  0.000000    0.000000   clock network delay (ideal)
                                  2.000000    2.000000 ^ input external delay
     1    0.002476    0.018986    0.009156    2.009156 ^ wr_en (in)
                                                         wr_en (net)
                      0.018986    0.000000    2.009156 ^ _0807_/B_N (sky130_fd_sc_hd__nor2b_4)
     4    0.014234    0.119513    0.157281    2.166437 ^ _0807_/Y (sky130_fd_sc_hd__nor2b_4)
                                                         _0293_ (net)
                      0.119513    0.000000    2.166437 ^ _0809_/A (sky130_fd_sc_hd__nand2_4)
     7    0.029950    0.082146    0.098642    2.265078 v _0809_/Y (sky130_fd_sc_hd__nand2_4)
                                                         _0295_ (net)
                      0.082146    0.000000    2.265078 v _1261_/B (sky130_fd_sc_hd__or3b_2)
     1    0.002015    0.072240    0.437122    2.702200 v _1261_/X (sky130_fd_sc_hd__or3b_2)
                                                         _0623_ (net)
                      0.072240    0.000000    2.702200 v _1262_/A (sky130_fd_sc_hd__buf_1)
     8    0.024624    0.145173    0.193924    2.896124 v _1262_/X (sky130_fd_sc_hd__buf_1)
                                                         _0624_ (net)
                      0.145173    0.000000    2.896124 v _1265_/S (sky130_fd_sc_hd__mux2_2)
     1    0.002015    0.045546    0.296965    3.193089 v _1265_/X (sky130_fd_sc_hd__mux2_2)
                                                         _0626_ (net)
                      0.045546    0.000000    3.193089 v _1266_/A (sky130_fd_sc_hd__buf_1)
     1    0.001681    0.021562    0.081530    3.274619 v _1266_/X (sky130_fd_sc_hd__buf_1)
                                                         _0105_ (net)
                      0.021562    0.000000    3.274619 v _1436_/D (sky130_fd_sc_hd__dfxtp_2)
                                              3.274619   data arrival time

                      0.150000   10.000000   10.000000   clock wr_clk (rise edge)
                                  0.000000   10.000000   clock network delay (ideal)
                                 -0.250000    9.750000   clock uncertainty
                                  0.000000    9.750000   clock reconvergence pessimism
                                              9.750000 ^ _1436_/CLK (sky130_fd_sc_hd__dfxtp_2)
                                 -0.078174    9.671826   library setup time
                                              9.671826   data required time
---------------------------------------------------------------------------------------------
                                              9.671826   data required time
                                             -3.274619   data arrival time
---------------------------------------------------------------------------------------------
                                              6.397207   slack (MET)


Startpoint: wr_en (input port clocked by wr_clk)
Endpoint: _1437_ (rising edge-triggered flip-flop clocked by wr_clk)
Path Group: wr_clk
Path Type: max

Fanout         Cap        Slew       Delay        Time   Description
---------------------------------------------------------------------------------------------
                      0.150000    0.000000    0.000000   clock wr_clk (rise edge)
                                  0.000000    0.000000   clock network delay (ideal)
                                  2.000000    2.000000 ^ input external delay
     1    0.002476    0.018986    0.009156    2.009156 ^ wr_en (in)
                                                         wr_en (net)
                      0.018986    0.000000    2.009156 ^ _0807_/B_N (sky130_fd_sc_hd__nor2b_4)
     4    0.014234    0.119513    0.157281    2.166437 ^ _0807_/Y (sky130_fd_sc_hd__nor2b_4)
                                                         _0293_ (net)
                      0.119513    0.000000    2.166437 ^ _0809_/A (sky130_fd_sc_hd__nand2_4)
     7    0.029950    0.082146    0.098642    2.265078 v _0809_/Y (sky130_fd_sc_hd__nand2_4)
                                                         _0295_ (net)
                      0.082146    0.000000    2.265078 v _1261_/B (sky130_fd_sc_hd__or3b_2)
     1    0.002015    0.072240    0.437122    2.702200 v _1261_/X (sky130_fd_sc_hd__or3b_2)
                                                         _0623_ (net)
                      0.072240    0.000000    2.702200 v _1262_/A (sky130_fd_sc_hd__buf_1)
     8    0.024624    0.145173    0.193924    2.896124 v _1262_/X (sky130_fd_sc_hd__buf_1)
                                                         _0624_ (net)
                      0.145173    0.000000    2.896124 v _1267_/S (sky130_fd_sc_hd__mux2_2)
     1    0.002015    0.045546    0.296965    3.193089 v _1267_/X (sky130_fd_sc_hd__mux2_2)
                                                         _0627_ (net)
                      0.045546    0.000000    3.193089 v _1268_/A (sky130_fd_sc_hd__buf_1)
     1    0.001681    0.021562    0.081530    3.274619 v _1268_/X (sky130_fd_sc_hd__buf_1)
                                                         _0106_ (net)
                      0.021562    0.000000    3.274619 v _1437_/D (sky130_fd_sc_hd__dfxtp_2)
                                              3.274619   data arrival time

                      0.150000   10.000000   10.000000   clock wr_clk (rise edge)
                                  0.000000   10.000000   clock network delay (ideal)
                                 -0.250000    9.750000   clock uncertainty
                                  0.000000    9.750000   clock reconvergence pessimism
                                              9.750000 ^ _1437_/CLK (sky130_fd_sc_hd__dfxtp_2)
                                 -0.078174    9.671826   library setup time
                                              9.671826   data required time
---------------------------------------------------------------------------------------------
                                              9.671826   data required time
                                             -3.274619   data arrival time
---------------------------------------------------------------------------------------------
                                              6.397207   slack (MET)


Startpoint: wr_en (input port clocked by wr_clk)
Endpoint: _1438_ (rising edge-triggered flip-flop clocked by wr_clk)
Path Group: wr_clk
Path Type: max

Fanout         Cap        Slew       Delay        Time   Description
---------------------------------------------------------------------------------------------
                      0.150000    0.000000    0.000000   clock wr_clk (rise edge)
                                  0.000000    0.000000   clock network delay (ideal)
                                  2.000000    2.000000 ^ input external delay
     1    0.002476    0.018986    0.009156    2.009156 ^ wr_en (in)
                                                         wr_en (net)
                      0.018986    0.000000    2.009156 ^ _0807_/B_N (sky130_fd_sc_hd__nor2b_4)
     4    0.014234    0.119513    0.157281    2.166437 ^ _0807_/Y (sky130_fd_sc_hd__nor2b_4)
                                                         _0293_ (net)
                      0.119513    0.000000    2.166437 ^ _0809_/A (sky130_fd_sc_hd__nand2_4)
     7    0.029950    0.082146    0.098642    2.265078 v _0809_/Y (sky130_fd_sc_hd__nand2_4)
                                                         _0295_ (net)
                      0.082146    0.000000    2.265078 v _1261_/B (sky130_fd_sc_hd__or3b_2)
     1    0.002015    0.072240    0.437122    2.702200 v _1261_/X (sky130_fd_sc_hd__or3b_2)
                                                         _0623_ (net)
                      0.072240    0.000000    2.702200 v _1262_/A (sky130_fd_sc_hd__buf_1)
     8    0.024624    0.145173    0.193924    2.896124 v _1262_/X (sky130_fd_sc_hd__buf_1)
                                                         _0624_ (net)
                      0.145173    0.000000    2.896124 v _1269_/S (sky130_fd_sc_hd__mux2_2)
     1    0.002015    0.045546    0.296965    3.193089 v _1269_/X (sky130_fd_sc_hd__mux2_2)
                                                         _0628_ (net)
                      0.045546    0.000000    3.193089 v _1270_/A (sky130_fd_sc_hd__buf_1)
     1    0.001681    0.021562    0.081530    3.274619 v _1270_/X (sky130_fd_sc_hd__buf_1)
                                                         _0107_ (net)
                      0.021562    0.000000    3.274619 v _1438_/D (sky130_fd_sc_hd__dfxtp_2)
                                              3.274619   data arrival time

                      0.150000   10.000000   10.000000   clock wr_clk (rise edge)
                                  0.000000   10.000000   clock network delay (ideal)
                                 -0.250000    9.750000   clock uncertainty
                                  0.000000    9.750000   clock reconvergence pessimism
                                              9.750000 ^ _1438_/CLK (sky130_fd_sc_hd__dfxtp_2)
                                 -0.078174    9.671826   library setup time
                                              9.671826   data required time
---------------------------------------------------------------------------------------------
                                              9.671826   data required time
                                             -3.274619   data arrival time
---------------------------------------------------------------------------------------------
                                              6.397207   slack (MET)


Startpoint: wr_en (input port clocked by wr_clk)
Endpoint: _1439_ (rising edge-triggered flip-flop clocked by wr_clk)
Path Group: wr_clk
Path Type: max

Fanout         Cap        Slew       Delay        Time   Description
---------------------------------------------------------------------------------------------
                      0.150000    0.000000    0.000000   clock wr_clk (rise edge)
                                  0.000000    0.000000   clock network delay (ideal)
                                  2.000000    2.000000 ^ input external delay
     1    0.002476    0.018986    0.009156    2.009156 ^ wr_en (in)
                                                         wr_en (net)
                      0.018986    0.000000    2.009156 ^ _0807_/B_N (sky130_fd_sc_hd__nor2b_4)
     4    0.014234    0.119513    0.157281    2.166437 ^ _0807_/Y (sky130_fd_sc_hd__nor2b_4)
                                                         _0293_ (net)
                      0.119513    0.000000    2.166437 ^ _0809_/A (sky130_fd_sc_hd__nand2_4)
     7    0.029950    0.082146    0.098642    2.265078 v _0809_/Y (sky130_fd_sc_hd__nand2_4)
                                                         _0295_ (net)
                      0.082146    0.000000    2.265078 v _1261_/B (sky130_fd_sc_hd__or3b_2)
     1    0.002015    0.072240    0.437122    2.702200 v _1261_/X (sky130_fd_sc_hd__or3b_2)
                                                         _0623_ (net)
                      0.072240    0.000000    2.702200 v _1262_/A (sky130_fd_sc_hd__buf_1)
     8    0.024624    0.145173    0.193924    2.896124 v _1262_/X (sky130_fd_sc_hd__buf_1)
                                                         _0624_ (net)
                      0.145173    0.000000    2.896124 v _1271_/S (sky130_fd_sc_hd__mux2_2)
     1    0.002015    0.045546    0.296965    3.193089 v _1271_/X (sky130_fd_sc_hd__mux2_2)
                                                         _0629_ (net)
                      0.045546    0.000000    3.193089 v _1272_/A (sky130_fd_sc_hd__buf_1)
     1    0.001681    0.021562    0.081530    3.274619 v _1272_/X (sky130_fd_sc_hd__buf_1)
                                                         _0108_ (net)
                      0.021562    0.000000    3.274619 v _1439_/D (sky130_fd_sc_hd__dfxtp_2)
                                              3.274619   data arrival time

                      0.150000   10.000000   10.000000   clock wr_clk (rise edge)
                                  0.000000   10.000000   clock network delay (ideal)
                                 -0.250000    9.750000   clock uncertainty
                                  0.000000    9.750000   clock reconvergence pessimism
                                              9.750000 ^ _1439_/CLK (sky130_fd_sc_hd__dfxtp_2)
                                 -0.078174    9.671826   library setup time
                                              9.671826   data required time
---------------------------------------------------------------------------------------------
                                              9.671826   data required time
                                             -3.274619   data arrival time
---------------------------------------------------------------------------------------------
                                              6.397207   slack (MET)


Startpoint: wr_en (input port clocked by wr_clk)
Endpoint: _1440_ (rising edge-triggered flip-flop clocked by wr_clk)
Path Group: wr_clk
Path Type: max

Fanout         Cap        Slew       Delay        Time   Description
---------------------------------------------------------------------------------------------
                      0.150000    0.000000    0.000000   clock wr_clk (rise edge)
                                  0.000000    0.000000   clock network delay (ideal)
                                  2.000000    2.000000 ^ input external delay
     1    0.002476    0.018986    0.009156    2.009156 ^ wr_en (in)
                                                         wr_en (net)
                      0.018986    0.000000    2.009156 ^ _0807_/B_N (sky130_fd_sc_hd__nor2b_4)
     4    0.014234    0.119513    0.157281    2.166437 ^ _0807_/Y (sky130_fd_sc_hd__nor2b_4)
                                                         _0293_ (net)
                      0.119513    0.000000    2.166437 ^ _0809_/A (sky130_fd_sc_hd__nand2_4)
     7    0.029950    0.082146    0.098642    2.265078 v _0809_/Y (sky130_fd_sc_hd__nand2_4)
                                                         _0295_ (net)
                      0.082146    0.000000    2.265078 v _1261_/B (sky130_fd_sc_hd__or3b_2)
     1    0.002015    0.072240    0.437122    2.702200 v _1261_/X (sky130_fd_sc_hd__or3b_2)
                                                         _0623_ (net)
                      0.072240    0.000000    2.702200 v _1262_/A (sky130_fd_sc_hd__buf_1)
     8    0.024624    0.145173    0.193924    2.896124 v _1262_/X (sky130_fd_sc_hd__buf_1)
                                                         _0624_ (net)
                      0.145173    0.000000    2.896124 v _1273_/S (sky130_fd_sc_hd__mux2_2)
     1    0.002015    0.045546    0.296965    3.193089 v _1273_/X (sky130_fd_sc_hd__mux2_2)
                                                         _0630_ (net)
                      0.045546    0.000000    3.193089 v _1274_/A (sky130_fd_sc_hd__buf_1)
     1    0.001681    0.021562    0.081530    3.274619 v _1274_/X (sky130_fd_sc_hd__buf_1)
                                                         _0109_ (net)
                      0.021562    0.000000    3.274619 v _1440_/D (sky130_fd_sc_hd__dfxtp_2)
                                              3.274619   data arrival time

                      0.150000   10.000000   10.000000   clock wr_clk (rise edge)
                                  0.000000   10.000000   clock network delay (ideal)
                                 -0.250000    9.750000   clock uncertainty
                                  0.000000    9.750000   clock reconvergence pessimism
                                              9.750000 ^ _1440_/CLK (sky130_fd_sc_hd__dfxtp_2)
                                 -0.078174    9.671826   library setup time
                                              9.671826   data required time
---------------------------------------------------------------------------------------------
                                              9.671826   data required time
                                             -3.274619   data arrival time
---------------------------------------------------------------------------------------------
                                              6.397207   slack (MET)


Startpoint: wr_en (input port clocked by wr_clk)
Endpoint: _1441_ (rising edge-triggered flip-flop clocked by wr_clk)
Path Group: wr_clk
Path Type: max

Fanout         Cap        Slew       Delay        Time   Description
---------------------------------------------------------------------------------------------
                      0.150000    0.000000    0.000000   clock wr_clk (rise edge)
                                  0.000000    0.000000   clock network delay (ideal)
                                  2.000000    2.000000 ^ input external delay
     1    0.002476    0.018986    0.009156    2.009156 ^ wr_en (in)
                                                         wr_en (net)
                      0.018986    0.000000    2.009156 ^ _0807_/B_N (sky130_fd_sc_hd__nor2b_4)
     4    0.014234    0.119513    0.157281    2.166437 ^ _0807_/Y (sky130_fd_sc_hd__nor2b_4)
                                                         _0293_ (net)
                      0.119513    0.000000    2.166437 ^ _0809_/A (sky130_fd_sc_hd__nand2_4)
     7    0.029950    0.082146    0.098642    2.265078 v _0809_/Y (sky130_fd_sc_hd__nand2_4)
                                                         _0295_ (net)
                      0.082146    0.000000    2.265078 v _1261_/B (sky130_fd_sc_hd__or3b_2)
     1    0.002015    0.072240    0.437122    2.702200 v _1261_/X (sky130_fd_sc_hd__or3b_2)
                                                         _0623_ (net)
                      0.072240    0.000000    2.702200 v _1262_/A (sky130_fd_sc_hd__buf_1)
     8    0.024624    0.145173    0.193924    2.896124 v _1262_/X (sky130_fd_sc_hd__buf_1)
                                                         _0624_ (net)
                      0.145173    0.000000    2.896124 v _1275_/S (sky130_fd_sc_hd__mux2_2)
     1    0.002015    0.045546    0.296965    3.193089 v _1275_/X (sky130_fd_sc_hd__mux2_2)
                                                         _0631_ (net)
                      0.045546    0.000000    3.193089 v _1276_/A (sky130_fd_sc_hd__buf_1)
     1    0.001681    0.021562    0.081530    3.274619 v _1276_/X (sky130_fd_sc_hd__buf_1)
                                                         _0110_ (net)
                      0.021562    0.000000    3.274619 v _1441_/D (sky130_fd_sc_hd__dfxtp_2)
                                              3.274619   data arrival time

                      0.150000   10.000000   10.000000   clock wr_clk (rise edge)
                                  0.000000   10.000000   clock network delay (ideal)
                                 -0.250000    9.750000   clock uncertainty
                                  0.000000    9.750000   clock reconvergence pessimism
                                              9.750000 ^ _1441_/CLK (sky130_fd_sc_hd__dfxtp_2)
                                 -0.078174    9.671826   library setup time
                                              9.671826   data required time
---------------------------------------------------------------------------------------------
                                              9.671826   data required time
                                             -3.274619   data arrival time
---------------------------------------------------------------------------------------------
                                              6.397207   slack (MET)


Startpoint: wr_en (input port clocked by wr_clk)
Endpoint: _1442_ (rising edge-triggered flip-flop clocked by wr_clk)
Path Group: wr_clk
Path Type: max

Fanout         Cap        Slew       Delay        Time   Description
---------------------------------------------------------------------------------------------
                      0.150000    0.000000    0.000000   clock wr_clk (rise edge)
                                  0.000000    0.000000   clock network delay (ideal)
                                  2.000000    2.000000 ^ input external delay
     1    0.002476    0.018986    0.009156    2.009156 ^ wr_en (in)
                                                         wr_en (net)
                      0.018986    0.000000    2.009156 ^ _0807_/B_N (sky130_fd_sc_hd__nor2b_4)
     4    0.014234    0.119513    0.157281    2.166437 ^ _0807_/Y (sky130_fd_sc_hd__nor2b_4)
                                                         _0293_ (net)
                      0.119513    0.000000    2.166437 ^ _0809_/A (sky130_fd_sc_hd__nand2_4)
     7    0.029950    0.082146    0.098642    2.265078 v _0809_/Y (sky130_fd_sc_hd__nand2_4)
                                                         _0295_ (net)
                      0.082146    0.000000    2.265078 v _1261_/B (sky130_fd_sc_hd__or3b_2)
     1    0.002015    0.072240    0.437122    2.702200 v _1261_/X (sky130_fd_sc_hd__or3b_2)
                                                         _0623_ (net)
                      0.072240    0.000000    2.702200 v _1262_/A (sky130_fd_sc_hd__buf_1)
     8    0.024624    0.145173    0.193924    2.896124 v _1262_/X (sky130_fd_sc_hd__buf_1)
                                                         _0624_ (net)
                      0.145173    0.000000    2.896124 v _1277_/S (sky130_fd_sc_hd__mux2_2)
     1    0.002015    0.045546    0.296965    3.193089 v _1277_/X (sky130_fd_sc_hd__mux2_2)
                                                         _0632_ (net)
                      0.045546    0.000000    3.193089 v _1278_/A (sky130_fd_sc_hd__buf_1)
     1    0.001681    0.021562    0.081530    3.274619 v _1278_/X (sky130_fd_sc_hd__buf_1)
                                                         _0111_ (net)
                      0.021562    0.000000    3.274619 v _1442_/D (sky130_fd_sc_hd__dfxtp_2)
                                              3.274619   data arrival time

                      0.150000   10.000000   10.000000   clock wr_clk (rise edge)
                                  0.000000   10.000000   clock network delay (ideal)
                                 -0.250000    9.750000   clock uncertainty
                                  0.000000    9.750000   clock reconvergence pessimism
                                              9.750000 ^ _1442_/CLK (sky130_fd_sc_hd__dfxtp_2)
                                 -0.078174    9.671826   library setup time
                                              9.671826   data required time
---------------------------------------------------------------------------------------------
                                              9.671826   data required time
                                             -3.274619   data arrival time
---------------------------------------------------------------------------------------------
                                              6.397207   slack (MET)


Startpoint: wr_en (input port clocked by wr_clk)
Endpoint: _1500_ (rising edge-triggered flip-flop clocked by wr_clk)
Path Group: wr_clk
Path Type: max

Fanout         Cap        Slew       Delay        Time   Description
---------------------------------------------------------------------------------------------
                      0.150000    0.000000    0.000000   clock wr_clk (rise edge)
                                  0.000000    0.000000   clock network delay (ideal)
                                  2.000000    2.000000 ^ input external delay
     1    0.002476    0.018986    0.009156    2.009156 ^ wr_en (in)
                                                         wr_en (net)
                      0.018986    0.000000    2.009156 ^ _0807_/B_N (sky130_fd_sc_hd__nor2b_4)
     4    0.014234    0.119513    0.157281    2.166437 ^ _0807_/Y (sky130_fd_sc_hd__nor2b_4)
                                                         _0293_ (net)
                      0.119513    0.000000    2.166437 ^ _0809_/A (sky130_fd_sc_hd__nand2_4)
     7    0.029950    0.082146    0.098642    2.265078 v _0809_/Y (sky130_fd_sc_hd__nand2_4)
                                                         _0295_ (net)
                      0.082146    0.000000    2.265078 v _1312_/B (sky130_fd_sc_hd__or3b_2)
     1    0.002015    0.072231    0.437122    2.702200 v _1312_/X (sky130_fd_sc_hd__or3b_2)
                                                         _0650_ (net)
                      0.072231    0.000000    2.702200 v _1313_/A (sky130_fd_sc_hd__buf_1)
     8    0.024624    0.145173    0.193920    2.896120 v _1313_/X (sky130_fd_sc_hd__buf_1)
                                                         _0651_ (net)
                      0.145173    0.000000    2.896120 v _1314_/S (sky130_fd_sc_hd__mux2_2)
     1    0.002015    0.045546    0.296965    3.193085 v _1314_/X (sky130_fd_sc_hd__mux2_2)
                                                         _0652_ (net)
                      0.045546    0.000000    3.193085 v _1315_/A (sky130_fd_sc_hd__buf_1)
     1    0.001681    0.021562    0.081530    3.274615 v _1315_/X (sky130_fd_sc_hd__buf_1)
                                                         _0128_ (net)
                      0.021562    0.000000    3.274615 v _1500_/D (sky130_fd_sc_hd__dfxtp_2)
                                              3.274615   data arrival time

                      0.150000   10.000000   10.000000   clock wr_clk (rise edge)
                                  0.000000   10.000000   clock network delay (ideal)
                                 -0.250000    9.750000   clock uncertainty
                                  0.000000    9.750000   clock reconvergence pessimism
                                              9.750000 ^ _1500_/CLK (sky130_fd_sc_hd__dfxtp_2)
                                 -0.078174    9.671826   library setup time
                                              9.671826   data required time
---------------------------------------------------------------------------------------------
                                              9.671826   data required time
                                             -3.274615   data arrival time
---------------------------------------------------------------------------------------------
                                              6.397211   slack (MET)


Startpoint: wr_en (input port clocked by wr_clk)
Endpoint: _1501_ (rising edge-triggered flip-flop clocked by wr_clk)
Path Group: wr_clk
Path Type: max

Fanout         Cap        Slew       Delay        Time   Description
---------------------------------------------------------------------------------------------
                      0.150000    0.000000    0.000000   clock wr_clk (rise edge)
                                  0.000000    0.000000   clock network delay (ideal)
                                  2.000000    2.000000 ^ input external delay
     1    0.002476    0.018986    0.009156    2.009156 ^ wr_en (in)
                                                         wr_en (net)
                      0.018986    0.000000    2.009156 ^ _0807_/B_N (sky130_fd_sc_hd__nor2b_4)
     4    0.014234    0.119513    0.157281    2.166437 ^ _0807_/Y (sky130_fd_sc_hd__nor2b_4)
                                                         _0293_ (net)
                      0.119513    0.000000    2.166437 ^ _0809_/A (sky130_fd_sc_hd__nand2_4)
     7    0.029950    0.082146    0.098642    2.265078 v _0809_/Y (sky130_fd_sc_hd__nand2_4)
                                                         _0295_ (net)
                      0.082146    0.000000    2.265078 v _1312_/B (sky130_fd_sc_hd__or3b_2)
     1    0.002015    0.072231    0.437122    2.702200 v _1312_/X (sky130_fd_sc_hd__or3b_2)
                                                         _0650_ (net)
                      0.072231    0.000000    2.702200 v _1313_/A (sky130_fd_sc_hd__buf_1)
     8    0.024624    0.145173    0.193920    2.896120 v _1313_/X (sky130_fd_sc_hd__buf_1)
                                                         _0651_ (net)
                      0.145173    0.000000    2.896120 v _1316_/S (sky130_fd_sc_hd__mux2_2)
     1    0.002015    0.045546    0.296965    3.193085 v _1316_/X (sky130_fd_sc_hd__mux2_2)
                                                         _0653_ (net)
                      0.045546    0.000000    3.193085 v _1317_/A (sky130_fd_sc_hd__buf_1)
     1    0.001681    0.021562    0.081530    3.274615 v _1317_/X (sky130_fd_sc_hd__buf_1)
                                                         _0129_ (net)
                      0.021562    0.000000    3.274615 v _1501_/D (sky130_fd_sc_hd__dfxtp_2)
                                              3.274615   data arrival time

                      0.150000   10.000000   10.000000   clock wr_clk (rise edge)
                                  0.000000   10.000000   clock network delay (ideal)
                                 -0.250000    9.750000   clock uncertainty
                                  0.000000    9.750000   clock reconvergence pessimism
                                              9.750000 ^ _1501_/CLK (sky130_fd_sc_hd__dfxtp_2)
                                 -0.078174    9.671826   library setup time
                                              9.671826   data required time
---------------------------------------------------------------------------------------------
                                              9.671826   data required time
                                             -3.274615   data arrival time
---------------------------------------------------------------------------------------------
                                              6.397211   slack (MET)


Startpoint: wr_en (input port clocked by wr_clk)
Endpoint: _1502_ (rising edge-triggered flip-flop clocked by wr_clk)
Path Group: wr_clk
Path Type: max

Fanout         Cap        Slew       Delay        Time   Description
---------------------------------------------------------------------------------------------
                      0.150000    0.000000    0.000000   clock wr_clk (rise edge)
                                  0.000000    0.000000   clock network delay (ideal)
                                  2.000000    2.000000 ^ input external delay
     1    0.002476    0.018986    0.009156    2.009156 ^ wr_en (in)
                                                         wr_en (net)
                      0.018986    0.000000    2.009156 ^ _0807_/B_N (sky130_fd_sc_hd__nor2b_4)
     4    0.014234    0.119513    0.157281    2.166437 ^ _0807_/Y (sky130_fd_sc_hd__nor2b_4)
                                                         _0293_ (net)
                      0.119513    0.000000    2.166437 ^ _0809_/A (sky130_fd_sc_hd__nand2_4)
     7    0.029950    0.082146    0.098642    2.265078 v _0809_/Y (sky130_fd_sc_hd__nand2_4)
                                                         _0295_ (net)
                      0.082146    0.000000    2.265078 v _1312_/B (sky130_fd_sc_hd__or3b_2)
     1    0.002015    0.072231    0.437122    2.702200 v _1312_/X (sky130_fd_sc_hd__or3b_2)
                                                         _0650_ (net)
                      0.072231    0.000000    2.702200 v _1313_/A (sky130_fd_sc_hd__buf_1)
     8    0.024624    0.145173    0.193920    2.896120 v _1313_/X (sky130_fd_sc_hd__buf_1)
                                                         _0651_ (net)
                      0.145173    0.000000    2.896120 v _1318_/S (sky130_fd_sc_hd__mux2_2)
     1    0.002015    0.045546    0.296965    3.193085 v _1318_/X (sky130_fd_sc_hd__mux2_2)
                                                         _0136_ (net)
                      0.045546    0.000000    3.193085 v _1319_/A (sky130_fd_sc_hd__buf_1)
     1    0.001681    0.021562    0.081530    3.274615 v _1319_/X (sky130_fd_sc_hd__buf_1)
                                                         _0130_ (net)
                      0.021562    0.000000    3.274615 v _1502_/D (sky130_fd_sc_hd__dfxtp_2)
                                              3.274615   data arrival time

                      0.150000   10.000000   10.000000   clock wr_clk (rise edge)
                                  0.000000   10.000000   clock network delay (ideal)
                                 -0.250000    9.750000   clock uncertainty
                                  0.000000    9.750000   clock reconvergence pessimism
                                              9.750000 ^ _1502_/CLK (sky130_fd_sc_hd__dfxtp_2)
                                 -0.078174    9.671826   library setup time
                                              9.671826   data required time
---------------------------------------------------------------------------------------------
                                              9.671826   data required time
                                             -3.274615   data arrival time
---------------------------------------------------------------------------------------------
                                              6.397211   slack (MET)


Startpoint: wr_en (input port clocked by wr_clk)
Endpoint: _1503_ (rising edge-triggered flip-flop clocked by wr_clk)
Path Group: wr_clk
Path Type: max

Fanout         Cap        Slew       Delay        Time   Description
---------------------------------------------------------------------------------------------
                      0.150000    0.000000    0.000000   clock wr_clk (rise edge)
                                  0.000000    0.000000   clock network delay (ideal)
                                  2.000000    2.000000 ^ input external delay
     1    0.002476    0.018986    0.009156    2.009156 ^ wr_en (in)
                                                         wr_en (net)
                      0.018986    0.000000    2.009156 ^ _0807_/B_N (sky130_fd_sc_hd__nor2b_4)
     4    0.014234    0.119513    0.157281    2.166437 ^ _0807_/Y (sky130_fd_sc_hd__nor2b_4)
                                                         _0293_ (net)
                      0.119513    0.000000    2.166437 ^ _0809_/A (sky130_fd_sc_hd__nand2_4)
     7    0.029950    0.082146    0.098642    2.265078 v _0809_/Y (sky130_fd_sc_hd__nand2_4)
                                                         _0295_ (net)
                      0.082146    0.000000    2.265078 v _1312_/B (sky130_fd_sc_hd__or3b_2)
     1    0.002015    0.072231    0.437122    2.702200 v _1312_/X (sky130_fd_sc_hd__or3b_2)
                                                         _0650_ (net)
                      0.072231    0.000000    2.702200 v _1313_/A (sky130_fd_sc_hd__buf_1)
     8    0.024624    0.145173    0.193920    2.896120 v _1313_/X (sky130_fd_sc_hd__buf_1)
                                                         _0651_ (net)
                      0.145173    0.000000    2.896120 v _1320_/S (sky130_fd_sc_hd__mux2_2)
     1    0.002015    0.045546    0.296965    3.193085 v _1320_/X (sky130_fd_sc_hd__mux2_2)
                                                         _0137_ (net)
                      0.045546    0.000000    3.193085 v _1321_/A (sky130_fd_sc_hd__buf_1)
     1    0.001681    0.021562    0.081530    3.274615 v _1321_/X (sky130_fd_sc_hd__buf_1)
                                                         _0131_ (net)
                      0.021562    0.000000    3.274615 v _1503_/D (sky130_fd_sc_hd__dfxtp_2)
                                              3.274615   data arrival time

                      0.150000   10.000000   10.000000   clock wr_clk (rise edge)
                                  0.000000   10.000000   clock network delay (ideal)
                                 -0.250000    9.750000   clock uncertainty
                                  0.000000    9.750000   clock reconvergence pessimism
                                              9.750000 ^ _1503_/CLK (sky130_fd_sc_hd__dfxtp_2)
                                 -0.078174    9.671826   library setup time
                                              9.671826   data required time
---------------------------------------------------------------------------------------------
                                              9.671826   data required time
                                             -3.274615   data arrival time
---------------------------------------------------------------------------------------------
                                              6.397211   slack (MET)


Startpoint: wr_en (input port clocked by wr_clk)
Endpoint: _1504_ (rising edge-triggered flip-flop clocked by wr_clk)
Path Group: wr_clk
Path Type: max

Fanout         Cap        Slew       Delay        Time   Description
---------------------------------------------------------------------------------------------
                      0.150000    0.000000    0.000000   clock wr_clk (rise edge)
                                  0.000000    0.000000   clock network delay (ideal)
                                  2.000000    2.000000 ^ input external delay
     1    0.002476    0.018986    0.009156    2.009156 ^ wr_en (in)
                                                         wr_en (net)
                      0.018986    0.000000    2.009156 ^ _0807_/B_N (sky130_fd_sc_hd__nor2b_4)
     4    0.014234    0.119513    0.157281    2.166437 ^ _0807_/Y (sky130_fd_sc_hd__nor2b_4)
                                                         _0293_ (net)
                      0.119513    0.000000    2.166437 ^ _0809_/A (sky130_fd_sc_hd__nand2_4)
     7    0.029950    0.082146    0.098642    2.265078 v _0809_/Y (sky130_fd_sc_hd__nand2_4)
                                                         _0295_ (net)
                      0.082146    0.000000    2.265078 v _1312_/B (sky130_fd_sc_hd__or3b_2)
     1    0.002015    0.072231    0.437122    2.702200 v _1312_/X (sky130_fd_sc_hd__or3b_2)
                                                         _0650_ (net)
                      0.072231    0.000000    2.702200 v _1313_/A (sky130_fd_sc_hd__buf_1)
     8    0.024624    0.145173    0.193920    2.896120 v _1313_/X (sky130_fd_sc_hd__buf_1)
                                                         _0651_ (net)
                      0.145173    0.000000    2.896120 v _1322_/S (sky130_fd_sc_hd__mux2_2)
     1    0.002015    0.045546    0.296965    3.193085 v _1322_/X (sky130_fd_sc_hd__mux2_2)
                                                         _0138_ (net)
                      0.045546    0.000000    3.193085 v _1323_/A (sky130_fd_sc_hd__buf_1)
     1    0.001681    0.021562    0.081530    3.274615 v _1323_/X (sky130_fd_sc_hd__buf_1)
                                                         _0132_ (net)
                      0.021562    0.000000    3.274615 v _1504_/D (sky130_fd_sc_hd__dfxtp_2)
                                              3.274615   data arrival time

                      0.150000   10.000000   10.000000   clock wr_clk (rise edge)
                                  0.000000   10.000000   clock network delay (ideal)
                                 -0.250000    9.750000   clock uncertainty
                                  0.000000    9.750000   clock reconvergence pessimism
                                              9.750000 ^ _1504_/CLK (sky130_fd_sc_hd__dfxtp_2)
                                 -0.078174    9.671826   library setup time
                                              9.671826   data required time
---------------------------------------------------------------------------------------------
                                              9.671826   data required time
                                             -3.274615   data arrival time
---------------------------------------------------------------------------------------------
                                              6.397211   slack (MET)


Startpoint: wr_en (input port clocked by wr_clk)
Endpoint: _1505_ (rising edge-triggered flip-flop clocked by wr_clk)
Path Group: wr_clk
Path Type: max

Fanout         Cap        Slew       Delay        Time   Description
---------------------------------------------------------------------------------------------
                      0.150000    0.000000    0.000000   clock wr_clk (rise edge)
                                  0.000000    0.000000   clock network delay (ideal)
                                  2.000000    2.000000 ^ input external delay
     1    0.002476    0.018986    0.009156    2.009156 ^ wr_en (in)
                                                         wr_en (net)
                      0.018986    0.000000    2.009156 ^ _0807_/B_N (sky130_fd_sc_hd__nor2b_4)
     4    0.014234    0.119513    0.157281    2.166437 ^ _0807_/Y (sky130_fd_sc_hd__nor2b_4)
                                                         _0293_ (net)
                      0.119513    0.000000    2.166437 ^ _0809_/A (sky130_fd_sc_hd__nand2_4)
     7    0.029950    0.082146    0.098642    2.265078 v _0809_/Y (sky130_fd_sc_hd__nand2_4)
                                                         _0295_ (net)
                      0.082146    0.000000    2.265078 v _1312_/B (sky130_fd_sc_hd__or3b_2)
     1    0.002015    0.072231    0.437122    2.702200 v _1312_/X (sky130_fd_sc_hd__or3b_2)
                                                         _0650_ (net)
                      0.072231    0.000000    2.702200 v _1313_/A (sky130_fd_sc_hd__buf_1)
     8    0.024624    0.145173    0.193920    2.896120 v _1313_/X (sky130_fd_sc_hd__buf_1)
                                                         _0651_ (net)
                      0.145173    0.000000    2.896120 v _1324_/S (sky130_fd_sc_hd__mux2_2)
     1    0.002015    0.045546    0.296965    3.193085 v _1324_/X (sky130_fd_sc_hd__mux2_2)
                                                         _0139_ (net)
                      0.045546    0.000000    3.193085 v _1325_/A (sky130_fd_sc_hd__buf_1)
     1    0.001681    0.021562    0.081530    3.274615 v _1325_/X (sky130_fd_sc_hd__buf_1)
                                                         _0133_ (net)
                      0.021562    0.000000    3.274615 v _1505_/D (sky130_fd_sc_hd__dfxtp_2)
                                              3.274615   data arrival time

                      0.150000   10.000000   10.000000   clock wr_clk (rise edge)
                                  0.000000   10.000000   clock network delay (ideal)
                                 -0.250000    9.750000   clock uncertainty
                                  0.000000    9.750000   clock reconvergence pessimism
                                              9.750000 ^ _1505_/CLK (sky130_fd_sc_hd__dfxtp_2)
                                 -0.078174    9.671826   library setup time
                                              9.671826   data required time
---------------------------------------------------------------------------------------------
                                              9.671826   data required time
                                             -3.274615   data arrival time
---------------------------------------------------------------------------------------------
                                              6.397211   slack (MET)


Startpoint: wr_en (input port clocked by wr_clk)
Endpoint: _1506_ (rising edge-triggered flip-flop clocked by wr_clk)
Path Group: wr_clk
Path Type: max

Fanout         Cap        Slew       Delay        Time   Description
---------------------------------------------------------------------------------------------
                      0.150000    0.000000    0.000000   clock wr_clk (rise edge)
                                  0.000000    0.000000   clock network delay (ideal)
                                  2.000000    2.000000 ^ input external delay
     1    0.002476    0.018986    0.009156    2.009156 ^ wr_en (in)
                                                         wr_en (net)
                      0.018986    0.000000    2.009156 ^ _0807_/B_N (sky130_fd_sc_hd__nor2b_4)
     4    0.014234    0.119513    0.157281    2.166437 ^ _0807_/Y (sky130_fd_sc_hd__nor2b_4)
                                                         _0293_ (net)
                      0.119513    0.000000    2.166437 ^ _0809_/A (sky130_fd_sc_hd__nand2_4)
     7    0.029950    0.082146    0.098642    2.265078 v _0809_/Y (sky130_fd_sc_hd__nand2_4)
                                                         _0295_ (net)
                      0.082146    0.000000    2.265078 v _1312_/B (sky130_fd_sc_hd__or3b_2)
     1    0.002015    0.072231    0.437122    2.702200 v _1312_/X (sky130_fd_sc_hd__or3b_2)
                                                         _0650_ (net)
                      0.072231    0.000000    2.702200 v _1313_/A (sky130_fd_sc_hd__buf_1)
     8    0.024624    0.145173    0.193920    2.896120 v _1313_/X (sky130_fd_sc_hd__buf_1)
                                                         _0651_ (net)
                      0.145173    0.000000    2.896120 v _1326_/S (sky130_fd_sc_hd__mux2_2)
     1    0.002015    0.045546    0.296965    3.193085 v _1326_/X (sky130_fd_sc_hd__mux2_2)
                                                         _0140_ (net)
                      0.045546    0.000000    3.193085 v _1327_/A (sky130_fd_sc_hd__buf_1)
     1    0.001681    0.021562    0.081530    3.274615 v _1327_/X (sky130_fd_sc_hd__buf_1)
                                                         _0134_ (net)
                      0.021562    0.000000    3.274615 v _1506_/D (sky130_fd_sc_hd__dfxtp_2)
                                              3.274615   data arrival time

                      0.150000   10.000000   10.000000   clock wr_clk (rise edge)
                                  0.000000   10.000000   clock network delay (ideal)
                                 -0.250000    9.750000   clock uncertainty
                                  0.000000    9.750000   clock reconvergence pessimism
                                              9.750000 ^ _1506_/CLK (sky130_fd_sc_hd__dfxtp_2)
                                 -0.078174    9.671826   library setup time
                                              9.671826   data required time
---------------------------------------------------------------------------------------------
                                              9.671826   data required time
                                             -3.274615   data arrival time
---------------------------------------------------------------------------------------------
                                              6.397211   slack (MET)


Startpoint: wr_en (input port clocked by wr_clk)
Endpoint: _1507_ (rising edge-triggered flip-flop clocked by wr_clk)
Path Group: wr_clk
Path Type: max

Fanout         Cap        Slew       Delay        Time   Description
---------------------------------------------------------------------------------------------
                      0.150000    0.000000    0.000000   clock wr_clk (rise edge)
                                  0.000000    0.000000   clock network delay (ideal)
                                  2.000000    2.000000 ^ input external delay
     1    0.002476    0.018986    0.009156    2.009156 ^ wr_en (in)
                                                         wr_en (net)
                      0.018986    0.000000    2.009156 ^ _0807_/B_N (sky130_fd_sc_hd__nor2b_4)
     4    0.014234    0.119513    0.157281    2.166437 ^ _0807_/Y (sky130_fd_sc_hd__nor2b_4)
                                                         _0293_ (net)
                      0.119513    0.000000    2.166437 ^ _0809_/A (sky130_fd_sc_hd__nand2_4)
     7    0.029950    0.082146    0.098642    2.265078 v _0809_/Y (sky130_fd_sc_hd__nand2_4)
                                                         _0295_ (net)
                      0.082146    0.000000    2.265078 v _1312_/B (sky130_fd_sc_hd__or3b_2)
     1    0.002015    0.072231    0.437122    2.702200 v _1312_/X (sky130_fd_sc_hd__or3b_2)
                                                         _0650_ (net)
                      0.072231    0.000000    2.702200 v _1313_/A (sky130_fd_sc_hd__buf_1)
     8    0.024624    0.145173    0.193920    2.896120 v _1313_/X (sky130_fd_sc_hd__buf_1)
                                                         _0651_ (net)
                      0.145173    0.000000    2.896120 v _1328_/S (sky130_fd_sc_hd__mux2_2)
     1    0.002015    0.045546    0.296965    3.193085 v _1328_/X (sky130_fd_sc_hd__mux2_2)
                                                         _0141_ (net)
                      0.045546    0.000000    3.193085 v _1329_/A (sky130_fd_sc_hd__buf_1)
     1    0.001681    0.021562    0.081530    3.274615 v _1329_/X (sky130_fd_sc_hd__buf_1)
                                                         _0135_ (net)
                      0.021562    0.000000    3.274615 v _1507_/D (sky130_fd_sc_hd__dfxtp_2)
                                              3.274615   data arrival time

                      0.150000   10.000000   10.000000   clock wr_clk (rise edge)
                                  0.000000   10.000000   clock network delay (ideal)
                                 -0.250000    9.750000   clock uncertainty
                                  0.000000    9.750000   clock reconvergence pessimism
                                              9.750000 ^ _1507_/CLK (sky130_fd_sc_hd__dfxtp_2)
                                 -0.078174    9.671826   library setup time
                                              9.671826   data required time
---------------------------------------------------------------------------------------------
                                              9.671826   data required time
                                             -3.274615   data arrival time
---------------------------------------------------------------------------------------------
                                              6.397211   slack (MET)


Startpoint: wr_en (input port clocked by wr_clk)
Endpoint: _1402_ (rising edge-triggered flip-flop clocked by wr_clk)
Path Group: wr_clk
Path Type: max

Fanout         Cap        Slew       Delay        Time   Description
---------------------------------------------------------------------------------------------
                      0.150000    0.000000    0.000000   clock wr_clk (rise edge)
                                  0.000000    0.000000   clock network delay (ideal)
                                  2.000000    2.000000 ^ input external delay
     1    0.002476    0.018986    0.009156    2.009156 ^ wr_en (in)
                                                         wr_en (net)
                      0.018986    0.000000    2.009156 ^ _0807_/B_N (sky130_fd_sc_hd__nor2b_4)
     4    0.014234    0.119513    0.157281    2.166437 ^ _0807_/Y (sky130_fd_sc_hd__nor2b_4)
                                                         _0293_ (net)
                      0.119513    0.000000    2.166437 ^ _0809_/A (sky130_fd_sc_hd__nand2_4)
     7    0.029950    0.082146    0.098642    2.265078 v _0809_/Y (sky130_fd_sc_hd__nand2_4)
                                                         _0295_ (net)
                      0.082146    0.000000    2.265078 v _0812_/B (sky130_fd_sc_hd__nor2_8)
     6    0.024582    0.125555    0.133385    2.398463 ^ _0812_/Y (sky130_fd_sc_hd__nor2_8)
                                                         _0297_ (net)
                      0.125555    0.000000    2.398463 ^ _0817_/A (sky130_fd_sc_hd__nand2_2)
     3    0.007166    0.058150    0.070903    2.469367 v _0817_/Y (sky130_fd_sc_hd__nand2_2)
                                                         _0301_ (net)
                      0.058150    0.000000    2.469367 v _1191_/B (sky130_fd_sc_hd__or2_2)
     1    0.001647    0.050079    0.263515    2.732882 v _1191_/X (sky130_fd_sc_hd__or2_2)
                                                         _0585_ (net)
                      0.050079    0.000000    2.732882 v _1192_/A (sky130_fd_sc_hd__buf_2)
     8    0.024624    0.069670    0.164788    2.897670 v _1192_/X (sky130_fd_sc_hd__buf_2)
                                                         _0586_ (net)
                      0.069670    0.000000    2.897670 v _1193_/S (sky130_fd_sc_hd__mux2_2)
     1    0.002015    0.045537    0.267825    3.165495 v _1193_/X (sky130_fd_sc_hd__mux2_2)
                                                         _0587_ (net)
                      0.045537    0.000000    3.165495 v _1194_/A (sky130_fd_sc_hd__buf_1)
     1    0.001681    0.021562    0.081526    3.247021 v _1194_/X (sky130_fd_sc_hd__buf_1)
                                                         _0072_ (net)
                      0.021562    0.000000    3.247021 v _1402_/D (sky130_fd_sc_hd__dfxtp_2)
                                              3.247021   data arrival time

                      0.150000   10.000000   10.000000   clock wr_clk (rise edge)
                                  0.000000   10.000000   clock network delay (ideal)
                                 -0.250000    9.750000   clock uncertainty
                                  0.000000    9.750000   clock reconvergence pessimism
                                              9.750000 ^ _1402_/CLK (sky130_fd_sc_hd__dfxtp_2)
                                 -0.078174    9.671826   library setup time
                                              9.671826   data required time
---------------------------------------------------------------------------------------------
                                              9.671826   data required time
                                             -3.247021   data arrival time
---------------------------------------------------------------------------------------------
                                              6.424805   slack (MET)


Startpoint: wr_en (input port clocked by wr_clk)
Endpoint: _1403_ (rising edge-triggered flip-flop clocked by wr_clk)
Path Group: wr_clk
Path Type: max

Fanout         Cap        Slew       Delay        Time   Description
---------------------------------------------------------------------------------------------
                      0.150000    0.000000    0.000000   clock wr_clk (rise edge)
                                  0.000000    0.000000   clock network delay (ideal)
                                  2.000000    2.000000 ^ input external delay
     1    0.002476    0.018986    0.009156    2.009156 ^ wr_en (in)
                                                         wr_en (net)
                      0.018986    0.000000    2.009156 ^ _0807_/B_N (sky130_fd_sc_hd__nor2b_4)
     4    0.014234    0.119513    0.157281    2.166437 ^ _0807_/Y (sky130_fd_sc_hd__nor2b_4)
                                                         _0293_ (net)
                      0.119513    0.000000    2.166437 ^ _0809_/A (sky130_fd_sc_hd__nand2_4)
     7    0.029950    0.082146    0.098642    2.265078 v _0809_/Y (sky130_fd_sc_hd__nand2_4)
                                                         _0295_ (net)
                      0.082146    0.000000    2.265078 v _0812_/B (sky130_fd_sc_hd__nor2_8)
     6    0.024582    0.125555    0.133385    2.398463 ^ _0812_/Y (sky130_fd_sc_hd__nor2_8)
                                                         _0297_ (net)
                      0.125555    0.000000    2.398463 ^ _0817_/A (sky130_fd_sc_hd__nand2_2)
     3    0.007166    0.058150    0.070903    2.469367 v _0817_/Y (sky130_fd_sc_hd__nand2_2)
                                                         _0301_ (net)
                      0.058150    0.000000    2.469367 v _1191_/B (sky130_fd_sc_hd__or2_2)
     1    0.001647    0.050079    0.263515    2.732882 v _1191_/X (sky130_fd_sc_hd__or2_2)
                                                         _0585_ (net)
                      0.050079    0.000000    2.732882 v _1192_/A (sky130_fd_sc_hd__buf_2)
     8    0.024624    0.069670    0.164788    2.897670 v _1192_/X (sky130_fd_sc_hd__buf_2)
                                                         _0586_ (net)
                      0.069670    0.000000    2.897670 v _1195_/S (sky130_fd_sc_hd__mux2_2)
     1    0.002015    0.045537    0.267825    3.165495 v _1195_/X (sky130_fd_sc_hd__mux2_2)
                                                         _0588_ (net)
                      0.045537    0.000000    3.165495 v _1196_/A (sky130_fd_sc_hd__buf_1)
     1    0.001681    0.021562    0.081526    3.247021 v _1196_/X (sky130_fd_sc_hd__buf_1)
                                                         _0073_ (net)
                      0.021562    0.000000    3.247021 v _1403_/D (sky130_fd_sc_hd__dfxtp_2)
                                              3.247021   data arrival time

                      0.150000   10.000000   10.000000   clock wr_clk (rise edge)
                                  0.000000   10.000000   clock network delay (ideal)
                                 -0.250000    9.750000   clock uncertainty
                                  0.000000    9.750000   clock reconvergence pessimism
                                              9.750000 ^ _1403_/CLK (sky130_fd_sc_hd__dfxtp_2)
                                 -0.078174    9.671826   library setup time
                                              9.671826   data required time
---------------------------------------------------------------------------------------------
                                              9.671826   data required time
                                             -3.247021   data arrival time
---------------------------------------------------------------------------------------------
                                              6.424805   slack (MET)


Startpoint: wr_en (input port clocked by wr_clk)
Endpoint: _1404_ (rising edge-triggered flip-flop clocked by wr_clk)
Path Group: wr_clk
Path Type: max

Fanout         Cap        Slew       Delay        Time   Description
---------------------------------------------------------------------------------------------
                      0.150000    0.000000    0.000000   clock wr_clk (rise edge)
                                  0.000000    0.000000   clock network delay (ideal)
                                  2.000000    2.000000 ^ input external delay
     1    0.002476    0.018986    0.009156    2.009156 ^ wr_en (in)
                                                         wr_en (net)
                      0.018986    0.000000    2.009156 ^ _0807_/B_N (sky130_fd_sc_hd__nor2b_4)
     4    0.014234    0.119513    0.157281    2.166437 ^ _0807_/Y (sky130_fd_sc_hd__nor2b_4)
                                                         _0293_ (net)
                      0.119513    0.000000    2.166437 ^ _0809_/A (sky130_fd_sc_hd__nand2_4)
     7    0.029950    0.082146    0.098642    2.265078 v _0809_/Y (sky130_fd_sc_hd__nand2_4)
                                                         _0295_ (net)
                      0.082146    0.000000    2.265078 v _0812_/B (sky130_fd_sc_hd__nor2_8)
     6    0.024582    0.125555    0.133385    2.398463 ^ _0812_/Y (sky130_fd_sc_hd__nor2_8)
                                                         _0297_ (net)
                      0.125555    0.000000    2.398463 ^ _0817_/A (sky130_fd_sc_hd__nand2_2)
     3    0.007166    0.058150    0.070903    2.469367 v _0817_/Y (sky130_fd_sc_hd__nand2_2)
                                                         _0301_ (net)
                      0.058150    0.000000    2.469367 v _1191_/B (sky130_fd_sc_hd__or2_2)
     1    0.001647    0.050079    0.263515    2.732882 v _1191_/X (sky130_fd_sc_hd__or2_2)
                                                         _0585_ (net)
                      0.050079    0.000000    2.732882 v _1192_/A (sky130_fd_sc_hd__buf_2)
     8    0.024624    0.069670    0.164788    2.897670 v _1192_/X (sky130_fd_sc_hd__buf_2)
                                                         _0586_ (net)
                      0.069670    0.000000    2.897670 v _1197_/S (sky130_fd_sc_hd__mux2_2)
     1    0.002015    0.045537    0.267825    3.165495 v _1197_/X (sky130_fd_sc_hd__mux2_2)
                                                         _0589_ (net)
                      0.045537    0.000000    3.165495 v _1198_/A (sky130_fd_sc_hd__buf_1)
     1    0.001681    0.021562    0.081526    3.247021 v _1198_/X (sky130_fd_sc_hd__buf_1)
                                                         _0074_ (net)
                      0.021562    0.000000    3.247021 v _1404_/D (sky130_fd_sc_hd__dfxtp_2)
                                              3.247021   data arrival time

                      0.150000   10.000000   10.000000   clock wr_clk (rise edge)
                                  0.000000   10.000000   clock network delay (ideal)
                                 -0.250000    9.750000   clock uncertainty
                                  0.000000    9.750000   clock reconvergence pessimism
                                              9.750000 ^ _1404_/CLK (sky130_fd_sc_hd__dfxtp_2)
                                 -0.078174    9.671826   library setup time
                                              9.671826   data required time
---------------------------------------------------------------------------------------------
                                              9.671826   data required time
                                             -3.247021   data arrival time
---------------------------------------------------------------------------------------------
                                              6.424805   slack (MET)


Startpoint: wr_en (input port clocked by wr_clk)
Endpoint: _1405_ (rising edge-triggered flip-flop clocked by wr_clk)
Path Group: wr_clk
Path Type: max

Fanout         Cap        Slew       Delay        Time   Description
---------------------------------------------------------------------------------------------
                      0.150000    0.000000    0.000000   clock wr_clk (rise edge)
                                  0.000000    0.000000   clock network delay (ideal)
                                  2.000000    2.000000 ^ input external delay
     1    0.002476    0.018986    0.009156    2.009156 ^ wr_en (in)
                                                         wr_en (net)
                      0.018986    0.000000    2.009156 ^ _0807_/B_N (sky130_fd_sc_hd__nor2b_4)
     4    0.014234    0.119513    0.157281    2.166437 ^ _0807_/Y (sky130_fd_sc_hd__nor2b_4)
                                                         _0293_ (net)
                      0.119513    0.000000    2.166437 ^ _0809_/A (sky130_fd_sc_hd__nand2_4)
     7    0.029950    0.082146    0.098642    2.265078 v _0809_/Y (sky130_fd_sc_hd__nand2_4)
                                                         _0295_ (net)
                      0.082146    0.000000    2.265078 v _0812_/B (sky130_fd_sc_hd__nor2_8)
     6    0.024582    0.125555    0.133385    2.398463 ^ _0812_/Y (sky130_fd_sc_hd__nor2_8)
                                                         _0297_ (net)
                      0.125555    0.000000    2.398463 ^ _0817_/A (sky130_fd_sc_hd__nand2_2)
     3    0.007166    0.058150    0.070903    2.469367 v _0817_/Y (sky130_fd_sc_hd__nand2_2)
                                                         _0301_ (net)
                      0.058150    0.000000    2.469367 v _1191_/B (sky130_fd_sc_hd__or2_2)
     1    0.001647    0.050079    0.263515    2.732882 v _1191_/X (sky130_fd_sc_hd__or2_2)
                                                         _0585_ (net)
                      0.050079    0.000000    2.732882 v _1192_/A (sky130_fd_sc_hd__buf_2)
     8    0.024624    0.069670    0.164788    2.897670 v _1192_/X (sky130_fd_sc_hd__buf_2)
                                                         _0586_ (net)
                      0.069670    0.000000    2.897670 v _1199_/S (sky130_fd_sc_hd__mux2_2)
     1    0.002015    0.045537    0.267825    3.165495 v _1199_/X (sky130_fd_sc_hd__mux2_2)
                                                         _0590_ (net)
                      0.045537    0.000000    3.165495 v _1200_/A (sky130_fd_sc_hd__buf_1)
     1    0.001681    0.021562    0.081526    3.247021 v _1200_/X (sky130_fd_sc_hd__buf_1)
                                                         _0075_ (net)
                      0.021562    0.000000    3.247021 v _1405_/D (sky130_fd_sc_hd__dfxtp_2)
                                              3.247021   data arrival time

                      0.150000   10.000000   10.000000   clock wr_clk (rise edge)
                                  0.000000   10.000000   clock network delay (ideal)
                                 -0.250000    9.750000   clock uncertainty
                                  0.000000    9.750000   clock reconvergence pessimism
                                              9.750000 ^ _1405_/CLK (sky130_fd_sc_hd__dfxtp_2)
                                 -0.078174    9.671826   library setup time
                                              9.671826   data required time
---------------------------------------------------------------------------------------------
                                              9.671826   data required time
                                             -3.247021   data arrival time
---------------------------------------------------------------------------------------------
                                              6.424805   slack (MET)


Startpoint: wr_en (input port clocked by wr_clk)
Endpoint: _1406_ (rising edge-triggered flip-flop clocked by wr_clk)
Path Group: wr_clk
Path Type: max

Fanout         Cap        Slew       Delay        Time   Description
---------------------------------------------------------------------------------------------
                      0.150000    0.000000    0.000000   clock wr_clk (rise edge)
                                  0.000000    0.000000   clock network delay (ideal)
                                  2.000000    2.000000 ^ input external delay
     1    0.002476    0.018986    0.009156    2.009156 ^ wr_en (in)
                                                         wr_en (net)
                      0.018986    0.000000    2.009156 ^ _0807_/B_N (sky130_fd_sc_hd__nor2b_4)
     4    0.014234    0.119513    0.157281    2.166437 ^ _0807_/Y (sky130_fd_sc_hd__nor2b_4)
                                                         _0293_ (net)
                      0.119513    0.000000    2.166437 ^ _0809_/A (sky130_fd_sc_hd__nand2_4)
     7    0.029950    0.082146    0.098642    2.265078 v _0809_/Y (sky130_fd_sc_hd__nand2_4)
                                                         _0295_ (net)
                      0.082146    0.000000    2.265078 v _0812_/B (sky130_fd_sc_hd__nor2_8)
     6    0.024582    0.125555    0.133385    2.398463 ^ _0812_/Y (sky130_fd_sc_hd__nor2_8)
                                                         _0297_ (net)
                      0.125555    0.000000    2.398463 ^ _0817_/A (sky130_fd_sc_hd__nand2_2)
     3    0.007166    0.058150    0.070903    2.469367 v _0817_/Y (sky130_fd_sc_hd__nand2_2)
                                                         _0301_ (net)
                      0.058150    0.000000    2.469367 v _1191_/B (sky130_fd_sc_hd__or2_2)
     1    0.001647    0.050079    0.263515    2.732882 v _1191_/X (sky130_fd_sc_hd__or2_2)
                                                         _0585_ (net)
                      0.050079    0.000000    2.732882 v _1192_/A (sky130_fd_sc_hd__buf_2)
     8    0.024624    0.069670    0.164788    2.897670 v _1192_/X (sky130_fd_sc_hd__buf_2)
                                                         _0586_ (net)
                      0.069670    0.000000    2.897670 v _1201_/S (sky130_fd_sc_hd__mux2_2)
     1    0.002015    0.045537    0.267825    3.165495 v _1201_/X (sky130_fd_sc_hd__mux2_2)
                                                         _0591_ (net)
                      0.045537    0.000000    3.165495 v _1202_/A (sky130_fd_sc_hd__buf_1)
     1    0.001681    0.021562    0.081526    3.247021 v _1202_/X (sky130_fd_sc_hd__buf_1)
                                                         _0076_ (net)
                      0.021562    0.000000    3.247021 v _1406_/D (sky130_fd_sc_hd__dfxtp_2)
                                              3.247021   data arrival time

                      0.150000   10.000000   10.000000   clock wr_clk (rise edge)
                                  0.000000   10.000000   clock network delay (ideal)
                                 -0.250000    9.750000   clock uncertainty
                                  0.000000    9.750000   clock reconvergence pessimism
                                              9.750000 ^ _1406_/CLK (sky130_fd_sc_hd__dfxtp_2)
                                 -0.078174    9.671826   library setup time
                                              9.671826   data required time
---------------------------------------------------------------------------------------------
                                              9.671826   data required time
                                             -3.247021   data arrival time
---------------------------------------------------------------------------------------------
                                              6.424805   slack (MET)


Startpoint: wr_en (input port clocked by wr_clk)
Endpoint: _1407_ (rising edge-triggered flip-flop clocked by wr_clk)
Path Group: wr_clk
Path Type: max

Fanout         Cap        Slew       Delay        Time   Description
---------------------------------------------------------------------------------------------
                      0.150000    0.000000    0.000000   clock wr_clk (rise edge)
                                  0.000000    0.000000   clock network delay (ideal)
                                  2.000000    2.000000 ^ input external delay
     1    0.002476    0.018986    0.009156    2.009156 ^ wr_en (in)
                                                         wr_en (net)
                      0.018986    0.000000    2.009156 ^ _0807_/B_N (sky130_fd_sc_hd__nor2b_4)
     4    0.014234    0.119513    0.157281    2.166437 ^ _0807_/Y (sky130_fd_sc_hd__nor2b_4)
                                                         _0293_ (net)
                      0.119513    0.000000    2.166437 ^ _0809_/A (sky130_fd_sc_hd__nand2_4)
     7    0.029950    0.082146    0.098642    2.265078 v _0809_/Y (sky130_fd_sc_hd__nand2_4)
                                                         _0295_ (net)
                      0.082146    0.000000    2.265078 v _0812_/B (sky130_fd_sc_hd__nor2_8)
     6    0.024582    0.125555    0.133385    2.398463 ^ _0812_/Y (sky130_fd_sc_hd__nor2_8)
                                                         _0297_ (net)
                      0.125555    0.000000    2.398463 ^ _0817_/A (sky130_fd_sc_hd__nand2_2)
     3    0.007166    0.058150    0.070903    2.469367 v _0817_/Y (sky130_fd_sc_hd__nand2_2)
                                                         _0301_ (net)
                      0.058150    0.000000    2.469367 v _1191_/B (sky130_fd_sc_hd__or2_2)
     1    0.001647    0.050079    0.263515    2.732882 v _1191_/X (sky130_fd_sc_hd__or2_2)
                                                         _0585_ (net)
                      0.050079    0.000000    2.732882 v _1192_/A (sky130_fd_sc_hd__buf_2)
     8    0.024624    0.069670    0.164788    2.897670 v _1192_/X (sky130_fd_sc_hd__buf_2)
                                                         _0586_ (net)
                      0.069670    0.000000    2.897670 v _1203_/S (sky130_fd_sc_hd__mux2_2)
     1    0.002015    0.045537    0.267825    3.165495 v _1203_/X (sky130_fd_sc_hd__mux2_2)
                                                         _0592_ (net)
                      0.045537    0.000000    3.165495 v _1204_/A (sky130_fd_sc_hd__buf_1)
     1    0.001681    0.021562    0.081526    3.247021 v _1204_/X (sky130_fd_sc_hd__buf_1)
                                                         _0077_ (net)
                      0.021562    0.000000    3.247021 v _1407_/D (sky130_fd_sc_hd__dfxtp_2)
                                              3.247021   data arrival time

                      0.150000   10.000000   10.000000   clock wr_clk (rise edge)
                                  0.000000   10.000000   clock network delay (ideal)
                                 -0.250000    9.750000   clock uncertainty
                                  0.000000    9.750000   clock reconvergence pessimism
                                              9.750000 ^ _1407_/CLK (sky130_fd_sc_hd__dfxtp_2)
                                 -0.078174    9.671826   library setup time
                                              9.671826   data required time
---------------------------------------------------------------------------------------------
                                              9.671826   data required time
                                             -3.247021   data arrival time
---------------------------------------------------------------------------------------------
                                              6.424805   slack (MET)


Startpoint: wr_en (input port clocked by wr_clk)
Endpoint: _1408_ (rising edge-triggered flip-flop clocked by wr_clk)
Path Group: wr_clk
Path Type: max

Fanout         Cap        Slew       Delay        Time   Description
---------------------------------------------------------------------------------------------
                      0.150000    0.000000    0.000000   clock wr_clk (rise edge)
                                  0.000000    0.000000   clock network delay (ideal)
                                  2.000000    2.000000 ^ input external delay
     1    0.002476    0.018986    0.009156    2.009156 ^ wr_en (in)
                                                         wr_en (net)
                      0.018986    0.000000    2.009156 ^ _0807_/B_N (sky130_fd_sc_hd__nor2b_4)
     4    0.014234    0.119513    0.157281    2.166437 ^ _0807_/Y (sky130_fd_sc_hd__nor2b_4)
                                                         _0293_ (net)
                      0.119513    0.000000    2.166437 ^ _0809_/A (sky130_fd_sc_hd__nand2_4)
     7    0.029950    0.082146    0.098642    2.265078 v _0809_/Y (sky130_fd_sc_hd__nand2_4)
                                                         _0295_ (net)
                      0.082146    0.000000    2.265078 v _0812_/B (sky130_fd_sc_hd__nor2_8)
     6    0.024582    0.125555    0.133385    2.398463 ^ _0812_/Y (sky130_fd_sc_hd__nor2_8)
                                                         _0297_ (net)
                      0.125555    0.000000    2.398463 ^ _0817_/A (sky130_fd_sc_hd__nand2_2)
     3    0.007166    0.058150    0.070903    2.469367 v _0817_/Y (sky130_fd_sc_hd__nand2_2)
                                                         _0301_ (net)
                      0.058150    0.000000    2.469367 v _1191_/B (sky130_fd_sc_hd__or2_2)
     1    0.001647    0.050079    0.263515    2.732882 v _1191_/X (sky130_fd_sc_hd__or2_2)
                                                         _0585_ (net)
                      0.050079    0.000000    2.732882 v _1192_/A (sky130_fd_sc_hd__buf_2)
     8    0.024624    0.069670    0.164788    2.897670 v _1192_/X (sky130_fd_sc_hd__buf_2)
                                                         _0586_ (net)
                      0.069670    0.000000    2.897670 v _1205_/S (sky130_fd_sc_hd__mux2_2)
     1    0.002015    0.045537    0.267825    3.165495 v _1205_/X (sky130_fd_sc_hd__mux2_2)
                                                         _0593_ (net)
                      0.045537    0.000000    3.165495 v _1206_/A (sky130_fd_sc_hd__buf_1)
     1    0.001681    0.021562    0.081526    3.247021 v _1206_/X (sky130_fd_sc_hd__buf_1)
                                                         _0078_ (net)
                      0.021562    0.000000    3.247021 v _1408_/D (sky130_fd_sc_hd__dfxtp_2)
                                              3.247021   data arrival time

                      0.150000   10.000000   10.000000   clock wr_clk (rise edge)
                                  0.000000   10.000000   clock network delay (ideal)
                                 -0.250000    9.750000   clock uncertainty
                                  0.000000    9.750000   clock reconvergence pessimism
                                              9.750000 ^ _1408_/CLK (sky130_fd_sc_hd__dfxtp_2)
                                 -0.078174    9.671826   library setup time
                                              9.671826   data required time
---------------------------------------------------------------------------------------------
                                              9.671826   data required time
                                             -3.247021   data arrival time
---------------------------------------------------------------------------------------------
                                              6.424805   slack (MET)


Startpoint: wr_en (input port clocked by wr_clk)
Endpoint: _1409_ (rising edge-triggered flip-flop clocked by wr_clk)
Path Group: wr_clk
Path Type: max

Fanout         Cap        Slew       Delay        Time   Description
---------------------------------------------------------------------------------------------
                      0.150000    0.000000    0.000000   clock wr_clk (rise edge)
                                  0.000000    0.000000   clock network delay (ideal)
                                  2.000000    2.000000 ^ input external delay
     1    0.002476    0.018986    0.009156    2.009156 ^ wr_en (in)
                                                         wr_en (net)
                      0.018986    0.000000    2.009156 ^ _0807_/B_N (sky130_fd_sc_hd__nor2b_4)
     4    0.014234    0.119513    0.157281    2.166437 ^ _0807_/Y (sky130_fd_sc_hd__nor2b_4)
                                                         _0293_ (net)
                      0.119513    0.000000    2.166437 ^ _0809_/A (sky130_fd_sc_hd__nand2_4)
     7    0.029950    0.082146    0.098642    2.265078 v _0809_/Y (sky130_fd_sc_hd__nand2_4)
                                                         _0295_ (net)
                      0.082146    0.000000    2.265078 v _0812_/B (sky130_fd_sc_hd__nor2_8)
     6    0.024582    0.125555    0.133385    2.398463 ^ _0812_/Y (sky130_fd_sc_hd__nor2_8)
                                                         _0297_ (net)
                      0.125555    0.000000    2.398463 ^ _0817_/A (sky130_fd_sc_hd__nand2_2)
     3    0.007166    0.058150    0.070903    2.469367 v _0817_/Y (sky130_fd_sc_hd__nand2_2)
                                                         _0301_ (net)
                      0.058150    0.000000    2.469367 v _1191_/B (sky130_fd_sc_hd__or2_2)
     1    0.001647    0.050079    0.263515    2.732882 v _1191_/X (sky130_fd_sc_hd__or2_2)
                                                         _0585_ (net)
                      0.050079    0.000000    2.732882 v _1192_/A (sky130_fd_sc_hd__buf_2)
     8    0.024624    0.069670    0.164788    2.897670 v _1192_/X (sky130_fd_sc_hd__buf_2)
                                                         _0586_ (net)
                      0.069670    0.000000    2.897670 v _1207_/S (sky130_fd_sc_hd__mux2_2)
     1    0.002015    0.045537    0.267825    3.165495 v _1207_/X (sky130_fd_sc_hd__mux2_2)
                                                         _0594_ (net)
                      0.045537    0.000000    3.165495 v _1208_/A (sky130_fd_sc_hd__buf_1)
     1    0.001681    0.021562    0.081526    3.247021 v _1208_/X (sky130_fd_sc_hd__buf_1)
                                                         _0079_ (net)
                      0.021562    0.000000    3.247021 v _1409_/D (sky130_fd_sc_hd__dfxtp_2)
                                              3.247021   data arrival time

                      0.150000   10.000000   10.000000   clock wr_clk (rise edge)
                                  0.000000   10.000000   clock network delay (ideal)
                                 -0.250000    9.750000   clock uncertainty
                                  0.000000    9.750000   clock reconvergence pessimism
                                              9.750000 ^ _1409_/CLK (sky130_fd_sc_hd__dfxtp_2)
                                 -0.078174    9.671826   library setup time
                                              9.671826   data required time
---------------------------------------------------------------------------------------------
                                              9.671826   data required time
                                             -3.247021   data arrival time
---------------------------------------------------------------------------------------------
                                              6.424805   slack (MET)


Startpoint: wr_en (input port clocked by wr_clk)
Endpoint: _1346_ (rising edge-triggered flip-flop clocked by wr_clk)
Path Group: wr_clk
Path Type: max

Fanout         Cap        Slew       Delay        Time   Description
---------------------------------------------------------------------------------------------
                      0.150000    0.000000    0.000000   clock wr_clk (rise edge)
                                  0.000000    0.000000   clock network delay (ideal)
                                  2.000000    2.000000 ^ input external delay
     1    0.002476    0.018986    0.009156    2.009156 ^ wr_en (in)
                                                         wr_en (net)
                      0.018986    0.000000    2.009156 ^ _0807_/B_N (sky130_fd_sc_hd__nor2b_4)
     4    0.014234    0.119513    0.157281    2.166437 ^ _0807_/Y (sky130_fd_sc_hd__nor2b_4)
                                                         _0293_ (net)
                      0.119513    0.000000    2.166437 ^ _0809_/A (sky130_fd_sc_hd__nand2_4)
     7    0.029950    0.082146    0.098642    2.265078 v _0809_/Y (sky130_fd_sc_hd__nand2_4)
                                                         _0295_ (net)
                      0.082146    0.000000    2.265078 v _1067_/C (sky130_fd_sc_hd__or3_2)
     1    0.002015    0.072306    0.405826    2.670904 v _1067_/X (sky130_fd_sc_hd__or3_2)
                                                         _0517_ (net)
                      0.072306    0.000000    2.670904 v _1068_/A (sky130_fd_sc_hd__buf_1)
     8    0.024624    0.145172    0.193954    2.864858 v _1068_/X (sky130_fd_sc_hd__buf_1)
                                                         _0518_ (net)
                      0.145172    0.000000    2.864858 v _1069_/S (sky130_fd_sc_hd__mux2_2)
     1    0.002015    0.045546    0.296964    3.161823 v _1069_/X (sky130_fd_sc_hd__mux2_2)
                                                         _0519_ (net)
                      0.045546    0.000000    3.161823 v _1070_/A (sky130_fd_sc_hd__buf_1)
     1    0.001681    0.021562    0.081530    3.243353 v _1070_/X (sky130_fd_sc_hd__buf_1)
                                                         _0016_ (net)
                      0.021562    0.000000    3.243353 v _1346_/D (sky130_fd_sc_hd__dfxtp_2)
                                              3.243353   data arrival time

                      0.150000   10.000000   10.000000   clock wr_clk (rise edge)
                                  0.000000   10.000000   clock network delay (ideal)
                                 -0.250000    9.750000   clock uncertainty
                                  0.000000    9.750000   clock reconvergence pessimism
                                              9.750000 ^ _1346_/CLK (sky130_fd_sc_hd__dfxtp_2)
                                 -0.078174    9.671826   library setup time
                                              9.671826   data required time
---------------------------------------------------------------------------------------------
                                              9.671826   data required time
                                             -3.243353   data arrival time
---------------------------------------------------------------------------------------------
                                              6.428473   slack (MET)


Startpoint: wr_en (input port clocked by wr_clk)
Endpoint: _1347_ (rising edge-triggered flip-flop clocked by wr_clk)
Path Group: wr_clk
Path Type: max

Fanout         Cap        Slew       Delay        Time   Description
---------------------------------------------------------------------------------------------
                      0.150000    0.000000    0.000000   clock wr_clk (rise edge)
                                  0.000000    0.000000   clock network delay (ideal)
                                  2.000000    2.000000 ^ input external delay
     1    0.002476    0.018986    0.009156    2.009156 ^ wr_en (in)
                                                         wr_en (net)
                      0.018986    0.000000    2.009156 ^ _0807_/B_N (sky130_fd_sc_hd__nor2b_4)
     4    0.014234    0.119513    0.157281    2.166437 ^ _0807_/Y (sky130_fd_sc_hd__nor2b_4)
                                                         _0293_ (net)
                      0.119513    0.000000    2.166437 ^ _0809_/A (sky130_fd_sc_hd__nand2_4)
     7    0.029950    0.082146    0.098642    2.265078 v _0809_/Y (sky130_fd_sc_hd__nand2_4)
                                                         _0295_ (net)
                      0.082146    0.000000    2.265078 v _1067_/C (sky130_fd_sc_hd__or3_2)
     1    0.002015    0.072306    0.405826    2.670904 v _1067_/X (sky130_fd_sc_hd__or3_2)
                                                         _0517_ (net)
                      0.072306    0.000000    2.670904 v _1068_/A (sky130_fd_sc_hd__buf_1)
     8    0.024624    0.145172    0.193954    2.864858 v _1068_/X (sky130_fd_sc_hd__buf_1)
                                                         _0518_ (net)
                      0.145172    0.000000    2.864858 v _1071_/S (sky130_fd_sc_hd__mux2_2)
     1    0.002015    0.045546    0.296964    3.161823 v _1071_/X (sky130_fd_sc_hd__mux2_2)
                                                         _0520_ (net)
                      0.045546    0.000000    3.161823 v _1072_/A (sky130_fd_sc_hd__buf_1)
     1    0.001681    0.021562    0.081530    3.243353 v _1072_/X (sky130_fd_sc_hd__buf_1)
                                                         _0017_ (net)
                      0.021562    0.000000    3.243353 v _1347_/D (sky130_fd_sc_hd__dfxtp_2)
                                              3.243353   data arrival time

                      0.150000   10.000000   10.000000   clock wr_clk (rise edge)
                                  0.000000   10.000000   clock network delay (ideal)
                                 -0.250000    9.750000   clock uncertainty
                                  0.000000    9.750000   clock reconvergence pessimism
                                              9.750000 ^ _1347_/CLK (sky130_fd_sc_hd__dfxtp_2)
                                 -0.078174    9.671826   library setup time
                                              9.671826   data required time
---------------------------------------------------------------------------------------------
                                              9.671826   data required time
                                             -3.243353   data arrival time
---------------------------------------------------------------------------------------------
                                              6.428473   slack (MET)


Startpoint: wr_en (input port clocked by wr_clk)
Endpoint: _1348_ (rising edge-triggered flip-flop clocked by wr_clk)
Path Group: wr_clk
Path Type: max

Fanout         Cap        Slew       Delay        Time   Description
---------------------------------------------------------------------------------------------
                      0.150000    0.000000    0.000000   clock wr_clk (rise edge)
                                  0.000000    0.000000   clock network delay (ideal)
                                  2.000000    2.000000 ^ input external delay
     1    0.002476    0.018986    0.009156    2.009156 ^ wr_en (in)
                                                         wr_en (net)
                      0.018986    0.000000    2.009156 ^ _0807_/B_N (sky130_fd_sc_hd__nor2b_4)
     4    0.014234    0.119513    0.157281    2.166437 ^ _0807_/Y (sky130_fd_sc_hd__nor2b_4)
                                                         _0293_ (net)
                      0.119513    0.000000    2.166437 ^ _0809_/A (sky130_fd_sc_hd__nand2_4)
     7    0.029950    0.082146    0.098642    2.265078 v _0809_/Y (sky130_fd_sc_hd__nand2_4)
                                                         _0295_ (net)
                      0.082146    0.000000    2.265078 v _1067_/C (sky130_fd_sc_hd__or3_2)
     1    0.002015    0.072306    0.405826    2.670904 v _1067_/X (sky130_fd_sc_hd__or3_2)
                                                         _0517_ (net)
                      0.072306    0.000000    2.670904 v _1068_/A (sky130_fd_sc_hd__buf_1)
     8    0.024624    0.145172    0.193954    2.864858 v _1068_/X (sky130_fd_sc_hd__buf_1)
                                                         _0518_ (net)
                      0.145172    0.000000    2.864858 v _1073_/S (sky130_fd_sc_hd__mux2_2)
     1    0.002015    0.045546    0.296964    3.161823 v _1073_/X (sky130_fd_sc_hd__mux2_2)
                                                         _0521_ (net)
                      0.045546    0.000000    3.161823 v _1074_/A (sky130_fd_sc_hd__buf_1)
     1    0.001681    0.021562    0.081530    3.243353 v _1074_/X (sky130_fd_sc_hd__buf_1)
                                                         _0018_ (net)
                      0.021562    0.000000    3.243353 v _1348_/D (sky130_fd_sc_hd__dfxtp_2)
                                              3.243353   data arrival time

                      0.150000   10.000000   10.000000   clock wr_clk (rise edge)
                                  0.000000   10.000000   clock network delay (ideal)
                                 -0.250000    9.750000   clock uncertainty
                                  0.000000    9.750000   clock reconvergence pessimism
                                              9.750000 ^ _1348_/CLK (sky130_fd_sc_hd__dfxtp_2)
                                 -0.078174    9.671826   library setup time
                                              9.671826   data required time
---------------------------------------------------------------------------------------------
                                              9.671826   data required time
                                             -3.243353   data arrival time
---------------------------------------------------------------------------------------------
                                              6.428473   slack (MET)


Startpoint: wr_en (input port clocked by wr_clk)
Endpoint: _1349_ (rising edge-triggered flip-flop clocked by wr_clk)
Path Group: wr_clk
Path Type: max

Fanout         Cap        Slew       Delay        Time   Description
---------------------------------------------------------------------------------------------
                      0.150000    0.000000    0.000000   clock wr_clk (rise edge)
                                  0.000000    0.000000   clock network delay (ideal)
                                  2.000000    2.000000 ^ input external delay
     1    0.002476    0.018986    0.009156    2.009156 ^ wr_en (in)
                                                         wr_en (net)
                      0.018986    0.000000    2.009156 ^ _0807_/B_N (sky130_fd_sc_hd__nor2b_4)
     4    0.014234    0.119513    0.157281    2.166437 ^ _0807_/Y (sky130_fd_sc_hd__nor2b_4)
                                                         _0293_ (net)
                      0.119513    0.000000    2.166437 ^ _0809_/A (sky130_fd_sc_hd__nand2_4)
     7    0.029950    0.082146    0.098642    2.265078 v _0809_/Y (sky130_fd_sc_hd__nand2_4)
                                                         _0295_ (net)
                      0.082146    0.000000    2.265078 v _1067_/C (sky130_fd_sc_hd__or3_2)
     1    0.002015    0.072306    0.405826    2.670904 v _1067_/X (sky130_fd_sc_hd__or3_2)
                                                         _0517_ (net)
                      0.072306    0.000000    2.670904 v _1068_/A (sky130_fd_sc_hd__buf_1)
     8    0.024624    0.145172    0.193954    2.864858 v _1068_/X (sky130_fd_sc_hd__buf_1)
                                                         _0518_ (net)
                      0.145172    0.000000    2.864858 v _1075_/S (sky130_fd_sc_hd__mux2_2)
     1    0.002015    0.045546    0.296964    3.161823 v _1075_/X (sky130_fd_sc_hd__mux2_2)
                                                         _0522_ (net)
                      0.045546    0.000000    3.161823 v _1076_/A (sky130_fd_sc_hd__buf_1)
     1    0.001681    0.021562    0.081530    3.243353 v _1076_/X (sky130_fd_sc_hd__buf_1)
                                                         _0019_ (net)
                      0.021562    0.000000    3.243353 v _1349_/D (sky130_fd_sc_hd__dfxtp_2)
                                              3.243353   data arrival time

                      0.150000   10.000000   10.000000   clock wr_clk (rise edge)
                                  0.000000   10.000000   clock network delay (ideal)
                                 -0.250000    9.750000   clock uncertainty
                                  0.000000    9.750000   clock reconvergence pessimism
                                              9.750000 ^ _1349_/CLK (sky130_fd_sc_hd__dfxtp_2)
                                 -0.078174    9.671826   library setup time
                                              9.671826   data required time
---------------------------------------------------------------------------------------------
                                              9.671826   data required time
                                             -3.243353   data arrival time
---------------------------------------------------------------------------------------------
                                              6.428473   slack (MET)


Startpoint: wr_en (input port clocked by wr_clk)
Endpoint: _1350_ (rising edge-triggered flip-flop clocked by wr_clk)
Path Group: wr_clk
Path Type: max

Fanout         Cap        Slew       Delay        Time   Description
---------------------------------------------------------------------------------------------
                      0.150000    0.000000    0.000000   clock wr_clk (rise edge)
                                  0.000000    0.000000   clock network delay (ideal)
                                  2.000000    2.000000 ^ input external delay
     1    0.002476    0.018986    0.009156    2.009156 ^ wr_en (in)
                                                         wr_en (net)
                      0.018986    0.000000    2.009156 ^ _0807_/B_N (sky130_fd_sc_hd__nor2b_4)
     4    0.014234    0.119513    0.157281    2.166437 ^ _0807_/Y (sky130_fd_sc_hd__nor2b_4)
                                                         _0293_ (net)
                      0.119513    0.000000    2.166437 ^ _0809_/A (sky130_fd_sc_hd__nand2_4)
     7    0.029950    0.082146    0.098642    2.265078 v _0809_/Y (sky130_fd_sc_hd__nand2_4)
                                                         _0295_ (net)
                      0.082146    0.000000    2.265078 v _1067_/C (sky130_fd_sc_hd__or3_2)
     1    0.002015    0.072306    0.405826    2.670904 v _1067_/X (sky130_fd_sc_hd__or3_2)
                                                         _0517_ (net)
                      0.072306    0.000000    2.670904 v _1068_/A (sky130_fd_sc_hd__buf_1)
     8    0.024624    0.145172    0.193954    2.864858 v _1068_/X (sky130_fd_sc_hd__buf_1)
                                                         _0518_ (net)
                      0.145172    0.000000    2.864858 v _1077_/S (sky130_fd_sc_hd__mux2_2)
     1    0.002015    0.045546    0.296964    3.161823 v _1077_/X (sky130_fd_sc_hd__mux2_2)
                                                         _0523_ (net)
                      0.045546    0.000000    3.161823 v _1078_/A (sky130_fd_sc_hd__buf_1)
     1    0.001681    0.021562    0.081530    3.243353 v _1078_/X (sky130_fd_sc_hd__buf_1)
                                                         _0020_ (net)
                      0.021562    0.000000    3.243353 v _1350_/D (sky130_fd_sc_hd__dfxtp_2)
                                              3.243353   data arrival time

                      0.150000   10.000000   10.000000   clock wr_clk (rise edge)
                                  0.000000   10.000000   clock network delay (ideal)
                                 -0.250000    9.750000   clock uncertainty
                                  0.000000    9.750000   clock reconvergence pessimism
                                              9.750000 ^ _1350_/CLK (sky130_fd_sc_hd__dfxtp_2)
                                 -0.078174    9.671826   library setup time
                                              9.671826   data required time
---------------------------------------------------------------------------------------------
                                              9.671826   data required time
                                             -3.243353   data arrival time
---------------------------------------------------------------------------------------------
                                              6.428473   slack (MET)


Startpoint: wr_en (input port clocked by wr_clk)
Endpoint: _1351_ (rising edge-triggered flip-flop clocked by wr_clk)
Path Group: wr_clk
Path Type: max

Fanout         Cap        Slew       Delay        Time   Description
---------------------------------------------------------------------------------------------
                      0.150000    0.000000    0.000000   clock wr_clk (rise edge)
                                  0.000000    0.000000   clock network delay (ideal)
                                  2.000000    2.000000 ^ input external delay
     1    0.002476    0.018986    0.009156    2.009156 ^ wr_en (in)
                                                         wr_en (net)
                      0.018986    0.000000    2.009156 ^ _0807_/B_N (sky130_fd_sc_hd__nor2b_4)
     4    0.014234    0.119513    0.157281    2.166437 ^ _0807_/Y (sky130_fd_sc_hd__nor2b_4)
                                                         _0293_ (net)
                      0.119513    0.000000    2.166437 ^ _0809_/A (sky130_fd_sc_hd__nand2_4)
     7    0.029950    0.082146    0.098642    2.265078 v _0809_/Y (sky130_fd_sc_hd__nand2_4)
                                                         _0295_ (net)
                      0.082146    0.000000    2.265078 v _1067_/C (sky130_fd_sc_hd__or3_2)
     1    0.002015    0.072306    0.405826    2.670904 v _1067_/X (sky130_fd_sc_hd__or3_2)
                                                         _0517_ (net)
                      0.072306    0.000000    2.670904 v _1068_/A (sky130_fd_sc_hd__buf_1)
     8    0.024624    0.145172    0.193954    2.864858 v _1068_/X (sky130_fd_sc_hd__buf_1)
                                                         _0518_ (net)
                      0.145172    0.000000    2.864858 v _1079_/S (sky130_fd_sc_hd__mux2_2)
     1    0.002015    0.045546    0.296964    3.161823 v _1079_/X (sky130_fd_sc_hd__mux2_2)
                                                         _0524_ (net)
                      0.045546    0.000000    3.161823 v _1080_/A (sky130_fd_sc_hd__buf_1)
     1    0.001681    0.021562    0.081530    3.243353 v _1080_/X (sky130_fd_sc_hd__buf_1)
                                                         _0021_ (net)
                      0.021562    0.000000    3.243353 v _1351_/D (sky130_fd_sc_hd__dfxtp_2)
                                              3.243353   data arrival time

                      0.150000   10.000000   10.000000   clock wr_clk (rise edge)
                                  0.000000   10.000000   clock network delay (ideal)
                                 -0.250000    9.750000   clock uncertainty
                                  0.000000    9.750000   clock reconvergence pessimism
                                              9.750000 ^ _1351_/CLK (sky130_fd_sc_hd__dfxtp_2)
                                 -0.078174    9.671826   library setup time
                                              9.671826   data required time
---------------------------------------------------------------------------------------------
                                              9.671826   data required time
                                             -3.243353   data arrival time
---------------------------------------------------------------------------------------------
                                              6.428473   slack (MET)


Startpoint: wr_en (input port clocked by wr_clk)
Endpoint: _1352_ (rising edge-triggered flip-flop clocked by wr_clk)
Path Group: wr_clk
Path Type: max

Fanout         Cap        Slew       Delay        Time   Description
---------------------------------------------------------------------------------------------
                      0.150000    0.000000    0.000000   clock wr_clk (rise edge)
                                  0.000000    0.000000   clock network delay (ideal)
                                  2.000000    2.000000 ^ input external delay
     1    0.002476    0.018986    0.009156    2.009156 ^ wr_en (in)
                                                         wr_en (net)
                      0.018986    0.000000    2.009156 ^ _0807_/B_N (sky130_fd_sc_hd__nor2b_4)
     4    0.014234    0.119513    0.157281    2.166437 ^ _0807_/Y (sky130_fd_sc_hd__nor2b_4)
                                                         _0293_ (net)
                      0.119513    0.000000    2.166437 ^ _0809_/A (sky130_fd_sc_hd__nand2_4)
     7    0.029950    0.082146    0.098642    2.265078 v _0809_/Y (sky130_fd_sc_hd__nand2_4)
                                                         _0295_ (net)
                      0.082146    0.000000    2.265078 v _1067_/C (sky130_fd_sc_hd__or3_2)
     1    0.002015    0.072306    0.405826    2.670904 v _1067_/X (sky130_fd_sc_hd__or3_2)
                                                         _0517_ (net)
                      0.072306    0.000000    2.670904 v _1068_/A (sky130_fd_sc_hd__buf_1)
     8    0.024624    0.145172    0.193954    2.864858 v _1068_/X (sky130_fd_sc_hd__buf_1)
                                                         _0518_ (net)
                      0.145172    0.000000    2.864858 v _1081_/S (sky130_fd_sc_hd__mux2_2)
     1    0.002015    0.045546    0.296964    3.161823 v _1081_/X (sky130_fd_sc_hd__mux2_2)
                                                         _0525_ (net)
                      0.045546    0.000000    3.161823 v _1082_/A (sky130_fd_sc_hd__buf_1)
     1    0.001681    0.021562    0.081530    3.243353 v _1082_/X (sky130_fd_sc_hd__buf_1)
                                                         _0022_ (net)
                      0.021562    0.000000    3.243353 v _1352_/D (sky130_fd_sc_hd__dfxtp_2)
                                              3.243353   data arrival time

                      0.150000   10.000000   10.000000   clock wr_clk (rise edge)
                                  0.000000   10.000000   clock network delay (ideal)
                                 -0.250000    9.750000   clock uncertainty
                                  0.000000    9.750000   clock reconvergence pessimism
                                              9.750000 ^ _1352_/CLK (sky130_fd_sc_hd__dfxtp_2)
                                 -0.078174    9.671826   library setup time
                                              9.671826   data required time
---------------------------------------------------------------------------------------------
                                              9.671826   data required time
                                             -3.243353   data arrival time
---------------------------------------------------------------------------------------------
                                              6.428473   slack (MET)


Startpoint: wr_en (input port clocked by wr_clk)
Endpoint: _1353_ (rising edge-triggered flip-flop clocked by wr_clk)
Path Group: wr_clk
Path Type: max

Fanout         Cap        Slew       Delay        Time   Description
---------------------------------------------------------------------------------------------
                      0.150000    0.000000    0.000000   clock wr_clk (rise edge)
                                  0.000000    0.000000   clock network delay (ideal)
                                  2.000000    2.000000 ^ input external delay
     1    0.002476    0.018986    0.009156    2.009156 ^ wr_en (in)
                                                         wr_en (net)
                      0.018986    0.000000    2.009156 ^ _0807_/B_N (sky130_fd_sc_hd__nor2b_4)
     4    0.014234    0.119513    0.157281    2.166437 ^ _0807_/Y (sky130_fd_sc_hd__nor2b_4)
                                                         _0293_ (net)
                      0.119513    0.000000    2.166437 ^ _0809_/A (sky130_fd_sc_hd__nand2_4)
     7    0.029950    0.082146    0.098642    2.265078 v _0809_/Y (sky130_fd_sc_hd__nand2_4)
                                                         _0295_ (net)
                      0.082146    0.000000    2.265078 v _1067_/C (sky130_fd_sc_hd__or3_2)
     1    0.002015    0.072306    0.405826    2.670904 v _1067_/X (sky130_fd_sc_hd__or3_2)
                                                         _0517_ (net)
                      0.072306    0.000000    2.670904 v _1068_/A (sky130_fd_sc_hd__buf_1)
     8    0.024624    0.145172    0.193954    2.864858 v _1068_/X (sky130_fd_sc_hd__buf_1)
                                                         _0518_ (net)
                      0.145172    0.000000    2.864858 v _1083_/S (sky130_fd_sc_hd__mux2_2)
     1    0.002015    0.045546    0.296964    3.161823 v _1083_/X (sky130_fd_sc_hd__mux2_2)
                                                         _0526_ (net)
                      0.045546    0.000000    3.161823 v _1084_/A (sky130_fd_sc_hd__buf_1)
     1    0.001681    0.021562    0.081530    3.243353 v _1084_/X (sky130_fd_sc_hd__buf_1)
                                                         _0023_ (net)
                      0.021562    0.000000    3.243353 v _1353_/D (sky130_fd_sc_hd__dfxtp_2)
                                              3.243353   data arrival time

                      0.150000   10.000000   10.000000   clock wr_clk (rise edge)
                                  0.000000   10.000000   clock network delay (ideal)
                                 -0.250000    9.750000   clock uncertainty
                                  0.000000    9.750000   clock reconvergence pessimism
                                              9.750000 ^ _1353_/CLK (sky130_fd_sc_hd__dfxtp_2)
                                 -0.078174    9.671826   library setup time
                                              9.671826   data required time
---------------------------------------------------------------------------------------------
                                              9.671826   data required time
                                             -3.243353   data arrival time
---------------------------------------------------------------------------------------------
                                              6.428473   slack (MET)


Startpoint: wr_en (input port clocked by wr_clk)
Endpoint: _1453_ (rising edge-triggered flip-flop clocked by wr_clk)
Path Group: wr_clk
Path Type: max

Fanout         Cap        Slew       Delay        Time   Description
---------------------------------------------------------------------------------------------
                      0.150000    0.000000    0.000000   clock wr_clk (rise edge)
                                  0.000000    0.000000   clock network delay (ideal)
                                  2.000000    2.000000 v input external delay
     1    0.002273    0.007692    0.003522    2.003522 v wr_en (in)
                                                         wr_en (net)
                      0.007692    0.000000    2.003522 v _0807_/B_N (sky130_fd_sc_hd__nor2b_4)
     4    0.013278    0.059178    0.119793    2.123314 v _0807_/Y (sky130_fd_sc_hd__nor2b_4)
                                                         _0293_ (net)
                      0.059178    0.000000    2.123314 v _0808_/B (sky130_fd_sc_hd__or2_4)
     2    0.018716    0.067911    0.260182    2.383496 v _0808_/X (sky130_fd_sc_hd__or2_4)
                                                         _0294_ (net)
                      0.067911    0.000000    2.383496 v _0828_/B (sky130_fd_sc_hd__xor2_4)
     3    0.008444    0.060364    0.158235    2.541731 v _0828_/X (sky130_fd_sc_hd__xor2_4)
                                                         wr_gray_next[0] (net)
                      0.060364    0.000000    2.541731 v _0829_/B (sky130_fd_sc_hd__or2_4)
     1    0.002240    0.042277    0.220620    2.762351 v _0829_/X (sky130_fd_sc_hd__or2_4)
                                                         _0309_ (net)
                      0.042277    0.000000    2.762351 v _0837_/A1 (sky130_fd_sc_hd__a211o_2)
     1    0.007685    0.062526    0.305818    3.068169 v _0837_/X (sky130_fd_sc_hd__a211o_2)
                                                         _0316_ (net)
                      0.062526    0.000000    3.068169 v _0838_/C1 (sky130_fd_sc_hd__a221oi_4)
     1    0.002005    0.170530    0.165012    3.233181 ^ _0838_/Y (sky130_fd_sc_hd__a221oi_4)
                                                         full_next (net)
                      0.170530    0.000000    3.233181 ^ _1453_/D (sky130_fd_sc_hd__dfrtp_2)
                                              3.233181   data arrival time

                      0.150000   10.000000   10.000000   clock wr_clk (rise edge)
                                  0.000000   10.000000   clock network delay (ideal)
                                 -0.250000    9.750000   clock uncertainty
                                  0.000000    9.750000   clock reconvergence pessimism
                                              9.750000 ^ _1453_/CLK (sky130_fd_sc_hd__dfrtp_2)
                                 -0.076142    9.673859   library setup time
                                              9.673859   data required time
---------------------------------------------------------------------------------------------
                                              9.673859   data required time
                                             -3.233181   data arrival time
---------------------------------------------------------------------------------------------
                                              6.440677   slack (MET)


Startpoint: wr_en (input port clocked by wr_clk)
Endpoint: _1492_ (rising edge-triggered flip-flop clocked by wr_clk)
Path Group: wr_clk
Path Type: max

Fanout         Cap        Slew       Delay        Time   Description
---------------------------------------------------------------------------------------------
                      0.150000    0.000000    0.000000   clock wr_clk (rise edge)
                                  0.000000    0.000000   clock network delay (ideal)
                                  2.000000    2.000000 ^ input external delay
     1    0.002476    0.018986    0.009156    2.009156 ^ wr_en (in)
                                                         wr_en (net)
                      0.018986    0.000000    2.009156 ^ _0807_/B_N (sky130_fd_sc_hd__nor2b_4)
     4    0.014234    0.119513    0.157281    2.166437 ^ _0807_/Y (sky130_fd_sc_hd__nor2b_4)
                                                         _0293_ (net)
                      0.119513    0.000000    2.166437 ^ _0809_/A (sky130_fd_sc_hd__nand2_4)
     7    0.029950    0.082146    0.098642    2.265078 v _0809_/Y (sky130_fd_sc_hd__nand2_4)
                                                         _0295_ (net)
                      0.082146    0.000000    2.265078 v _0812_/B (sky130_fd_sc_hd__nor2_8)
     6    0.024582    0.125555    0.133385    2.398463 ^ _0812_/Y (sky130_fd_sc_hd__nor2_8)
                                                         _0297_ (net)
                      0.125555    0.000000    2.398463 ^ _0833_/A (sky130_fd_sc_hd__nand2_2)
     2    0.009484    0.060820    0.079624    2.478088 v _0833_/Y (sky130_fd_sc_hd__nand2_2)
                                                         _0313_ (net)
                      0.060820    0.000000    2.478088 v _0875_/A (sky130_fd_sc_hd__buf_2)
    10    0.036916    0.094068    0.192559    2.670647 v _0875_/X (sky130_fd_sc_hd__buf_2)
                                                         _0345_ (net)
                      0.094068    0.000000    2.670647 v _1296_/S (sky130_fd_sc_hd__mux2_2)
     1    0.002015    0.045546    0.277320    2.947967 v _1296_/X (sky130_fd_sc_hd__mux2_2)
                                                         _0642_ (net)
                      0.045546    0.000000    2.947967 v _1297_/A (sky130_fd_sc_hd__buf_1)
     1    0.001681    0.021562    0.081530    3.029497 v _1297_/X (sky130_fd_sc_hd__buf_1)
                                                         _0120_ (net)
                      0.021562    0.000000    3.029497 v _1492_/D (sky130_fd_sc_hd__dfxtp_2)
                                              3.029497   data arrival time

                      0.150000   10.000000   10.000000   clock wr_clk (rise edge)
                                  0.000000   10.000000   clock network delay (ideal)
                                 -0.250000    9.750000   clock uncertainty
                                  0.000000    9.750000   clock reconvergence pessimism
                                              9.750000 ^ _1492_/CLK (sky130_fd_sc_hd__dfxtp_2)
                                 -0.078174    9.671826   library setup time
                                              9.671826   data required time
---------------------------------------------------------------------------------------------
                                              9.671826   data required time
                                             -3.029497   data arrival time
---------------------------------------------------------------------------------------------
                                              6.642330   slack (MET)


Startpoint: wr_en (input port clocked by wr_clk)
Endpoint: _1493_ (rising edge-triggered flip-flop clocked by wr_clk)
Path Group: wr_clk
Path Type: max

Fanout         Cap        Slew       Delay        Time   Description
---------------------------------------------------------------------------------------------
                      0.150000    0.000000    0.000000   clock wr_clk (rise edge)
                                  0.000000    0.000000   clock network delay (ideal)
                                  2.000000    2.000000 ^ input external delay
     1    0.002476    0.018986    0.009156    2.009156 ^ wr_en (in)
                                                         wr_en (net)
                      0.018986    0.000000    2.009156 ^ _0807_/B_N (sky130_fd_sc_hd__nor2b_4)
     4    0.014234    0.119513    0.157281    2.166437 ^ _0807_/Y (sky130_fd_sc_hd__nor2b_4)
                                                         _0293_ (net)
                      0.119513    0.000000    2.166437 ^ _0809_/A (sky130_fd_sc_hd__nand2_4)
     7    0.029950    0.082146    0.098642    2.265078 v _0809_/Y (sky130_fd_sc_hd__nand2_4)
                                                         _0295_ (net)
                      0.082146    0.000000    2.265078 v _0812_/B (sky130_fd_sc_hd__nor2_8)
     6    0.024582    0.125555    0.133385    2.398463 ^ _0812_/Y (sky130_fd_sc_hd__nor2_8)
                                                         _0297_ (net)
                      0.125555    0.000000    2.398463 ^ _0833_/A (sky130_fd_sc_hd__nand2_2)
     2    0.009484    0.060820    0.079624    2.478088 v _0833_/Y (sky130_fd_sc_hd__nand2_2)
                                                         _0313_ (net)
                      0.060820    0.000000    2.478088 v _0875_/A (sky130_fd_sc_hd__buf_2)
    10    0.036916    0.094068    0.192559    2.670647 v _0875_/X (sky130_fd_sc_hd__buf_2)
                                                         _0345_ (net)
                      0.094068    0.000000    2.670647 v _1298_/S (sky130_fd_sc_hd__mux2_2)
     1    0.002015    0.045546    0.277320    2.947967 v _1298_/X (sky130_fd_sc_hd__mux2_2)
                                                         _0643_ (net)
                      0.045546    0.000000    2.947967 v _1299_/A (sky130_fd_sc_hd__buf_1)
     1    0.001681    0.021562    0.081530    3.029497 v _1299_/X (sky130_fd_sc_hd__buf_1)
                                                         _0121_ (net)
                      0.021562    0.000000    3.029497 v _1493_/D (sky130_fd_sc_hd__dfxtp_2)
                                              3.029497   data arrival time

                      0.150000   10.000000   10.000000   clock wr_clk (rise edge)
                                  0.000000   10.000000   clock network delay (ideal)
                                 -0.250000    9.750000   clock uncertainty
                                  0.000000    9.750000   clock reconvergence pessimism
                                              9.750000 ^ _1493_/CLK (sky130_fd_sc_hd__dfxtp_2)
                                 -0.078174    9.671826   library setup time
                                              9.671826   data required time
---------------------------------------------------------------------------------------------
                                              9.671826   data required time
                                             -3.029497   data arrival time
---------------------------------------------------------------------------------------------
                                              6.642330   slack (MET)


Startpoint: wr_en (input port clocked by wr_clk)
Endpoint: _1494_ (rising edge-triggered flip-flop clocked by wr_clk)
Path Group: wr_clk
Path Type: max

Fanout         Cap        Slew       Delay        Time   Description
---------------------------------------------------------------------------------------------
                      0.150000    0.000000    0.000000   clock wr_clk (rise edge)
                                  0.000000    0.000000   clock network delay (ideal)
                                  2.000000    2.000000 ^ input external delay
     1    0.002476    0.018986    0.009156    2.009156 ^ wr_en (in)
                                                         wr_en (net)
                      0.018986    0.000000    2.009156 ^ _0807_/B_N (sky130_fd_sc_hd__nor2b_4)
     4    0.014234    0.119513    0.157281    2.166437 ^ _0807_/Y (sky130_fd_sc_hd__nor2b_4)
                                                         _0293_ (net)
                      0.119513    0.000000    2.166437 ^ _0809_/A (sky130_fd_sc_hd__nand2_4)
     7    0.029950    0.082146    0.098642    2.265078 v _0809_/Y (sky130_fd_sc_hd__nand2_4)
                                                         _0295_ (net)
                      0.082146    0.000000    2.265078 v _0812_/B (sky130_fd_sc_hd__nor2_8)
     6    0.024582    0.125555    0.133385    2.398463 ^ _0812_/Y (sky130_fd_sc_hd__nor2_8)
                                                         _0297_ (net)
                      0.125555    0.000000    2.398463 ^ _0833_/A (sky130_fd_sc_hd__nand2_2)
     2    0.009484    0.060820    0.079624    2.478088 v _0833_/Y (sky130_fd_sc_hd__nand2_2)
                                                         _0313_ (net)
                      0.060820    0.000000    2.478088 v _0875_/A (sky130_fd_sc_hd__buf_2)
    10    0.036916    0.094068    0.192559    2.670647 v _0875_/X (sky130_fd_sc_hd__buf_2)
                                                         _0345_ (net)
                      0.094068    0.000000    2.670647 v _1300_/S (sky130_fd_sc_hd__mux2_2)
     1    0.002015    0.045546    0.277320    2.947967 v _1300_/X (sky130_fd_sc_hd__mux2_2)
                                                         _0644_ (net)
                      0.045546    0.000000    2.947967 v _1301_/A (sky130_fd_sc_hd__buf_1)
     1    0.001681    0.021562    0.081530    3.029497 v _1301_/X (sky130_fd_sc_hd__buf_1)
                                                         _0122_ (net)
                      0.021562    0.000000    3.029497 v _1494_/D (sky130_fd_sc_hd__dfxtp_2)
                                              3.029497   data arrival time

                      0.150000   10.000000   10.000000   clock wr_clk (rise edge)
                                  0.000000   10.000000   clock network delay (ideal)
                                 -0.250000    9.750000   clock uncertainty
                                  0.000000    9.750000   clock reconvergence pessimism
                                              9.750000 ^ _1494_/CLK (sky130_fd_sc_hd__dfxtp_2)
                                 -0.078174    9.671826   library setup time
                                              9.671826   data required time
---------------------------------------------------------------------------------------------
                                              9.671826   data required time
                                             -3.029497   data arrival time
---------------------------------------------------------------------------------------------
                                              6.642330   slack (MET)


Startpoint: wr_en (input port clocked by wr_clk)
Endpoint: _1495_ (rising edge-triggered flip-flop clocked by wr_clk)
Path Group: wr_clk
Path Type: max

Fanout         Cap        Slew       Delay        Time   Description
---------------------------------------------------------------------------------------------
                      0.150000    0.000000    0.000000   clock wr_clk (rise edge)
                                  0.000000    0.000000   clock network delay (ideal)
                                  2.000000    2.000000 ^ input external delay
     1    0.002476    0.018986    0.009156    2.009156 ^ wr_en (in)
                                                         wr_en (net)
                      0.018986    0.000000    2.009156 ^ _0807_/B_N (sky130_fd_sc_hd__nor2b_4)
     4    0.014234    0.119513    0.157281    2.166437 ^ _0807_/Y (sky130_fd_sc_hd__nor2b_4)
                                                         _0293_ (net)
                      0.119513    0.000000    2.166437 ^ _0809_/A (sky130_fd_sc_hd__nand2_4)
     7    0.029950    0.082146    0.098642    2.265078 v _0809_/Y (sky130_fd_sc_hd__nand2_4)
                                                         _0295_ (net)
                      0.082146    0.000000    2.265078 v _0812_/B (sky130_fd_sc_hd__nor2_8)
     6    0.024582    0.125555    0.133385    2.398463 ^ _0812_/Y (sky130_fd_sc_hd__nor2_8)
                                                         _0297_ (net)
                      0.125555    0.000000    2.398463 ^ _0833_/A (sky130_fd_sc_hd__nand2_2)
     2    0.009484    0.060820    0.079624    2.478088 v _0833_/Y (sky130_fd_sc_hd__nand2_2)
                                                         _0313_ (net)
                      0.060820    0.000000    2.478088 v _0875_/A (sky130_fd_sc_hd__buf_2)
    10    0.036916    0.094068    0.192559    2.670647 v _0875_/X (sky130_fd_sc_hd__buf_2)
                                                         _0345_ (net)
                      0.094068    0.000000    2.670647 v _1302_/S (sky130_fd_sc_hd__mux2_2)
     1    0.002015    0.045546    0.277320    2.947967 v _1302_/X (sky130_fd_sc_hd__mux2_2)
                                                         _0645_ (net)
                      0.045546    0.000000    2.947967 v _1303_/A (sky130_fd_sc_hd__buf_1)
     1    0.001681    0.021562    0.081530    3.029497 v _1303_/X (sky130_fd_sc_hd__buf_1)
                                                         _0123_ (net)
                      0.021562    0.000000    3.029497 v _1495_/D (sky130_fd_sc_hd__dfxtp_2)
                                              3.029497   data arrival time

                      0.150000   10.000000   10.000000   clock wr_clk (rise edge)
                                  0.000000   10.000000   clock network delay (ideal)
                                 -0.250000    9.750000   clock uncertainty
                                  0.000000    9.750000   clock reconvergence pessimism
                                              9.750000 ^ _1495_/CLK (sky130_fd_sc_hd__dfxtp_2)
                                 -0.078174    9.671826   library setup time
                                              9.671826   data required time
---------------------------------------------------------------------------------------------
                                              9.671826   data required time
                                             -3.029497   data arrival time
---------------------------------------------------------------------------------------------
                                              6.642330   slack (MET)


Startpoint: wr_en (input port clocked by wr_clk)
Endpoint: _1496_ (rising edge-triggered flip-flop clocked by wr_clk)
Path Group: wr_clk
Path Type: max

Fanout         Cap        Slew       Delay        Time   Description
---------------------------------------------------------------------------------------------
                      0.150000    0.000000    0.000000   clock wr_clk (rise edge)
                                  0.000000    0.000000   clock network delay (ideal)
                                  2.000000    2.000000 ^ input external delay
     1    0.002476    0.018986    0.009156    2.009156 ^ wr_en (in)
                                                         wr_en (net)
                      0.018986    0.000000    2.009156 ^ _0807_/B_N (sky130_fd_sc_hd__nor2b_4)
     4    0.014234    0.119513    0.157281    2.166437 ^ _0807_/Y (sky130_fd_sc_hd__nor2b_4)
                                                         _0293_ (net)
                      0.119513    0.000000    2.166437 ^ _0809_/A (sky130_fd_sc_hd__nand2_4)
     7    0.029950    0.082146    0.098642    2.265078 v _0809_/Y (sky130_fd_sc_hd__nand2_4)
                                                         _0295_ (net)
                      0.082146    0.000000    2.265078 v _0812_/B (sky130_fd_sc_hd__nor2_8)
     6    0.024582    0.125555    0.133385    2.398463 ^ _0812_/Y (sky130_fd_sc_hd__nor2_8)
                                                         _0297_ (net)
                      0.125555    0.000000    2.398463 ^ _0833_/A (sky130_fd_sc_hd__nand2_2)
     2    0.009484    0.060820    0.079624    2.478088 v _0833_/Y (sky130_fd_sc_hd__nand2_2)
                                                         _0313_ (net)
                      0.060820    0.000000    2.478088 v _0875_/A (sky130_fd_sc_hd__buf_2)
    10    0.036916    0.094068    0.192559    2.670647 v _0875_/X (sky130_fd_sc_hd__buf_2)
                                                         _0345_ (net)
                      0.094068    0.000000    2.670647 v _1304_/S (sky130_fd_sc_hd__mux2_2)
     1    0.002015    0.045546    0.277320    2.947967 v _1304_/X (sky130_fd_sc_hd__mux2_2)
                                                         _0646_ (net)
                      0.045546    0.000000    2.947967 v _1305_/A (sky130_fd_sc_hd__buf_1)
     1    0.001681    0.021562    0.081530    3.029497 v _1305_/X (sky130_fd_sc_hd__buf_1)
                                                         _0124_ (net)
                      0.021562    0.000000    3.029497 v _1496_/D (sky130_fd_sc_hd__dfxtp_2)
                                              3.029497   data arrival time

                      0.150000   10.000000   10.000000   clock wr_clk (rise edge)
                                  0.000000   10.000000   clock network delay (ideal)
                                 -0.250000    9.750000   clock uncertainty
                                  0.000000    9.750000   clock reconvergence pessimism
                                              9.750000 ^ _1496_/CLK (sky130_fd_sc_hd__dfxtp_2)
                                 -0.078174    9.671826   library setup time
                                              9.671826   data required time
---------------------------------------------------------------------------------------------
                                              9.671826   data required time
                                             -3.029497   data arrival time
---------------------------------------------------------------------------------------------
                                              6.642330   slack (MET)


Startpoint: wr_en (input port clocked by wr_clk)
Endpoint: _1497_ (rising edge-triggered flip-flop clocked by wr_clk)
Path Group: wr_clk
Path Type: max

Fanout         Cap        Slew       Delay        Time   Description
---------------------------------------------------------------------------------------------
                      0.150000    0.000000    0.000000   clock wr_clk (rise edge)
                                  0.000000    0.000000   clock network delay (ideal)
                                  2.000000    2.000000 ^ input external delay
     1    0.002476    0.018986    0.009156    2.009156 ^ wr_en (in)
                                                         wr_en (net)
                      0.018986    0.000000    2.009156 ^ _0807_/B_N (sky130_fd_sc_hd__nor2b_4)
     4    0.014234    0.119513    0.157281    2.166437 ^ _0807_/Y (sky130_fd_sc_hd__nor2b_4)
                                                         _0293_ (net)
                      0.119513    0.000000    2.166437 ^ _0809_/A (sky130_fd_sc_hd__nand2_4)
     7    0.029950    0.082146    0.098642    2.265078 v _0809_/Y (sky130_fd_sc_hd__nand2_4)
                                                         _0295_ (net)
                      0.082146    0.000000    2.265078 v _0812_/B (sky130_fd_sc_hd__nor2_8)
     6    0.024582    0.125555    0.133385    2.398463 ^ _0812_/Y (sky130_fd_sc_hd__nor2_8)
                                                         _0297_ (net)
                      0.125555    0.000000    2.398463 ^ _0833_/A (sky130_fd_sc_hd__nand2_2)
     2    0.009484    0.060820    0.079624    2.478088 v _0833_/Y (sky130_fd_sc_hd__nand2_2)
                                                         _0313_ (net)
                      0.060820    0.000000    2.478088 v _0875_/A (sky130_fd_sc_hd__buf_2)
    10    0.036916    0.094068    0.192559    2.670647 v _0875_/X (sky130_fd_sc_hd__buf_2)
                                                         _0345_ (net)
                      0.094068    0.000000    2.670647 v _1306_/S (sky130_fd_sc_hd__mux2_2)
     1    0.002015    0.045546    0.277320    2.947967 v _1306_/X (sky130_fd_sc_hd__mux2_2)
                                                         _0647_ (net)
                      0.045546    0.000000    2.947967 v _1307_/A (sky130_fd_sc_hd__buf_1)
     1    0.001681    0.021562    0.081530    3.029497 v _1307_/X (sky130_fd_sc_hd__buf_1)
                                                         _0125_ (net)
                      0.021562    0.000000    3.029497 v _1497_/D (sky130_fd_sc_hd__dfxtp_2)
                                              3.029497   data arrival time

                      0.150000   10.000000   10.000000   clock wr_clk (rise edge)
                                  0.000000   10.000000   clock network delay (ideal)
                                 -0.250000    9.750000   clock uncertainty
                                  0.000000    9.750000   clock reconvergence pessimism
                                              9.750000 ^ _1497_/CLK (sky130_fd_sc_hd__dfxtp_2)
                                 -0.078174    9.671826   library setup time
                                              9.671826   data required time
---------------------------------------------------------------------------------------------
                                              9.671826   data required time
                                             -3.029497   data arrival time
---------------------------------------------------------------------------------------------
                                              6.642330   slack (MET)


Startpoint: wr_en (input port clocked by wr_clk)
Endpoint: _1498_ (rising edge-triggered flip-flop clocked by wr_clk)
Path Group: wr_clk
Path Type: max

Fanout         Cap        Slew       Delay        Time   Description
---------------------------------------------------------------------------------------------
                      0.150000    0.000000    0.000000   clock wr_clk (rise edge)
                                  0.000000    0.000000   clock network delay (ideal)
                                  2.000000    2.000000 ^ input external delay
     1    0.002476    0.018986    0.009156    2.009156 ^ wr_en (in)
                                                         wr_en (net)
                      0.018986    0.000000    2.009156 ^ _0807_/B_N (sky130_fd_sc_hd__nor2b_4)
     4    0.014234    0.119513    0.157281    2.166437 ^ _0807_/Y (sky130_fd_sc_hd__nor2b_4)
                                                         _0293_ (net)
                      0.119513    0.000000    2.166437 ^ _0809_/A (sky130_fd_sc_hd__nand2_4)
     7    0.029950    0.082146    0.098642    2.265078 v _0809_/Y (sky130_fd_sc_hd__nand2_4)
                                                         _0295_ (net)
                      0.082146    0.000000    2.265078 v _0812_/B (sky130_fd_sc_hd__nor2_8)
     6    0.024582    0.125555    0.133385    2.398463 ^ _0812_/Y (sky130_fd_sc_hd__nor2_8)
                                                         _0297_ (net)
                      0.125555    0.000000    2.398463 ^ _0833_/A (sky130_fd_sc_hd__nand2_2)
     2    0.009484    0.060820    0.079624    2.478088 v _0833_/Y (sky130_fd_sc_hd__nand2_2)
                                                         _0313_ (net)
                      0.060820    0.000000    2.478088 v _0875_/A (sky130_fd_sc_hd__buf_2)
    10    0.036916    0.094068    0.192559    2.670647 v _0875_/X (sky130_fd_sc_hd__buf_2)
                                                         _0345_ (net)
                      0.094068    0.000000    2.670647 v _1308_/S (sky130_fd_sc_hd__mux2_2)
     1    0.002015    0.045546    0.277320    2.947967 v _1308_/X (sky130_fd_sc_hd__mux2_2)
                                                         _0648_ (net)
                      0.045546    0.000000    2.947967 v _1309_/A (sky130_fd_sc_hd__buf_1)
     1    0.001681    0.021562    0.081530    3.029497 v _1309_/X (sky130_fd_sc_hd__buf_1)
                                                         _0126_ (net)
                      0.021562    0.000000    3.029497 v _1498_/D (sky130_fd_sc_hd__dfxtp_2)
                                              3.029497   data arrival time

                      0.150000   10.000000   10.000000   clock wr_clk (rise edge)
                                  0.000000   10.000000   clock network delay (ideal)
                                 -0.250000    9.750000   clock uncertainty
                                  0.000000    9.750000   clock reconvergence pessimism
                                              9.750000 ^ _1498_/CLK (sky130_fd_sc_hd__dfxtp_2)
                                 -0.078174    9.671826   library setup time
                                              9.671826   data required time
---------------------------------------------------------------------------------------------
                                              9.671826   data required time
                                             -3.029497   data arrival time
---------------------------------------------------------------------------------------------
                                              6.642330   slack (MET)


Startpoint: wr_en (input port clocked by wr_clk)
Endpoint: _1499_ (rising edge-triggered flip-flop clocked by wr_clk)
Path Group: wr_clk
Path Type: max

Fanout         Cap        Slew       Delay        Time   Description
---------------------------------------------------------------------------------------------
                      0.150000    0.000000    0.000000   clock wr_clk (rise edge)
                                  0.000000    0.000000   clock network delay (ideal)
                                  2.000000    2.000000 ^ input external delay
     1    0.002476    0.018986    0.009156    2.009156 ^ wr_en (in)
                                                         wr_en (net)
                      0.018986    0.000000    2.009156 ^ _0807_/B_N (sky130_fd_sc_hd__nor2b_4)
     4    0.014234    0.119513    0.157281    2.166437 ^ _0807_/Y (sky130_fd_sc_hd__nor2b_4)
                                                         _0293_ (net)
                      0.119513    0.000000    2.166437 ^ _0809_/A (sky130_fd_sc_hd__nand2_4)
     7    0.029950    0.082146    0.098642    2.265078 v _0809_/Y (sky130_fd_sc_hd__nand2_4)
                                                         _0295_ (net)
                      0.082146    0.000000    2.265078 v _0812_/B (sky130_fd_sc_hd__nor2_8)
     6    0.024582    0.125555    0.133385    2.398463 ^ _0812_/Y (sky130_fd_sc_hd__nor2_8)
                                                         _0297_ (net)
                      0.125555    0.000000    2.398463 ^ _0833_/A (sky130_fd_sc_hd__nand2_2)
     2    0.009484    0.060820    0.079624    2.478088 v _0833_/Y (sky130_fd_sc_hd__nand2_2)
                                                         _0313_ (net)
                      0.060820    0.000000    2.478088 v _0875_/A (sky130_fd_sc_hd__buf_2)
    10    0.036916    0.094068    0.192559    2.670647 v _0875_/X (sky130_fd_sc_hd__buf_2)
                                                         _0345_ (net)
                      0.094068    0.000000    2.670647 v _1310_/S (sky130_fd_sc_hd__mux2_2)
     1    0.002015    0.045546    0.277320    2.947967 v _1310_/X (sky130_fd_sc_hd__mux2_2)
                                                         _0649_ (net)
                      0.045546    0.000000    2.947967 v _1311_/A (sky130_fd_sc_hd__buf_1)
     1    0.001681    0.021562    0.081530    3.029497 v _1311_/X (sky130_fd_sc_hd__buf_1)
                                                         _0127_ (net)
                      0.021562    0.000000    3.029497 v _1499_/D (sky130_fd_sc_hd__dfxtp_2)
                                              3.029497   data arrival time

                      0.150000   10.000000   10.000000   clock wr_clk (rise edge)
                                  0.000000   10.000000   clock network delay (ideal)
                                 -0.250000    9.750000   clock uncertainty
                                  0.000000    9.750000   clock reconvergence pessimism
                                              9.750000 ^ _1499_/CLK (sky130_fd_sc_hd__dfxtp_2)
                                 -0.078174    9.671826   library setup time
                                              9.671826   data required time
---------------------------------------------------------------------------------------------
                                              9.671826   data required time
                                             -3.029497   data arrival time
---------------------------------------------------------------------------------------------
                                              6.642330   slack (MET)


Startpoint: wr_en (input port clocked by wr_clk)
Endpoint: _1378_ (rising edge-triggered flip-flop clocked by wr_clk)
Path Group: wr_clk
Path Type: max

Fanout         Cap        Slew       Delay        Time   Description
---------------------------------------------------------------------------------------------
                      0.150000    0.000000    0.000000   clock wr_clk (rise edge)
                                  0.000000    0.000000   clock network delay (ideal)
                                  2.000000    2.000000 v input external delay
     1    0.002273    0.007692    0.003522    2.003522 v wr_en (in)
                                                         wr_en (net)
                      0.007692    0.000000    2.003522 v _0807_/B_N (sky130_fd_sc_hd__nor2b_4)
     4    0.013278    0.059178    0.119793    2.123314 v _0807_/Y (sky130_fd_sc_hd__nor2b_4)
                                                         _0293_ (net)
                      0.059178    0.000000    2.123314 v _1049_/A (sky130_fd_sc_hd__and3_2)
     4    0.017216    0.072047    0.216705    2.340019 v _1049_/X (sky130_fd_sc_hd__and3_2)
                                                         _0507_ (net)
                      0.072047    0.000000    2.340019 v _1140_/A (sky130_fd_sc_hd__nand2_2)
     8    0.026816    0.153676    0.143966    2.483985 ^ _1140_/Y (sky130_fd_sc_hd__nand2_2)
                                                         _0558_ (net)
                      0.153676    0.000000    2.483985 ^ _1141_/S (sky130_fd_sc_hd__mux2_2)
     1    0.002015    0.045539    0.342598    2.826583 v _1141_/X (sky130_fd_sc_hd__mux2_2)
                                                         _0559_ (net)
                      0.045539    0.000000    2.826583 v _1142_/A (sky130_fd_sc_hd__buf_1)
     1    0.001681    0.021562    0.081527    2.908110 v _1142_/X (sky130_fd_sc_hd__buf_1)
                                                         _0048_ (net)
                      0.021562    0.000000    2.908110 v _1378_/D (sky130_fd_sc_hd__dfxtp_2)
                                              2.908110   data arrival time

                      0.150000   10.000000   10.000000   clock wr_clk (rise edge)
                                  0.000000   10.000000   clock network delay (ideal)
                                 -0.250000    9.750000   clock uncertainty
                                  0.000000    9.750000   clock reconvergence pessimism
                                              9.750000 ^ _1378_/CLK (sky130_fd_sc_hd__dfxtp_2)
                                 -0.078174    9.671826   library setup time
                                              9.671826   data required time
---------------------------------------------------------------------------------------------
                                              9.671826   data required time
                                             -2.908110   data arrival time
---------------------------------------------------------------------------------------------
                                              6.763716   slack (MET)


Startpoint: wr_en (input port clocked by wr_clk)
Endpoint: _1379_ (rising edge-triggered flip-flop clocked by wr_clk)
Path Group: wr_clk
Path Type: max

Fanout         Cap        Slew       Delay        Time   Description
---------------------------------------------------------------------------------------------
                      0.150000    0.000000    0.000000   clock wr_clk (rise edge)
                                  0.000000    0.000000   clock network delay (ideal)
                                  2.000000    2.000000 v input external delay
     1    0.002273    0.007692    0.003522    2.003522 v wr_en (in)
                                                         wr_en (net)
                      0.007692    0.000000    2.003522 v _0807_/B_N (sky130_fd_sc_hd__nor2b_4)
     4    0.013278    0.059178    0.119793    2.123314 v _0807_/Y (sky130_fd_sc_hd__nor2b_4)
                                                         _0293_ (net)
                      0.059178    0.000000    2.123314 v _1049_/A (sky130_fd_sc_hd__and3_2)
     4    0.017216    0.072047    0.216705    2.340019 v _1049_/X (sky130_fd_sc_hd__and3_2)
                                                         _0507_ (net)
                      0.072047    0.000000    2.340019 v _1140_/A (sky130_fd_sc_hd__nand2_2)
     8    0.026816    0.153676    0.143966    2.483985 ^ _1140_/Y (sky130_fd_sc_hd__nand2_2)
                                                         _0558_ (net)
                      0.153676    0.000000    2.483985 ^ _1143_/S (sky130_fd_sc_hd__mux2_2)
     1    0.002015    0.045539    0.342598    2.826583 v _1143_/X (sky130_fd_sc_hd__mux2_2)
                                                         _0560_ (net)
                      0.045539    0.000000    2.826583 v _1144_/A (sky130_fd_sc_hd__buf_1)
     1    0.001681    0.021562    0.081527    2.908110 v _1144_/X (sky130_fd_sc_hd__buf_1)
                                                         _0049_ (net)
                      0.021562    0.000000    2.908110 v _1379_/D (sky130_fd_sc_hd__dfxtp_2)
                                              2.908110   data arrival time

                      0.150000   10.000000   10.000000   clock wr_clk (rise edge)
                                  0.000000   10.000000   clock network delay (ideal)
                                 -0.250000    9.750000   clock uncertainty
                                  0.000000    9.750000   clock reconvergence pessimism
                                              9.750000 ^ _1379_/CLK (sky130_fd_sc_hd__dfxtp_2)
                                 -0.078174    9.671826   library setup time
                                              9.671826   data required time
---------------------------------------------------------------------------------------------
                                              9.671826   data required time
                                             -2.908110   data arrival time
---------------------------------------------------------------------------------------------
                                              6.763716   slack (MET)


Startpoint: wr_en (input port clocked by wr_clk)
Endpoint: _1380_ (rising edge-triggered flip-flop clocked by wr_clk)
Path Group: wr_clk
Path Type: max

Fanout         Cap        Slew       Delay        Time   Description
---------------------------------------------------------------------------------------------
                      0.150000    0.000000    0.000000   clock wr_clk (rise edge)
                                  0.000000    0.000000   clock network delay (ideal)
                                  2.000000    2.000000 v input external delay
     1    0.002273    0.007692    0.003522    2.003522 v wr_en (in)
                                                         wr_en (net)
                      0.007692    0.000000    2.003522 v _0807_/B_N (sky130_fd_sc_hd__nor2b_4)
     4    0.013278    0.059178    0.119793    2.123314 v _0807_/Y (sky130_fd_sc_hd__nor2b_4)
                                                         _0293_ (net)
                      0.059178    0.000000    2.123314 v _1049_/A (sky130_fd_sc_hd__and3_2)
     4    0.017216    0.072047    0.216705    2.340019 v _1049_/X (sky130_fd_sc_hd__and3_2)
                                                         _0507_ (net)
                      0.072047    0.000000    2.340019 v _1140_/A (sky130_fd_sc_hd__nand2_2)
     8    0.026816    0.153676    0.143966    2.483985 ^ _1140_/Y (sky130_fd_sc_hd__nand2_2)
                                                         _0558_ (net)
                      0.153676    0.000000    2.483985 ^ _1145_/S (sky130_fd_sc_hd__mux2_2)
     1    0.002015    0.045539    0.342598    2.826583 v _1145_/X (sky130_fd_sc_hd__mux2_2)
                                                         _0561_ (net)
                      0.045539    0.000000    2.826583 v _1146_/A (sky130_fd_sc_hd__buf_1)
     1    0.001681    0.021562    0.081527    2.908110 v _1146_/X (sky130_fd_sc_hd__buf_1)
                                                         _0050_ (net)
                      0.021562    0.000000    2.908110 v _1380_/D (sky130_fd_sc_hd__dfxtp_2)
                                              2.908110   data arrival time

                      0.150000   10.000000   10.000000   clock wr_clk (rise edge)
                                  0.000000   10.000000   clock network delay (ideal)
                                 -0.250000    9.750000   clock uncertainty
                                  0.000000    9.750000   clock reconvergence pessimism
                                              9.750000 ^ _1380_/CLK (sky130_fd_sc_hd__dfxtp_2)
                                 -0.078174    9.671826   library setup time
                                              9.671826   data required time
---------------------------------------------------------------------------------------------
                                              9.671826   data required time
                                             -2.908110   data arrival time
---------------------------------------------------------------------------------------------
                                              6.763716   slack (MET)


Startpoint: wr_en (input port clocked by wr_clk)
Endpoint: _1381_ (rising edge-triggered flip-flop clocked by wr_clk)
Path Group: wr_clk
Path Type: max

Fanout         Cap        Slew       Delay        Time   Description
---------------------------------------------------------------------------------------------
                      0.150000    0.000000    0.000000   clock wr_clk (rise edge)
                                  0.000000    0.000000   clock network delay (ideal)
                                  2.000000    2.000000 v input external delay
     1    0.002273    0.007692    0.003522    2.003522 v wr_en (in)
                                                         wr_en (net)
                      0.007692    0.000000    2.003522 v _0807_/B_N (sky130_fd_sc_hd__nor2b_4)
     4    0.013278    0.059178    0.119793    2.123314 v _0807_/Y (sky130_fd_sc_hd__nor2b_4)
                                                         _0293_ (net)
                      0.059178    0.000000    2.123314 v _1049_/A (sky130_fd_sc_hd__and3_2)
     4    0.017216    0.072047    0.216705    2.340019 v _1049_/X (sky130_fd_sc_hd__and3_2)
                                                         _0507_ (net)
                      0.072047    0.000000    2.340019 v _1140_/A (sky130_fd_sc_hd__nand2_2)
     8    0.026816    0.153676    0.143966    2.483985 ^ _1140_/Y (sky130_fd_sc_hd__nand2_2)
                                                         _0558_ (net)
                      0.153676    0.000000    2.483985 ^ _1147_/S (sky130_fd_sc_hd__mux2_2)
     1    0.002015    0.045539    0.342598    2.826583 v _1147_/X (sky130_fd_sc_hd__mux2_2)
                                                         _0562_ (net)
                      0.045539    0.000000    2.826583 v _1148_/A (sky130_fd_sc_hd__buf_1)
     1    0.001681    0.021562    0.081527    2.908110 v _1148_/X (sky130_fd_sc_hd__buf_1)
                                                         _0051_ (net)
                      0.021562    0.000000    2.908110 v _1381_/D (sky130_fd_sc_hd__dfxtp_2)
                                              2.908110   data arrival time

                      0.150000   10.000000   10.000000   clock wr_clk (rise edge)
                                  0.000000   10.000000   clock network delay (ideal)
                                 -0.250000    9.750000   clock uncertainty
                                  0.000000    9.750000   clock reconvergence pessimism
                                              9.750000 ^ _1381_/CLK (sky130_fd_sc_hd__dfxtp_2)
                                 -0.078174    9.671826   library setup time
                                              9.671826   data required time
---------------------------------------------------------------------------------------------
                                              9.671826   data required time
                                             -2.908110   data arrival time
---------------------------------------------------------------------------------------------
                                              6.763716   slack (MET)


Startpoint: wr_en (input port clocked by wr_clk)
Endpoint: _1382_ (rising edge-triggered flip-flop clocked by wr_clk)
Path Group: wr_clk
Path Type: max

Fanout         Cap        Slew       Delay        Time   Description
---------------------------------------------------------------------------------------------
                      0.150000    0.000000    0.000000   clock wr_clk (rise edge)
                                  0.000000    0.000000   clock network delay (ideal)
                                  2.000000    2.000000 v input external delay
     1    0.002273    0.007692    0.003522    2.003522 v wr_en (in)
                                                         wr_en (net)
                      0.007692    0.000000    2.003522 v _0807_/B_N (sky130_fd_sc_hd__nor2b_4)
     4    0.013278    0.059178    0.119793    2.123314 v _0807_/Y (sky130_fd_sc_hd__nor2b_4)
                                                         _0293_ (net)
                      0.059178    0.000000    2.123314 v _1049_/A (sky130_fd_sc_hd__and3_2)
     4    0.017216    0.072047    0.216705    2.340019 v _1049_/X (sky130_fd_sc_hd__and3_2)
                                                         _0507_ (net)
                      0.072047    0.000000    2.340019 v _1140_/A (sky130_fd_sc_hd__nand2_2)
     8    0.026816    0.153676    0.143966    2.483985 ^ _1140_/Y (sky130_fd_sc_hd__nand2_2)
                                                         _0558_ (net)
                      0.153676    0.000000    2.483985 ^ _1149_/S (sky130_fd_sc_hd__mux2_2)
     1    0.002015    0.045539    0.342598    2.826583 v _1149_/X (sky130_fd_sc_hd__mux2_2)
                                                         _0563_ (net)
                      0.045539    0.000000    2.826583 v _1150_/A (sky130_fd_sc_hd__buf_1)
     1    0.001681    0.021562    0.081527    2.908110 v _1150_/X (sky130_fd_sc_hd__buf_1)
                                                         _0052_ (net)
                      0.021562    0.000000    2.908110 v _1382_/D (sky130_fd_sc_hd__dfxtp_2)
                                              2.908110   data arrival time

                      0.150000   10.000000   10.000000   clock wr_clk (rise edge)
                                  0.000000   10.000000   clock network delay (ideal)
                                 -0.250000    9.750000   clock uncertainty
                                  0.000000    9.750000   clock reconvergence pessimism
                                              9.750000 ^ _1382_/CLK (sky130_fd_sc_hd__dfxtp_2)
                                 -0.078174    9.671826   library setup time
                                              9.671826   data required time
---------------------------------------------------------------------------------------------
                                              9.671826   data required time
                                             -2.908110   data arrival time
---------------------------------------------------------------------------------------------
                                              6.763716   slack (MET)


Startpoint: wr_en (input port clocked by wr_clk)
Endpoint: _1383_ (rising edge-triggered flip-flop clocked by wr_clk)
Path Group: wr_clk
Path Type: max

Fanout         Cap        Slew       Delay        Time   Description
---------------------------------------------------------------------------------------------
                      0.150000    0.000000    0.000000   clock wr_clk (rise edge)
                                  0.000000    0.000000   clock network delay (ideal)
                                  2.000000    2.000000 v input external delay
     1    0.002273    0.007692    0.003522    2.003522 v wr_en (in)
                                                         wr_en (net)
                      0.007692    0.000000    2.003522 v _0807_/B_N (sky130_fd_sc_hd__nor2b_4)
     4    0.013278    0.059178    0.119793    2.123314 v _0807_/Y (sky130_fd_sc_hd__nor2b_4)
                                                         _0293_ (net)
                      0.059178    0.000000    2.123314 v _1049_/A (sky130_fd_sc_hd__and3_2)
     4    0.017216    0.072047    0.216705    2.340019 v _1049_/X (sky130_fd_sc_hd__and3_2)
                                                         _0507_ (net)
                      0.072047    0.000000    2.340019 v _1140_/A (sky130_fd_sc_hd__nand2_2)
     8    0.026816    0.153676    0.143966    2.483985 ^ _1140_/Y (sky130_fd_sc_hd__nand2_2)
                                                         _0558_ (net)
                      0.153676    0.000000    2.483985 ^ _1151_/S (sky130_fd_sc_hd__mux2_2)
     1    0.002015    0.045539    0.342598    2.826583 v _1151_/X (sky130_fd_sc_hd__mux2_2)
                                                         _0564_ (net)
                      0.045539    0.000000    2.826583 v _1152_/A (sky130_fd_sc_hd__buf_1)
     1    0.001681    0.021562    0.081527    2.908110 v _1152_/X (sky130_fd_sc_hd__buf_1)
                                                         _0053_ (net)
                      0.021562    0.000000    2.908110 v _1383_/D (sky130_fd_sc_hd__dfxtp_2)
                                              2.908110   data arrival time

                      0.150000   10.000000   10.000000   clock wr_clk (rise edge)
                                  0.000000   10.000000   clock network delay (ideal)
                                 -0.250000    9.750000   clock uncertainty
                                  0.000000    9.750000   clock reconvergence pessimism
                                              9.750000 ^ _1383_/CLK (sky130_fd_sc_hd__dfxtp_2)
                                 -0.078174    9.671826   library setup time
                                              9.671826   data required time
---------------------------------------------------------------------------------------------
                                              9.671826   data required time
                                             -2.908110   data arrival time
---------------------------------------------------------------------------------------------
                                              6.763716   slack (MET)


Startpoint: wr_en (input port clocked by wr_clk)
Endpoint: _1384_ (rising edge-triggered flip-flop clocked by wr_clk)
Path Group: wr_clk
Path Type: max

Fanout         Cap        Slew       Delay        Time   Description
---------------------------------------------------------------------------------------------
                      0.150000    0.000000    0.000000   clock wr_clk (rise edge)
                                  0.000000    0.000000   clock network delay (ideal)
                                  2.000000    2.000000 v input external delay
     1    0.002273    0.007692    0.003522    2.003522 v wr_en (in)
                                                         wr_en (net)
                      0.007692    0.000000    2.003522 v _0807_/B_N (sky130_fd_sc_hd__nor2b_4)
     4    0.013278    0.059178    0.119793    2.123314 v _0807_/Y (sky130_fd_sc_hd__nor2b_4)
                                                         _0293_ (net)
                      0.059178    0.000000    2.123314 v _1049_/A (sky130_fd_sc_hd__and3_2)
     4    0.017216    0.072047    0.216705    2.340019 v _1049_/X (sky130_fd_sc_hd__and3_2)
                                                         _0507_ (net)
                      0.072047    0.000000    2.340019 v _1140_/A (sky130_fd_sc_hd__nand2_2)
     8    0.026816    0.153676    0.143966    2.483985 ^ _1140_/Y (sky130_fd_sc_hd__nand2_2)
                                                         _0558_ (net)
                      0.153676    0.000000    2.483985 ^ _1153_/S (sky130_fd_sc_hd__mux2_2)
     1    0.002015    0.045539    0.342598    2.826583 v _1153_/X (sky130_fd_sc_hd__mux2_2)
                                                         _0565_ (net)
                      0.045539    0.000000    2.826583 v _1154_/A (sky130_fd_sc_hd__buf_1)
     1    0.001681    0.021562    0.081527    2.908110 v _1154_/X (sky130_fd_sc_hd__buf_1)
                                                         _0054_ (net)
                      0.021562    0.000000    2.908110 v _1384_/D (sky130_fd_sc_hd__dfxtp_2)
                                              2.908110   data arrival time

                      0.150000   10.000000   10.000000   clock wr_clk (rise edge)
                                  0.000000   10.000000   clock network delay (ideal)
                                 -0.250000    9.750000   clock uncertainty
                                  0.000000    9.750000   clock reconvergence pessimism
                                              9.750000 ^ _1384_/CLK (sky130_fd_sc_hd__dfxtp_2)
                                 -0.078174    9.671826   library setup time
                                              9.671826   data required time
---------------------------------------------------------------------------------------------
                                              9.671826   data required time
                                             -2.908110   data arrival time
---------------------------------------------------------------------------------------------
                                              6.763716   slack (MET)


Startpoint: wr_en (input port clocked by wr_clk)
Endpoint: _1385_ (rising edge-triggered flip-flop clocked by wr_clk)
Path Group: wr_clk
Path Type: max

Fanout         Cap        Slew       Delay        Time   Description
---------------------------------------------------------------------------------------------
                      0.150000    0.000000    0.000000   clock wr_clk (rise edge)
                                  0.000000    0.000000   clock network delay (ideal)
                                  2.000000    2.000000 v input external delay
     1    0.002273    0.007692    0.003522    2.003522 v wr_en (in)
                                                         wr_en (net)
                      0.007692    0.000000    2.003522 v _0807_/B_N (sky130_fd_sc_hd__nor2b_4)
     4    0.013278    0.059178    0.119793    2.123314 v _0807_/Y (sky130_fd_sc_hd__nor2b_4)
                                                         _0293_ (net)
                      0.059178    0.000000    2.123314 v _1049_/A (sky130_fd_sc_hd__and3_2)
     4    0.017216    0.072047    0.216705    2.340019 v _1049_/X (sky130_fd_sc_hd__and3_2)
                                                         _0507_ (net)
                      0.072047    0.000000    2.340019 v _1140_/A (sky130_fd_sc_hd__nand2_2)
     8    0.026816    0.153676    0.143966    2.483985 ^ _1140_/Y (sky130_fd_sc_hd__nand2_2)
                                                         _0558_ (net)
                      0.153676    0.000000    2.483985 ^ _1155_/S (sky130_fd_sc_hd__mux2_2)
     1    0.002015    0.045539    0.342598    2.826583 v _1155_/X (sky130_fd_sc_hd__mux2_2)
                                                         _0566_ (net)
                      0.045539    0.000000    2.826583 v _1156_/A (sky130_fd_sc_hd__buf_1)
     1    0.001681    0.021562    0.081527    2.908110 v _1156_/X (sky130_fd_sc_hd__buf_1)
                                                         _0055_ (net)
                      0.021562    0.000000    2.908110 v _1385_/D (sky130_fd_sc_hd__dfxtp_2)
                                              2.908110   data arrival time

                      0.150000   10.000000   10.000000   clock wr_clk (rise edge)
                                  0.000000   10.000000   clock network delay (ideal)
                                 -0.250000    9.750000   clock uncertainty
                                  0.000000    9.750000   clock reconvergence pessimism
                                              9.750000 ^ _1385_/CLK (sky130_fd_sc_hd__dfxtp_2)
                                 -0.078174    9.671826   library setup time
                                              9.671826   data required time
---------------------------------------------------------------------------------------------
                                              9.671826   data required time
                                             -2.908110   data arrival time
---------------------------------------------------------------------------------------------
                                              6.763716   slack (MET)


Startpoint: wr_en (input port clocked by wr_clk)
Endpoint: _1386_ (rising edge-triggered flip-flop clocked by wr_clk)
Path Group: wr_clk
Path Type: max

Fanout         Cap        Slew       Delay        Time   Description
---------------------------------------------------------------------------------------------
                      0.150000    0.000000    0.000000   clock wr_clk (rise edge)
                                  0.000000    0.000000   clock network delay (ideal)
                                  2.000000    2.000000 v input external delay
     1    0.002273    0.007692    0.003522    2.003522 v wr_en (in)
                                                         wr_en (net)
                      0.007692    0.000000    2.003522 v _0807_/B_N (sky130_fd_sc_hd__nor2b_4)
     4    0.013278    0.059178    0.119793    2.123314 v _0807_/Y (sky130_fd_sc_hd__nor2b_4)
                                                         _0293_ (net)
                      0.059178    0.000000    2.123314 v _1085_/A (sky130_fd_sc_hd__and3_2)
     4    0.017216    0.072047    0.216705    2.340019 v _1085_/X (sky130_fd_sc_hd__and3_2)
                                                         _0527_ (net)
                      0.072047    0.000000    2.340019 v _1157_/A (sky130_fd_sc_hd__nand2_2)
     8    0.026816    0.153643    0.143966    2.483985 ^ _1157_/Y (sky130_fd_sc_hd__nand2_2)
                                                         _0567_ (net)
                      0.153643    0.000000    2.483985 ^ _1158_/S (sky130_fd_sc_hd__mux2_2)
     1    0.002015    0.045539    0.342592    2.826577 v _1158_/X (sky130_fd_sc_hd__mux2_2)
                                                         _0568_ (net)
                      0.045539    0.000000    2.826577 v _1159_/A (sky130_fd_sc_hd__buf_1)
     1    0.001681    0.021562    0.081527    2.908104 v _1159_/X (sky130_fd_sc_hd__buf_1)
                                                         _0056_ (net)
                      0.021562    0.000000    2.908104 v _1386_/D (sky130_fd_sc_hd__dfxtp_2)
                                              2.908104   data arrival time

                      0.150000   10.000000   10.000000   clock wr_clk (rise edge)
                                  0.000000   10.000000   clock network delay (ideal)
                                 -0.250000    9.750000   clock uncertainty
                                  0.000000    9.750000   clock reconvergence pessimism
                                              9.750000 ^ _1386_/CLK (sky130_fd_sc_hd__dfxtp_2)
                                 -0.078174    9.671826   library setup time
                                              9.671826   data required time
---------------------------------------------------------------------------------------------
                                              9.671826   data required time
                                             -2.908104   data arrival time
---------------------------------------------------------------------------------------------
                                              6.763722   slack (MET)


Startpoint: wr_en (input port clocked by wr_clk)
Endpoint: _1387_ (rising edge-triggered flip-flop clocked by wr_clk)
Path Group: wr_clk
Path Type: max

Fanout         Cap        Slew       Delay        Time   Description
---------------------------------------------------------------------------------------------
                      0.150000    0.000000    0.000000   clock wr_clk (rise edge)
                                  0.000000    0.000000   clock network delay (ideal)
                                  2.000000    2.000000 v input external delay
     1    0.002273    0.007692    0.003522    2.003522 v wr_en (in)
                                                         wr_en (net)
                      0.007692    0.000000    2.003522 v _0807_/B_N (sky130_fd_sc_hd__nor2b_4)
     4    0.013278    0.059178    0.119793    2.123314 v _0807_/Y (sky130_fd_sc_hd__nor2b_4)
                                                         _0293_ (net)
                      0.059178    0.000000    2.123314 v _1085_/A (sky130_fd_sc_hd__and3_2)
     4    0.017216    0.072047    0.216705    2.340019 v _1085_/X (sky130_fd_sc_hd__and3_2)
                                                         _0527_ (net)
                      0.072047    0.000000    2.340019 v _1157_/A (sky130_fd_sc_hd__nand2_2)
     8    0.026816    0.153643    0.143966    2.483985 ^ _1157_/Y (sky130_fd_sc_hd__nand2_2)
                                                         _0567_ (net)
                      0.153643    0.000000    2.483985 ^ _1160_/S (sky130_fd_sc_hd__mux2_2)
     1    0.002015    0.045539    0.342592    2.826577 v _1160_/X (sky130_fd_sc_hd__mux2_2)
                                                         _0569_ (net)
                      0.045539    0.000000    2.826577 v _1161_/A (sky130_fd_sc_hd__buf_1)
     1    0.001681    0.021562    0.081527    2.908104 v _1161_/X (sky130_fd_sc_hd__buf_1)
                                                         _0057_ (net)
                      0.021562    0.000000    2.908104 v _1387_/D (sky130_fd_sc_hd__dfxtp_2)
                                              2.908104   data arrival time

                      0.150000   10.000000   10.000000   clock wr_clk (rise edge)
                                  0.000000   10.000000   clock network delay (ideal)
                                 -0.250000    9.750000   clock uncertainty
                                  0.000000    9.750000   clock reconvergence pessimism
                                              9.750000 ^ _1387_/CLK (sky130_fd_sc_hd__dfxtp_2)
                                 -0.078174    9.671826   library setup time
                                              9.671826   data required time
---------------------------------------------------------------------------------------------
                                              9.671826   data required time
                                             -2.908104   data arrival time
---------------------------------------------------------------------------------------------
                                              6.763722   slack (MET)


Startpoint: wr_en (input port clocked by wr_clk)
Endpoint: _1388_ (rising edge-triggered flip-flop clocked by wr_clk)
Path Group: wr_clk
Path Type: max

Fanout         Cap        Slew       Delay        Time   Description
---------------------------------------------------------------------------------------------
                      0.150000    0.000000    0.000000   clock wr_clk (rise edge)
                                  0.000000    0.000000   clock network delay (ideal)
                                  2.000000    2.000000 v input external delay
     1    0.002273    0.007692    0.003522    2.003522 v wr_en (in)
                                                         wr_en (net)
                      0.007692    0.000000    2.003522 v _0807_/B_N (sky130_fd_sc_hd__nor2b_4)
     4    0.013278    0.059178    0.119793    2.123314 v _0807_/Y (sky130_fd_sc_hd__nor2b_4)
                                                         _0293_ (net)
                      0.059178    0.000000    2.123314 v _1085_/A (sky130_fd_sc_hd__and3_2)
     4    0.017216    0.072047    0.216705    2.340019 v _1085_/X (sky130_fd_sc_hd__and3_2)
                                                         _0527_ (net)
                      0.072047    0.000000    2.340019 v _1157_/A (sky130_fd_sc_hd__nand2_2)
     8    0.026816    0.153643    0.143966    2.483985 ^ _1157_/Y (sky130_fd_sc_hd__nand2_2)
                                                         _0567_ (net)
                      0.153643    0.000000    2.483985 ^ _1162_/S (sky130_fd_sc_hd__mux2_2)
     1    0.002015    0.045539    0.342592    2.826577 v _1162_/X (sky130_fd_sc_hd__mux2_2)
                                                         _0570_ (net)
                      0.045539    0.000000    2.826577 v _1163_/A (sky130_fd_sc_hd__buf_1)
     1    0.001681    0.021562    0.081527    2.908104 v _1163_/X (sky130_fd_sc_hd__buf_1)
                                                         _0058_ (net)
                      0.021562    0.000000    2.908104 v _1388_/D (sky130_fd_sc_hd__dfxtp_2)
                                              2.908104   data arrival time

                      0.150000   10.000000   10.000000   clock wr_clk (rise edge)
                                  0.000000   10.000000   clock network delay (ideal)
                                 -0.250000    9.750000   clock uncertainty
                                  0.000000    9.750000   clock reconvergence pessimism
                                              9.750000 ^ _1388_/CLK (sky130_fd_sc_hd__dfxtp_2)
                                 -0.078174    9.671826   library setup time
                                              9.671826   data required time
---------------------------------------------------------------------------------------------
                                              9.671826   data required time
                                             -2.908104   data arrival time
---------------------------------------------------------------------------------------------
                                              6.763722   slack (MET)


Startpoint: wr_en (input port clocked by wr_clk)
Endpoint: _1389_ (rising edge-triggered flip-flop clocked by wr_clk)
Path Group: wr_clk
Path Type: max

Fanout         Cap        Slew       Delay        Time   Description
---------------------------------------------------------------------------------------------
                      0.150000    0.000000    0.000000   clock wr_clk (rise edge)
                                  0.000000    0.000000   clock network delay (ideal)
                                  2.000000    2.000000 v input external delay
     1    0.002273    0.007692    0.003522    2.003522 v wr_en (in)
                                                         wr_en (net)
                      0.007692    0.000000    2.003522 v _0807_/B_N (sky130_fd_sc_hd__nor2b_4)
     4    0.013278    0.059178    0.119793    2.123314 v _0807_/Y (sky130_fd_sc_hd__nor2b_4)
                                                         _0293_ (net)
                      0.059178    0.000000    2.123314 v _1085_/A (sky130_fd_sc_hd__and3_2)
     4    0.017216    0.072047    0.216705    2.340019 v _1085_/X (sky130_fd_sc_hd__and3_2)
                                                         _0527_ (net)
                      0.072047    0.000000    2.340019 v _1157_/A (sky130_fd_sc_hd__nand2_2)
     8    0.026816    0.153643    0.143966    2.483985 ^ _1157_/Y (sky130_fd_sc_hd__nand2_2)
                                                         _0567_ (net)
                      0.153643    0.000000    2.483985 ^ _1164_/S (sky130_fd_sc_hd__mux2_2)
     1    0.002015    0.045539    0.342592    2.826577 v _1164_/X (sky130_fd_sc_hd__mux2_2)
                                                         _0571_ (net)
                      0.045539    0.000000    2.826577 v _1165_/A (sky130_fd_sc_hd__buf_1)
     1    0.001681    0.021562    0.081527    2.908104 v _1165_/X (sky130_fd_sc_hd__buf_1)
                                                         _0059_ (net)
                      0.021562    0.000000    2.908104 v _1389_/D (sky130_fd_sc_hd__dfxtp_2)
                                              2.908104   data arrival time

                      0.150000   10.000000   10.000000   clock wr_clk (rise edge)
                                  0.000000   10.000000   clock network delay (ideal)
                                 -0.250000    9.750000   clock uncertainty
                                  0.000000    9.750000   clock reconvergence pessimism
                                              9.750000 ^ _1389_/CLK (sky130_fd_sc_hd__dfxtp_2)
                                 -0.078174    9.671826   library setup time
                                              9.671826   data required time
---------------------------------------------------------------------------------------------
                                              9.671826   data required time
                                             -2.908104   data arrival time
---------------------------------------------------------------------------------------------
                                              6.763722   slack (MET)


Startpoint: wr_en (input port clocked by wr_clk)
Endpoint: _1390_ (rising edge-triggered flip-flop clocked by wr_clk)
Path Group: wr_clk
Path Type: max

Fanout         Cap        Slew       Delay        Time   Description
---------------------------------------------------------------------------------------------
                      0.150000    0.000000    0.000000   clock wr_clk (rise edge)
                                  0.000000    0.000000   clock network delay (ideal)
                                  2.000000    2.000000 v input external delay
     1    0.002273    0.007692    0.003522    2.003522 v wr_en (in)
                                                         wr_en (net)
                      0.007692    0.000000    2.003522 v _0807_/B_N (sky130_fd_sc_hd__nor2b_4)
     4    0.013278    0.059178    0.119793    2.123314 v _0807_/Y (sky130_fd_sc_hd__nor2b_4)
                                                         _0293_ (net)
                      0.059178    0.000000    2.123314 v _1085_/A (sky130_fd_sc_hd__and3_2)
     4    0.017216    0.072047    0.216705    2.340019 v _1085_/X (sky130_fd_sc_hd__and3_2)
                                                         _0527_ (net)
                      0.072047    0.000000    2.340019 v _1157_/A (sky130_fd_sc_hd__nand2_2)
     8    0.026816    0.153643    0.143966    2.483985 ^ _1157_/Y (sky130_fd_sc_hd__nand2_2)
                                                         _0567_ (net)
                      0.153643    0.000000    2.483985 ^ _1166_/S (sky130_fd_sc_hd__mux2_2)
     1    0.002015    0.045539    0.342592    2.826577 v _1166_/X (sky130_fd_sc_hd__mux2_2)
                                                         _0572_ (net)
                      0.045539    0.000000    2.826577 v _1167_/A (sky130_fd_sc_hd__buf_1)
     1    0.001681    0.021562    0.081527    2.908104 v _1167_/X (sky130_fd_sc_hd__buf_1)
                                                         _0060_ (net)
                      0.021562    0.000000    2.908104 v _1390_/D (sky130_fd_sc_hd__dfxtp_2)
                                              2.908104   data arrival time

                      0.150000   10.000000   10.000000   clock wr_clk (rise edge)
                                  0.000000   10.000000   clock network delay (ideal)
                                 -0.250000    9.750000   clock uncertainty
                                  0.000000    9.750000   clock reconvergence pessimism
                                              9.750000 ^ _1390_/CLK (sky130_fd_sc_hd__dfxtp_2)
                                 -0.078174    9.671826   library setup time
                                              9.671826   data required time
---------------------------------------------------------------------------------------------
                                              9.671826   data required time
                                             -2.908104   data arrival time
---------------------------------------------------------------------------------------------
                                              6.763722   slack (MET)


Startpoint: wr_en (input port clocked by wr_clk)
Endpoint: _1391_ (rising edge-triggered flip-flop clocked by wr_clk)
Path Group: wr_clk
Path Type: max

Fanout         Cap        Slew       Delay        Time   Description
---------------------------------------------------------------------------------------------
                      0.150000    0.000000    0.000000   clock wr_clk (rise edge)
                                  0.000000    0.000000   clock network delay (ideal)
                                  2.000000    2.000000 v input external delay
     1    0.002273    0.007692    0.003522    2.003522 v wr_en (in)
                                                         wr_en (net)
                      0.007692    0.000000    2.003522 v _0807_/B_N (sky130_fd_sc_hd__nor2b_4)
     4    0.013278    0.059178    0.119793    2.123314 v _0807_/Y (sky130_fd_sc_hd__nor2b_4)
                                                         _0293_ (net)
                      0.059178    0.000000    2.123314 v _1085_/A (sky130_fd_sc_hd__and3_2)
     4    0.017216    0.072047    0.216705    2.340019 v _1085_/X (sky130_fd_sc_hd__and3_2)
                                                         _0527_ (net)
                      0.072047    0.000000    2.340019 v _1157_/A (sky130_fd_sc_hd__nand2_2)
     8    0.026816    0.153643    0.143966    2.483985 ^ _1157_/Y (sky130_fd_sc_hd__nand2_2)
                                                         _0567_ (net)
                      0.153643    0.000000    2.483985 ^ _1168_/S (sky130_fd_sc_hd__mux2_2)
     1    0.002015    0.045539    0.342592    2.826577 v _1168_/X (sky130_fd_sc_hd__mux2_2)
                                                         _0573_ (net)
                      0.045539    0.000000    2.826577 v _1169_/A (sky130_fd_sc_hd__buf_1)
     1    0.001681    0.021562    0.081527    2.908104 v _1169_/X (sky130_fd_sc_hd__buf_1)
                                                         _0061_ (net)
                      0.021562    0.000000    2.908104 v _1391_/D (sky130_fd_sc_hd__dfxtp_2)
                                              2.908104   data arrival time

                      0.150000   10.000000   10.000000   clock wr_clk (rise edge)
                                  0.000000   10.000000   clock network delay (ideal)
                                 -0.250000    9.750000   clock uncertainty
                                  0.000000    9.750000   clock reconvergence pessimism
                                              9.750000 ^ _1391_/CLK (sky130_fd_sc_hd__dfxtp_2)
                                 -0.078174    9.671826   library setup time
                                              9.671826   data required time
---------------------------------------------------------------------------------------------
                                              9.671826   data required time
                                             -2.908104   data arrival time
---------------------------------------------------------------------------------------------
                                              6.763722   slack (MET)


Startpoint: wr_en (input port clocked by wr_clk)
Endpoint: _1392_ (rising edge-triggered flip-flop clocked by wr_clk)
Path Group: wr_clk
Path Type: max

Fanout         Cap        Slew       Delay        Time   Description
---------------------------------------------------------------------------------------------
                      0.150000    0.000000    0.000000   clock wr_clk (rise edge)
                                  0.000000    0.000000   clock network delay (ideal)
                                  2.000000    2.000000 v input external delay
     1    0.002273    0.007692    0.003522    2.003522 v wr_en (in)
                                                         wr_en (net)
                      0.007692    0.000000    2.003522 v _0807_/B_N (sky130_fd_sc_hd__nor2b_4)
     4    0.013278    0.059178    0.119793    2.123314 v _0807_/Y (sky130_fd_sc_hd__nor2b_4)
                                                         _0293_ (net)
                      0.059178    0.000000    2.123314 v _1085_/A (sky130_fd_sc_hd__and3_2)
     4    0.017216    0.072047    0.216705    2.340019 v _1085_/X (sky130_fd_sc_hd__and3_2)
                                                         _0527_ (net)
                      0.072047    0.000000    2.340019 v _1157_/A (sky130_fd_sc_hd__nand2_2)
     8    0.026816    0.153643    0.143966    2.483985 ^ _1157_/Y (sky130_fd_sc_hd__nand2_2)
                                                         _0567_ (net)
                      0.153643    0.000000    2.483985 ^ _1170_/S (sky130_fd_sc_hd__mux2_2)
     1    0.002015    0.045539    0.342592    2.826577 v _1170_/X (sky130_fd_sc_hd__mux2_2)
                                                         _0574_ (net)
                      0.045539    0.000000    2.826577 v _1171_/A (sky130_fd_sc_hd__buf_1)
     1    0.001681    0.021562    0.081527    2.908104 v _1171_/X (sky130_fd_sc_hd__buf_1)
                                                         _0062_ (net)
                      0.021562    0.000000    2.908104 v _1392_/D (sky130_fd_sc_hd__dfxtp_2)
                                              2.908104   data arrival time

                      0.150000   10.000000   10.000000   clock wr_clk (rise edge)
                                  0.000000   10.000000   clock network delay (ideal)
                                 -0.250000    9.750000   clock uncertainty
                                  0.000000    9.750000   clock reconvergence pessimism
                                              9.750000 ^ _1392_/CLK (sky130_fd_sc_hd__dfxtp_2)
                                 -0.078174    9.671826   library setup time
                                              9.671826   data required time
---------------------------------------------------------------------------------------------
                                              9.671826   data required time
                                             -2.908104   data arrival time
---------------------------------------------------------------------------------------------
                                              6.763722   slack (MET)


Startpoint: wr_en (input port clocked by wr_clk)
Endpoint: _1393_ (rising edge-triggered flip-flop clocked by wr_clk)
Path Group: wr_clk
Path Type: max

Fanout         Cap        Slew       Delay        Time   Description
---------------------------------------------------------------------------------------------
                      0.150000    0.000000    0.000000   clock wr_clk (rise edge)
                                  0.000000    0.000000   clock network delay (ideal)
                                  2.000000    2.000000 v input external delay
     1    0.002273    0.007692    0.003522    2.003522 v wr_en (in)
                                                         wr_en (net)
                      0.007692    0.000000    2.003522 v _0807_/B_N (sky130_fd_sc_hd__nor2b_4)
     4    0.013278    0.059178    0.119793    2.123314 v _0807_/Y (sky130_fd_sc_hd__nor2b_4)
                                                         _0293_ (net)
                      0.059178    0.000000    2.123314 v _1085_/A (sky130_fd_sc_hd__and3_2)
     4    0.017216    0.072047    0.216705    2.340019 v _1085_/X (sky130_fd_sc_hd__and3_2)
                                                         _0527_ (net)
                      0.072047    0.000000    2.340019 v _1157_/A (sky130_fd_sc_hd__nand2_2)
     8    0.026816    0.153643    0.143966    2.483985 ^ _1157_/Y (sky130_fd_sc_hd__nand2_2)
                                                         _0567_ (net)
                      0.153643    0.000000    2.483985 ^ _1172_/S (sky130_fd_sc_hd__mux2_2)
     1    0.002015    0.045539    0.342592    2.826577 v _1172_/X (sky130_fd_sc_hd__mux2_2)
                                                         _0575_ (net)
                      0.045539    0.000000    2.826577 v _1173_/A (sky130_fd_sc_hd__buf_1)
     1    0.001681    0.021562    0.081527    2.908104 v _1173_/X (sky130_fd_sc_hd__buf_1)
                                                         _0063_ (net)
                      0.021562    0.000000    2.908104 v _1393_/D (sky130_fd_sc_hd__dfxtp_2)
                                              2.908104   data arrival time

                      0.150000   10.000000   10.000000   clock wr_clk (rise edge)
                                  0.000000   10.000000   clock network delay (ideal)
                                 -0.250000    9.750000   clock uncertainty
                                  0.000000    9.750000   clock reconvergence pessimism
                                              9.750000 ^ _1393_/CLK (sky130_fd_sc_hd__dfxtp_2)
                                 -0.078174    9.671826   library setup time
                                              9.671826   data required time
---------------------------------------------------------------------------------------------
                                              9.671826   data required time
                                             -2.908104   data arrival time
---------------------------------------------------------------------------------------------
                                              6.763722   slack (MET)


Startpoint: wr_en (input port clocked by wr_clk)
Endpoint: _1394_ (rising edge-triggered flip-flop clocked by wr_clk)
Path Group: wr_clk
Path Type: max

Fanout         Cap        Slew       Delay        Time   Description
---------------------------------------------------------------------------------------------
                      0.150000    0.000000    0.000000   clock wr_clk (rise edge)
                                  0.000000    0.000000   clock network delay (ideal)
                                  2.000000    2.000000 v input external delay
     1    0.002273    0.007692    0.003522    2.003522 v wr_en (in)
                                                         wr_en (net)
                      0.007692    0.000000    2.003522 v _0807_/B_N (sky130_fd_sc_hd__nor2b_4)
     4    0.013278    0.059178    0.119793    2.123314 v _0807_/Y (sky130_fd_sc_hd__nor2b_4)
                                                         _0293_ (net)
                      0.059178    0.000000    2.123314 v _1085_/A (sky130_fd_sc_hd__and3_2)
     4    0.017216    0.072047    0.216705    2.340019 v _1085_/X (sky130_fd_sc_hd__and3_2)
                                                         _0527_ (net)
                      0.072047    0.000000    2.340019 v _1174_/A (sky130_fd_sc_hd__nand2_2)
     8    0.026816    0.153676    0.143966    2.483985 ^ _1174_/Y (sky130_fd_sc_hd__nand2_2)
                                                         _0576_ (net)
                      0.153676    0.000000    2.483985 ^ _1175_/S (sky130_fd_sc_hd__mux2_2)
     1    0.002015    0.045539    0.342598    2.826583 v _1175_/X (sky130_fd_sc_hd__mux2_2)
                                                         _0577_ (net)
                      0.045539    0.000000    2.826583 v _1176_/A (sky130_fd_sc_hd__buf_1)
     1    0.001681    0.021562    0.081527    2.908110 v _1176_/X (sky130_fd_sc_hd__buf_1)
                                                         _0064_ (net)
                      0.021562    0.000000    2.908110 v _1394_/D (sky130_fd_sc_hd__dfxtp_2)
                                              2.908110   data arrival time

                      0.150000   10.000000   10.000000   clock wr_clk (rise edge)
                                  0.000000   10.000000   clock network delay (ideal)
                                 -0.250000    9.750000   clock uncertainty
                                  0.000000    9.750000   clock reconvergence pessimism
                                              9.750000 ^ _1394_/CLK (sky130_fd_sc_hd__dfxtp_2)
                                 -0.078174    9.671826   library setup time
                                              9.671826   data required time
---------------------------------------------------------------------------------------------
                                              9.671826   data required time
                                             -2.908110   data arrival time
---------------------------------------------------------------------------------------------
                                              6.763716   slack (MET)


Startpoint: wr_en (input port clocked by wr_clk)
Endpoint: _1395_ (rising edge-triggered flip-flop clocked by wr_clk)
Path Group: wr_clk
Path Type: max

Fanout         Cap        Slew       Delay        Time   Description
---------------------------------------------------------------------------------------------
                      0.150000    0.000000    0.000000   clock wr_clk (rise edge)
                                  0.000000    0.000000   clock network delay (ideal)
                                  2.000000    2.000000 v input external delay
     1    0.002273    0.007692    0.003522    2.003522 v wr_en (in)
                                                         wr_en (net)
                      0.007692    0.000000    2.003522 v _0807_/B_N (sky130_fd_sc_hd__nor2b_4)
     4    0.013278    0.059178    0.119793    2.123314 v _0807_/Y (sky130_fd_sc_hd__nor2b_4)
                                                         _0293_ (net)
                      0.059178    0.000000    2.123314 v _1085_/A (sky130_fd_sc_hd__and3_2)
     4    0.017216    0.072047    0.216705    2.340019 v _1085_/X (sky130_fd_sc_hd__and3_2)
                                                         _0527_ (net)
                      0.072047    0.000000    2.340019 v _1174_/A (sky130_fd_sc_hd__nand2_2)
     8    0.026816    0.153676    0.143966    2.483985 ^ _1174_/Y (sky130_fd_sc_hd__nand2_2)
                                                         _0576_ (net)
                      0.153676    0.000000    2.483985 ^ _1177_/S (sky130_fd_sc_hd__mux2_2)
     1    0.002015    0.045539    0.342598    2.826583 v _1177_/X (sky130_fd_sc_hd__mux2_2)
                                                         _0578_ (net)
                      0.045539    0.000000    2.826583 v _1178_/A (sky130_fd_sc_hd__buf_1)
     1    0.001681    0.021562    0.081527    2.908110 v _1178_/X (sky130_fd_sc_hd__buf_1)
                                                         _0065_ (net)
                      0.021562    0.000000    2.908110 v _1395_/D (sky130_fd_sc_hd__dfxtp_2)
                                              2.908110   data arrival time

                      0.150000   10.000000   10.000000   clock wr_clk (rise edge)
                                  0.000000   10.000000   clock network delay (ideal)
                                 -0.250000    9.750000   clock uncertainty
                                  0.000000    9.750000   clock reconvergence pessimism
                                              9.750000 ^ _1395_/CLK (sky130_fd_sc_hd__dfxtp_2)
                                 -0.078174    9.671826   library setup time
                                              9.671826   data required time
---------------------------------------------------------------------------------------------
                                              9.671826   data required time
                                             -2.908110   data arrival time
---------------------------------------------------------------------------------------------
                                              6.763716   slack (MET)


Startpoint: wr_en (input port clocked by wr_clk)
Endpoint: _1396_ (rising edge-triggered flip-flop clocked by wr_clk)
Path Group: wr_clk
Path Type: max

Fanout         Cap        Slew       Delay        Time   Description
---------------------------------------------------------------------------------------------
                      0.150000    0.000000    0.000000   clock wr_clk (rise edge)
                                  0.000000    0.000000   clock network delay (ideal)
                                  2.000000    2.000000 v input external delay
     1    0.002273    0.007692    0.003522    2.003522 v wr_en (in)
                                                         wr_en (net)
                      0.007692    0.000000    2.003522 v _0807_/B_N (sky130_fd_sc_hd__nor2b_4)
     4    0.013278    0.059178    0.119793    2.123314 v _0807_/Y (sky130_fd_sc_hd__nor2b_4)
                                                         _0293_ (net)
                      0.059178    0.000000    2.123314 v _1085_/A (sky130_fd_sc_hd__and3_2)
     4    0.017216    0.072047    0.216705    2.340019 v _1085_/X (sky130_fd_sc_hd__and3_2)
                                                         _0527_ (net)
                      0.072047    0.000000    2.340019 v _1174_/A (sky130_fd_sc_hd__nand2_2)
     8    0.026816    0.153676    0.143966    2.483985 ^ _1174_/Y (sky130_fd_sc_hd__nand2_2)
                                                         _0576_ (net)
                      0.153676    0.000000    2.483985 ^ _1179_/S (sky130_fd_sc_hd__mux2_2)
     1    0.002015    0.045539    0.342598    2.826583 v _1179_/X (sky130_fd_sc_hd__mux2_2)
                                                         _0579_ (net)
                      0.045539    0.000000    2.826583 v _1180_/A (sky130_fd_sc_hd__buf_1)
     1    0.001681    0.021562    0.081527    2.908110 v _1180_/X (sky130_fd_sc_hd__buf_1)
                                                         _0066_ (net)
                      0.021562    0.000000    2.908110 v _1396_/D (sky130_fd_sc_hd__dfxtp_2)
                                              2.908110   data arrival time

                      0.150000   10.000000   10.000000   clock wr_clk (rise edge)
                                  0.000000   10.000000   clock network delay (ideal)
                                 -0.250000    9.750000   clock uncertainty
                                  0.000000    9.750000   clock reconvergence pessimism
                                              9.750000 ^ _1396_/CLK (sky130_fd_sc_hd__dfxtp_2)
                                 -0.078174    9.671826   library setup time
                                              9.671826   data required time
---------------------------------------------------------------------------------------------
                                              9.671826   data required time
                                             -2.908110   data arrival time
---------------------------------------------------------------------------------------------
                                              6.763716   slack (MET)


Startpoint: wr_en (input port clocked by wr_clk)
Endpoint: _1397_ (rising edge-triggered flip-flop clocked by wr_clk)
Path Group: wr_clk
Path Type: max

Fanout         Cap        Slew       Delay        Time   Description
---------------------------------------------------------------------------------------------
                      0.150000    0.000000    0.000000   clock wr_clk (rise edge)
                                  0.000000    0.000000   clock network delay (ideal)
                                  2.000000    2.000000 v input external delay
     1    0.002273    0.007692    0.003522    2.003522 v wr_en (in)
                                                         wr_en (net)
                      0.007692    0.000000    2.003522 v _0807_/B_N (sky130_fd_sc_hd__nor2b_4)
     4    0.013278    0.059178    0.119793    2.123314 v _0807_/Y (sky130_fd_sc_hd__nor2b_4)
                                                         _0293_ (net)
                      0.059178    0.000000    2.123314 v _1085_/A (sky130_fd_sc_hd__and3_2)
     4    0.017216    0.072047    0.216705    2.340019 v _1085_/X (sky130_fd_sc_hd__and3_2)
                                                         _0527_ (net)
                      0.072047    0.000000    2.340019 v _1174_/A (sky130_fd_sc_hd__nand2_2)
     8    0.026816    0.153676    0.143966    2.483985 ^ _1174_/Y (sky130_fd_sc_hd__nand2_2)
                                                         _0576_ (net)
                      0.153676    0.000000    2.483985 ^ _1181_/S (sky130_fd_sc_hd__mux2_2)
     1    0.002015    0.045539    0.342598    2.826583 v _1181_/X (sky130_fd_sc_hd__mux2_2)
                                                         _0580_ (net)
                      0.045539    0.000000    2.826583 v _1182_/A (sky130_fd_sc_hd__buf_1)
     1    0.001681    0.021562    0.081527    2.908110 v _1182_/X (sky130_fd_sc_hd__buf_1)
                                                         _0067_ (net)
                      0.021562    0.000000    2.908110 v _1397_/D (sky130_fd_sc_hd__dfxtp_2)
                                              2.908110   data arrival time

                      0.150000   10.000000   10.000000   clock wr_clk (rise edge)
                                  0.000000   10.000000   clock network delay (ideal)
                                 -0.250000    9.750000   clock uncertainty
                                  0.000000    9.750000   clock reconvergence pessimism
                                              9.750000 ^ _1397_/CLK (sky130_fd_sc_hd__dfxtp_2)
                                 -0.078174    9.671826   library setup time
                                              9.671826   data required time
---------------------------------------------------------------------------------------------
                                              9.671826   data required time
                                             -2.908110   data arrival time
---------------------------------------------------------------------------------------------
                                              6.763716   slack (MET)


Startpoint: wr_en (input port clocked by wr_clk)
Endpoint: _1398_ (rising edge-triggered flip-flop clocked by wr_clk)
Path Group: wr_clk
Path Type: max

Fanout         Cap        Slew       Delay        Time   Description
---------------------------------------------------------------------------------------------
                      0.150000    0.000000    0.000000   clock wr_clk (rise edge)
                                  0.000000    0.000000   clock network delay (ideal)
                                  2.000000    2.000000 v input external delay
     1    0.002273    0.007692    0.003522    2.003522 v wr_en (in)
                                                         wr_en (net)
                      0.007692    0.000000    2.003522 v _0807_/B_N (sky130_fd_sc_hd__nor2b_4)
     4    0.013278    0.059178    0.119793    2.123314 v _0807_/Y (sky130_fd_sc_hd__nor2b_4)
                                                         _0293_ (net)
                      0.059178    0.000000    2.123314 v _1085_/A (sky130_fd_sc_hd__and3_2)
     4    0.017216    0.072047    0.216705    2.340019 v _1085_/X (sky130_fd_sc_hd__and3_2)
                                                         _0527_ (net)
                      0.072047    0.000000    2.340019 v _1174_/A (sky130_fd_sc_hd__nand2_2)
     8    0.026816    0.153676    0.143966    2.483985 ^ _1174_/Y (sky130_fd_sc_hd__nand2_2)
                                                         _0576_ (net)
                      0.153676    0.000000    2.483985 ^ _1183_/S (sky130_fd_sc_hd__mux2_2)
     1    0.002015    0.045539    0.342598    2.826583 v _1183_/X (sky130_fd_sc_hd__mux2_2)
                                                         _0581_ (net)
                      0.045539    0.000000    2.826583 v _1184_/A (sky130_fd_sc_hd__buf_1)
     1    0.001681    0.021562    0.081527    2.908110 v _1184_/X (sky130_fd_sc_hd__buf_1)
                                                         _0068_ (net)
                      0.021562    0.000000    2.908110 v _1398_/D (sky130_fd_sc_hd__dfxtp_2)
                                              2.908110   data arrival time

                      0.150000   10.000000   10.000000   clock wr_clk (rise edge)
                                  0.000000   10.000000   clock network delay (ideal)
                                 -0.250000    9.750000   clock uncertainty
                                  0.000000    9.750000   clock reconvergence pessimism
                                              9.750000 ^ _1398_/CLK (sky130_fd_sc_hd__dfxtp_2)
                                 -0.078174    9.671826   library setup time
                                              9.671826   data required time
---------------------------------------------------------------------------------------------
                                              9.671826   data required time
                                             -2.908110   data arrival time
---------------------------------------------------------------------------------------------
                                              6.763716   slack (MET)


Startpoint: wr_en (input port clocked by wr_clk)
Endpoint: _1399_ (rising edge-triggered flip-flop clocked by wr_clk)
Path Group: wr_clk
Path Type: max

Fanout         Cap        Slew       Delay        Time   Description
---------------------------------------------------------------------------------------------
                      0.150000    0.000000    0.000000   clock wr_clk (rise edge)
                                  0.000000    0.000000   clock network delay (ideal)
                                  2.000000    2.000000 v input external delay
     1    0.002273    0.007692    0.003522    2.003522 v wr_en (in)
                                                         wr_en (net)
                      0.007692    0.000000    2.003522 v _0807_/B_N (sky130_fd_sc_hd__nor2b_4)
     4    0.013278    0.059178    0.119793    2.123314 v _0807_/Y (sky130_fd_sc_hd__nor2b_4)
                                                         _0293_ (net)
                      0.059178    0.000000    2.123314 v _1085_/A (sky130_fd_sc_hd__and3_2)
     4    0.017216    0.072047    0.216705    2.340019 v _1085_/X (sky130_fd_sc_hd__and3_2)
                                                         _0527_ (net)
                      0.072047    0.000000    2.340019 v _1174_/A (sky130_fd_sc_hd__nand2_2)
     8    0.026816    0.153676    0.143966    2.483985 ^ _1174_/Y (sky130_fd_sc_hd__nand2_2)
                                                         _0576_ (net)
                      0.153676    0.000000    2.483985 ^ _1185_/S (sky130_fd_sc_hd__mux2_2)
     1    0.002015    0.045539    0.342598    2.826583 v _1185_/X (sky130_fd_sc_hd__mux2_2)
                                                         _0582_ (net)
                      0.045539    0.000000    2.826583 v _1186_/A (sky130_fd_sc_hd__buf_1)
     1    0.001681    0.021562    0.081527    2.908110 v _1186_/X (sky130_fd_sc_hd__buf_1)
                                                         _0069_ (net)
                      0.021562    0.000000    2.908110 v _1399_/D (sky130_fd_sc_hd__dfxtp_2)
                                              2.908110   data arrival time

                      0.150000   10.000000   10.000000   clock wr_clk (rise edge)
                                  0.000000   10.000000   clock network delay (ideal)
                                 -0.250000    9.750000   clock uncertainty
                                  0.000000    9.750000   clock reconvergence pessimism
                                              9.750000 ^ _1399_/CLK (sky130_fd_sc_hd__dfxtp_2)
                                 -0.078174    9.671826   library setup time
                                              9.671826   data required time
---------------------------------------------------------------------------------------------
                                              9.671826   data required time
                                             -2.908110   data arrival time
---------------------------------------------------------------------------------------------
                                              6.763716   slack (MET)


Startpoint: wr_en (input port clocked by wr_clk)
Endpoint: _1400_ (rising edge-triggered flip-flop clocked by wr_clk)
Path Group: wr_clk
Path Type: max

Fanout         Cap        Slew       Delay        Time   Description
---------------------------------------------------------------------------------------------
                      0.150000    0.000000    0.000000   clock wr_clk (rise edge)
                                  0.000000    0.000000   clock network delay (ideal)
                                  2.000000    2.000000 v input external delay
     1    0.002273    0.007692    0.003522    2.003522 v wr_en (in)
                                                         wr_en (net)
                      0.007692    0.000000    2.003522 v _0807_/B_N (sky130_fd_sc_hd__nor2b_4)
     4    0.013278    0.059178    0.119793    2.123314 v _0807_/Y (sky130_fd_sc_hd__nor2b_4)
                                                         _0293_ (net)
                      0.059178    0.000000    2.123314 v _1085_/A (sky130_fd_sc_hd__and3_2)
     4    0.017216    0.072047    0.216705    2.340019 v _1085_/X (sky130_fd_sc_hd__and3_2)
                                                         _0527_ (net)
                      0.072047    0.000000    2.340019 v _1174_/A (sky130_fd_sc_hd__nand2_2)
     8    0.026816    0.153676    0.143966    2.483985 ^ _1174_/Y (sky130_fd_sc_hd__nand2_2)
                                                         _0576_ (net)
                      0.153676    0.000000    2.483985 ^ _1187_/S (sky130_fd_sc_hd__mux2_2)
     1    0.002015    0.045539    0.342598    2.826583 v _1187_/X (sky130_fd_sc_hd__mux2_2)
                                                         _0583_ (net)
                      0.045539    0.000000    2.826583 v _1188_/A (sky130_fd_sc_hd__buf_1)
     1    0.001681    0.021562    0.081527    2.908110 v _1188_/X (sky130_fd_sc_hd__buf_1)
                                                         _0070_ (net)
                      0.021562    0.000000    2.908110 v _1400_/D (sky130_fd_sc_hd__dfxtp_2)
                                              2.908110   data arrival time

                      0.150000   10.000000   10.000000   clock wr_clk (rise edge)
                                  0.000000   10.000000   clock network delay (ideal)
                                 -0.250000    9.750000   clock uncertainty
                                  0.000000    9.750000   clock reconvergence pessimism
                                              9.750000 ^ _1400_/CLK (sky130_fd_sc_hd__dfxtp_2)
                                 -0.078174    9.671826   library setup time
                                              9.671826   data required time
---------------------------------------------------------------------------------------------
                                              9.671826   data required time
                                             -2.908110   data arrival time
---------------------------------------------------------------------------------------------
                                              6.763716   slack (MET)


Startpoint: wr_en (input port clocked by wr_clk)
Endpoint: _1401_ (rising edge-triggered flip-flop clocked by wr_clk)
Path Group: wr_clk
Path Type: max

Fanout         Cap        Slew       Delay        Time   Description
---------------------------------------------------------------------------------------------
                      0.150000    0.000000    0.000000   clock wr_clk (rise edge)
                                  0.000000    0.000000   clock network delay (ideal)
                                  2.000000    2.000000 v input external delay
     1    0.002273    0.007692    0.003522    2.003522 v wr_en (in)
                                                         wr_en (net)
                      0.007692    0.000000    2.003522 v _0807_/B_N (sky130_fd_sc_hd__nor2b_4)
     4    0.013278    0.059178    0.119793    2.123314 v _0807_/Y (sky130_fd_sc_hd__nor2b_4)
                                                         _0293_ (net)
                      0.059178    0.000000    2.123314 v _1085_/A (sky130_fd_sc_hd__and3_2)
     4    0.017216    0.072047    0.216705    2.340019 v _1085_/X (sky130_fd_sc_hd__and3_2)
                                                         _0527_ (net)
                      0.072047    0.000000    2.340019 v _1174_/A (sky130_fd_sc_hd__nand2_2)
     8    0.026816    0.153676    0.143966    2.483985 ^ _1174_/Y (sky130_fd_sc_hd__nand2_2)
                                                         _0576_ (net)
                      0.153676    0.000000    2.483985 ^ _1189_/S (sky130_fd_sc_hd__mux2_2)
     1    0.002015    0.045539    0.342598    2.826583 v _1189_/X (sky130_fd_sc_hd__mux2_2)
                                                         _0584_ (net)
                      0.045539    0.000000    2.826583 v _1190_/A (sky130_fd_sc_hd__buf_1)
     1    0.001681    0.021562    0.081527    2.908110 v _1190_/X (sky130_fd_sc_hd__buf_1)
                                                         _0071_ (net)
                      0.021562    0.000000    2.908110 v _1401_/D (sky130_fd_sc_hd__dfxtp_2)
                                              2.908110   data arrival time

                      0.150000   10.000000   10.000000   clock wr_clk (rise edge)
                                  0.000000   10.000000   clock network delay (ideal)
                                 -0.250000    9.750000   clock uncertainty
                                  0.000000    9.750000   clock reconvergence pessimism
                                              9.750000 ^ _1401_/CLK (sky130_fd_sc_hd__dfxtp_2)
                                 -0.078174    9.671826   library setup time
                                              9.671826   data required time
---------------------------------------------------------------------------------------------
                                              9.671826   data required time
                                             -2.908110   data arrival time
---------------------------------------------------------------------------------------------
                                              6.763716   slack (MET)


Startpoint: wr_en (input port clocked by wr_clk)
Endpoint: _1418_ (rising edge-triggered flip-flop clocked by wr_clk)
Path Group: wr_clk
Path Type: max

Fanout         Cap        Slew       Delay        Time   Description
---------------------------------------------------------------------------------------------
                      0.150000    0.000000    0.000000   clock wr_clk (rise edge)
                                  0.000000    0.000000   clock network delay (ideal)
                                  2.000000    2.000000 v input external delay
     1    0.002273    0.007692    0.003522    2.003522 v wr_en (in)
                                                         wr_en (net)
                      0.007692    0.000000    2.003522 v _0807_/B_N (sky130_fd_sc_hd__nor2b_4)
     4    0.013278    0.059178    0.119793    2.123314 v _0807_/Y (sky130_fd_sc_hd__nor2b_4)
                                                         _0293_ (net)
                      0.059178    0.000000    2.123314 v _1049_/A (sky130_fd_sc_hd__and3_2)
     4    0.017216    0.072047    0.216705    2.340019 v _1049_/X (sky130_fd_sc_hd__and3_2)
                                                         _0507_ (net)
                      0.072047    0.000000    2.340019 v _1227_/A (sky130_fd_sc_hd__nand2_2)
     8    0.026816    0.153643    0.143966    2.483985 ^ _1227_/Y (sky130_fd_sc_hd__nand2_2)
                                                         _0605_ (net)
                      0.153643    0.000000    2.483985 ^ _1228_/S (sky130_fd_sc_hd__mux2_2)
     1    0.002015    0.045539    0.342592    2.826577 v _1228_/X (sky130_fd_sc_hd__mux2_2)
                                                         _0606_ (net)
                      0.045539    0.000000    2.826577 v _1229_/A (sky130_fd_sc_hd__buf_1)
     1    0.001681    0.021562    0.081527    2.908104 v _1229_/X (sky130_fd_sc_hd__buf_1)
                                                         _0088_ (net)
                      0.021562    0.000000    2.908104 v _1418_/D (sky130_fd_sc_hd__dfxtp_2)
                                              2.908104   data arrival time

                      0.150000   10.000000   10.000000   clock wr_clk (rise edge)
                                  0.000000   10.000000   clock network delay (ideal)
                                 -0.250000    9.750000   clock uncertainty
                                  0.000000    9.750000   clock reconvergence pessimism
                                              9.750000 ^ _1418_/CLK (sky130_fd_sc_hd__dfxtp_2)
                                 -0.078174    9.671826   library setup time
                                              9.671826   data required time
---------------------------------------------------------------------------------------------
                                              9.671826   data required time
                                             -2.908104   data arrival time
---------------------------------------------------------------------------------------------
                                              6.763722   slack (MET)


Startpoint: wr_en (input port clocked by wr_clk)
Endpoint: _1419_ (rising edge-triggered flip-flop clocked by wr_clk)
Path Group: wr_clk
Path Type: max

Fanout         Cap        Slew       Delay        Time   Description
---------------------------------------------------------------------------------------------
                      0.150000    0.000000    0.000000   clock wr_clk (rise edge)
                                  0.000000    0.000000   clock network delay (ideal)
                                  2.000000    2.000000 v input external delay
     1    0.002273    0.007692    0.003522    2.003522 v wr_en (in)
                                                         wr_en (net)
                      0.007692    0.000000    2.003522 v _0807_/B_N (sky130_fd_sc_hd__nor2b_4)
     4    0.013278    0.059178    0.119793    2.123314 v _0807_/Y (sky130_fd_sc_hd__nor2b_4)
                                                         _0293_ (net)
                      0.059178    0.000000    2.123314 v _1049_/A (sky130_fd_sc_hd__and3_2)
     4    0.017216    0.072047    0.216705    2.340019 v _1049_/X (sky130_fd_sc_hd__and3_2)
                                                         _0507_ (net)
                      0.072047    0.000000    2.340019 v _1227_/A (sky130_fd_sc_hd__nand2_2)
     8    0.026816    0.153643    0.143966    2.483985 ^ _1227_/Y (sky130_fd_sc_hd__nand2_2)
                                                         _0605_ (net)
                      0.153643    0.000000    2.483985 ^ _1230_/S (sky130_fd_sc_hd__mux2_2)
     1    0.002015    0.045539    0.342592    2.826577 v _1230_/X (sky130_fd_sc_hd__mux2_2)
                                                         _0607_ (net)
                      0.045539    0.000000    2.826577 v _1231_/A (sky130_fd_sc_hd__buf_1)
     1    0.001681    0.021562    0.081527    2.908104 v _1231_/X (sky130_fd_sc_hd__buf_1)
                                                         _0089_ (net)
                      0.021562    0.000000    2.908104 v _1419_/D (sky130_fd_sc_hd__dfxtp_2)
                                              2.908104   data arrival time

                      0.150000   10.000000   10.000000   clock wr_clk (rise edge)
                                  0.000000   10.000000   clock network delay (ideal)
                                 -0.250000    9.750000   clock uncertainty
                                  0.000000    9.750000   clock reconvergence pessimism
                                              9.750000 ^ _1419_/CLK (sky130_fd_sc_hd__dfxtp_2)
                                 -0.078174    9.671826   library setup time
                                              9.671826   data required time
---------------------------------------------------------------------------------------------
                                              9.671826   data required time
                                             -2.908104   data arrival time
---------------------------------------------------------------------------------------------
                                              6.763722   slack (MET)


Startpoint: wr_en (input port clocked by wr_clk)
Endpoint: _1420_ (rising edge-triggered flip-flop clocked by wr_clk)
Path Group: wr_clk
Path Type: max

Fanout         Cap        Slew       Delay        Time   Description
---------------------------------------------------------------------------------------------
                      0.150000    0.000000    0.000000   clock wr_clk (rise edge)
                                  0.000000    0.000000   clock network delay (ideal)
                                  2.000000    2.000000 v input external delay
     1    0.002273    0.007692    0.003522    2.003522 v wr_en (in)
                                                         wr_en (net)
                      0.007692    0.000000    2.003522 v _0807_/B_N (sky130_fd_sc_hd__nor2b_4)
     4    0.013278    0.059178    0.119793    2.123314 v _0807_/Y (sky130_fd_sc_hd__nor2b_4)
                                                         _0293_ (net)
                      0.059178    0.000000    2.123314 v _1049_/A (sky130_fd_sc_hd__and3_2)
     4    0.017216    0.072047    0.216705    2.340019 v _1049_/X (sky130_fd_sc_hd__and3_2)
                                                         _0507_ (net)
                      0.072047    0.000000    2.340019 v _1227_/A (sky130_fd_sc_hd__nand2_2)
     8    0.026816    0.153643    0.143966    2.483985 ^ _1227_/Y (sky130_fd_sc_hd__nand2_2)
                                                         _0605_ (net)
                      0.153643    0.000000    2.483985 ^ _1232_/S (sky130_fd_sc_hd__mux2_2)
     1    0.002015    0.045539    0.342592    2.826577 v _1232_/X (sky130_fd_sc_hd__mux2_2)
                                                         _0608_ (net)
                      0.045539    0.000000    2.826577 v _1233_/A (sky130_fd_sc_hd__buf_1)
     1    0.001681    0.021562    0.081527    2.908104 v _1233_/X (sky130_fd_sc_hd__buf_1)
                                                         _0090_ (net)
                      0.021562    0.000000    2.908104 v _1420_/D (sky130_fd_sc_hd__dfxtp_2)
                                              2.908104   data arrival time

                      0.150000   10.000000   10.000000   clock wr_clk (rise edge)
                                  0.000000   10.000000   clock network delay (ideal)
                                 -0.250000    9.750000   clock uncertainty
                                  0.000000    9.750000   clock reconvergence pessimism
                                              9.750000 ^ _1420_/CLK (sky130_fd_sc_hd__dfxtp_2)
                                 -0.078174    9.671826   library setup time
                                              9.671826   data required time
---------------------------------------------------------------------------------------------
                                              9.671826   data required time
                                             -2.908104   data arrival time
---------------------------------------------------------------------------------------------
                                              6.763722   slack (MET)


Startpoint: wr_en (input port clocked by wr_clk)
Endpoint: _1421_ (rising edge-triggered flip-flop clocked by wr_clk)
Path Group: wr_clk
Path Type: max

Fanout         Cap        Slew       Delay        Time   Description
---------------------------------------------------------------------------------------------
                      0.150000    0.000000    0.000000   clock wr_clk (rise edge)
                                  0.000000    0.000000   clock network delay (ideal)
                                  2.000000    2.000000 v input external delay
     1    0.002273    0.007692    0.003522    2.003522 v wr_en (in)
                                                         wr_en (net)
                      0.007692    0.000000    2.003522 v _0807_/B_N (sky130_fd_sc_hd__nor2b_4)
     4    0.013278    0.059178    0.119793    2.123314 v _0807_/Y (sky130_fd_sc_hd__nor2b_4)
                                                         _0293_ (net)
                      0.059178    0.000000    2.123314 v _1049_/A (sky130_fd_sc_hd__and3_2)
     4    0.017216    0.072047    0.216705    2.340019 v _1049_/X (sky130_fd_sc_hd__and3_2)
                                                         _0507_ (net)
                      0.072047    0.000000    2.340019 v _1227_/A (sky130_fd_sc_hd__nand2_2)
     8    0.026816    0.153643    0.143966    2.483985 ^ _1227_/Y (sky130_fd_sc_hd__nand2_2)
                                                         _0605_ (net)
                      0.153643    0.000000    2.483985 ^ _1234_/S (sky130_fd_sc_hd__mux2_2)
     1    0.002015    0.045539    0.342592    2.826577 v _1234_/X (sky130_fd_sc_hd__mux2_2)
                                                         _0609_ (net)
                      0.045539    0.000000    2.826577 v _1235_/A (sky130_fd_sc_hd__buf_1)
     1    0.001681    0.021562    0.081527    2.908104 v _1235_/X (sky130_fd_sc_hd__buf_1)
                                                         _0091_ (net)
                      0.021562    0.000000    2.908104 v _1421_/D (sky130_fd_sc_hd__dfxtp_2)
                                              2.908104   data arrival time

                      0.150000   10.000000   10.000000   clock wr_clk (rise edge)
                                  0.000000   10.000000   clock network delay (ideal)
                                 -0.250000    9.750000   clock uncertainty
                                  0.000000    9.750000   clock reconvergence pessimism
                                              9.750000 ^ _1421_/CLK (sky130_fd_sc_hd__dfxtp_2)
                                 -0.078174    9.671826   library setup time
                                              9.671826   data required time
---------------------------------------------------------------------------------------------
                                              9.671826   data required time
                                             -2.908104   data arrival time
---------------------------------------------------------------------------------------------
                                              6.763722   slack (MET)


Startpoint: wr_en (input port clocked by wr_clk)
Endpoint: _1422_ (rising edge-triggered flip-flop clocked by wr_clk)
Path Group: wr_clk
Path Type: max

Fanout         Cap        Slew       Delay        Time   Description
---------------------------------------------------------------------------------------------
                      0.150000    0.000000    0.000000   clock wr_clk (rise edge)
                                  0.000000    0.000000   clock network delay (ideal)
                                  2.000000    2.000000 v input external delay
     1    0.002273    0.007692    0.003522    2.003522 v wr_en (in)
                                                         wr_en (net)
                      0.007692    0.000000    2.003522 v _0807_/B_N (sky130_fd_sc_hd__nor2b_4)
     4    0.013278    0.059178    0.119793    2.123314 v _0807_/Y (sky130_fd_sc_hd__nor2b_4)
                                                         _0293_ (net)
                      0.059178    0.000000    2.123314 v _1049_/A (sky130_fd_sc_hd__and3_2)
     4    0.017216    0.072047    0.216705    2.340019 v _1049_/X (sky130_fd_sc_hd__and3_2)
                                                         _0507_ (net)
                      0.072047    0.000000    2.340019 v _1227_/A (sky130_fd_sc_hd__nand2_2)
     8    0.026816    0.153643    0.143966    2.483985 ^ _1227_/Y (sky130_fd_sc_hd__nand2_2)
                                                         _0605_ (net)
                      0.153643    0.000000    2.483985 ^ _1236_/S (sky130_fd_sc_hd__mux2_2)
     1    0.002015    0.045539    0.342592    2.826577 v _1236_/X (sky130_fd_sc_hd__mux2_2)
                                                         _0610_ (net)
                      0.045539    0.000000    2.826577 v _1237_/A (sky130_fd_sc_hd__buf_1)
     1    0.001681    0.021562    0.081527    2.908104 v _1237_/X (sky130_fd_sc_hd__buf_1)
                                                         _0092_ (net)
                      0.021562    0.000000    2.908104 v _1422_/D (sky130_fd_sc_hd__dfxtp_2)
                                              2.908104   data arrival time

                      0.150000   10.000000   10.000000   clock wr_clk (rise edge)
                                  0.000000   10.000000   clock network delay (ideal)
                                 -0.250000    9.750000   clock uncertainty
                                  0.000000    9.750000   clock reconvergence pessimism
                                              9.750000 ^ _1422_/CLK (sky130_fd_sc_hd__dfxtp_2)
                                 -0.078174    9.671826   library setup time
                                              9.671826   data required time
---------------------------------------------------------------------------------------------
                                              9.671826   data required time
                                             -2.908104   data arrival time
---------------------------------------------------------------------------------------------
                                              6.763722   slack (MET)


Startpoint: wr_en (input port clocked by wr_clk)
Endpoint: _1423_ (rising edge-triggered flip-flop clocked by wr_clk)
Path Group: wr_clk
Path Type: max

Fanout         Cap        Slew       Delay        Time   Description
---------------------------------------------------------------------------------------------
                      0.150000    0.000000    0.000000   clock wr_clk (rise edge)
                                  0.000000    0.000000   clock network delay (ideal)
                                  2.000000    2.000000 v input external delay
     1    0.002273    0.007692    0.003522    2.003522 v wr_en (in)
                                                         wr_en (net)
                      0.007692    0.000000    2.003522 v _0807_/B_N (sky130_fd_sc_hd__nor2b_4)
     4    0.013278    0.059178    0.119793    2.123314 v _0807_/Y (sky130_fd_sc_hd__nor2b_4)
                                                         _0293_ (net)
                      0.059178    0.000000    2.123314 v _1049_/A (sky130_fd_sc_hd__and3_2)
     4    0.017216    0.072047    0.216705    2.340019 v _1049_/X (sky130_fd_sc_hd__and3_2)
                                                         _0507_ (net)
                      0.072047    0.000000    2.340019 v _1227_/A (sky130_fd_sc_hd__nand2_2)
     8    0.026816    0.153643    0.143966    2.483985 ^ _1227_/Y (sky130_fd_sc_hd__nand2_2)
                                                         _0605_ (net)
                      0.153643    0.000000    2.483985 ^ _1238_/S (sky130_fd_sc_hd__mux2_2)
     1    0.002015    0.045539    0.342592    2.826577 v _1238_/X (sky130_fd_sc_hd__mux2_2)
                                                         _0611_ (net)
                      0.045539    0.000000    2.826577 v _1239_/A (sky130_fd_sc_hd__buf_1)
     1    0.001681    0.021562    0.081527    2.908104 v _1239_/X (sky130_fd_sc_hd__buf_1)
                                                         _0093_ (net)
                      0.021562    0.000000    2.908104 v _1423_/D (sky130_fd_sc_hd__dfxtp_2)
                                              2.908104   data arrival time

                      0.150000   10.000000   10.000000   clock wr_clk (rise edge)
                                  0.000000   10.000000   clock network delay (ideal)
                                 -0.250000    9.750000   clock uncertainty
                                  0.000000    9.750000   clock reconvergence pessimism
                                              9.750000 ^ _1423_/CLK (sky130_fd_sc_hd__dfxtp_2)
                                 -0.078174    9.671826   library setup time
                                              9.671826   data required time
---------------------------------------------------------------------------------------------
                                              9.671826   data required time
                                             -2.908104   data arrival time
---------------------------------------------------------------------------------------------
                                              6.763722   slack (MET)


Startpoint: wr_en (input port clocked by wr_clk)
Endpoint: _1424_ (rising edge-triggered flip-flop clocked by wr_clk)
Path Group: wr_clk
Path Type: max

Fanout         Cap        Slew       Delay        Time   Description
---------------------------------------------------------------------------------------------
                      0.150000    0.000000    0.000000   clock wr_clk (rise edge)
                                  0.000000    0.000000   clock network delay (ideal)
                                  2.000000    2.000000 v input external delay
     1    0.002273    0.007692    0.003522    2.003522 v wr_en (in)
                                                         wr_en (net)
                      0.007692    0.000000    2.003522 v _0807_/B_N (sky130_fd_sc_hd__nor2b_4)
     4    0.013278    0.059178    0.119793    2.123314 v _0807_/Y (sky130_fd_sc_hd__nor2b_4)
                                                         _0293_ (net)
                      0.059178    0.000000    2.123314 v _1049_/A (sky130_fd_sc_hd__and3_2)
     4    0.017216    0.072047    0.216705    2.340019 v _1049_/X (sky130_fd_sc_hd__and3_2)
                                                         _0507_ (net)
                      0.072047    0.000000    2.340019 v _1227_/A (sky130_fd_sc_hd__nand2_2)
     8    0.026816    0.153643    0.143966    2.483985 ^ _1227_/Y (sky130_fd_sc_hd__nand2_2)
                                                         _0605_ (net)
                      0.153643    0.000000    2.483985 ^ _1240_/S (sky130_fd_sc_hd__mux2_2)
     1    0.002015    0.045539    0.342592    2.826577 v _1240_/X (sky130_fd_sc_hd__mux2_2)
                                                         _0612_ (net)
                      0.045539    0.000000    2.826577 v _1241_/A (sky130_fd_sc_hd__buf_1)
     1    0.001681    0.021562    0.081527    2.908104 v _1241_/X (sky130_fd_sc_hd__buf_1)
                                                         _0094_ (net)
                      0.021562    0.000000    2.908104 v _1424_/D (sky130_fd_sc_hd__dfxtp_2)
                                              2.908104   data arrival time

                      0.150000   10.000000   10.000000   clock wr_clk (rise edge)
                                  0.000000   10.000000   clock network delay (ideal)
                                 -0.250000    9.750000   clock uncertainty
                                  0.000000    9.750000   clock reconvergence pessimism
                                              9.750000 ^ _1424_/CLK (sky130_fd_sc_hd__dfxtp_2)
                                 -0.078174    9.671826   library setup time
                                              9.671826   data required time
---------------------------------------------------------------------------------------------
                                              9.671826   data required time
                                             -2.908104   data arrival time
---------------------------------------------------------------------------------------------
                                              6.763722   slack (MET)


Startpoint: wr_en (input port clocked by wr_clk)
Endpoint: _1425_ (rising edge-triggered flip-flop clocked by wr_clk)
Path Group: wr_clk
Path Type: max

Fanout         Cap        Slew       Delay        Time   Description
---------------------------------------------------------------------------------------------
                      0.150000    0.000000    0.000000   clock wr_clk (rise edge)
                                  0.000000    0.000000   clock network delay (ideal)
                                  2.000000    2.000000 v input external delay
     1    0.002273    0.007692    0.003522    2.003522 v wr_en (in)
                                                         wr_en (net)
                      0.007692    0.000000    2.003522 v _0807_/B_N (sky130_fd_sc_hd__nor2b_4)
     4    0.013278    0.059178    0.119793    2.123314 v _0807_/Y (sky130_fd_sc_hd__nor2b_4)
                                                         _0293_ (net)
                      0.059178    0.000000    2.123314 v _1049_/A (sky130_fd_sc_hd__and3_2)
     4    0.017216    0.072047    0.216705    2.340019 v _1049_/X (sky130_fd_sc_hd__and3_2)
                                                         _0507_ (net)
                      0.072047    0.000000    2.340019 v _1227_/A (sky130_fd_sc_hd__nand2_2)
     8    0.026816    0.153643    0.143966    2.483985 ^ _1227_/Y (sky130_fd_sc_hd__nand2_2)
                                                         _0605_ (net)
                      0.153643    0.000000    2.483985 ^ _1242_/S (sky130_fd_sc_hd__mux2_2)
     1    0.002015    0.045539    0.342592    2.826577 v _1242_/X (sky130_fd_sc_hd__mux2_2)
                                                         _0613_ (net)
                      0.045539    0.000000    2.826577 v _1243_/A (sky130_fd_sc_hd__buf_1)
     1    0.001681    0.021562    0.081527    2.908104 v _1243_/X (sky130_fd_sc_hd__buf_1)
                                                         _0095_ (net)
                      0.021562    0.000000    2.908104 v _1425_/D (sky130_fd_sc_hd__dfxtp_2)
                                              2.908104   data arrival time

                      0.150000   10.000000   10.000000   clock wr_clk (rise edge)
                                  0.000000   10.000000   clock network delay (ideal)
                                 -0.250000    9.750000   clock uncertainty
                                  0.000000    9.750000   clock reconvergence pessimism
                                              9.750000 ^ _1425_/CLK (sky130_fd_sc_hd__dfxtp_2)
                                 -0.078174    9.671826   library setup time
                                              9.671826   data required time
---------------------------------------------------------------------------------------------
                                              9.671826   data required time
                                             -2.908104   data arrival time
---------------------------------------------------------------------------------------------
                                              6.763722   slack (MET)


Startpoint: wr_en (input port clocked by wr_clk)
Endpoint: _1410_ (rising edge-triggered flip-flop clocked by wr_clk)
Path Group: wr_clk
Path Type: max

Fanout         Cap        Slew       Delay        Time   Description
---------------------------------------------------------------------------------------------
                      0.150000    0.000000    0.000000   clock wr_clk (rise edge)
                                  0.000000    0.000000   clock network delay (ideal)
                                  2.000000    2.000000 v input external delay
     1    0.002273    0.007692    0.003522    2.003522 v wr_en (in)
                                                         wr_en (net)
                      0.007692    0.000000    2.003522 v _0807_/B_N (sky130_fd_sc_hd__nor2b_4)
     4    0.013278    0.059178    0.119793    2.123314 v _0807_/Y (sky130_fd_sc_hd__nor2b_4)
                                                         _0293_ (net)
                      0.059178    0.000000    2.123314 v _1049_/A (sky130_fd_sc_hd__and3_2)
     4    0.017216    0.072047    0.216705    2.340019 v _1049_/X (sky130_fd_sc_hd__and3_2)
                                                         _0507_ (net)
                      0.072047    0.000000    2.340019 v _1210_/A (sky130_fd_sc_hd__nand2_2)
     8    0.026816    0.153475    0.143966    2.483985 ^ _1210_/Y (sky130_fd_sc_hd__nand2_2)
                                                         _0596_ (net)
                      0.153475    0.000000    2.483985 ^ _1211_/S (sky130_fd_sc_hd__mux2_2)
     1    0.002015    0.045539    0.342562    2.826548 v _1211_/X (sky130_fd_sc_hd__mux2_2)
                                                         _0597_ (net)
                      0.045539    0.000000    2.826548 v _1212_/A (sky130_fd_sc_hd__buf_1)
     1    0.001681    0.021562    0.081527    2.908075 v _1212_/X (sky130_fd_sc_hd__buf_1)
                                                         _0080_ (net)
                      0.021562    0.000000    2.908075 v _1410_/D (sky130_fd_sc_hd__dfxtp_2)
                                              2.908075   data arrival time

                      0.150000   10.000000   10.000000   clock wr_clk (rise edge)
                                  0.000000   10.000000   clock network delay (ideal)
                                 -0.250000    9.750000   clock uncertainty
                                  0.000000    9.750000   clock reconvergence pessimism
                                              9.750000 ^ _1410_/CLK (sky130_fd_sc_hd__dfxtp_2)
                                 -0.078174    9.671826   library setup time
                                              9.671826   data required time
---------------------------------------------------------------------------------------------
                                              9.671826   data required time
                                             -2.908075   data arrival time
---------------------------------------------------------------------------------------------
                                              6.763752   slack (MET)


Startpoint: wr_en (input port clocked by wr_clk)
Endpoint: _1411_ (rising edge-triggered flip-flop clocked by wr_clk)
Path Group: wr_clk
Path Type: max

Fanout         Cap        Slew       Delay        Time   Description
---------------------------------------------------------------------------------------------
                      0.150000    0.000000    0.000000   clock wr_clk (rise edge)
                                  0.000000    0.000000   clock network delay (ideal)
                                  2.000000    2.000000 v input external delay
     1    0.002273    0.007692    0.003522    2.003522 v wr_en (in)
                                                         wr_en (net)
                      0.007692    0.000000    2.003522 v _0807_/B_N (sky130_fd_sc_hd__nor2b_4)
     4    0.013278    0.059178    0.119793    2.123314 v _0807_/Y (sky130_fd_sc_hd__nor2b_4)
                                                         _0293_ (net)
                      0.059178    0.000000    2.123314 v _1049_/A (sky130_fd_sc_hd__and3_2)
     4    0.017216    0.072047    0.216705    2.340019 v _1049_/X (sky130_fd_sc_hd__and3_2)
                                                         _0507_ (net)
                      0.072047    0.000000    2.340019 v _1210_/A (sky130_fd_sc_hd__nand2_2)
     8    0.026816    0.153475    0.143966    2.483985 ^ _1210_/Y (sky130_fd_sc_hd__nand2_2)
                                                         _0596_ (net)
                      0.153475    0.000000    2.483985 ^ _1213_/S (sky130_fd_sc_hd__mux2_2)
     1    0.002015    0.045539    0.342562    2.826548 v _1213_/X (sky130_fd_sc_hd__mux2_2)
                                                         _0598_ (net)
                      0.045539    0.000000    2.826548 v _1214_/A (sky130_fd_sc_hd__buf_1)
     1    0.001681    0.021562    0.081527    2.908075 v _1214_/X (sky130_fd_sc_hd__buf_1)
                                                         _0081_ (net)
                      0.021562    0.000000    2.908075 v _1411_/D (sky130_fd_sc_hd__dfxtp_2)
                                              2.908075   data arrival time

                      0.150000   10.000000   10.000000   clock wr_clk (rise edge)
                                  0.000000   10.000000   clock network delay (ideal)
                                 -0.250000    9.750000   clock uncertainty
                                  0.000000    9.750000   clock reconvergence pessimism
                                              9.750000 ^ _1411_/CLK (sky130_fd_sc_hd__dfxtp_2)
                                 -0.078174    9.671826   library setup time
                                              9.671826   data required time
---------------------------------------------------------------------------------------------
                                              9.671826   data required time
                                             -2.908075   data arrival time
---------------------------------------------------------------------------------------------
                                              6.763752   slack (MET)


Startpoint: wr_en (input port clocked by wr_clk)
Endpoint: _1412_ (rising edge-triggered flip-flop clocked by wr_clk)
Path Group: wr_clk
Path Type: max

Fanout         Cap        Slew       Delay        Time   Description
---------------------------------------------------------------------------------------------
                      0.150000    0.000000    0.000000   clock wr_clk (rise edge)
                                  0.000000    0.000000   clock network delay (ideal)
                                  2.000000    2.000000 v input external delay
     1    0.002273    0.007692    0.003522    2.003522 v wr_en (in)
                                                         wr_en (net)
                      0.007692    0.000000    2.003522 v _0807_/B_N (sky130_fd_sc_hd__nor2b_4)
     4    0.013278    0.059178    0.119793    2.123314 v _0807_/Y (sky130_fd_sc_hd__nor2b_4)
                                                         _0293_ (net)
                      0.059178    0.000000    2.123314 v _1049_/A (sky130_fd_sc_hd__and3_2)
     4    0.017216    0.072047    0.216705    2.340019 v _1049_/X (sky130_fd_sc_hd__and3_2)
                                                         _0507_ (net)
                      0.072047    0.000000    2.340019 v _1210_/A (sky130_fd_sc_hd__nand2_2)
     8    0.026816    0.153475    0.143966    2.483985 ^ _1210_/Y (sky130_fd_sc_hd__nand2_2)
                                                         _0596_ (net)
                      0.153475    0.000000    2.483985 ^ _1215_/S (sky130_fd_sc_hd__mux2_2)
     1    0.002015    0.045539    0.342562    2.826548 v _1215_/X (sky130_fd_sc_hd__mux2_2)
                                                         _0599_ (net)
                      0.045539    0.000000    2.826548 v _1216_/A (sky130_fd_sc_hd__buf_1)
     1    0.001681    0.021562    0.081527    2.908075 v _1216_/X (sky130_fd_sc_hd__buf_1)
                                                         _0082_ (net)
                      0.021562    0.000000    2.908075 v _1412_/D (sky130_fd_sc_hd__dfxtp_2)
                                              2.908075   data arrival time

                      0.150000   10.000000   10.000000   clock wr_clk (rise edge)
                                  0.000000   10.000000   clock network delay (ideal)
                                 -0.250000    9.750000   clock uncertainty
                                  0.000000    9.750000   clock reconvergence pessimism
                                              9.750000 ^ _1412_/CLK (sky130_fd_sc_hd__dfxtp_2)
                                 -0.078174    9.671826   library setup time
                                              9.671826   data required time
---------------------------------------------------------------------------------------------
                                              9.671826   data required time
                                             -2.908075   data arrival time
---------------------------------------------------------------------------------------------
                                              6.763752   slack (MET)


Startpoint: wr_en (input port clocked by wr_clk)
Endpoint: _1413_ (rising edge-triggered flip-flop clocked by wr_clk)
Path Group: wr_clk
Path Type: max

Fanout         Cap        Slew       Delay        Time   Description
---------------------------------------------------------------------------------------------
                      0.150000    0.000000    0.000000   clock wr_clk (rise edge)
                                  0.000000    0.000000   clock network delay (ideal)
                                  2.000000    2.000000 v input external delay
     1    0.002273    0.007692    0.003522    2.003522 v wr_en (in)
                                                         wr_en (net)
                      0.007692    0.000000    2.003522 v _0807_/B_N (sky130_fd_sc_hd__nor2b_4)
     4    0.013278    0.059178    0.119793    2.123314 v _0807_/Y (sky130_fd_sc_hd__nor2b_4)
                                                         _0293_ (net)
                      0.059178    0.000000    2.123314 v _1049_/A (sky130_fd_sc_hd__and3_2)
     4    0.017216    0.072047    0.216705    2.340019 v _1049_/X (sky130_fd_sc_hd__and3_2)
                                                         _0507_ (net)
                      0.072047    0.000000    2.340019 v _1210_/A (sky130_fd_sc_hd__nand2_2)
     8    0.026816    0.153475    0.143966    2.483985 ^ _1210_/Y (sky130_fd_sc_hd__nand2_2)
                                                         _0596_ (net)
                      0.153475    0.000000    2.483985 ^ _1217_/S (sky130_fd_sc_hd__mux2_2)
     1    0.002015    0.045539    0.342562    2.826548 v _1217_/X (sky130_fd_sc_hd__mux2_2)
                                                         _0600_ (net)
                      0.045539    0.000000    2.826548 v _1218_/A (sky130_fd_sc_hd__buf_1)
     1    0.001681    0.021562    0.081527    2.908075 v _1218_/X (sky130_fd_sc_hd__buf_1)
                                                         _0083_ (net)
                      0.021562    0.000000    2.908075 v _1413_/D (sky130_fd_sc_hd__dfxtp_2)
                                              2.908075   data arrival time

                      0.150000   10.000000   10.000000   clock wr_clk (rise edge)
                                  0.000000   10.000000   clock network delay (ideal)
                                 -0.250000    9.750000   clock uncertainty
                                  0.000000    9.750000   clock reconvergence pessimism
                                              9.750000 ^ _1413_/CLK (sky130_fd_sc_hd__dfxtp_2)
                                 -0.078174    9.671826   library setup time
                                              9.671826   data required time
---------------------------------------------------------------------------------------------
                                              9.671826   data required time
                                             -2.908075   data arrival time
---------------------------------------------------------------------------------------------
                                              6.763752   slack (MET)


Startpoint: wr_en (input port clocked by wr_clk)
Endpoint: _1414_ (rising edge-triggered flip-flop clocked by wr_clk)
Path Group: wr_clk
Path Type: max

Fanout         Cap        Slew       Delay        Time   Description
---------------------------------------------------------------------------------------------
                      0.150000    0.000000    0.000000   clock wr_clk (rise edge)
                                  0.000000    0.000000   clock network delay (ideal)
                                  2.000000    2.000000 v input external delay
     1    0.002273    0.007692    0.003522    2.003522 v wr_en (in)
                                                         wr_en (net)
                      0.007692    0.000000    2.003522 v _0807_/B_N (sky130_fd_sc_hd__nor2b_4)
     4    0.013278    0.059178    0.119793    2.123314 v _0807_/Y (sky130_fd_sc_hd__nor2b_4)
                                                         _0293_ (net)
                      0.059178    0.000000    2.123314 v _1049_/A (sky130_fd_sc_hd__and3_2)
     4    0.017216    0.072047    0.216705    2.340019 v _1049_/X (sky130_fd_sc_hd__and3_2)
                                                         _0507_ (net)
                      0.072047    0.000000    2.340019 v _1210_/A (sky130_fd_sc_hd__nand2_2)
     8    0.026816    0.153475    0.143966    2.483985 ^ _1210_/Y (sky130_fd_sc_hd__nand2_2)
                                                         _0596_ (net)
                      0.153475    0.000000    2.483985 ^ _1219_/S (sky130_fd_sc_hd__mux2_2)
     1    0.002015    0.045539    0.342562    2.826548 v _1219_/X (sky130_fd_sc_hd__mux2_2)
                                                         _0601_ (net)
                      0.045539    0.000000    2.826548 v _1220_/A (sky130_fd_sc_hd__buf_1)
     1    0.001681    0.021562    0.081527    2.908075 v _1220_/X (sky130_fd_sc_hd__buf_1)
                                                         _0084_ (net)
                      0.021562    0.000000    2.908075 v _1414_/D (sky130_fd_sc_hd__dfxtp_2)
                                              2.908075   data arrival time

                      0.150000   10.000000   10.000000   clock wr_clk (rise edge)
                                  0.000000   10.000000   clock network delay (ideal)
                                 -0.250000    9.750000   clock uncertainty
                                  0.000000    9.750000   clock reconvergence pessimism
                                              9.750000 ^ _1414_/CLK (sky130_fd_sc_hd__dfxtp_2)
                                 -0.078174    9.671826   library setup time
                                              9.671826   data required time
---------------------------------------------------------------------------------------------
                                              9.671826   data required time
                                             -2.908075   data arrival time
---------------------------------------------------------------------------------------------
                                              6.763752   slack (MET)


Startpoint: wr_en (input port clocked by wr_clk)
Endpoint: _1415_ (rising edge-triggered flip-flop clocked by wr_clk)
Path Group: wr_clk
Path Type: max

Fanout         Cap        Slew       Delay        Time   Description
---------------------------------------------------------------------------------------------
                      0.150000    0.000000    0.000000   clock wr_clk (rise edge)
                                  0.000000    0.000000   clock network delay (ideal)
                                  2.000000    2.000000 v input external delay
     1    0.002273    0.007692    0.003522    2.003522 v wr_en (in)
                                                         wr_en (net)
                      0.007692    0.000000    2.003522 v _0807_/B_N (sky130_fd_sc_hd__nor2b_4)
     4    0.013278    0.059178    0.119793    2.123314 v _0807_/Y (sky130_fd_sc_hd__nor2b_4)
                                                         _0293_ (net)
                      0.059178    0.000000    2.123314 v _1049_/A (sky130_fd_sc_hd__and3_2)
     4    0.017216    0.072047    0.216705    2.340019 v _1049_/X (sky130_fd_sc_hd__and3_2)
                                                         _0507_ (net)
                      0.072047    0.000000    2.340019 v _1210_/A (sky130_fd_sc_hd__nand2_2)
     8    0.026816    0.153475    0.143966    2.483985 ^ _1210_/Y (sky130_fd_sc_hd__nand2_2)
                                                         _0596_ (net)
                      0.153475    0.000000    2.483985 ^ _1221_/S (sky130_fd_sc_hd__mux2_2)
     1    0.002015    0.045539    0.342562    2.826548 v _1221_/X (sky130_fd_sc_hd__mux2_2)
                                                         _0602_ (net)
                      0.045539    0.000000    2.826548 v _1222_/A (sky130_fd_sc_hd__buf_1)
     1    0.001681    0.021562    0.081527    2.908075 v _1222_/X (sky130_fd_sc_hd__buf_1)
                                                         _0085_ (net)
                      0.021562    0.000000    2.908075 v _1415_/D (sky130_fd_sc_hd__dfxtp_2)
                                              2.908075   data arrival time

                      0.150000   10.000000   10.000000   clock wr_clk (rise edge)
                                  0.000000   10.000000   clock network delay (ideal)
                                 -0.250000    9.750000   clock uncertainty
                                  0.000000    9.750000   clock reconvergence pessimism
                                              9.750000 ^ _1415_/CLK (sky130_fd_sc_hd__dfxtp_2)
                                 -0.078174    9.671826   library setup time
                                              9.671826   data required time
---------------------------------------------------------------------------------------------
                                              9.671826   data required time
                                             -2.908075   data arrival time
---------------------------------------------------------------------------------------------
                                              6.763752   slack (MET)


Startpoint: wr_en (input port clocked by wr_clk)
Endpoint: _1416_ (rising edge-triggered flip-flop clocked by wr_clk)
Path Group: wr_clk
Path Type: max

Fanout         Cap        Slew       Delay        Time   Description
---------------------------------------------------------------------------------------------
                      0.150000    0.000000    0.000000   clock wr_clk (rise edge)
                                  0.000000    0.000000   clock network delay (ideal)
                                  2.000000    2.000000 v input external delay
     1    0.002273    0.007692    0.003522    2.003522 v wr_en (in)
                                                         wr_en (net)
                      0.007692    0.000000    2.003522 v _0807_/B_N (sky130_fd_sc_hd__nor2b_4)
     4    0.013278    0.059178    0.119793    2.123314 v _0807_/Y (sky130_fd_sc_hd__nor2b_4)
                                                         _0293_ (net)
                      0.059178    0.000000    2.123314 v _1049_/A (sky130_fd_sc_hd__and3_2)
     4    0.017216    0.072047    0.216705    2.340019 v _1049_/X (sky130_fd_sc_hd__and3_2)
                                                         _0507_ (net)
                      0.072047    0.000000    2.340019 v _1210_/A (sky130_fd_sc_hd__nand2_2)
     8    0.026816    0.153475    0.143966    2.483985 ^ _1210_/Y (sky130_fd_sc_hd__nand2_2)
                                                         _0596_ (net)
                      0.153475    0.000000    2.483985 ^ _1223_/S (sky130_fd_sc_hd__mux2_2)
     1    0.002015    0.045539    0.342562    2.826548 v _1223_/X (sky130_fd_sc_hd__mux2_2)
                                                         _0603_ (net)
                      0.045539    0.000000    2.826548 v _1224_/A (sky130_fd_sc_hd__buf_1)
     1    0.001681    0.021562    0.081527    2.908075 v _1224_/X (sky130_fd_sc_hd__buf_1)
                                                         _0086_ (net)
                      0.021562    0.000000    2.908075 v _1416_/D (sky130_fd_sc_hd__dfxtp_2)
                                              2.908075   data arrival time

                      0.150000   10.000000   10.000000   clock wr_clk (rise edge)
                                  0.000000   10.000000   clock network delay (ideal)
                                 -0.250000    9.750000   clock uncertainty
                                  0.000000    9.750000   clock reconvergence pessimism
                                              9.750000 ^ _1416_/CLK (sky130_fd_sc_hd__dfxtp_2)
                                 -0.078174    9.671826   library setup time
                                              9.671826   data required time
---------------------------------------------------------------------------------------------
                                              9.671826   data required time
                                             -2.908075   data arrival time
---------------------------------------------------------------------------------------------
                                              6.763752   slack (MET)


Startpoint: wr_en (input port clocked by wr_clk)
Endpoint: _1417_ (rising edge-triggered flip-flop clocked by wr_clk)
Path Group: wr_clk
Path Type: max

Fanout         Cap        Slew       Delay        Time   Description
---------------------------------------------------------------------------------------------
                      0.150000    0.000000    0.000000   clock wr_clk (rise edge)
                                  0.000000    0.000000   clock network delay (ideal)
                                  2.000000    2.000000 v input external delay
     1    0.002273    0.007692    0.003522    2.003522 v wr_en (in)
                                                         wr_en (net)
                      0.007692    0.000000    2.003522 v _0807_/B_N (sky130_fd_sc_hd__nor2b_4)
     4    0.013278    0.059178    0.119793    2.123314 v _0807_/Y (sky130_fd_sc_hd__nor2b_4)
                                                         _0293_ (net)
                      0.059178    0.000000    2.123314 v _1049_/A (sky130_fd_sc_hd__and3_2)
     4    0.017216    0.072047    0.216705    2.340019 v _1049_/X (sky130_fd_sc_hd__and3_2)
                                                         _0507_ (net)
                      0.072047    0.000000    2.340019 v _1210_/A (sky130_fd_sc_hd__nand2_2)
     8    0.026816    0.153475    0.143966    2.483985 ^ _1210_/Y (sky130_fd_sc_hd__nand2_2)
                                                         _0596_ (net)
                      0.153475    0.000000    2.483985 ^ _1225_/S (sky130_fd_sc_hd__mux2_2)
     1    0.002015    0.045539    0.342562    2.826548 v _1225_/X (sky130_fd_sc_hd__mux2_2)
                                                         _0604_ (net)
                      0.045539    0.000000    2.826548 v _1226_/A (sky130_fd_sc_hd__buf_1)
     1    0.001681    0.021562    0.081527    2.908075 v _1226_/X (sky130_fd_sc_hd__buf_1)
                                                         _0087_ (net)
                      0.021562    0.000000    2.908075 v _1417_/D (sky130_fd_sc_hd__dfxtp_2)
                                              2.908075   data arrival time

                      0.150000   10.000000   10.000000   clock wr_clk (rise edge)
                                  0.000000   10.000000   clock network delay (ideal)
                                 -0.250000    9.750000   clock uncertainty
                                  0.000000    9.750000   clock reconvergence pessimism
                                              9.750000 ^ _1417_/CLK (sky130_fd_sc_hd__dfxtp_2)
                                 -0.078174    9.671826   library setup time
                                              9.671826   data required time
---------------------------------------------------------------------------------------------
                                              9.671826   data required time
                                             -2.908075   data arrival time
---------------------------------------------------------------------------------------------
                                              6.763752   slack (MET)


Startpoint: wr_en (input port clocked by wr_clk)
Endpoint: _1460_ (rising edge-triggered flip-flop clocked by wr_clk)
Path Group: wr_clk
Path Type: max

Fanout         Cap        Slew       Delay        Time   Description
---------------------------------------------------------------------------------------------
                      0.150000    0.000000    0.000000   clock wr_clk (rise edge)
                                  0.000000    0.000000   clock network delay (ideal)
                                  2.000000    2.000000 v input external delay
     1    0.002273    0.007692    0.003522    2.003522 v wr_en (in)
                                                         wr_en (net)
                      0.007692    0.000000    2.003522 v _0807_/B_N (sky130_fd_sc_hd__nor2b_4)
     4    0.013278    0.059178    0.119793    2.123314 v _0807_/Y (sky130_fd_sc_hd__nor2b_4)
                                                         _0293_ (net)
                      0.059178    0.000000    2.123314 v _1085_/A (sky130_fd_sc_hd__and3_2)
     4    0.017216    0.072047    0.216705    2.340019 v _1085_/X (sky130_fd_sc_hd__and3_2)
                                                         _0527_ (net)
                      0.072047    0.000000    2.340019 v _1279_/A (sky130_fd_sc_hd__nand2_2)
     8    0.026816    0.153475    0.143966    2.483985 ^ _1279_/Y (sky130_fd_sc_hd__nand2_2)
                                                         _0633_ (net)
                      0.153475    0.000000    2.483985 ^ _1280_/S (sky130_fd_sc_hd__mux2_2)
     1    0.002015    0.045539    0.342562    2.826548 v _1280_/X (sky130_fd_sc_hd__mux2_2)
                                                         _0634_ (net)
                      0.045539    0.000000    2.826548 v _1281_/A (sky130_fd_sc_hd__buf_1)
     1    0.001681    0.021562    0.081527    2.908075 v _1281_/X (sky130_fd_sc_hd__buf_1)
                                                         _0112_ (net)
                      0.021562    0.000000    2.908075 v _1460_/D (sky130_fd_sc_hd__dfxtp_2)
                                              2.908075   data arrival time

                      0.150000   10.000000   10.000000   clock wr_clk (rise edge)
                                  0.000000   10.000000   clock network delay (ideal)
                                 -0.250000    9.750000   clock uncertainty
                                  0.000000    9.750000   clock reconvergence pessimism
                                              9.750000 ^ _1460_/CLK (sky130_fd_sc_hd__dfxtp_2)
                                 -0.078174    9.671826   library setup time
                                              9.671826   data required time
---------------------------------------------------------------------------------------------
                                              9.671826   data required time
                                             -2.908075   data arrival time
---------------------------------------------------------------------------------------------
                                              6.763752   slack (MET)


Startpoint: wr_en (input port clocked by wr_clk)
Endpoint: _1461_ (rising edge-triggered flip-flop clocked by wr_clk)
Path Group: wr_clk
Path Type: max

Fanout         Cap        Slew       Delay        Time   Description
---------------------------------------------------------------------------------------------
                      0.150000    0.000000    0.000000   clock wr_clk (rise edge)
                                  0.000000    0.000000   clock network delay (ideal)
                                  2.000000    2.000000 v input external delay
     1    0.002273    0.007692    0.003522    2.003522 v wr_en (in)
                                                         wr_en (net)
                      0.007692    0.000000    2.003522 v _0807_/B_N (sky130_fd_sc_hd__nor2b_4)
     4    0.013278    0.059178    0.119793    2.123314 v _0807_/Y (sky130_fd_sc_hd__nor2b_4)
                                                         _0293_ (net)
                      0.059178    0.000000    2.123314 v _1085_/A (sky130_fd_sc_hd__and3_2)
     4    0.017216    0.072047    0.216705    2.340019 v _1085_/X (sky130_fd_sc_hd__and3_2)
                                                         _0527_ (net)
                      0.072047    0.000000    2.340019 v _1279_/A (sky130_fd_sc_hd__nand2_2)
     8    0.026816    0.153475    0.143966    2.483985 ^ _1279_/Y (sky130_fd_sc_hd__nand2_2)
                                                         _0633_ (net)
                      0.153475    0.000000    2.483985 ^ _1282_/S (sky130_fd_sc_hd__mux2_2)
     1    0.002015    0.045539    0.342562    2.826548 v _1282_/X (sky130_fd_sc_hd__mux2_2)
                                                         _0635_ (net)
                      0.045539    0.000000    2.826548 v _1283_/A (sky130_fd_sc_hd__buf_1)
     1    0.001681    0.021562    0.081527    2.908075 v _1283_/X (sky130_fd_sc_hd__buf_1)
                                                         _0113_ (net)
                      0.021562    0.000000    2.908075 v _1461_/D (sky130_fd_sc_hd__dfxtp_2)
                                              2.908075   data arrival time

                      0.150000   10.000000   10.000000   clock wr_clk (rise edge)
                                  0.000000   10.000000   clock network delay (ideal)
                                 -0.250000    9.750000   clock uncertainty
                                  0.000000    9.750000   clock reconvergence pessimism
                                              9.750000 ^ _1461_/CLK (sky130_fd_sc_hd__dfxtp_2)
                                 -0.078174    9.671826   library setup time
                                              9.671826   data required time
---------------------------------------------------------------------------------------------
                                              9.671826   data required time
                                             -2.908075   data arrival time
---------------------------------------------------------------------------------------------
                                              6.763752   slack (MET)


Startpoint: wr_en (input port clocked by wr_clk)
Endpoint: _1462_ (rising edge-triggered flip-flop clocked by wr_clk)
Path Group: wr_clk
Path Type: max

Fanout         Cap        Slew       Delay        Time   Description
---------------------------------------------------------------------------------------------
                      0.150000    0.000000    0.000000   clock wr_clk (rise edge)
                                  0.000000    0.000000   clock network delay (ideal)
                                  2.000000    2.000000 v input external delay
     1    0.002273    0.007692    0.003522    2.003522 v wr_en (in)
                                                         wr_en (net)
                      0.007692    0.000000    2.003522 v _0807_/B_N (sky130_fd_sc_hd__nor2b_4)
     4    0.013278    0.059178    0.119793    2.123314 v _0807_/Y (sky130_fd_sc_hd__nor2b_4)
                                                         _0293_ (net)
                      0.059178    0.000000    2.123314 v _1085_/A (sky130_fd_sc_hd__and3_2)
     4    0.017216    0.072047    0.216705    2.340019 v _1085_/X (sky130_fd_sc_hd__and3_2)
                                                         _0527_ (net)
                      0.072047    0.000000    2.340019 v _1279_/A (sky130_fd_sc_hd__nand2_2)
     8    0.026816    0.153475    0.143966    2.483985 ^ _1279_/Y (sky130_fd_sc_hd__nand2_2)
                                                         _0633_ (net)
                      0.153475    0.000000    2.483985 ^ _1284_/S (sky130_fd_sc_hd__mux2_2)
     1    0.002015    0.045539    0.342562    2.826548 v _1284_/X (sky130_fd_sc_hd__mux2_2)
                                                         _0636_ (net)
                      0.045539    0.000000    2.826548 v _1285_/A (sky130_fd_sc_hd__buf_1)
     1    0.001681    0.021562    0.081527    2.908075 v _1285_/X (sky130_fd_sc_hd__buf_1)
                                                         _0114_ (net)
                      0.021562    0.000000    2.908075 v _1462_/D (sky130_fd_sc_hd__dfxtp_2)
                                              2.908075   data arrival time

                      0.150000   10.000000   10.000000   clock wr_clk (rise edge)
                                  0.000000   10.000000   clock network delay (ideal)
                                 -0.250000    9.750000   clock uncertainty
                                  0.000000    9.750000   clock reconvergence pessimism
                                              9.750000 ^ _1462_/CLK (sky130_fd_sc_hd__dfxtp_2)
                                 -0.078174    9.671826   library setup time
                                              9.671826   data required time
---------------------------------------------------------------------------------------------
                                              9.671826   data required time
                                             -2.908075   data arrival time
---------------------------------------------------------------------------------------------
                                              6.763752   slack (MET)


Startpoint: wr_en (input port clocked by wr_clk)
Endpoint: _1463_ (rising edge-triggered flip-flop clocked by wr_clk)
Path Group: wr_clk
Path Type: max

Fanout         Cap        Slew       Delay        Time   Description
---------------------------------------------------------------------------------------------
                      0.150000    0.000000    0.000000   clock wr_clk (rise edge)
                                  0.000000    0.000000   clock network delay (ideal)
                                  2.000000    2.000000 v input external delay
     1    0.002273    0.007692    0.003522    2.003522 v wr_en (in)
                                                         wr_en (net)
                      0.007692    0.000000    2.003522 v _0807_/B_N (sky130_fd_sc_hd__nor2b_4)
     4    0.013278    0.059178    0.119793    2.123314 v _0807_/Y (sky130_fd_sc_hd__nor2b_4)
                                                         _0293_ (net)
                      0.059178    0.000000    2.123314 v _1085_/A (sky130_fd_sc_hd__and3_2)
     4    0.017216    0.072047    0.216705    2.340019 v _1085_/X (sky130_fd_sc_hd__and3_2)
                                                         _0527_ (net)
                      0.072047    0.000000    2.340019 v _1279_/A (sky130_fd_sc_hd__nand2_2)
     8    0.026816    0.153475    0.143966    2.483985 ^ _1279_/Y (sky130_fd_sc_hd__nand2_2)
                                                         _0633_ (net)
                      0.153475    0.000000    2.483985 ^ _1286_/S (sky130_fd_sc_hd__mux2_2)
     1    0.002015    0.045539    0.342562    2.826548 v _1286_/X (sky130_fd_sc_hd__mux2_2)
                                                         _0637_ (net)
                      0.045539    0.000000    2.826548 v _1287_/A (sky130_fd_sc_hd__buf_1)
     1    0.001681    0.021562    0.081527    2.908075 v _1287_/X (sky130_fd_sc_hd__buf_1)
                                                         _0115_ (net)
                      0.021562    0.000000    2.908075 v _1463_/D (sky130_fd_sc_hd__dfxtp_2)
                                              2.908075   data arrival time

                      0.150000   10.000000   10.000000   clock wr_clk (rise edge)
                                  0.000000   10.000000   clock network delay (ideal)
                                 -0.250000    9.750000   clock uncertainty
                                  0.000000    9.750000   clock reconvergence pessimism
                                              9.750000 ^ _1463_/CLK (sky130_fd_sc_hd__dfxtp_2)
                                 -0.078174    9.671826   library setup time
                                              9.671826   data required time
---------------------------------------------------------------------------------------------
                                              9.671826   data required time
                                             -2.908075   data arrival time
---------------------------------------------------------------------------------------------
                                              6.763752   slack (MET)


Startpoint: wr_en (input port clocked by wr_clk)
Endpoint: _1464_ (rising edge-triggered flip-flop clocked by wr_clk)
Path Group: wr_clk
Path Type: max

Fanout         Cap        Slew       Delay        Time   Description
---------------------------------------------------------------------------------------------
                      0.150000    0.000000    0.000000   clock wr_clk (rise edge)
                                  0.000000    0.000000   clock network delay (ideal)
                                  2.000000    2.000000 v input external delay
     1    0.002273    0.007692    0.003522    2.003522 v wr_en (in)
                                                         wr_en (net)
                      0.007692    0.000000    2.003522 v _0807_/B_N (sky130_fd_sc_hd__nor2b_4)
     4    0.013278    0.059178    0.119793    2.123314 v _0807_/Y (sky130_fd_sc_hd__nor2b_4)
                                                         _0293_ (net)
                      0.059178    0.000000    2.123314 v _1085_/A (sky130_fd_sc_hd__and3_2)
     4    0.017216    0.072047    0.216705    2.340019 v _1085_/X (sky130_fd_sc_hd__and3_2)
                                                         _0527_ (net)
                      0.072047    0.000000    2.340019 v _1279_/A (sky130_fd_sc_hd__nand2_2)
     8    0.026816    0.153475    0.143966    2.483985 ^ _1279_/Y (sky130_fd_sc_hd__nand2_2)
                                                         _0633_ (net)
                      0.153475    0.000000    2.483985 ^ _1288_/S (sky130_fd_sc_hd__mux2_2)
     1    0.002015    0.045539    0.342562    2.826548 v _1288_/X (sky130_fd_sc_hd__mux2_2)
                                                         _0638_ (net)
                      0.045539    0.000000    2.826548 v _1289_/A (sky130_fd_sc_hd__buf_1)
     1    0.001681    0.021562    0.081527    2.908075 v _1289_/X (sky130_fd_sc_hd__buf_1)
                                                         _0116_ (net)
                      0.021562    0.000000    2.908075 v _1464_/D (sky130_fd_sc_hd__dfxtp_2)
                                              2.908075   data arrival time

                      0.150000   10.000000   10.000000   clock wr_clk (rise edge)
                                  0.000000   10.000000   clock network delay (ideal)
                                 -0.250000    9.750000   clock uncertainty
                                  0.000000    9.750000   clock reconvergence pessimism
                                              9.750000 ^ _1464_/CLK (sky130_fd_sc_hd__dfxtp_2)
                                 -0.078174    9.671826   library setup time
                                              9.671826   data required time
---------------------------------------------------------------------------------------------
                                              9.671826   data required time
                                             -2.908075   data arrival time
---------------------------------------------------------------------------------------------
                                              6.763752   slack (MET)


Startpoint: wr_en (input port clocked by wr_clk)
Endpoint: _1465_ (rising edge-triggered flip-flop clocked by wr_clk)
Path Group: wr_clk
Path Type: max

Fanout         Cap        Slew       Delay        Time   Description
---------------------------------------------------------------------------------------------
                      0.150000    0.000000    0.000000   clock wr_clk (rise edge)
                                  0.000000    0.000000   clock network delay (ideal)
                                  2.000000    2.000000 v input external delay
     1    0.002273    0.007692    0.003522    2.003522 v wr_en (in)
                                                         wr_en (net)
                      0.007692    0.000000    2.003522 v _0807_/B_N (sky130_fd_sc_hd__nor2b_4)
     4    0.013278    0.059178    0.119793    2.123314 v _0807_/Y (sky130_fd_sc_hd__nor2b_4)
                                                         _0293_ (net)
                      0.059178    0.000000    2.123314 v _1085_/A (sky130_fd_sc_hd__and3_2)
     4    0.017216    0.072047    0.216705    2.340019 v _1085_/X (sky130_fd_sc_hd__and3_2)
                                                         _0527_ (net)
                      0.072047    0.000000    2.340019 v _1279_/A (sky130_fd_sc_hd__nand2_2)
     8    0.026816    0.153475    0.143966    2.483985 ^ _1279_/Y (sky130_fd_sc_hd__nand2_2)
                                                         _0633_ (net)
                      0.153475    0.000000    2.483985 ^ _1290_/S (sky130_fd_sc_hd__mux2_2)
     1    0.002015    0.045539    0.342562    2.826548 v _1290_/X (sky130_fd_sc_hd__mux2_2)
                                                         _0639_ (net)
                      0.045539    0.000000    2.826548 v _1291_/A (sky130_fd_sc_hd__buf_1)
     1    0.001681    0.021562    0.081527    2.908075 v _1291_/X (sky130_fd_sc_hd__buf_1)
                                                         _0117_ (net)
                      0.021562    0.000000    2.908075 v _1465_/D (sky130_fd_sc_hd__dfxtp_2)
                                              2.908075   data arrival time

                      0.150000   10.000000   10.000000   clock wr_clk (rise edge)
                                  0.000000   10.000000   clock network delay (ideal)
                                 -0.250000    9.750000   clock uncertainty
                                  0.000000    9.750000   clock reconvergence pessimism
                                              9.750000 ^ _1465_/CLK (sky130_fd_sc_hd__dfxtp_2)
                                 -0.078174    9.671826   library setup time
                                              9.671826   data required time
---------------------------------------------------------------------------------------------
                                              9.671826   data required time
                                             -2.908075   data arrival time
---------------------------------------------------------------------------------------------
                                              6.763752   slack (MET)


Startpoint: wr_en (input port clocked by wr_clk)
Endpoint: _1466_ (rising edge-triggered flip-flop clocked by wr_clk)
Path Group: wr_clk
Path Type: max

Fanout         Cap        Slew       Delay        Time   Description
---------------------------------------------------------------------------------------------
                      0.150000    0.000000    0.000000   clock wr_clk (rise edge)
                                  0.000000    0.000000   clock network delay (ideal)
                                  2.000000    2.000000 v input external delay
     1    0.002273    0.007692    0.003522    2.003522 v wr_en (in)
                                                         wr_en (net)
                      0.007692    0.000000    2.003522 v _0807_/B_N (sky130_fd_sc_hd__nor2b_4)
     4    0.013278    0.059178    0.119793    2.123314 v _0807_/Y (sky130_fd_sc_hd__nor2b_4)
                                                         _0293_ (net)
                      0.059178    0.000000    2.123314 v _1085_/A (sky130_fd_sc_hd__and3_2)
     4    0.017216    0.072047    0.216705    2.340019 v _1085_/X (sky130_fd_sc_hd__and3_2)
                                                         _0527_ (net)
                      0.072047    0.000000    2.340019 v _1279_/A (sky130_fd_sc_hd__nand2_2)
     8    0.026816    0.153475    0.143966    2.483985 ^ _1279_/Y (sky130_fd_sc_hd__nand2_2)
                                                         _0633_ (net)
                      0.153475    0.000000    2.483985 ^ _1292_/S (sky130_fd_sc_hd__mux2_2)
     1    0.002015    0.045539    0.342562    2.826548 v _1292_/X (sky130_fd_sc_hd__mux2_2)
                                                         _0640_ (net)
                      0.045539    0.000000    2.826548 v _1293_/A (sky130_fd_sc_hd__buf_1)
     1    0.001681    0.021562    0.081527    2.908075 v _1293_/X (sky130_fd_sc_hd__buf_1)
                                                         _0118_ (net)
                      0.021562    0.000000    2.908075 v _1466_/D (sky130_fd_sc_hd__dfxtp_2)
                                              2.908075   data arrival time

                      0.150000   10.000000   10.000000   clock wr_clk (rise edge)
                                  0.000000   10.000000   clock network delay (ideal)
                                 -0.250000    9.750000   clock uncertainty
                                  0.000000    9.750000   clock reconvergence pessimism
                                              9.750000 ^ _1466_/CLK (sky130_fd_sc_hd__dfxtp_2)
                                 -0.078174    9.671826   library setup time
                                              9.671826   data required time
---------------------------------------------------------------------------------------------
                                              9.671826   data required time
                                             -2.908075   data arrival time
---------------------------------------------------------------------------------------------
                                              6.763752   slack (MET)


Startpoint: wr_en (input port clocked by wr_clk)
Endpoint: _1467_ (rising edge-triggered flip-flop clocked by wr_clk)
Path Group: wr_clk
Path Type: max

Fanout         Cap        Slew       Delay        Time   Description
---------------------------------------------------------------------------------------------
                      0.150000    0.000000    0.000000   clock wr_clk (rise edge)
                                  0.000000    0.000000   clock network delay (ideal)
                                  2.000000    2.000000 v input external delay
     1    0.002273    0.007692    0.003522    2.003522 v wr_en (in)
                                                         wr_en (net)
                      0.007692    0.000000    2.003522 v _0807_/B_N (sky130_fd_sc_hd__nor2b_4)
     4    0.013278    0.059178    0.119793    2.123314 v _0807_/Y (sky130_fd_sc_hd__nor2b_4)
                                                         _0293_ (net)
                      0.059178    0.000000    2.123314 v _1085_/A (sky130_fd_sc_hd__and3_2)
     4    0.017216    0.072047    0.216705    2.340019 v _1085_/X (sky130_fd_sc_hd__and3_2)
                                                         _0527_ (net)
                      0.072047    0.000000    2.340019 v _1279_/A (sky130_fd_sc_hd__nand2_2)
     8    0.026816    0.153475    0.143966    2.483985 ^ _1279_/Y (sky130_fd_sc_hd__nand2_2)
                                                         _0633_ (net)
                      0.153475    0.000000    2.483985 ^ _1294_/S (sky130_fd_sc_hd__mux2_2)
     1    0.002015    0.045539    0.342562    2.826548 v _1294_/X (sky130_fd_sc_hd__mux2_2)
                                                         _0641_ (net)
                      0.045539    0.000000    2.826548 v _1295_/A (sky130_fd_sc_hd__buf_1)
     1    0.001681    0.021562    0.081527    2.908075 v _1295_/X (sky130_fd_sc_hd__buf_1)
                                                         _0119_ (net)
                      0.021562    0.000000    2.908075 v _1467_/D (sky130_fd_sc_hd__dfxtp_2)
                                              2.908075   data arrival time

                      0.150000   10.000000   10.000000   clock wr_clk (rise edge)
                                  0.000000   10.000000   clock network delay (ideal)
                                 -0.250000    9.750000   clock uncertainty
                                  0.000000    9.750000   clock reconvergence pessimism
                                              9.750000 ^ _1467_/CLK (sky130_fd_sc_hd__dfxtp_2)
                                 -0.078174    9.671826   library setup time
                                              9.671826   data required time
---------------------------------------------------------------------------------------------
                                              9.671826   data required time
                                             -2.908075   data arrival time
---------------------------------------------------------------------------------------------
                                              6.763752   slack (MET)


Startpoint: wr_en (input port clocked by wr_clk)
Endpoint: _1338_ (rising edge-triggered flip-flop clocked by wr_clk)
Path Group: wr_clk
Path Type: max

Fanout         Cap        Slew       Delay        Time   Description
---------------------------------------------------------------------------------------------
                      0.150000    0.000000    0.000000   clock wr_clk (rise edge)
                                  0.000000    0.000000   clock network delay (ideal)
                                  2.000000    2.000000 v input external delay
     1    0.002273    0.007692    0.003522    2.003522 v wr_en (in)
                                                         wr_en (net)
                      0.007692    0.000000    2.003522 v _0807_/B_N (sky130_fd_sc_hd__nor2b_4)
     4    0.013278    0.059178    0.119793    2.123314 v _0807_/Y (sky130_fd_sc_hd__nor2b_4)
                                                         _0293_ (net)
                      0.059178    0.000000    2.123314 v _1049_/A (sky130_fd_sc_hd__and3_2)
     4    0.017216    0.072047    0.216705    2.340019 v _1049_/X (sky130_fd_sc_hd__and3_2)
                                                         _0507_ (net)
                      0.072047    0.000000    2.340019 v _1050_/A (sky130_fd_sc_hd__nand2_2)
     8    0.026816    0.153421    0.143966    2.483985 ^ _1050_/Y (sky130_fd_sc_hd__nand2_2)
                                                         _0508_ (net)
                      0.153421    0.000000    2.483985 ^ _1051_/S (sky130_fd_sc_hd__mux2_2)
     1    0.002015    0.045539    0.342553    2.826538 v _1051_/X (sky130_fd_sc_hd__mux2_2)
                                                         _0509_ (net)
                      0.045539    0.000000    2.826538 v _1052_/A (sky130_fd_sc_hd__buf_1)
     1    0.001681    0.021562    0.081527    2.908065 v _1052_/X (sky130_fd_sc_hd__buf_1)
                                                         _0008_ (net)
                      0.021562    0.000000    2.908065 v _1338_/D (sky130_fd_sc_hd__dfxtp_2)
                                              2.908065   data arrival time

                      0.150000   10.000000   10.000000   clock wr_clk (rise edge)
                                  0.000000   10.000000   clock network delay (ideal)
                                 -0.250000    9.750000   clock uncertainty
                                  0.000000    9.750000   clock reconvergence pessimism
                                              9.750000 ^ _1338_/CLK (sky130_fd_sc_hd__dfxtp_2)
                                 -0.078174    9.671826   library setup time
                                              9.671826   data required time
---------------------------------------------------------------------------------------------
                                              9.671826   data required time
                                             -2.908065   data arrival time
---------------------------------------------------------------------------------------------
                                              6.763762   slack (MET)


Startpoint: wr_en (input port clocked by wr_clk)
Endpoint: _1339_ (rising edge-triggered flip-flop clocked by wr_clk)
Path Group: wr_clk
Path Type: max

Fanout         Cap        Slew       Delay        Time   Description
---------------------------------------------------------------------------------------------
                      0.150000    0.000000    0.000000   clock wr_clk (rise edge)
                                  0.000000    0.000000   clock network delay (ideal)
                                  2.000000    2.000000 v input external delay
     1    0.002273    0.007692    0.003522    2.003522 v wr_en (in)
                                                         wr_en (net)
                      0.007692    0.000000    2.003522 v _0807_/B_N (sky130_fd_sc_hd__nor2b_4)
     4    0.013278    0.059178    0.119793    2.123314 v _0807_/Y (sky130_fd_sc_hd__nor2b_4)
                                                         _0293_ (net)
                      0.059178    0.000000    2.123314 v _1049_/A (sky130_fd_sc_hd__and3_2)
     4    0.017216    0.072047    0.216705    2.340019 v _1049_/X (sky130_fd_sc_hd__and3_2)
                                                         _0507_ (net)
                      0.072047    0.000000    2.340019 v _1050_/A (sky130_fd_sc_hd__nand2_2)
     8    0.026816    0.153421    0.143966    2.483985 ^ _1050_/Y (sky130_fd_sc_hd__nand2_2)
                                                         _0508_ (net)
                      0.153421    0.000000    2.483985 ^ _1053_/S (sky130_fd_sc_hd__mux2_2)
     1    0.002015    0.045539    0.342553    2.826538 v _1053_/X (sky130_fd_sc_hd__mux2_2)
                                                         _0510_ (net)
                      0.045539    0.000000    2.826538 v _1054_/A (sky130_fd_sc_hd__buf_1)
     1    0.001681    0.021562    0.081527    2.908065 v _1054_/X (sky130_fd_sc_hd__buf_1)
                                                         _0009_ (net)
                      0.021562    0.000000    2.908065 v _1339_/D (sky130_fd_sc_hd__dfxtp_2)
                                              2.908065   data arrival time

                      0.150000   10.000000   10.000000   clock wr_clk (rise edge)
                                  0.000000   10.000000   clock network delay (ideal)
                                 -0.250000    9.750000   clock uncertainty
                                  0.000000    9.750000   clock reconvergence pessimism
                                              9.750000 ^ _1339_/CLK (sky130_fd_sc_hd__dfxtp_2)
                                 -0.078174    9.671826   library setup time
                                              9.671826   data required time
---------------------------------------------------------------------------------------------
                                              9.671826   data required time
                                             -2.908065   data arrival time
---------------------------------------------------------------------------------------------
                                              6.763762   slack (MET)


Startpoint: wr_en (input port clocked by wr_clk)
Endpoint: _1340_ (rising edge-triggered flip-flop clocked by wr_clk)
Path Group: wr_clk
Path Type: max

Fanout         Cap        Slew       Delay        Time   Description
---------------------------------------------------------------------------------------------
                      0.150000    0.000000    0.000000   clock wr_clk (rise edge)
                                  0.000000    0.000000   clock network delay (ideal)
                                  2.000000    2.000000 v input external delay
     1    0.002273    0.007692    0.003522    2.003522 v wr_en (in)
                                                         wr_en (net)
                      0.007692    0.000000    2.003522 v _0807_/B_N (sky130_fd_sc_hd__nor2b_4)
     4    0.013278    0.059178    0.119793    2.123314 v _0807_/Y (sky130_fd_sc_hd__nor2b_4)
                                                         _0293_ (net)
                      0.059178    0.000000    2.123314 v _1049_/A (sky130_fd_sc_hd__and3_2)
     4    0.017216    0.072047    0.216705    2.340019 v _1049_/X (sky130_fd_sc_hd__and3_2)
                                                         _0507_ (net)
                      0.072047    0.000000    2.340019 v _1050_/A (sky130_fd_sc_hd__nand2_2)
     8    0.026816    0.153421    0.143966    2.483985 ^ _1050_/Y (sky130_fd_sc_hd__nand2_2)
                                                         _0508_ (net)
                      0.153421    0.000000    2.483985 ^ _1055_/S (sky130_fd_sc_hd__mux2_2)
     1    0.002015    0.045539    0.342553    2.826538 v _1055_/X (sky130_fd_sc_hd__mux2_2)
                                                         _0511_ (net)
                      0.045539    0.000000    2.826538 v _1056_/A (sky130_fd_sc_hd__buf_1)
     1    0.001681    0.021562    0.081527    2.908065 v _1056_/X (sky130_fd_sc_hd__buf_1)
                                                         _0010_ (net)
                      0.021562    0.000000    2.908065 v _1340_/D (sky130_fd_sc_hd__dfxtp_2)
                                              2.908065   data arrival time

                      0.150000   10.000000   10.000000   clock wr_clk (rise edge)
                                  0.000000   10.000000   clock network delay (ideal)
                                 -0.250000    9.750000   clock uncertainty
                                  0.000000    9.750000   clock reconvergence pessimism
                                              9.750000 ^ _1340_/CLK (sky130_fd_sc_hd__dfxtp_2)
                                 -0.078174    9.671826   library setup time
                                              9.671826   data required time
---------------------------------------------------------------------------------------------
                                              9.671826   data required time
                                             -2.908065   data arrival time
---------------------------------------------------------------------------------------------
                                              6.763762   slack (MET)


Startpoint: wr_en (input port clocked by wr_clk)
Endpoint: _1341_ (rising edge-triggered flip-flop clocked by wr_clk)
Path Group: wr_clk
Path Type: max

Fanout         Cap        Slew       Delay        Time   Description
---------------------------------------------------------------------------------------------
                      0.150000    0.000000    0.000000   clock wr_clk (rise edge)
                                  0.000000    0.000000   clock network delay (ideal)
                                  2.000000    2.000000 v input external delay
     1    0.002273    0.007692    0.003522    2.003522 v wr_en (in)
                                                         wr_en (net)
                      0.007692    0.000000    2.003522 v _0807_/B_N (sky130_fd_sc_hd__nor2b_4)
     4    0.013278    0.059178    0.119793    2.123314 v _0807_/Y (sky130_fd_sc_hd__nor2b_4)
                                                         _0293_ (net)
                      0.059178    0.000000    2.123314 v _1049_/A (sky130_fd_sc_hd__and3_2)
     4    0.017216    0.072047    0.216705    2.340019 v _1049_/X (sky130_fd_sc_hd__and3_2)
                                                         _0507_ (net)
                      0.072047    0.000000    2.340019 v _1050_/A (sky130_fd_sc_hd__nand2_2)
     8    0.026816    0.153421    0.143966    2.483985 ^ _1050_/Y (sky130_fd_sc_hd__nand2_2)
                                                         _0508_ (net)
                      0.153421    0.000000    2.483985 ^ _1057_/S (sky130_fd_sc_hd__mux2_2)
     1    0.002015    0.045539    0.342553    2.826538 v _1057_/X (sky130_fd_sc_hd__mux2_2)
                                                         _0512_ (net)
                      0.045539    0.000000    2.826538 v _1058_/A (sky130_fd_sc_hd__buf_1)
     1    0.001681    0.021562    0.081527    2.908065 v _1058_/X (sky130_fd_sc_hd__buf_1)
                                                         _0011_ (net)
                      0.021562    0.000000    2.908065 v _1341_/D (sky130_fd_sc_hd__dfxtp_2)
                                              2.908065   data arrival time

                      0.150000   10.000000   10.000000   clock wr_clk (rise edge)
                                  0.000000   10.000000   clock network delay (ideal)
                                 -0.250000    9.750000   clock uncertainty
                                  0.000000    9.750000   clock reconvergence pessimism
                                              9.750000 ^ _1341_/CLK (sky130_fd_sc_hd__dfxtp_2)
                                 -0.078174    9.671826   library setup time
                                              9.671826   data required time
---------------------------------------------------------------------------------------------
                                              9.671826   data required time
                                             -2.908065   data arrival time
---------------------------------------------------------------------------------------------
                                              6.763762   slack (MET)


Startpoint: wr_en (input port clocked by wr_clk)
Endpoint: _1342_ (rising edge-triggered flip-flop clocked by wr_clk)
Path Group: wr_clk
Path Type: max

Fanout         Cap        Slew       Delay        Time   Description
---------------------------------------------------------------------------------------------
                      0.150000    0.000000    0.000000   clock wr_clk (rise edge)
                                  0.000000    0.000000   clock network delay (ideal)
                                  2.000000    2.000000 v input external delay
     1    0.002273    0.007692    0.003522    2.003522 v wr_en (in)
                                                         wr_en (net)
                      0.007692    0.000000    2.003522 v _0807_/B_N (sky130_fd_sc_hd__nor2b_4)
     4    0.013278    0.059178    0.119793    2.123314 v _0807_/Y (sky130_fd_sc_hd__nor2b_4)
                                                         _0293_ (net)
                      0.059178    0.000000    2.123314 v _1049_/A (sky130_fd_sc_hd__and3_2)
     4    0.017216    0.072047    0.216705    2.340019 v _1049_/X (sky130_fd_sc_hd__and3_2)
                                                         _0507_ (net)
                      0.072047    0.000000    2.340019 v _1050_/A (sky130_fd_sc_hd__nand2_2)
     8    0.026816    0.153421    0.143966    2.483985 ^ _1050_/Y (sky130_fd_sc_hd__nand2_2)
                                                         _0508_ (net)
                      0.153421    0.000000    2.483985 ^ _1059_/S (sky130_fd_sc_hd__mux2_2)
     1    0.002015    0.045539    0.342553    2.826538 v _1059_/X (sky130_fd_sc_hd__mux2_2)
                                                         _0513_ (net)
                      0.045539    0.000000    2.826538 v _1060_/A (sky130_fd_sc_hd__buf_1)
     1    0.001681    0.021562    0.081527    2.908065 v _1060_/X (sky130_fd_sc_hd__buf_1)
                                                         _0012_ (net)
                      0.021562    0.000000    2.908065 v _1342_/D (sky130_fd_sc_hd__dfxtp_2)
                                              2.908065   data arrival time

                      0.150000   10.000000   10.000000   clock wr_clk (rise edge)
                                  0.000000   10.000000   clock network delay (ideal)
                                 -0.250000    9.750000   clock uncertainty
                                  0.000000    9.750000   clock reconvergence pessimism
                                              9.750000 ^ _1342_/CLK (sky130_fd_sc_hd__dfxtp_2)
                                 -0.078174    9.671826   library setup time
                                              9.671826   data required time
---------------------------------------------------------------------------------------------
                                              9.671826   data required time
                                             -2.908065   data arrival time
---------------------------------------------------------------------------------------------
                                              6.763762   slack (MET)


Startpoint: wr_en (input port clocked by wr_clk)
Endpoint: _1343_ (rising edge-triggered flip-flop clocked by wr_clk)
Path Group: wr_clk
Path Type: max

Fanout         Cap        Slew       Delay        Time   Description
---------------------------------------------------------------------------------------------
                      0.150000    0.000000    0.000000   clock wr_clk (rise edge)
                                  0.000000    0.000000   clock network delay (ideal)
                                  2.000000    2.000000 v input external delay
     1    0.002273    0.007692    0.003522    2.003522 v wr_en (in)
                                                         wr_en (net)
                      0.007692    0.000000    2.003522 v _0807_/B_N (sky130_fd_sc_hd__nor2b_4)
     4    0.013278    0.059178    0.119793    2.123314 v _0807_/Y (sky130_fd_sc_hd__nor2b_4)
                                                         _0293_ (net)
                      0.059178    0.000000    2.123314 v _1049_/A (sky130_fd_sc_hd__and3_2)
     4    0.017216    0.072047    0.216705    2.340019 v _1049_/X (sky130_fd_sc_hd__and3_2)
                                                         _0507_ (net)
                      0.072047    0.000000    2.340019 v _1050_/A (sky130_fd_sc_hd__nand2_2)
     8    0.026816    0.153421    0.143966    2.483985 ^ _1050_/Y (sky130_fd_sc_hd__nand2_2)
                                                         _0508_ (net)
                      0.153421    0.000000    2.483985 ^ _1061_/S (sky130_fd_sc_hd__mux2_2)
     1    0.002015    0.045539    0.342553    2.826538 v _1061_/X (sky130_fd_sc_hd__mux2_2)
                                                         _0514_ (net)
                      0.045539    0.000000    2.826538 v _1062_/A (sky130_fd_sc_hd__buf_1)
     1    0.001681    0.021562    0.081527    2.908065 v _1062_/X (sky130_fd_sc_hd__buf_1)
                                                         _0013_ (net)
                      0.021562    0.000000    2.908065 v _1343_/D (sky130_fd_sc_hd__dfxtp_2)
                                              2.908065   data arrival time

                      0.150000   10.000000   10.000000   clock wr_clk (rise edge)
                                  0.000000   10.000000   clock network delay (ideal)
                                 -0.250000    9.750000   clock uncertainty
                                  0.000000    9.750000   clock reconvergence pessimism
                                              9.750000 ^ _1343_/CLK (sky130_fd_sc_hd__dfxtp_2)
                                 -0.078174    9.671826   library setup time
                                              9.671826   data required time
---------------------------------------------------------------------------------------------
                                              9.671826   data required time
                                             -2.908065   data arrival time
---------------------------------------------------------------------------------------------
                                              6.763762   slack (MET)


Startpoint: wr_en (input port clocked by wr_clk)
Endpoint: _1344_ (rising edge-triggered flip-flop clocked by wr_clk)
Path Group: wr_clk
Path Type: max

Fanout         Cap        Slew       Delay        Time   Description
---------------------------------------------------------------------------------------------
                      0.150000    0.000000    0.000000   clock wr_clk (rise edge)
                                  0.000000    0.000000   clock network delay (ideal)
                                  2.000000    2.000000 v input external delay
     1    0.002273    0.007692    0.003522    2.003522 v wr_en (in)
                                                         wr_en (net)
                      0.007692    0.000000    2.003522 v _0807_/B_N (sky130_fd_sc_hd__nor2b_4)
     4    0.013278    0.059178    0.119793    2.123314 v _0807_/Y (sky130_fd_sc_hd__nor2b_4)
                                                         _0293_ (net)
                      0.059178    0.000000    2.123314 v _1049_/A (sky130_fd_sc_hd__and3_2)
     4    0.017216    0.072047    0.216705    2.340019 v _1049_/X (sky130_fd_sc_hd__and3_2)
                                                         _0507_ (net)
                      0.072047    0.000000    2.340019 v _1050_/A (sky130_fd_sc_hd__nand2_2)
     8    0.026816    0.153421    0.143966    2.483985 ^ _1050_/Y (sky130_fd_sc_hd__nand2_2)
                                                         _0508_ (net)
                      0.153421    0.000000    2.483985 ^ _1063_/S (sky130_fd_sc_hd__mux2_2)
     1    0.002015    0.045539    0.342553    2.826538 v _1063_/X (sky130_fd_sc_hd__mux2_2)
                                                         _0515_ (net)
                      0.045539    0.000000    2.826538 v _1064_/A (sky130_fd_sc_hd__buf_1)
     1    0.001681    0.021562    0.081527    2.908065 v _1064_/X (sky130_fd_sc_hd__buf_1)
                                                         _0014_ (net)
                      0.021562    0.000000    2.908065 v _1344_/D (sky130_fd_sc_hd__dfxtp_2)
                                              2.908065   data arrival time

                      0.150000   10.000000   10.000000   clock wr_clk (rise edge)
                                  0.000000   10.000000   clock network delay (ideal)
                                 -0.250000    9.750000   clock uncertainty
                                  0.000000    9.750000   clock reconvergence pessimism
                                              9.750000 ^ _1344_/CLK (sky130_fd_sc_hd__dfxtp_2)
                                 -0.078174    9.671826   library setup time
                                              9.671826   data required time
---------------------------------------------------------------------------------------------
                                              9.671826   data required time
                                             -2.908065   data arrival time
---------------------------------------------------------------------------------------------
                                              6.763762   slack (MET)


Startpoint: wr_en (input port clocked by wr_clk)
Endpoint: _1345_ (rising edge-triggered flip-flop clocked by wr_clk)
Path Group: wr_clk
Path Type: max

Fanout         Cap        Slew       Delay        Time   Description
---------------------------------------------------------------------------------------------
                      0.150000    0.000000    0.000000   clock wr_clk (rise edge)
                                  0.000000    0.000000   clock network delay (ideal)
                                  2.000000    2.000000 v input external delay
     1    0.002273    0.007692    0.003522    2.003522 v wr_en (in)
                                                         wr_en (net)
                      0.007692    0.000000    2.003522 v _0807_/B_N (sky130_fd_sc_hd__nor2b_4)
     4    0.013278    0.059178    0.119793    2.123314 v _0807_/Y (sky130_fd_sc_hd__nor2b_4)
                                                         _0293_ (net)
                      0.059178    0.000000    2.123314 v _1049_/A (sky130_fd_sc_hd__and3_2)
     4    0.017216    0.072047    0.216705    2.340019 v _1049_/X (sky130_fd_sc_hd__and3_2)
                                                         _0507_ (net)
                      0.072047    0.000000    2.340019 v _1050_/A (sky130_fd_sc_hd__nand2_2)
     8    0.026816    0.153421    0.143966    2.483985 ^ _1050_/Y (sky130_fd_sc_hd__nand2_2)
                                                         _0508_ (net)
                      0.153421    0.000000    2.483985 ^ _1065_/S (sky130_fd_sc_hd__mux2_2)
     1    0.002015    0.045539    0.342553    2.826538 v _1065_/X (sky130_fd_sc_hd__mux2_2)
                                                         _0516_ (net)
                      0.045539    0.000000    2.826538 v _1066_/A (sky130_fd_sc_hd__buf_1)
     1    0.001681    0.021562    0.081527    2.908065 v _1066_/X (sky130_fd_sc_hd__buf_1)
                                                         _0015_ (net)
                      0.021562    0.000000    2.908065 v _1345_/D (sky130_fd_sc_hd__dfxtp_2)
                                              2.908065   data arrival time

                      0.150000   10.000000   10.000000   clock wr_clk (rise edge)
                                  0.000000   10.000000   clock network delay (ideal)
                                 -0.250000    9.750000   clock uncertainty
                                  0.000000    9.750000   clock reconvergence pessimism
                                              9.750000 ^ _1345_/CLK (sky130_fd_sc_hd__dfxtp_2)
                                 -0.078174    9.671826   library setup time
                                              9.671826   data required time
---------------------------------------------------------------------------------------------
                                              9.671826   data required time
                                             -2.908065   data arrival time
---------------------------------------------------------------------------------------------
                                              6.763762   slack (MET)


Startpoint: wr_en (input port clocked by wr_clk)
Endpoint: _1354_ (rising edge-triggered flip-flop clocked by wr_clk)
Path Group: wr_clk
Path Type: max

Fanout         Cap        Slew       Delay        Time   Description
---------------------------------------------------------------------------------------------
                      0.150000    0.000000    0.000000   clock wr_clk (rise edge)
                                  0.000000    0.000000   clock network delay (ideal)
                                  2.000000    2.000000 v input external delay
     1    0.002273    0.007692    0.003522    2.003522 v wr_en (in)
                                                         wr_en (net)
                      0.007692    0.000000    2.003522 v _0807_/B_N (sky130_fd_sc_hd__nor2b_4)
     4    0.013278    0.059178    0.119793    2.123314 v _0807_/Y (sky130_fd_sc_hd__nor2b_4)
                                                         _0293_ (net)
                      0.059178    0.000000    2.123314 v _1085_/A (sky130_fd_sc_hd__and3_2)
     4    0.017216    0.072047    0.216705    2.340019 v _1085_/X (sky130_fd_sc_hd__and3_2)
                                                         _0527_ (net)
                      0.072047    0.000000    2.340019 v _1086_/A (sky130_fd_sc_hd__nand2_2)
     8    0.026816    0.153421    0.143966    2.483985 ^ _1086_/Y (sky130_fd_sc_hd__nand2_2)
                                                         _0528_ (net)
                      0.153421    0.000000    2.483985 ^ _1087_/S (sky130_fd_sc_hd__mux2_2)
     1    0.002015    0.045539    0.342553    2.826538 v _1087_/X (sky130_fd_sc_hd__mux2_2)
                                                         _0529_ (net)
                      0.045539    0.000000    2.826538 v _1088_/A (sky130_fd_sc_hd__buf_1)
     1    0.001681    0.021562    0.081527    2.908065 v _1088_/X (sky130_fd_sc_hd__buf_1)
                                                         _0024_ (net)
                      0.021562    0.000000    2.908065 v _1354_/D (sky130_fd_sc_hd__dfxtp_2)
                                              2.908065   data arrival time

                      0.150000   10.000000   10.000000   clock wr_clk (rise edge)
                                  0.000000   10.000000   clock network delay (ideal)
                                 -0.250000    9.750000   clock uncertainty
                                  0.000000    9.750000   clock reconvergence pessimism
                                              9.750000 ^ _1354_/CLK (sky130_fd_sc_hd__dfxtp_2)
                                 -0.078174    9.671826   library setup time
                                              9.671826   data required time
---------------------------------------------------------------------------------------------
                                              9.671826   data required time
                                             -2.908065   data arrival time
---------------------------------------------------------------------------------------------
                                              6.763762   slack (MET)


Startpoint: wr_en (input port clocked by wr_clk)
Endpoint: _1355_ (rising edge-triggered flip-flop clocked by wr_clk)
Path Group: wr_clk
Path Type: max

Fanout         Cap        Slew       Delay        Time   Description
---------------------------------------------------------------------------------------------
                      0.150000    0.000000    0.000000   clock wr_clk (rise edge)
                                  0.000000    0.000000   clock network delay (ideal)
                                  2.000000    2.000000 v input external delay
     1    0.002273    0.007692    0.003522    2.003522 v wr_en (in)
                                                         wr_en (net)
                      0.007692    0.000000    2.003522 v _0807_/B_N (sky130_fd_sc_hd__nor2b_4)
     4    0.013278    0.059178    0.119793    2.123314 v _0807_/Y (sky130_fd_sc_hd__nor2b_4)
                                                         _0293_ (net)
                      0.059178    0.000000    2.123314 v _1085_/A (sky130_fd_sc_hd__and3_2)
     4    0.017216    0.072047    0.216705    2.340019 v _1085_/X (sky130_fd_sc_hd__and3_2)
                                                         _0527_ (net)
                      0.072047    0.000000    2.340019 v _1086_/A (sky130_fd_sc_hd__nand2_2)
     8    0.026816    0.153421    0.143966    2.483985 ^ _1086_/Y (sky130_fd_sc_hd__nand2_2)
                                                         _0528_ (net)
                      0.153421    0.000000    2.483985 ^ _1089_/S (sky130_fd_sc_hd__mux2_2)
     1    0.002015    0.045539    0.342553    2.826538 v _1089_/X (sky130_fd_sc_hd__mux2_2)
                                                         _0530_ (net)
                      0.045539    0.000000    2.826538 v _1090_/A (sky130_fd_sc_hd__buf_1)
     1    0.001681    0.021562    0.081527    2.908065 v _1090_/X (sky130_fd_sc_hd__buf_1)
                                                         _0025_ (net)
                      0.021562    0.000000    2.908065 v _1355_/D (sky130_fd_sc_hd__dfxtp_2)
                                              2.908065   data arrival time

                      0.150000   10.000000   10.000000   clock wr_clk (rise edge)
                                  0.000000   10.000000   clock network delay (ideal)
                                 -0.250000    9.750000   clock uncertainty
                                  0.000000    9.750000   clock reconvergence pessimism
                                              9.750000 ^ _1355_/CLK (sky130_fd_sc_hd__dfxtp_2)
                                 -0.078174    9.671826   library setup time
                                              9.671826   data required time
---------------------------------------------------------------------------------------------
                                              9.671826   data required time
                                             -2.908065   data arrival time
---------------------------------------------------------------------------------------------
                                              6.763762   slack (MET)


Startpoint: wr_en (input port clocked by wr_clk)
Endpoint: _1356_ (rising edge-triggered flip-flop clocked by wr_clk)
Path Group: wr_clk
Path Type: max

Fanout         Cap        Slew       Delay        Time   Description
---------------------------------------------------------------------------------------------
                      0.150000    0.000000    0.000000   clock wr_clk (rise edge)
                                  0.000000    0.000000   clock network delay (ideal)
                                  2.000000    2.000000 v input external delay
     1    0.002273    0.007692    0.003522    2.003522 v wr_en (in)
                                                         wr_en (net)
                      0.007692    0.000000    2.003522 v _0807_/B_N (sky130_fd_sc_hd__nor2b_4)
     4    0.013278    0.059178    0.119793    2.123314 v _0807_/Y (sky130_fd_sc_hd__nor2b_4)
                                                         _0293_ (net)
                      0.059178    0.000000    2.123314 v _1085_/A (sky130_fd_sc_hd__and3_2)
     4    0.017216    0.072047    0.216705    2.340019 v _1085_/X (sky130_fd_sc_hd__and3_2)
                                                         _0527_ (net)
                      0.072047    0.000000    2.340019 v _1086_/A (sky130_fd_sc_hd__nand2_2)
     8    0.026816    0.153421    0.143966    2.483985 ^ _1086_/Y (sky130_fd_sc_hd__nand2_2)
                                                         _0528_ (net)
                      0.153421    0.000000    2.483985 ^ _1091_/S (sky130_fd_sc_hd__mux2_2)
     1    0.002015    0.045539    0.342553    2.826538 v _1091_/X (sky130_fd_sc_hd__mux2_2)
                                                         _0531_ (net)
                      0.045539    0.000000    2.826538 v _1092_/A (sky130_fd_sc_hd__buf_1)
     1    0.001681    0.021562    0.081527    2.908065 v _1092_/X (sky130_fd_sc_hd__buf_1)
                                                         _0026_ (net)
                      0.021562    0.000000    2.908065 v _1356_/D (sky130_fd_sc_hd__dfxtp_2)
                                              2.908065   data arrival time

                      0.150000   10.000000   10.000000   clock wr_clk (rise edge)
                                  0.000000   10.000000   clock network delay (ideal)
                                 -0.250000    9.750000   clock uncertainty
                                  0.000000    9.750000   clock reconvergence pessimism
                                              9.750000 ^ _1356_/CLK (sky130_fd_sc_hd__dfxtp_2)
                                 -0.078174    9.671826   library setup time
                                              9.671826   data required time
---------------------------------------------------------------------------------------------
                                              9.671826   data required time
                                             -2.908065   data arrival time
---------------------------------------------------------------------------------------------
                                              6.763762   slack (MET)


Startpoint: wr_en (input port clocked by wr_clk)
Endpoint: _1357_ (rising edge-triggered flip-flop clocked by wr_clk)
Path Group: wr_clk
Path Type: max

Fanout         Cap        Slew       Delay        Time   Description
---------------------------------------------------------------------------------------------
                      0.150000    0.000000    0.000000   clock wr_clk (rise edge)
                                  0.000000    0.000000   clock network delay (ideal)
                                  2.000000    2.000000 v input external delay
     1    0.002273    0.007692    0.003522    2.003522 v wr_en (in)
                                                         wr_en (net)
                      0.007692    0.000000    2.003522 v _0807_/B_N (sky130_fd_sc_hd__nor2b_4)
     4    0.013278    0.059178    0.119793    2.123314 v _0807_/Y (sky130_fd_sc_hd__nor2b_4)
                                                         _0293_ (net)
                      0.059178    0.000000    2.123314 v _1085_/A (sky130_fd_sc_hd__and3_2)
     4    0.017216    0.072047    0.216705    2.340019 v _1085_/X (sky130_fd_sc_hd__and3_2)
                                                         _0527_ (net)
                      0.072047    0.000000    2.340019 v _1086_/A (sky130_fd_sc_hd__nand2_2)
     8    0.026816    0.153421    0.143966    2.483985 ^ _1086_/Y (sky130_fd_sc_hd__nand2_2)
                                                         _0528_ (net)
                      0.153421    0.000000    2.483985 ^ _1093_/S (sky130_fd_sc_hd__mux2_2)
     1    0.002015    0.045539    0.342553    2.826538 v _1093_/X (sky130_fd_sc_hd__mux2_2)
                                                         _0532_ (net)
                      0.045539    0.000000    2.826538 v _1094_/A (sky130_fd_sc_hd__buf_1)
     1    0.001681    0.021562    0.081527    2.908065 v _1094_/X (sky130_fd_sc_hd__buf_1)
                                                         _0027_ (net)
                      0.021562    0.000000    2.908065 v _1357_/D (sky130_fd_sc_hd__dfxtp_2)
                                              2.908065   data arrival time

                      0.150000   10.000000   10.000000   clock wr_clk (rise edge)
                                  0.000000   10.000000   clock network delay (ideal)
                                 -0.250000    9.750000   clock uncertainty
                                  0.000000    9.750000   clock reconvergence pessimism
                                              9.750000 ^ _1357_/CLK (sky130_fd_sc_hd__dfxtp_2)
                                 -0.078174    9.671826   library setup time
                                              9.671826   data required time
---------------------------------------------------------------------------------------------
                                              9.671826   data required time
                                             -2.908065   data arrival time
---------------------------------------------------------------------------------------------
                                              6.763762   slack (MET)


Startpoint: wr_en (input port clocked by wr_clk)
Endpoint: _1358_ (rising edge-triggered flip-flop clocked by wr_clk)
Path Group: wr_clk
Path Type: max

Fanout         Cap        Slew       Delay        Time   Description
---------------------------------------------------------------------------------------------
                      0.150000    0.000000    0.000000   clock wr_clk (rise edge)
                                  0.000000    0.000000   clock network delay (ideal)
                                  2.000000    2.000000 v input external delay
     1    0.002273    0.007692    0.003522    2.003522 v wr_en (in)
                                                         wr_en (net)
                      0.007692    0.000000    2.003522 v _0807_/B_N (sky130_fd_sc_hd__nor2b_4)
     4    0.013278    0.059178    0.119793    2.123314 v _0807_/Y (sky130_fd_sc_hd__nor2b_4)
                                                         _0293_ (net)
                      0.059178    0.000000    2.123314 v _1085_/A (sky130_fd_sc_hd__and3_2)
     4    0.017216    0.072047    0.216705    2.340019 v _1085_/X (sky130_fd_sc_hd__and3_2)
                                                         _0527_ (net)
                      0.072047    0.000000    2.340019 v _1086_/A (sky130_fd_sc_hd__nand2_2)
     8    0.026816    0.153421    0.143966    2.483985 ^ _1086_/Y (sky130_fd_sc_hd__nand2_2)
                                                         _0528_ (net)
                      0.153421    0.000000    2.483985 ^ _1095_/S (sky130_fd_sc_hd__mux2_2)
     1    0.002015    0.045539    0.342553    2.826538 v _1095_/X (sky130_fd_sc_hd__mux2_2)
                                                         _0533_ (net)
                      0.045539    0.000000    2.826538 v _1096_/A (sky130_fd_sc_hd__buf_1)
     1    0.001681    0.021562    0.081527    2.908065 v _1096_/X (sky130_fd_sc_hd__buf_1)
                                                         _0028_ (net)
                      0.021562    0.000000    2.908065 v _1358_/D (sky130_fd_sc_hd__dfxtp_2)
                                              2.908065   data arrival time

                      0.150000   10.000000   10.000000   clock wr_clk (rise edge)
                                  0.000000   10.000000   clock network delay (ideal)
                                 -0.250000    9.750000   clock uncertainty
                                  0.000000    9.750000   clock reconvergence pessimism
                                              9.750000 ^ _1358_/CLK (sky130_fd_sc_hd__dfxtp_2)
                                 -0.078174    9.671826   library setup time
                                              9.671826   data required time
---------------------------------------------------------------------------------------------
                                              9.671826   data required time
                                             -2.908065   data arrival time
---------------------------------------------------------------------------------------------
                                              6.763762   slack (MET)


Startpoint: wr_en (input port clocked by wr_clk)
Endpoint: _1359_ (rising edge-triggered flip-flop clocked by wr_clk)
Path Group: wr_clk
Path Type: max

Fanout         Cap        Slew       Delay        Time   Description
---------------------------------------------------------------------------------------------
                      0.150000    0.000000    0.000000   clock wr_clk (rise edge)
                                  0.000000    0.000000   clock network delay (ideal)
                                  2.000000    2.000000 v input external delay
     1    0.002273    0.007692    0.003522    2.003522 v wr_en (in)
                                                         wr_en (net)
                      0.007692    0.000000    2.003522 v _0807_/B_N (sky130_fd_sc_hd__nor2b_4)
     4    0.013278    0.059178    0.119793    2.123314 v _0807_/Y (sky130_fd_sc_hd__nor2b_4)
                                                         _0293_ (net)
                      0.059178    0.000000    2.123314 v _1085_/A (sky130_fd_sc_hd__and3_2)
     4    0.017216    0.072047    0.216705    2.340019 v _1085_/X (sky130_fd_sc_hd__and3_2)
                                                         _0527_ (net)
                      0.072047    0.000000    2.340019 v _1086_/A (sky130_fd_sc_hd__nand2_2)
     8    0.026816    0.153421    0.143966    2.483985 ^ _1086_/Y (sky130_fd_sc_hd__nand2_2)
                                                         _0528_ (net)
                      0.153421    0.000000    2.483985 ^ _1097_/S (sky130_fd_sc_hd__mux2_2)
     1    0.002015    0.045539    0.342553    2.826538 v _1097_/X (sky130_fd_sc_hd__mux2_2)
                                                         _0534_ (net)
                      0.045539    0.000000    2.826538 v _1098_/A (sky130_fd_sc_hd__buf_1)
     1    0.001681    0.021562    0.081527    2.908065 v _1098_/X (sky130_fd_sc_hd__buf_1)
                                                         _0029_ (net)
                      0.021562    0.000000    2.908065 v _1359_/D (sky130_fd_sc_hd__dfxtp_2)
                                              2.908065   data arrival time

                      0.150000   10.000000   10.000000   clock wr_clk (rise edge)
                                  0.000000   10.000000   clock network delay (ideal)
                                 -0.250000    9.750000   clock uncertainty
                                  0.000000    9.750000   clock reconvergence pessimism
                                              9.750000 ^ _1359_/CLK (sky130_fd_sc_hd__dfxtp_2)
                                 -0.078174    9.671826   library setup time
                                              9.671826   data required time
---------------------------------------------------------------------------------------------
                                              9.671826   data required time
                                             -2.908065   data arrival time
---------------------------------------------------------------------------------------------
                                              6.763762   slack (MET)


Startpoint: wr_en (input port clocked by wr_clk)
Endpoint: _1360_ (rising edge-triggered flip-flop clocked by wr_clk)
Path Group: wr_clk
Path Type: max

Fanout         Cap        Slew       Delay        Time   Description
---------------------------------------------------------------------------------------------
                      0.150000    0.000000    0.000000   clock wr_clk (rise edge)
                                  0.000000    0.000000   clock network delay (ideal)
                                  2.000000    2.000000 v input external delay
     1    0.002273    0.007692    0.003522    2.003522 v wr_en (in)
                                                         wr_en (net)
                      0.007692    0.000000    2.003522 v _0807_/B_N (sky130_fd_sc_hd__nor2b_4)
     4    0.013278    0.059178    0.119793    2.123314 v _0807_/Y (sky130_fd_sc_hd__nor2b_4)
                                                         _0293_ (net)
                      0.059178    0.000000    2.123314 v _1085_/A (sky130_fd_sc_hd__and3_2)
     4    0.017216    0.072047    0.216705    2.340019 v _1085_/X (sky130_fd_sc_hd__and3_2)
                                                         _0527_ (net)
                      0.072047    0.000000    2.340019 v _1086_/A (sky130_fd_sc_hd__nand2_2)
     8    0.026816    0.153421    0.143966    2.483985 ^ _1086_/Y (sky130_fd_sc_hd__nand2_2)
                                                         _0528_ (net)
                      0.153421    0.000000    2.483985 ^ _1099_/S (sky130_fd_sc_hd__mux2_2)
     1    0.002015    0.045539    0.342553    2.826538 v _1099_/X (sky130_fd_sc_hd__mux2_2)
                                                         _0535_ (net)
                      0.045539    0.000000    2.826538 v _1100_/A (sky130_fd_sc_hd__buf_1)
     1    0.001681    0.021562    0.081527    2.908065 v _1100_/X (sky130_fd_sc_hd__buf_1)
                                                         _0030_ (net)
                      0.021562    0.000000    2.908065 v _1360_/D (sky130_fd_sc_hd__dfxtp_2)
                                              2.908065   data arrival time

                      0.150000   10.000000   10.000000   clock wr_clk (rise edge)
                                  0.000000   10.000000   clock network delay (ideal)
                                 -0.250000    9.750000   clock uncertainty
                                  0.000000    9.750000   clock reconvergence pessimism
                                              9.750000 ^ _1360_/CLK (sky130_fd_sc_hd__dfxtp_2)
                                 -0.078174    9.671826   library setup time
                                              9.671826   data required time
---------------------------------------------------------------------------------------------
                                              9.671826   data required time
                                             -2.908065   data arrival time
---------------------------------------------------------------------------------------------
                                              6.763762   slack (MET)


Startpoint: wr_en (input port clocked by wr_clk)
Endpoint: _1361_ (rising edge-triggered flip-flop clocked by wr_clk)
Path Group: wr_clk
Path Type: max

Fanout         Cap        Slew       Delay        Time   Description
---------------------------------------------------------------------------------------------
                      0.150000    0.000000    0.000000   clock wr_clk (rise edge)
                                  0.000000    0.000000   clock network delay (ideal)
                                  2.000000    2.000000 v input external delay
     1    0.002273    0.007692    0.003522    2.003522 v wr_en (in)
                                                         wr_en (net)
                      0.007692    0.000000    2.003522 v _0807_/B_N (sky130_fd_sc_hd__nor2b_4)
     4    0.013278    0.059178    0.119793    2.123314 v _0807_/Y (sky130_fd_sc_hd__nor2b_4)
                                                         _0293_ (net)
                      0.059178    0.000000    2.123314 v _1085_/A (sky130_fd_sc_hd__and3_2)
     4    0.017216    0.072047    0.216705    2.340019 v _1085_/X (sky130_fd_sc_hd__and3_2)
                                                         _0527_ (net)
                      0.072047    0.000000    2.340019 v _1086_/A (sky130_fd_sc_hd__nand2_2)
     8    0.026816    0.153421    0.143966    2.483985 ^ _1086_/Y (sky130_fd_sc_hd__nand2_2)
                                                         _0528_ (net)
                      0.153421    0.000000    2.483985 ^ _1101_/S (sky130_fd_sc_hd__mux2_2)
     1    0.002015    0.045539    0.342553    2.826538 v _1101_/X (sky130_fd_sc_hd__mux2_2)
                                                         _0536_ (net)
                      0.045539    0.000000    2.826538 v _1102_/A (sky130_fd_sc_hd__buf_1)
     1    0.001681    0.021562    0.081527    2.908065 v _1102_/X (sky130_fd_sc_hd__buf_1)
                                                         _0031_ (net)
                      0.021562    0.000000    2.908065 v _1361_/D (sky130_fd_sc_hd__dfxtp_2)
                                              2.908065   data arrival time

                      0.150000   10.000000   10.000000   clock wr_clk (rise edge)
                                  0.000000   10.000000   clock network delay (ideal)
                                 -0.250000    9.750000   clock uncertainty
                                  0.000000    9.750000   clock reconvergence pessimism
                                              9.750000 ^ _1361_/CLK (sky130_fd_sc_hd__dfxtp_2)
                                 -0.078174    9.671826   library setup time
                                              9.671826   data required time
---------------------------------------------------------------------------------------------
                                              9.671826   data required time
                                             -2.908065   data arrival time
---------------------------------------------------------------------------------------------
                                              6.763762   slack (MET)


Startpoint: wr_en (input port clocked by wr_clk)
Endpoint: _1362_ (rising edge-triggered flip-flop clocked by wr_clk)
Path Group: wr_clk
Path Type: max

Fanout         Cap        Slew       Delay        Time   Description
---------------------------------------------------------------------------------------------
                      0.150000    0.000000    0.000000   clock wr_clk (rise edge)
                                  0.000000    0.000000   clock network delay (ideal)
                                  2.000000    2.000000 ^ input external delay
     1    0.002476    0.018986    0.009156    2.009156 ^ wr_en (in)
                                                         wr_en (net)
                      0.018986    0.000000    2.009156 ^ _0807_/B_N (sky130_fd_sc_hd__nor2b_4)
     4    0.014234    0.119513    0.157281    2.166437 ^ _0807_/Y (sky130_fd_sc_hd__nor2b_4)
                                                         _0293_ (net)
                      0.119513    0.000000    2.166437 ^ _0809_/A (sky130_fd_sc_hd__nand2_4)
     7    0.029950    0.082146    0.098642    2.265078 v _0809_/Y (sky130_fd_sc_hd__nand2_4)
                                                         _0295_ (net)
                      0.082146    0.000000    2.265078 v _0812_/B (sky130_fd_sc_hd__nor2_8)
     6    0.024582    0.125555    0.133385    2.398463 ^ _0812_/Y (sky130_fd_sc_hd__nor2_8)
                                                         _0297_ (net)
                      0.125555    0.000000    2.398463 ^ _1104_/A (sky130_fd_sc_hd__nand2_2)
     8    0.024624    0.115253    0.125416    2.523879 v _1104_/Y (sky130_fd_sc_hd__nand2_2)
                                                         _0538_ (net)
                      0.115253    0.000000    2.523879 v _1105_/S (sky130_fd_sc_hd__mux2_2)
     1    0.002015    0.045539    0.285564    2.809443 v _1105_/X (sky130_fd_sc_hd__mux2_2)
                                                         _0539_ (net)
                      0.045539    0.000000    2.809443 v _1106_/A (sky130_fd_sc_hd__buf_1)
     1    0.001681    0.021562    0.081527    2.890971 v _1106_/X (sky130_fd_sc_hd__buf_1)
                                                         _0032_ (net)
                      0.021562    0.000000    2.890971 v _1362_/D (sky130_fd_sc_hd__dfxtp_2)
                                              2.890971   data arrival time

                      0.150000   10.000000   10.000000   clock wr_clk (rise edge)
                                  0.000000   10.000000   clock network delay (ideal)
                                 -0.250000    9.750000   clock uncertainty
                                  0.000000    9.750000   clock reconvergence pessimism
                                              9.750000 ^ _1362_/CLK (sky130_fd_sc_hd__dfxtp_2)
                                 -0.078174    9.671826   library setup time
                                              9.671826   data required time
---------------------------------------------------------------------------------------------
                                              9.671826   data required time
                                             -2.890971   data arrival time
---------------------------------------------------------------------------------------------
                                              6.780856   slack (MET)


Startpoint: wr_en (input port clocked by wr_clk)
Endpoint: _1363_ (rising edge-triggered flip-flop clocked by wr_clk)
Path Group: wr_clk
Path Type: max

Fanout         Cap        Slew       Delay        Time   Description
---------------------------------------------------------------------------------------------
                      0.150000    0.000000    0.000000   clock wr_clk (rise edge)
                                  0.000000    0.000000   clock network delay (ideal)
                                  2.000000    2.000000 ^ input external delay
     1    0.002476    0.018986    0.009156    2.009156 ^ wr_en (in)
                                                         wr_en (net)
                      0.018986    0.000000    2.009156 ^ _0807_/B_N (sky130_fd_sc_hd__nor2b_4)
     4    0.014234    0.119513    0.157281    2.166437 ^ _0807_/Y (sky130_fd_sc_hd__nor2b_4)
                                                         _0293_ (net)
                      0.119513    0.000000    2.166437 ^ _0809_/A (sky130_fd_sc_hd__nand2_4)
     7    0.029950    0.082146    0.098642    2.265078 v _0809_/Y (sky130_fd_sc_hd__nand2_4)
                                                         _0295_ (net)
                      0.082146    0.000000    2.265078 v _0812_/B (sky130_fd_sc_hd__nor2_8)
     6    0.024582    0.125555    0.133385    2.398463 ^ _0812_/Y (sky130_fd_sc_hd__nor2_8)
                                                         _0297_ (net)
                      0.125555    0.000000    2.398463 ^ _1104_/A (sky130_fd_sc_hd__nand2_2)
     8    0.024624    0.115253    0.125416    2.523879 v _1104_/Y (sky130_fd_sc_hd__nand2_2)
                                                         _0538_ (net)
                      0.115253    0.000000    2.523879 v _1107_/S (sky130_fd_sc_hd__mux2_2)
     1    0.002015    0.045539    0.285564    2.809443 v _1107_/X (sky130_fd_sc_hd__mux2_2)
                                                         _0540_ (net)
                      0.045539    0.000000    2.809443 v _1108_/A (sky130_fd_sc_hd__buf_1)
     1    0.001681    0.021562    0.081527    2.890971 v _1108_/X (sky130_fd_sc_hd__buf_1)
                                                         _0033_ (net)
                      0.021562    0.000000    2.890971 v _1363_/D (sky130_fd_sc_hd__dfxtp_2)
                                              2.890971   data arrival time

                      0.150000   10.000000   10.000000   clock wr_clk (rise edge)
                                  0.000000   10.000000   clock network delay (ideal)
                                 -0.250000    9.750000   clock uncertainty
                                  0.000000    9.750000   clock reconvergence pessimism
                                              9.750000 ^ _1363_/CLK (sky130_fd_sc_hd__dfxtp_2)
                                 -0.078174    9.671826   library setup time
                                              9.671826   data required time
---------------------------------------------------------------------------------------------
                                              9.671826   data required time
                                             -2.890971   data arrival time
---------------------------------------------------------------------------------------------
                                              6.780856   slack (MET)


Startpoint: wr_en (input port clocked by wr_clk)
Endpoint: _1364_ (rising edge-triggered flip-flop clocked by wr_clk)
Path Group: wr_clk
Path Type: max

Fanout         Cap        Slew       Delay        Time   Description
---------------------------------------------------------------------------------------------
                      0.150000    0.000000    0.000000   clock wr_clk (rise edge)
                                  0.000000    0.000000   clock network delay (ideal)
                                  2.000000    2.000000 ^ input external delay
     1    0.002476    0.018986    0.009156    2.009156 ^ wr_en (in)
                                                         wr_en (net)
                      0.018986    0.000000    2.009156 ^ _0807_/B_N (sky130_fd_sc_hd__nor2b_4)
     4    0.014234    0.119513    0.157281    2.166437 ^ _0807_/Y (sky130_fd_sc_hd__nor2b_4)
                                                         _0293_ (net)
                      0.119513    0.000000    2.166437 ^ _0809_/A (sky130_fd_sc_hd__nand2_4)
     7    0.029950    0.082146    0.098642    2.265078 v _0809_/Y (sky130_fd_sc_hd__nand2_4)
                                                         _0295_ (net)
                      0.082146    0.000000    2.265078 v _0812_/B (sky130_fd_sc_hd__nor2_8)
     6    0.024582    0.125555    0.133385    2.398463 ^ _0812_/Y (sky130_fd_sc_hd__nor2_8)
                                                         _0297_ (net)
                      0.125555    0.000000    2.398463 ^ _1104_/A (sky130_fd_sc_hd__nand2_2)
     8    0.024624    0.115253    0.125416    2.523879 v _1104_/Y (sky130_fd_sc_hd__nand2_2)
                                                         _0538_ (net)
                      0.115253    0.000000    2.523879 v _1109_/S (sky130_fd_sc_hd__mux2_2)
     1    0.002015    0.045539    0.285564    2.809443 v _1109_/X (sky130_fd_sc_hd__mux2_2)
                                                         _0541_ (net)
                      0.045539    0.000000    2.809443 v _1110_/A (sky130_fd_sc_hd__buf_1)
     1    0.001681    0.021562    0.081527    2.890971 v _1110_/X (sky130_fd_sc_hd__buf_1)
                                                         _0034_ (net)
                      0.021562    0.000000    2.890971 v _1364_/D (sky130_fd_sc_hd__dfxtp_2)
                                              2.890971   data arrival time

                      0.150000   10.000000   10.000000   clock wr_clk (rise edge)
                                  0.000000   10.000000   clock network delay (ideal)
                                 -0.250000    9.750000   clock uncertainty
                                  0.000000    9.750000   clock reconvergence pessimism
                                              9.750000 ^ _1364_/CLK (sky130_fd_sc_hd__dfxtp_2)
                                 -0.078174    9.671826   library setup time
                                              9.671826   data required time
---------------------------------------------------------------------------------------------
                                              9.671826   data required time
                                             -2.890971   data arrival time
---------------------------------------------------------------------------------------------
                                              6.780856   slack (MET)


Startpoint: wr_en (input port clocked by wr_clk)
Endpoint: _1365_ (rising edge-triggered flip-flop clocked by wr_clk)
Path Group: wr_clk
Path Type: max

Fanout         Cap        Slew       Delay        Time   Description
---------------------------------------------------------------------------------------------
                      0.150000    0.000000    0.000000   clock wr_clk (rise edge)
                                  0.000000    0.000000   clock network delay (ideal)
                                  2.000000    2.000000 ^ input external delay
     1    0.002476    0.018986    0.009156    2.009156 ^ wr_en (in)
                                                         wr_en (net)
                      0.018986    0.000000    2.009156 ^ _0807_/B_N (sky130_fd_sc_hd__nor2b_4)
     4    0.014234    0.119513    0.157281    2.166437 ^ _0807_/Y (sky130_fd_sc_hd__nor2b_4)
                                                         _0293_ (net)
                      0.119513    0.000000    2.166437 ^ _0809_/A (sky130_fd_sc_hd__nand2_4)
     7    0.029950    0.082146    0.098642    2.265078 v _0809_/Y (sky130_fd_sc_hd__nand2_4)
                                                         _0295_ (net)
                      0.082146    0.000000    2.265078 v _0812_/B (sky130_fd_sc_hd__nor2_8)
     6    0.024582    0.125555    0.133385    2.398463 ^ _0812_/Y (sky130_fd_sc_hd__nor2_8)
                                                         _0297_ (net)
                      0.125555    0.000000    2.398463 ^ _1104_/A (sky130_fd_sc_hd__nand2_2)
     8    0.024624    0.115253    0.125416    2.523879 v _1104_/Y (sky130_fd_sc_hd__nand2_2)
                                                         _0538_ (net)
                      0.115253    0.000000    2.523879 v _1111_/S (sky130_fd_sc_hd__mux2_2)
     1    0.002015    0.045539    0.285564    2.809443 v _1111_/X (sky130_fd_sc_hd__mux2_2)
                                                         _0542_ (net)
                      0.045539    0.000000    2.809443 v _1112_/A (sky130_fd_sc_hd__buf_1)
     1    0.001681    0.021562    0.081527    2.890971 v _1112_/X (sky130_fd_sc_hd__buf_1)
                                                         _0035_ (net)
                      0.021562    0.000000    2.890971 v _1365_/D (sky130_fd_sc_hd__dfxtp_2)
                                              2.890971   data arrival time

                      0.150000   10.000000   10.000000   clock wr_clk (rise edge)
                                  0.000000   10.000000   clock network delay (ideal)
                                 -0.250000    9.750000   clock uncertainty
                                  0.000000    9.750000   clock reconvergence pessimism
                                              9.750000 ^ _1365_/CLK (sky130_fd_sc_hd__dfxtp_2)
                                 -0.078174    9.671826   library setup time
                                              9.671826   data required time
---------------------------------------------------------------------------------------------
                                              9.671826   data required time
                                             -2.890971   data arrival time
---------------------------------------------------------------------------------------------
                                              6.780856   slack (MET)


Startpoint: wr_en (input port clocked by wr_clk)
Endpoint: _1366_ (rising edge-triggered flip-flop clocked by wr_clk)
Path Group: wr_clk
Path Type: max

Fanout         Cap        Slew       Delay        Time   Description
---------------------------------------------------------------------------------------------
                      0.150000    0.000000    0.000000   clock wr_clk (rise edge)
                                  0.000000    0.000000   clock network delay (ideal)
                                  2.000000    2.000000 ^ input external delay
     1    0.002476    0.018986    0.009156    2.009156 ^ wr_en (in)
                                                         wr_en (net)
                      0.018986    0.000000    2.009156 ^ _0807_/B_N (sky130_fd_sc_hd__nor2b_4)
     4    0.014234    0.119513    0.157281    2.166437 ^ _0807_/Y (sky130_fd_sc_hd__nor2b_4)
                                                         _0293_ (net)
                      0.119513    0.000000    2.166437 ^ _0809_/A (sky130_fd_sc_hd__nand2_4)
     7    0.029950    0.082146    0.098642    2.265078 v _0809_/Y (sky130_fd_sc_hd__nand2_4)
                                                         _0295_ (net)
                      0.082146    0.000000    2.265078 v _0812_/B (sky130_fd_sc_hd__nor2_8)
     6    0.024582    0.125555    0.133385    2.398463 ^ _0812_/Y (sky130_fd_sc_hd__nor2_8)
                                                         _0297_ (net)
                      0.125555    0.000000    2.398463 ^ _1104_/A (sky130_fd_sc_hd__nand2_2)
     8    0.024624    0.115253    0.125416    2.523879 v _1104_/Y (sky130_fd_sc_hd__nand2_2)
                                                         _0538_ (net)
                      0.115253    0.000000    2.523879 v _1113_/S (sky130_fd_sc_hd__mux2_2)
     1    0.002015    0.045539    0.285564    2.809443 v _1113_/X (sky130_fd_sc_hd__mux2_2)
                                                         _0543_ (net)
                      0.045539    0.000000    2.809443 v _1114_/A (sky130_fd_sc_hd__buf_1)
     1    0.001681    0.021562    0.081527    2.890971 v _1114_/X (sky130_fd_sc_hd__buf_1)
                                                         _0036_ (net)
                      0.021562    0.000000    2.890971 v _1366_/D (sky130_fd_sc_hd__dfxtp_2)
                                              2.890971   data arrival time

                      0.150000   10.000000   10.000000   clock wr_clk (rise edge)
                                  0.000000   10.000000   clock network delay (ideal)
                                 -0.250000    9.750000   clock uncertainty
                                  0.000000    9.750000   clock reconvergence pessimism
                                              9.750000 ^ _1366_/CLK (sky130_fd_sc_hd__dfxtp_2)
                                 -0.078174    9.671826   library setup time
                                              9.671826   data required time
---------------------------------------------------------------------------------------------
                                              9.671826   data required time
                                             -2.890971   data arrival time
---------------------------------------------------------------------------------------------
                                              6.780856   slack (MET)


Startpoint: wr_en (input port clocked by wr_clk)
Endpoint: _1367_ (rising edge-triggered flip-flop clocked by wr_clk)
Path Group: wr_clk
Path Type: max

Fanout         Cap        Slew       Delay        Time   Description
---------------------------------------------------------------------------------------------
                      0.150000    0.000000    0.000000   clock wr_clk (rise edge)
                                  0.000000    0.000000   clock network delay (ideal)
                                  2.000000    2.000000 ^ input external delay
     1    0.002476    0.018986    0.009156    2.009156 ^ wr_en (in)
                                                         wr_en (net)
                      0.018986    0.000000    2.009156 ^ _0807_/B_N (sky130_fd_sc_hd__nor2b_4)
     4    0.014234    0.119513    0.157281    2.166437 ^ _0807_/Y (sky130_fd_sc_hd__nor2b_4)
                                                         _0293_ (net)
                      0.119513    0.000000    2.166437 ^ _0809_/A (sky130_fd_sc_hd__nand2_4)
     7    0.029950    0.082146    0.098642    2.265078 v _0809_/Y (sky130_fd_sc_hd__nand2_4)
                                                         _0295_ (net)
                      0.082146    0.000000    2.265078 v _0812_/B (sky130_fd_sc_hd__nor2_8)
     6    0.024582    0.125555    0.133385    2.398463 ^ _0812_/Y (sky130_fd_sc_hd__nor2_8)
                                                         _0297_ (net)
                      0.125555    0.000000    2.398463 ^ _1104_/A (sky130_fd_sc_hd__nand2_2)
     8    0.024624    0.115253    0.125416    2.523879 v _1104_/Y (sky130_fd_sc_hd__nand2_2)
                                                         _0538_ (net)
                      0.115253    0.000000    2.523879 v _1115_/S (sky130_fd_sc_hd__mux2_2)
     1    0.002015    0.045539    0.285564    2.809443 v _1115_/X (sky130_fd_sc_hd__mux2_2)
                                                         _0544_ (net)
                      0.045539    0.000000    2.809443 v _1116_/A (sky130_fd_sc_hd__buf_1)
     1    0.001681    0.021562    0.081527    2.890971 v _1116_/X (sky130_fd_sc_hd__buf_1)
                                                         _0037_ (net)
                      0.021562    0.000000    2.890971 v _1367_/D (sky130_fd_sc_hd__dfxtp_2)
                                              2.890971   data arrival time

                      0.150000   10.000000   10.000000   clock wr_clk (rise edge)
                                  0.000000   10.000000   clock network delay (ideal)
                                 -0.250000    9.750000   clock uncertainty
                                  0.000000    9.750000   clock reconvergence pessimism
                                              9.750000 ^ _1367_/CLK (sky130_fd_sc_hd__dfxtp_2)
                                 -0.078174    9.671826   library setup time
                                              9.671826   data required time
---------------------------------------------------------------------------------------------
                                              9.671826   data required time
                                             -2.890971   data arrival time
---------------------------------------------------------------------------------------------
                                              6.780856   slack (MET)


Startpoint: wr_en (input port clocked by wr_clk)
Endpoint: _1368_ (rising edge-triggered flip-flop clocked by wr_clk)
Path Group: wr_clk
Path Type: max

Fanout         Cap        Slew       Delay        Time   Description
---------------------------------------------------------------------------------------------
                      0.150000    0.000000    0.000000   clock wr_clk (rise edge)
                                  0.000000    0.000000   clock network delay (ideal)
                                  2.000000    2.000000 ^ input external delay
     1    0.002476    0.018986    0.009156    2.009156 ^ wr_en (in)
                                                         wr_en (net)
                      0.018986    0.000000    2.009156 ^ _0807_/B_N (sky130_fd_sc_hd__nor2b_4)
     4    0.014234    0.119513    0.157281    2.166437 ^ _0807_/Y (sky130_fd_sc_hd__nor2b_4)
                                                         _0293_ (net)
                      0.119513    0.000000    2.166437 ^ _0809_/A (sky130_fd_sc_hd__nand2_4)
     7    0.029950    0.082146    0.098642    2.265078 v _0809_/Y (sky130_fd_sc_hd__nand2_4)
                                                         _0295_ (net)
                      0.082146    0.000000    2.265078 v _0812_/B (sky130_fd_sc_hd__nor2_8)
     6    0.024582    0.125555    0.133385    2.398463 ^ _0812_/Y (sky130_fd_sc_hd__nor2_8)
                                                         _0297_ (net)
                      0.125555    0.000000    2.398463 ^ _1104_/A (sky130_fd_sc_hd__nand2_2)
     8    0.024624    0.115253    0.125416    2.523879 v _1104_/Y (sky130_fd_sc_hd__nand2_2)
                                                         _0538_ (net)
                      0.115253    0.000000    2.523879 v _1117_/S (sky130_fd_sc_hd__mux2_2)
     1    0.002015    0.045539    0.285564    2.809443 v _1117_/X (sky130_fd_sc_hd__mux2_2)
                                                         _0545_ (net)
                      0.045539    0.000000    2.809443 v _1118_/A (sky130_fd_sc_hd__buf_1)
     1    0.001681    0.021562    0.081527    2.890971 v _1118_/X (sky130_fd_sc_hd__buf_1)
                                                         _0038_ (net)
                      0.021562    0.000000    2.890971 v _1368_/D (sky130_fd_sc_hd__dfxtp_2)
                                              2.890971   data arrival time

                      0.150000   10.000000   10.000000   clock wr_clk (rise edge)
                                  0.000000   10.000000   clock network delay (ideal)
                                 -0.250000    9.750000   clock uncertainty
                                  0.000000    9.750000   clock reconvergence pessimism
                                              9.750000 ^ _1368_/CLK (sky130_fd_sc_hd__dfxtp_2)
                                 -0.078174    9.671826   library setup time
                                              9.671826   data required time
---------------------------------------------------------------------------------------------
                                              9.671826   data required time
                                             -2.890971   data arrival time
---------------------------------------------------------------------------------------------
                                              6.780856   slack (MET)


Startpoint: wr_en (input port clocked by wr_clk)
Endpoint: _1369_ (rising edge-triggered flip-flop clocked by wr_clk)
Path Group: wr_clk
Path Type: max

Fanout         Cap        Slew       Delay        Time   Description
---------------------------------------------------------------------------------------------
                      0.150000    0.000000    0.000000   clock wr_clk (rise edge)
                                  0.000000    0.000000   clock network delay (ideal)
                                  2.000000    2.000000 ^ input external delay
     1    0.002476    0.018986    0.009156    2.009156 ^ wr_en (in)
                                                         wr_en (net)
                      0.018986    0.000000    2.009156 ^ _0807_/B_N (sky130_fd_sc_hd__nor2b_4)
     4    0.014234    0.119513    0.157281    2.166437 ^ _0807_/Y (sky130_fd_sc_hd__nor2b_4)
                                                         _0293_ (net)
                      0.119513    0.000000    2.166437 ^ _0809_/A (sky130_fd_sc_hd__nand2_4)
     7    0.029950    0.082146    0.098642    2.265078 v _0809_/Y (sky130_fd_sc_hd__nand2_4)
                                                         _0295_ (net)
                      0.082146    0.000000    2.265078 v _0812_/B (sky130_fd_sc_hd__nor2_8)
     6    0.024582    0.125555    0.133385    2.398463 ^ _0812_/Y (sky130_fd_sc_hd__nor2_8)
                                                         _0297_ (net)
                      0.125555    0.000000    2.398463 ^ _1104_/A (sky130_fd_sc_hd__nand2_2)
     8    0.024624    0.115253    0.125416    2.523879 v _1104_/Y (sky130_fd_sc_hd__nand2_2)
                                                         _0538_ (net)
                      0.115253    0.000000    2.523879 v _1119_/S (sky130_fd_sc_hd__mux2_2)
     1    0.002015    0.045539    0.285564    2.809443 v _1119_/X (sky130_fd_sc_hd__mux2_2)
                                                         _0546_ (net)
                      0.045539    0.000000    2.809443 v _1120_/A (sky130_fd_sc_hd__buf_1)
     1    0.001681    0.021562    0.081527    2.890971 v _1120_/X (sky130_fd_sc_hd__buf_1)
                                                         _0039_ (net)
                      0.021562    0.000000    2.890971 v _1369_/D (sky130_fd_sc_hd__dfxtp_2)
                                              2.890971   data arrival time

                      0.150000   10.000000   10.000000   clock wr_clk (rise edge)
                                  0.000000   10.000000   clock network delay (ideal)
                                 -0.250000    9.750000   clock uncertainty
                                  0.000000    9.750000   clock reconvergence pessimism
                                              9.750000 ^ _1369_/CLK (sky130_fd_sc_hd__dfxtp_2)
                                 -0.078174    9.671826   library setup time
                                              9.671826   data required time
---------------------------------------------------------------------------------------------
                                              9.671826   data required time
                                             -2.890971   data arrival time
---------------------------------------------------------------------------------------------
                                              6.780856   slack (MET)


Startpoint: wr_en (input port clocked by wr_clk)
Endpoint: _1426_ (rising edge-triggered flip-flop clocked by wr_clk)
Path Group: wr_clk
Path Type: max

Fanout         Cap        Slew       Delay        Time   Description
---------------------------------------------------------------------------------------------
                      0.150000    0.000000    0.000000   clock wr_clk (rise edge)
                                  0.000000    0.000000   clock network delay (ideal)
                                  2.000000    2.000000 ^ input external delay
     1    0.002476    0.018986    0.009156    2.009156 ^ wr_en (in)
                                                         wr_en (net)
                      0.018986    0.000000    2.009156 ^ _0807_/B_N (sky130_fd_sc_hd__nor2b_4)
     4    0.014234    0.119513    0.157281    2.166437 ^ _0807_/Y (sky130_fd_sc_hd__nor2b_4)
                                                         _0293_ (net)
                      0.119513    0.000000    2.166437 ^ _0809_/A (sky130_fd_sc_hd__nand2_4)
     7    0.029950    0.082146    0.098642    2.265078 v _0809_/Y (sky130_fd_sc_hd__nand2_4)
                                                         _0295_ (net)
                      0.082146    0.000000    2.265078 v _0812_/B (sky130_fd_sc_hd__nor2_8)
     6    0.024582    0.125555    0.133385    2.398463 ^ _0812_/Y (sky130_fd_sc_hd__nor2_8)
                                                         _0297_ (net)
                      0.125555    0.000000    2.398463 ^ _1244_/A (sky130_fd_sc_hd__nand2_2)
     8    0.024624    0.115241    0.125416    2.523879 v _1244_/Y (sky130_fd_sc_hd__nand2_2)
                                                         _0614_ (net)
                      0.115241    0.000000    2.523879 v _1245_/S (sky130_fd_sc_hd__mux2_2)
     1    0.002015    0.045539    0.285560    2.809439 v _1245_/X (sky130_fd_sc_hd__mux2_2)
                                                         _0615_ (net)
                      0.045539    0.000000    2.809439 v _1246_/A (sky130_fd_sc_hd__buf_1)
     1    0.001681    0.021562    0.081527    2.890966 v _1246_/X (sky130_fd_sc_hd__buf_1)
                                                         _0096_ (net)
                      0.021562    0.000000    2.890966 v _1426_/D (sky130_fd_sc_hd__dfxtp_2)
                                              2.890966   data arrival time

                      0.150000   10.000000   10.000000   clock wr_clk (rise edge)
                                  0.000000   10.000000   clock network delay (ideal)
                                 -0.250000    9.750000   clock uncertainty
                                  0.000000    9.750000   clock reconvergence pessimism
                                              9.750000 ^ _1426_/CLK (sky130_fd_sc_hd__dfxtp_2)
                                 -0.078174    9.671826   library setup time
                                              9.671826   data required time
---------------------------------------------------------------------------------------------
                                              9.671826   data required time
                                             -2.890966   data arrival time
---------------------------------------------------------------------------------------------
                                              6.780860   slack (MET)


Startpoint: wr_en (input port clocked by wr_clk)
Endpoint: _1427_ (rising edge-triggered flip-flop clocked by wr_clk)
Path Group: wr_clk
Path Type: max

Fanout         Cap        Slew       Delay        Time   Description
---------------------------------------------------------------------------------------------
                      0.150000    0.000000    0.000000   clock wr_clk (rise edge)
                                  0.000000    0.000000   clock network delay (ideal)
                                  2.000000    2.000000 ^ input external delay
     1    0.002476    0.018986    0.009156    2.009156 ^ wr_en (in)
                                                         wr_en (net)
                      0.018986    0.000000    2.009156 ^ _0807_/B_N (sky130_fd_sc_hd__nor2b_4)
     4    0.014234    0.119513    0.157281    2.166437 ^ _0807_/Y (sky130_fd_sc_hd__nor2b_4)
                                                         _0293_ (net)
                      0.119513    0.000000    2.166437 ^ _0809_/A (sky130_fd_sc_hd__nand2_4)
     7    0.029950    0.082146    0.098642    2.265078 v _0809_/Y (sky130_fd_sc_hd__nand2_4)
                                                         _0295_ (net)
                      0.082146    0.000000    2.265078 v _0812_/B (sky130_fd_sc_hd__nor2_8)
     6    0.024582    0.125555    0.133385    2.398463 ^ _0812_/Y (sky130_fd_sc_hd__nor2_8)
                                                         _0297_ (net)
                      0.125555    0.000000    2.398463 ^ _1244_/A (sky130_fd_sc_hd__nand2_2)
     8    0.024624    0.115241    0.125416    2.523879 v _1244_/Y (sky130_fd_sc_hd__nand2_2)
                                                         _0614_ (net)
                      0.115241    0.000000    2.523879 v _1247_/S (sky130_fd_sc_hd__mux2_2)
     1    0.002015    0.045539    0.285560    2.809439 v _1247_/X (sky130_fd_sc_hd__mux2_2)
                                                         _0616_ (net)
                      0.045539    0.000000    2.809439 v _1248_/A (sky130_fd_sc_hd__buf_1)
     1    0.001681    0.021562    0.081527    2.890966 v _1248_/X (sky130_fd_sc_hd__buf_1)
                                                         _0097_ (net)
                      0.021562    0.000000    2.890966 v _1427_/D (sky130_fd_sc_hd__dfxtp_2)
                                              2.890966   data arrival time

                      0.150000   10.000000   10.000000   clock wr_clk (rise edge)
                                  0.000000   10.000000   clock network delay (ideal)
                                 -0.250000    9.750000   clock uncertainty
                                  0.000000    9.750000   clock reconvergence pessimism
                                              9.750000 ^ _1427_/CLK (sky130_fd_sc_hd__dfxtp_2)
                                 -0.078174    9.671826   library setup time
                                              9.671826   data required time
---------------------------------------------------------------------------------------------
                                              9.671826   data required time
                                             -2.890966   data arrival time
---------------------------------------------------------------------------------------------
                                              6.780860   slack (MET)


Startpoint: wr_en (input port clocked by wr_clk)
Endpoint: _1428_ (rising edge-triggered flip-flop clocked by wr_clk)
Path Group: wr_clk
Path Type: max

Fanout         Cap        Slew       Delay        Time   Description
---------------------------------------------------------------------------------------------
                      0.150000    0.000000    0.000000   clock wr_clk (rise edge)
                                  0.000000    0.000000   clock network delay (ideal)
                                  2.000000    2.000000 ^ input external delay
     1    0.002476    0.018986    0.009156    2.009156 ^ wr_en (in)
                                                         wr_en (net)
                      0.018986    0.000000    2.009156 ^ _0807_/B_N (sky130_fd_sc_hd__nor2b_4)
     4    0.014234    0.119513    0.157281    2.166437 ^ _0807_/Y (sky130_fd_sc_hd__nor2b_4)
                                                         _0293_ (net)
                      0.119513    0.000000    2.166437 ^ _0809_/A (sky130_fd_sc_hd__nand2_4)
     7    0.029950    0.082146    0.098642    2.265078 v _0809_/Y (sky130_fd_sc_hd__nand2_4)
                                                         _0295_ (net)
                      0.082146    0.000000    2.265078 v _0812_/B (sky130_fd_sc_hd__nor2_8)
     6    0.024582    0.125555    0.133385    2.398463 ^ _0812_/Y (sky130_fd_sc_hd__nor2_8)
                                                         _0297_ (net)
                      0.125555    0.000000    2.398463 ^ _1244_/A (sky130_fd_sc_hd__nand2_2)
     8    0.024624    0.115241    0.125416    2.523879 v _1244_/Y (sky130_fd_sc_hd__nand2_2)
                                                         _0614_ (net)
                      0.115241    0.000000    2.523879 v _1249_/S (sky130_fd_sc_hd__mux2_2)
     1    0.002015    0.045539    0.285560    2.809439 v _1249_/X (sky130_fd_sc_hd__mux2_2)
                                                         _0617_ (net)
                      0.045539    0.000000    2.809439 v _1250_/A (sky130_fd_sc_hd__buf_1)
     1    0.001681    0.021562    0.081527    2.890966 v _1250_/X (sky130_fd_sc_hd__buf_1)
                                                         _0098_ (net)
                      0.021562    0.000000    2.890966 v _1428_/D (sky130_fd_sc_hd__dfxtp_2)
                                              2.890966   data arrival time

                      0.150000   10.000000   10.000000   clock wr_clk (rise edge)
                                  0.000000   10.000000   clock network delay (ideal)
                                 -0.250000    9.750000   clock uncertainty
                                  0.000000    9.750000   clock reconvergence pessimism
                                              9.750000 ^ _1428_/CLK (sky130_fd_sc_hd__dfxtp_2)
                                 -0.078174    9.671826   library setup time
                                              9.671826   data required time
---------------------------------------------------------------------------------------------
                                              9.671826   data required time
                                             -2.890966   data arrival time
---------------------------------------------------------------------------------------------
                                              6.780860   slack (MET)


Startpoint: wr_en (input port clocked by wr_clk)
Endpoint: _1429_ (rising edge-triggered flip-flop clocked by wr_clk)
Path Group: wr_clk
Path Type: max

Fanout         Cap        Slew       Delay        Time   Description
---------------------------------------------------------------------------------------------
                      0.150000    0.000000    0.000000   clock wr_clk (rise edge)
                                  0.000000    0.000000   clock network delay (ideal)
                                  2.000000    2.000000 ^ input external delay
     1    0.002476    0.018986    0.009156    2.009156 ^ wr_en (in)
                                                         wr_en (net)
                      0.018986    0.000000    2.009156 ^ _0807_/B_N (sky130_fd_sc_hd__nor2b_4)
     4    0.014234    0.119513    0.157281    2.166437 ^ _0807_/Y (sky130_fd_sc_hd__nor2b_4)
                                                         _0293_ (net)
                      0.119513    0.000000    2.166437 ^ _0809_/A (sky130_fd_sc_hd__nand2_4)
     7    0.029950    0.082146    0.098642    2.265078 v _0809_/Y (sky130_fd_sc_hd__nand2_4)
                                                         _0295_ (net)
                      0.082146    0.000000    2.265078 v _0812_/B (sky130_fd_sc_hd__nor2_8)
     6    0.024582    0.125555    0.133385    2.398463 ^ _0812_/Y (sky130_fd_sc_hd__nor2_8)
                                                         _0297_ (net)
                      0.125555    0.000000    2.398463 ^ _1244_/A (sky130_fd_sc_hd__nand2_2)
     8    0.024624    0.115241    0.125416    2.523879 v _1244_/Y (sky130_fd_sc_hd__nand2_2)
                                                         _0614_ (net)
                      0.115241    0.000000    2.523879 v _1251_/S (sky130_fd_sc_hd__mux2_2)
     1    0.002015    0.045539    0.285560    2.809439 v _1251_/X (sky130_fd_sc_hd__mux2_2)
                                                         _0618_ (net)
                      0.045539    0.000000    2.809439 v _1252_/A (sky130_fd_sc_hd__buf_1)
     1    0.001681    0.021562    0.081527    2.890966 v _1252_/X (sky130_fd_sc_hd__buf_1)
                                                         _0099_ (net)
                      0.021562    0.000000    2.890966 v _1429_/D (sky130_fd_sc_hd__dfxtp_2)
                                              2.890966   data arrival time

                      0.150000   10.000000   10.000000   clock wr_clk (rise edge)
                                  0.000000   10.000000   clock network delay (ideal)
                                 -0.250000    9.750000   clock uncertainty
                                  0.000000    9.750000   clock reconvergence pessimism
                                              9.750000 ^ _1429_/CLK (sky130_fd_sc_hd__dfxtp_2)
                                 -0.078174    9.671826   library setup time
                                              9.671826   data required time
---------------------------------------------------------------------------------------------
                                              9.671826   data required time
                                             -2.890966   data arrival time
---------------------------------------------------------------------------------------------
                                              6.780860   slack (MET)


Startpoint: wr_en (input port clocked by wr_clk)
Endpoint: _1430_ (rising edge-triggered flip-flop clocked by wr_clk)
Path Group: wr_clk
Path Type: max

Fanout         Cap        Slew       Delay        Time   Description
---------------------------------------------------------------------------------------------
                      0.150000    0.000000    0.000000   clock wr_clk (rise edge)
                                  0.000000    0.000000   clock network delay (ideal)
                                  2.000000    2.000000 ^ input external delay
     1    0.002476    0.018986    0.009156    2.009156 ^ wr_en (in)
                                                         wr_en (net)
                      0.018986    0.000000    2.009156 ^ _0807_/B_N (sky130_fd_sc_hd__nor2b_4)
     4    0.014234    0.119513    0.157281    2.166437 ^ _0807_/Y (sky130_fd_sc_hd__nor2b_4)
                                                         _0293_ (net)
                      0.119513    0.000000    2.166437 ^ _0809_/A (sky130_fd_sc_hd__nand2_4)
     7    0.029950    0.082146    0.098642    2.265078 v _0809_/Y (sky130_fd_sc_hd__nand2_4)
                                                         _0295_ (net)
                      0.082146    0.000000    2.265078 v _0812_/B (sky130_fd_sc_hd__nor2_8)
     6    0.024582    0.125555    0.133385    2.398463 ^ _0812_/Y (sky130_fd_sc_hd__nor2_8)
                                                         _0297_ (net)
                      0.125555    0.000000    2.398463 ^ _1244_/A (sky130_fd_sc_hd__nand2_2)
     8    0.024624    0.115241    0.125416    2.523879 v _1244_/Y (sky130_fd_sc_hd__nand2_2)
                                                         _0614_ (net)
                      0.115241    0.000000    2.523879 v _1253_/S (sky130_fd_sc_hd__mux2_2)
     1    0.002015    0.045539    0.285560    2.809439 v _1253_/X (sky130_fd_sc_hd__mux2_2)
                                                         _0619_ (net)
                      0.045539    0.000000    2.809439 v _1254_/A (sky130_fd_sc_hd__buf_1)
     1    0.001681    0.021562    0.081527    2.890966 v _1254_/X (sky130_fd_sc_hd__buf_1)
                                                         _0100_ (net)
                      0.021562    0.000000    2.890966 v _1430_/D (sky130_fd_sc_hd__dfxtp_2)
                                              2.890966   data arrival time

                      0.150000   10.000000   10.000000   clock wr_clk (rise edge)
                                  0.000000   10.000000   clock network delay (ideal)
                                 -0.250000    9.750000   clock uncertainty
                                  0.000000    9.750000   clock reconvergence pessimism
                                              9.750000 ^ _1430_/CLK (sky130_fd_sc_hd__dfxtp_2)
                                 -0.078174    9.671826   library setup time
                                              9.671826   data required time
---------------------------------------------------------------------------------------------
                                              9.671826   data required time
                                             -2.890966   data arrival time
---------------------------------------------------------------------------------------------
                                              6.780860   slack (MET)


Startpoint: wr_en (input port clocked by wr_clk)
Endpoint: _1431_ (rising edge-triggered flip-flop clocked by wr_clk)
Path Group: wr_clk
Path Type: max

Fanout         Cap        Slew       Delay        Time   Description
---------------------------------------------------------------------------------------------
                      0.150000    0.000000    0.000000   clock wr_clk (rise edge)
                                  0.000000    0.000000   clock network delay (ideal)
                                  2.000000    2.000000 ^ input external delay
     1    0.002476    0.018986    0.009156    2.009156 ^ wr_en (in)
                                                         wr_en (net)
                      0.018986    0.000000    2.009156 ^ _0807_/B_N (sky130_fd_sc_hd__nor2b_4)
     4    0.014234    0.119513    0.157281    2.166437 ^ _0807_/Y (sky130_fd_sc_hd__nor2b_4)
                                                         _0293_ (net)
                      0.119513    0.000000    2.166437 ^ _0809_/A (sky130_fd_sc_hd__nand2_4)
     7    0.029950    0.082146    0.098642    2.265078 v _0809_/Y (sky130_fd_sc_hd__nand2_4)
                                                         _0295_ (net)
                      0.082146    0.000000    2.265078 v _0812_/B (sky130_fd_sc_hd__nor2_8)
     6    0.024582    0.125555    0.133385    2.398463 ^ _0812_/Y (sky130_fd_sc_hd__nor2_8)
                                                         _0297_ (net)
                      0.125555    0.000000    2.398463 ^ _1244_/A (sky130_fd_sc_hd__nand2_2)
     8    0.024624    0.115241    0.125416    2.523879 v _1244_/Y (sky130_fd_sc_hd__nand2_2)
                                                         _0614_ (net)
                      0.115241    0.000000    2.523879 v _1255_/S (sky130_fd_sc_hd__mux2_2)
     1    0.002015    0.045539    0.285560    2.809439 v _1255_/X (sky130_fd_sc_hd__mux2_2)
                                                         _0620_ (net)
                      0.045539    0.000000    2.809439 v _1256_/A (sky130_fd_sc_hd__buf_1)
     1    0.001681    0.021562    0.081527    2.890966 v _1256_/X (sky130_fd_sc_hd__buf_1)
                                                         _0101_ (net)
                      0.021562    0.000000    2.890966 v _1431_/D (sky130_fd_sc_hd__dfxtp_2)
                                              2.890966   data arrival time

                      0.150000   10.000000   10.000000   clock wr_clk (rise edge)
                                  0.000000   10.000000   clock network delay (ideal)
                                 -0.250000    9.750000   clock uncertainty
                                  0.000000    9.750000   clock reconvergence pessimism
                                              9.750000 ^ _1431_/CLK (sky130_fd_sc_hd__dfxtp_2)
                                 -0.078174    9.671826   library setup time
                                              9.671826   data required time
---------------------------------------------------------------------------------------------
                                              9.671826   data required time
                                             -2.890966   data arrival time
---------------------------------------------------------------------------------------------
                                              6.780860   slack (MET)


Startpoint: wr_en (input port clocked by wr_clk)
Endpoint: _1432_ (rising edge-triggered flip-flop clocked by wr_clk)
Path Group: wr_clk
Path Type: max

Fanout         Cap        Slew       Delay        Time   Description
---------------------------------------------------------------------------------------------
                      0.150000    0.000000    0.000000   clock wr_clk (rise edge)
                                  0.000000    0.000000   clock network delay (ideal)
                                  2.000000    2.000000 ^ input external delay
     1    0.002476    0.018986    0.009156    2.009156 ^ wr_en (in)
                                                         wr_en (net)
                      0.018986    0.000000    2.009156 ^ _0807_/B_N (sky130_fd_sc_hd__nor2b_4)
     4    0.014234    0.119513    0.157281    2.166437 ^ _0807_/Y (sky130_fd_sc_hd__nor2b_4)
                                                         _0293_ (net)
                      0.119513    0.000000    2.166437 ^ _0809_/A (sky130_fd_sc_hd__nand2_4)
     7    0.029950    0.082146    0.098642    2.265078 v _0809_/Y (sky130_fd_sc_hd__nand2_4)
                                                         _0295_ (net)
                      0.082146    0.000000    2.265078 v _0812_/B (sky130_fd_sc_hd__nor2_8)
     6    0.024582    0.125555    0.133385    2.398463 ^ _0812_/Y (sky130_fd_sc_hd__nor2_8)
                                                         _0297_ (net)
                      0.125555    0.000000    2.398463 ^ _1244_/A (sky130_fd_sc_hd__nand2_2)
     8    0.024624    0.115241    0.125416    2.523879 v _1244_/Y (sky130_fd_sc_hd__nand2_2)
                                                         _0614_ (net)
                      0.115241    0.000000    2.523879 v _1257_/S (sky130_fd_sc_hd__mux2_2)
     1    0.002015    0.045539    0.285560    2.809439 v _1257_/X (sky130_fd_sc_hd__mux2_2)
                                                         _0621_ (net)
                      0.045539    0.000000    2.809439 v _1258_/A (sky130_fd_sc_hd__buf_1)
     1    0.001681    0.021562    0.081527    2.890966 v _1258_/X (sky130_fd_sc_hd__buf_1)
                                                         _0102_ (net)
                      0.021562    0.000000    2.890966 v _1432_/D (sky130_fd_sc_hd__dfxtp_2)
                                              2.890966   data arrival time

                      0.150000   10.000000   10.000000   clock wr_clk (rise edge)
                                  0.000000   10.000000   clock network delay (ideal)
                                 -0.250000    9.750000   clock uncertainty
                                  0.000000    9.750000   clock reconvergence pessimism
                                              9.750000 ^ _1432_/CLK (sky130_fd_sc_hd__dfxtp_2)
                                 -0.078174    9.671826   library setup time
                                              9.671826   data required time
---------------------------------------------------------------------------------------------
                                              9.671826   data required time
                                             -2.890966   data arrival time
---------------------------------------------------------------------------------------------
                                              6.780860   slack (MET)


Startpoint: wr_en (input port clocked by wr_clk)
Endpoint: _1433_ (rising edge-triggered flip-flop clocked by wr_clk)
Path Group: wr_clk
Path Type: max

Fanout         Cap        Slew       Delay        Time   Description
---------------------------------------------------------------------------------------------
                      0.150000    0.000000    0.000000   clock wr_clk (rise edge)
                                  0.000000    0.000000   clock network delay (ideal)
                                  2.000000    2.000000 ^ input external delay
     1    0.002476    0.018986    0.009156    2.009156 ^ wr_en (in)
                                                         wr_en (net)
                      0.018986    0.000000    2.009156 ^ _0807_/B_N (sky130_fd_sc_hd__nor2b_4)
     4    0.014234    0.119513    0.157281    2.166437 ^ _0807_/Y (sky130_fd_sc_hd__nor2b_4)
                                                         _0293_ (net)
                      0.119513    0.000000    2.166437 ^ _0809_/A (sky130_fd_sc_hd__nand2_4)
     7    0.029950    0.082146    0.098642    2.265078 v _0809_/Y (sky130_fd_sc_hd__nand2_4)
                                                         _0295_ (net)
                      0.082146    0.000000    2.265078 v _0812_/B (sky130_fd_sc_hd__nor2_8)
     6    0.024582    0.125555    0.133385    2.398463 ^ _0812_/Y (sky130_fd_sc_hd__nor2_8)
                                                         _0297_ (net)
                      0.125555    0.000000    2.398463 ^ _1244_/A (sky130_fd_sc_hd__nand2_2)
     8    0.024624    0.115241    0.125416    2.523879 v _1244_/Y (sky130_fd_sc_hd__nand2_2)
                                                         _0614_ (net)
                      0.115241    0.000000    2.523879 v _1259_/S (sky130_fd_sc_hd__mux2_2)
     1    0.002015    0.045539    0.285560    2.809439 v _1259_/X (sky130_fd_sc_hd__mux2_2)
                                                         _0622_ (net)
                      0.045539    0.000000    2.809439 v _1260_/A (sky130_fd_sc_hd__buf_1)
     1    0.001681    0.021562    0.081527    2.890966 v _1260_/X (sky130_fd_sc_hd__buf_1)
                                                         _0103_ (net)
                      0.021562    0.000000    2.890966 v _1433_/D (sky130_fd_sc_hd__dfxtp_2)
                                              2.890966   data arrival time

                      0.150000   10.000000   10.000000   clock wr_clk (rise edge)
                                  0.000000   10.000000   clock network delay (ideal)
                                 -0.250000    9.750000   clock uncertainty
                                  0.000000    9.750000   clock reconvergence pessimism
                                              9.750000 ^ _1433_/CLK (sky130_fd_sc_hd__dfxtp_2)
                                 -0.078174    9.671826   library setup time
                                              9.671826   data required time
---------------------------------------------------------------------------------------------
                                              9.671826   data required time
                                             -2.890966   data arrival time
---------------------------------------------------------------------------------------------
                                              6.780860   slack (MET)


Startpoint: wr_en (input port clocked by wr_clk)
Endpoint: _1459_ (rising edge-triggered flip-flop clocked by wr_clk)
Path Group: wr_clk
Path Type: max

Fanout         Cap        Slew       Delay        Time   Description
---------------------------------------------------------------------------------------------
                      0.150000    0.000000    0.000000   clock wr_clk (rise edge)
                                  0.000000    0.000000   clock network delay (ideal)
                                  2.000000    2.000000 ^ input external delay
     1    0.002476    0.018986    0.009156    2.009156 ^ wr_en (in)
                                                         wr_en (net)
                      0.018986    0.000000    2.009156 ^ _0807_/B_N (sky130_fd_sc_hd__nor2b_4)
     4    0.014234    0.119513    0.157281    2.166437 ^ _0807_/Y (sky130_fd_sc_hd__nor2b_4)
                                                         _0293_ (net)
                      0.119513    0.000000    2.166437 ^ _0809_/A (sky130_fd_sc_hd__nand2_4)
     7    0.029950    0.082146    0.098642    2.265078 v _0809_/Y (sky130_fd_sc_hd__nand2_4)
                                                         _0295_ (net)
                      0.082146    0.000000    2.265078 v _0812_/B (sky130_fd_sc_hd__nor2_8)
     6    0.024582    0.125555    0.133385    2.398463 ^ _0812_/Y (sky130_fd_sc_hd__nor2_8)
                                                         _0297_ (net)
                      0.125555    0.000000    2.398463 ^ _0833_/A (sky130_fd_sc_hd__nand2_2)
     2    0.009484    0.060820    0.079624    2.478088 v _0833_/Y (sky130_fd_sc_hd__nand2_2)
                                                         _0313_ (net)
                      0.060820    0.000000    2.478088 v _0875_/A (sky130_fd_sc_hd__buf_2)
    10    0.036916    0.094068    0.192559    2.670647 v _0875_/X (sky130_fd_sc_hd__buf_2)
                                                         _0345_ (net)
                      0.094068    0.000000    2.670647 v _0878_/B (sky130_fd_sc_hd__xnor2_2)
     1    0.001949    0.047756    0.137081    2.807728 v _0878_/Y (sky130_fd_sc_hd__xnor2_2)
                                                         wr_bin_next[4] (net)
                      0.047756    0.000000    2.807728 v _1459_/D (sky130_fd_sc_hd__dfrtp_2)
                                              2.807728   data arrival time

                      0.150000   10.000000   10.000000   clock wr_clk (rise edge)
                                  0.000000   10.000000   clock network delay (ideal)
                                 -0.250000    9.750000   clock uncertainty
                                  0.000000    9.750000   clock reconvergence pessimism
                                              9.750000 ^ _1459_/CLK (sky130_fd_sc_hd__dfrtp_2)
                                 -0.092409    9.657592   library setup time
                                              9.657592   data required time
---------------------------------------------------------------------------------------------
                                              9.657592   data required time
                                             -2.807728   data arrival time
---------------------------------------------------------------------------------------------
                                              6.849863   slack (MET)


Startpoint: wr_en (input port clocked by wr_clk)
Endpoint: _1458_ (rising edge-triggered flip-flop clocked by wr_clk)
Path Group: wr_clk
Path Type: max

Fanout         Cap        Slew       Delay        Time   Description
---------------------------------------------------------------------------------------------
                      0.150000    0.000000    0.000000   clock wr_clk (rise edge)
                                  0.000000    0.000000   clock network delay (ideal)
                                  2.000000    2.000000 ^ input external delay
     1    0.002476    0.018986    0.009156    2.009156 ^ wr_en (in)
                                                         wr_en (net)
                      0.018986    0.000000    2.009156 ^ _0807_/B_N (sky130_fd_sc_hd__nor2b_4)
     4    0.014234    0.119513    0.157281    2.166437 ^ _0807_/Y (sky130_fd_sc_hd__nor2b_4)
                                                         _0293_ (net)
                      0.119513    0.000000    2.166437 ^ _0809_/A (sky130_fd_sc_hd__nand2_4)
     7    0.029950    0.082146    0.098642    2.265078 v _0809_/Y (sky130_fd_sc_hd__nand2_4)
                                                         _0295_ (net)
                      0.082146    0.000000    2.265078 v _0812_/B (sky130_fd_sc_hd__nor2_8)
     6    0.024582    0.125555    0.133385    2.398463 ^ _0812_/Y (sky130_fd_sc_hd__nor2_8)
                                                         _0297_ (net)
                      0.125555    0.000000    2.398463 ^ _0833_/A (sky130_fd_sc_hd__nand2_2)
     2    0.009484    0.060820    0.079624    2.478088 v _0833_/Y (sky130_fd_sc_hd__nand2_2)
                                                         _0313_ (net)
                      0.060820    0.000000    2.478088 v _0875_/A (sky130_fd_sc_hd__buf_2)
    10    0.036916    0.094068    0.192559    2.670647 v _0875_/X (sky130_fd_sc_hd__buf_2)
                                                         _0345_ (net)
                      0.094068    0.000000    2.670647 v _0876_/B (sky130_fd_sc_hd__nand2_2)
     1    0.004642    0.050388    0.085293    2.755940 ^ _0876_/Y (sky130_fd_sc_hd__nand2_2)
                                                         _0346_ (net)
                      0.050388    0.000000    2.755940 ^ _0877_/A (sky130_fd_sc_hd__inv_2)
     1    0.001949    0.014572    0.024854    2.780794 v _0877_/Y (sky130_fd_sc_hd__inv_2)
                                                         wr_bin_next[3] (net)
                      0.014572    0.000000    2.780794 v _1458_/D (sky130_fd_sc_hd__dfrtp_2)
                                              2.780794   data arrival time

                      0.150000   10.000000   10.000000   clock wr_clk (rise edge)
                                  0.000000   10.000000   clock network delay (ideal)
                                 -0.250000    9.750000   clock uncertainty
                                  0.000000    9.750000   clock reconvergence pessimism
                                              9.750000 ^ _1458_/CLK (sky130_fd_sc_hd__dfrtp_2)
                                 -0.077936    9.672065   library setup time
                                              9.672065   data required time
---------------------------------------------------------------------------------------------
                                              9.672065   data required time
                                             -2.780794   data arrival time
---------------------------------------------------------------------------------------------
                                              6.891271   slack (MET)


Startpoint: wr_en (input port clocked by wr_clk)
Endpoint: _1457_ (rising edge-triggered flip-flop clocked by wr_clk)
Path Group: wr_clk
Path Type: max

Fanout         Cap        Slew       Delay        Time   Description
---------------------------------------------------------------------------------------------
                      0.150000    0.000000    0.000000   clock wr_clk (rise edge)
                                  0.000000    0.000000   clock network delay (ideal)
                                  2.000000    2.000000 ^ input external delay
     1    0.002476    0.018986    0.009156    2.009156 ^ wr_en (in)
                                                         wr_en (net)
                      0.018986    0.000000    2.009156 ^ _0807_/B_N (sky130_fd_sc_hd__nor2b_4)
     4    0.014234    0.119513    0.157281    2.166437 ^ _0807_/Y (sky130_fd_sc_hd__nor2b_4)
                                                         _0293_ (net)
                      0.119513    0.000000    2.166437 ^ _0809_/A (sky130_fd_sc_hd__nand2_4)
     7    0.029950    0.082146    0.098642    2.265078 v _0809_/Y (sky130_fd_sc_hd__nand2_4)
                                                         _0295_ (net)
                      0.082146    0.000000    2.265078 v _0812_/B (sky130_fd_sc_hd__nor2_8)
     6    0.024582    0.125555    0.133385    2.398463 ^ _0812_/Y (sky130_fd_sc_hd__nor2_8)
                                                         _0297_ (net)
                      0.125555    0.000000    2.398463 ^ _0817_/A (sky130_fd_sc_hd__nand2_2)
     3    0.007166    0.058150    0.070903    2.469367 v _0817_/Y (sky130_fd_sc_hd__nand2_2)
                                                         _0301_ (net)
                      0.058150    0.000000    2.469367 v _0818_/B (sky130_fd_sc_hd__and2b_2)
     1    0.002015    0.033877    0.186160    2.655527 v _0818_/X (sky130_fd_sc_hd__and2b_2)
                                                         _0302_ (net)
                      0.033877    0.000000    2.655527 v _0819_/A (sky130_fd_sc_hd__buf_1)
     1    0.001949    0.022991    0.077849    2.733376 v _0819_/X (sky130_fd_sc_hd__buf_1)
                                                         wr_bin_next[2] (net)
                      0.022991    0.000000    2.733376 v _1457_/D (sky130_fd_sc_hd__dfrtp_2)
                                              2.733376   data arrival time

                      0.150000   10.000000   10.000000   clock wr_clk (rise edge)
                                  0.000000   10.000000   clock network delay (ideal)
                                 -0.250000    9.750000   clock uncertainty
                                  0.000000    9.750000   clock reconvergence pessimism
                                              9.750000 ^ _1457_/CLK (sky130_fd_sc_hd__dfrtp_2)
                                 -0.081608    9.668392   library setup time
                                              9.668392   data required time
---------------------------------------------------------------------------------------------
                                              9.668392   data required time
                                             -2.733376   data arrival time
---------------------------------------------------------------------------------------------
                                              6.935017   slack (MET)


Startpoint: wr_en (input port clocked by wr_clk)
Endpoint: _1471_ (rising edge-triggered flip-flop clocked by wr_clk)
Path Group: wr_clk
Path Type: max

Fanout         Cap        Slew       Delay        Time   Description
---------------------------------------------------------------------------------------------
                      0.150000    0.000000    0.000000   clock wr_clk (rise edge)
                                  0.000000    0.000000   clock network delay (ideal)
                                  2.000000    2.000000 ^ input external delay
     1    0.002476    0.018986    0.009156    2.009156 ^ wr_en (in)
                                                         wr_en (net)
                      0.018986    0.000000    2.009156 ^ _0807_/B_N (sky130_fd_sc_hd__nor2b_4)
     4    0.014234    0.119513    0.157281    2.166437 ^ _0807_/Y (sky130_fd_sc_hd__nor2b_4)
                                                         _0293_ (net)
                      0.119513    0.000000    2.166437 ^ _0809_/A (sky130_fd_sc_hd__nand2_4)
     7    0.029950    0.082146    0.098642    2.265078 v _0809_/Y (sky130_fd_sc_hd__nand2_4)
                                                         _0295_ (net)
                      0.082146    0.000000    2.265078 v _0812_/B (sky130_fd_sc_hd__nor2_8)
     6    0.024582    0.125555    0.133385    2.398463 ^ _0812_/Y (sky130_fd_sc_hd__nor2_8)
                                                         _0297_ (net)
                      0.125555    0.000000    2.398463 ^ _0817_/A (sky130_fd_sc_hd__nand2_2)
     3    0.007166    0.058150    0.070903    2.469367 v _0817_/Y (sky130_fd_sc_hd__nand2_2)
                                                         _0301_ (net)
                      0.058150    0.000000    2.469367 v _0821_/A (sky130_fd_sc_hd__nand2_2)
     2    0.020312    0.121810    0.114938    2.584304 ^ _0821_/Y (sky130_fd_sc_hd__nand2_2)
                                                         _0304_ (net)
                      0.121810    0.000000    2.584304 ^ _0822_/B (sky130_fd_sc_hd__xor2_4)
     3    0.008058    0.124076    0.163402    2.747706 ^ _0822_/X (sky130_fd_sc_hd__xor2_4)
                                                         wr_gray_next[3] (net)
                      0.124076    0.000000    2.747706 ^ _1471_/D (sky130_fd_sc_hd__dfrtp_2)
                                              2.747706   data arrival time

                      0.150000   10.000000   10.000000   clock wr_clk (rise edge)
                                  0.000000   10.000000   clock network delay (ideal)
                                 -0.250000    9.750000   clock uncertainty
                                  0.000000    9.750000   clock reconvergence pessimism
                                              9.750000 ^ _1471_/CLK (sky130_fd_sc_hd__dfrtp_2)
                                 -0.065537    9.684464   library setup time
                                              9.684464   data required time
---------------------------------------------------------------------------------------------
                                              9.684464   data required time
                                             -2.747706   data arrival time
---------------------------------------------------------------------------------------------
                                              6.936757   slack (MET)


Startpoint: wr_en (input port clocked by wr_clk)
Endpoint: _1456_ (rising edge-triggered flip-flop clocked by wr_clk)
Path Group: wr_clk
Path Type: max

Fanout         Cap        Slew       Delay        Time   Description
---------------------------------------------------------------------------------------------
                      0.150000    0.000000    0.000000   clock wr_clk (rise edge)
                                  0.000000    0.000000   clock network delay (ideal)
                                  2.000000    2.000000 ^ input external delay
     1    0.002476    0.018986    0.009156    2.009156 ^ wr_en (in)
                                                         wr_en (net)
                      0.018986    0.000000    2.009156 ^ _0807_/B_N (sky130_fd_sc_hd__nor2b_4)
     4    0.014234    0.119513    0.157281    2.166437 ^ _0807_/Y (sky130_fd_sc_hd__nor2b_4)
                                                         _0293_ (net)
                      0.119513    0.000000    2.166437 ^ _0809_/A (sky130_fd_sc_hd__nand2_4)
     7    0.029950    0.082146    0.098642    2.265078 v _0809_/Y (sky130_fd_sc_hd__nand2_4)
                                                         _0295_ (net)
                      0.082146    0.000000    2.265078 v _0812_/B (sky130_fd_sc_hd__nor2_8)
     6    0.024582    0.125555    0.133385    2.398463 ^ _0812_/Y (sky130_fd_sc_hd__nor2_8)
                                                         _0297_ (net)
                      0.125555    0.000000    2.398463 ^ _0814_/A_N (sky130_fd_sc_hd__and2b_2)
     1    0.002015    0.033876    0.221652    2.620116 v _0814_/X (sky130_fd_sc_hd__and2b_2)
                                                         _0299_ (net)
                      0.033876    0.000000    2.620116 v _0815_/A (sky130_fd_sc_hd__buf_1)
     1    0.001949    0.022991    0.077849    2.697965 v _0815_/X (sky130_fd_sc_hd__buf_1)
                                                         wr_bin_next[1] (net)
                      0.022991    0.000000    2.697965 v _1456_/D (sky130_fd_sc_hd__dfrtp_2)
                                              2.697965   data arrival time

                      0.150000   10.000000   10.000000   clock wr_clk (rise edge)
                                  0.000000   10.000000   clock network delay (ideal)
                                 -0.250000    9.750000   clock uncertainty
                                  0.000000    9.750000   clock reconvergence pessimism
                                              9.750000 ^ _1456_/CLK (sky130_fd_sc_hd__dfrtp_2)
                                 -0.081608    9.668392   library setup time
                                              9.668392   data required time
---------------------------------------------------------------------------------------------
                                              9.668392   data required time
                                             -2.697965   data arrival time
---------------------------------------------------------------------------------------------
                                              6.970428   slack (MET)


Startpoint: wr_en (input port clocked by wr_clk)
Endpoint: _1470_ (rising edge-triggered flip-flop clocked by wr_clk)
Path Group: wr_clk
Path Type: max

Fanout         Cap        Slew       Delay        Time   Description
---------------------------------------------------------------------------------------------
                      0.150000    0.000000    0.000000   clock wr_clk (rise edge)
                                  0.000000    0.000000   clock network delay (ideal)
                                  2.000000    2.000000 ^ input external delay
     1    0.002476    0.018986    0.009156    2.009156 ^ wr_en (in)
                                                         wr_en (net)
                      0.018986    0.000000    2.009156 ^ _0807_/B_N (sky130_fd_sc_hd__nor2b_4)
     4    0.014234    0.119513    0.157281    2.166437 ^ _0807_/Y (sky130_fd_sc_hd__nor2b_4)
                                                         _0293_ (net)
                      0.119513    0.000000    2.166437 ^ _0809_/A (sky130_fd_sc_hd__nand2_4)
     7    0.029950    0.082146    0.098642    2.265078 v _0809_/Y (sky130_fd_sc_hd__nand2_4)
                                                         _0295_ (net)
                      0.082146    0.000000    2.265078 v _0812_/B (sky130_fd_sc_hd__nor2_8)
     6    0.024582    0.125555    0.133385    2.398463 ^ _0812_/Y (sky130_fd_sc_hd__nor2_8)
                                                         _0297_ (net)
                      0.125555    0.000000    2.398463 ^ _0816_/B (sky130_fd_sc_hd__nor2_2)
     2    0.009328    0.061291    0.063109    2.461572 v _0816_/Y (sky130_fd_sc_hd__nor2_2)
                                                         _0300_ (net)
                      0.061291    0.000000    2.461572 v _0825_/B (sky130_fd_sc_hd__xor2_2)
     3    0.007574    0.065945    0.155289    2.616861 v _0825_/X (sky130_fd_sc_hd__xor2_2)
                                                         wr_gray_next[2] (net)
                      0.065945    0.000000    2.616861 v _1470_/D (sky130_fd_sc_hd__dfrtp_2)
                                              2.616861   data arrival time

                      0.150000   10.000000   10.000000   clock wr_clk (rise edge)
                                  0.000000   10.000000   clock network delay (ideal)
                                 -0.250000    9.750000   clock uncertainty
                                  0.000000    9.750000   clock reconvergence pessimism
                                              9.750000 ^ _1470_/CLK (sky130_fd_sc_hd__dfrtp_2)
                                 -0.100341    9.649659   library setup time
                                              9.649659   data required time
---------------------------------------------------------------------------------------------
                                              9.649659   data required time
                                             -2.616861   data arrival time
---------------------------------------------------------------------------------------------
                                              7.032798   slack (MET)


Startpoint: wr_en (input port clocked by wr_clk)
Endpoint: _1468_ (rising edge-triggered flip-flop clocked by wr_clk)
Path Group: wr_clk
Path Type: max

Fanout         Cap        Slew       Delay        Time   Description
---------------------------------------------------------------------------------------------
                      0.150000    0.000000    0.000000   clock wr_clk (rise edge)
                                  0.000000    0.000000   clock network delay (ideal)
                                  2.000000    2.000000 v input external delay
     1    0.002273    0.007692    0.003522    2.003522 v wr_en (in)
                                                         wr_en (net)
                      0.007692    0.000000    2.003522 v _0807_/B_N (sky130_fd_sc_hd__nor2b_4)
     4    0.013278    0.059178    0.119793    2.123314 v _0807_/Y (sky130_fd_sc_hd__nor2b_4)
                                                         _0293_ (net)
                      0.059178    0.000000    2.123314 v _0808_/B (sky130_fd_sc_hd__or2_4)
     2    0.018716    0.067911    0.260182    2.383496 v _0808_/X (sky130_fd_sc_hd__or2_4)
                                                         _0294_ (net)
                      0.067911    0.000000    2.383496 v _0828_/B (sky130_fd_sc_hd__xor2_4)
     3    0.008444    0.060364    0.158235    2.541731 v _0828_/X (sky130_fd_sc_hd__xor2_4)
                                                         wr_gray_next[0] (net)
                      0.060364    0.000000    2.541731 v _1468_/D (sky130_fd_sc_hd__dfrtp_2)
                                              2.541731   data arrival time

                      0.150000   10.000000   10.000000   clock wr_clk (rise edge)
                                  0.000000   10.000000   clock network delay (ideal)
                                 -0.250000    9.750000   clock uncertainty
                                  0.000000    9.750000   clock reconvergence pessimism
                                              9.750000 ^ _1468_/CLK (sky130_fd_sc_hd__dfrtp_2)
                                 -0.097907    9.652093   library setup time
                                              9.652093   data required time
---------------------------------------------------------------------------------------------
                                              9.652093   data required time
                                             -2.541731   data arrival time
---------------------------------------------------------------------------------------------
                                              7.110362   slack (MET)


Startpoint: wr_en (input port clocked by wr_clk)
Endpoint: _1469_ (rising edge-triggered flip-flop clocked by wr_clk)
Path Group: wr_clk
Path Type: max

Fanout         Cap        Slew       Delay        Time   Description
---------------------------------------------------------------------------------------------
                      0.150000    0.000000    0.000000   clock wr_clk (rise edge)
                                  0.000000    0.000000   clock network delay (ideal)
                                  2.000000    2.000000 ^ input external delay
     1    0.002476    0.018986    0.009156    2.009156 ^ wr_en (in)
                                                         wr_en (net)
                      0.018986    0.000000    2.009156 ^ _0807_/B_N (sky130_fd_sc_hd__nor2b_4)
     4    0.014234    0.119513    0.157281    2.166437 ^ _0807_/Y (sky130_fd_sc_hd__nor2b_4)
                                                         _0293_ (net)
                      0.119513    0.000000    2.166437 ^ _0809_/A (sky130_fd_sc_hd__nand2_4)
     7    0.029950    0.082146    0.098642    2.265078 v _0809_/Y (sky130_fd_sc_hd__nand2_4)
                                                         _0295_ (net)
                      0.082146    0.000000    2.265078 v _0813_/A (sky130_fd_sc_hd__nand2_2)
     2    0.010182    0.074096    0.090030    2.355108 ^ _0813_/Y (sky130_fd_sc_hd__nand2_2)
                                                         _0298_ (net)
                      0.074096    0.000000    2.355108 ^ _0835_/B (sky130_fd_sc_hd__xor2_2)
     2    0.010498    0.176768    0.185647    2.540755 ^ _0835_/X (sky130_fd_sc_hd__xor2_2)
                                                         wr_gray_next[1] (net)
                      0.176768    0.000000    2.540755 ^ _1469_/D (sky130_fd_sc_hd__dfrtp_2)
                                              2.540755   data arrival time

                      0.150000   10.000000   10.000000   clock wr_clk (rise edge)
                                  0.000000   10.000000   clock network delay (ideal)
                                 -0.250000    9.750000   clock uncertainty
                                  0.000000    9.750000   clock reconvergence pessimism
                                              9.750000 ^ _1469_/CLK (sky130_fd_sc_hd__dfrtp_2)
                                 -0.077566    9.672434   library setup time
                                              9.672434   data required time
---------------------------------------------------------------------------------------------
                                              9.672434   data required time
                                             -2.540755   data arrival time
---------------------------------------------------------------------------------------------
                                              7.131679   slack (MET)


Startpoint: afull_threshold[0] (input port clocked by wr_clk)
Endpoint: _1454_ (rising edge-triggered flip-flop clocked by wr_clk)
Path Group: wr_clk
Path Type: max

Fanout         Cap        Slew       Delay        Time   Description
---------------------------------------------------------------------------------------------
                      0.150000    0.000000    0.000000   clock wr_clk (rise edge)
                                  0.000000    0.000000   clock network delay (ideal)
                                  2.000000    2.000000 ^ input external delay
     1    0.004621    0.028643    0.016585    2.016585 ^ afull_threshold[0] (in)
                                                         afull_threshold[0] (net)
                      0.028643    0.000000    2.016585 ^ _0685_/B (sky130_fd_sc_hd__nand2_2)
     1    0.004190    0.034302    0.042568    2.059153 v _0685_/Y (sky130_fd_sc_hd__nand2_2)
                                                         _0173_ (net)
                      0.034302    0.000000    2.059153 v _0687_/A (sky130_fd_sc_hd__nor2_2)
     1    0.004621    0.080684    0.101181    2.160334 ^ _0687_/Y (sky130_fd_sc_hd__nor2_2)
                                                         _0175_ (net)
                      0.080684    0.000000    2.160334 ^ _0688_/B (sky130_fd_sc_hd__nand2_2)
     1    0.004304    0.032494    0.056268    2.216602 v _0688_/Y (sky130_fd_sc_hd__nand2_2)
                                                         _0176_ (net)
                      0.032494    0.000000    2.216602 v _0691_/A (sky130_fd_sc_hd__nand2_2)
     1    0.004557    0.044750    0.048229    2.264831 ^ _0691_/Y (sky130_fd_sc_hd__nand2_2)
                                                         _0179_ (net)
                      0.044750    0.000000    2.264831 ^ _0701_/A (sky130_fd_sc_hd__nand2_2)
     1    0.004304    0.029648    0.041763    2.306594 v _0701_/Y (sky130_fd_sc_hd__nand2_2)
                                                         _0189_ (net)
                      0.029648    0.000000    2.306594 v _0703_/A (sky130_fd_sc_hd__nand2_2)
     1    0.004557    0.044727    0.047008    2.353602 ^ _0703_/Y (sky130_fd_sc_hd__nand2_2)
                                                         _0191_ (net)
                      0.044727    0.000000    2.353602 ^ _0713_/A (sky130_fd_sc_hd__nand2_2)
     1    0.004256    0.030605    0.041619    2.395221 v _0713_/Y (sky130_fd_sc_hd__nand2_2)
                                                         _0201_ (net)
                      0.030605    0.000000    2.395221 v _0725_/A (sky130_fd_sc_hd__nand3_2)
     1    0.004557    0.053681    0.050044    2.445265 ^ _0725_/Y (sky130_fd_sc_hd__nand3_2)
                                                         _0213_ (net)
                      0.053681    0.000000    2.445265 ^ _0727_/A (sky130_fd_sc_hd__nand2_2)
     1    0.001949    0.023838    0.036432    2.481697 v _0727_/Y (sky130_fd_sc_hd__nand2_2)
                                                         afull_next (net)
                      0.023838    0.000000    2.481697 v _1454_/D (sky130_fd_sc_hd__dfrtp_2)
                                              2.481697   data arrival time

                      0.150000   10.000000   10.000000   clock wr_clk (rise edge)
                                  0.000000   10.000000   clock network delay (ideal)
                                 -0.250000    9.750000   clock uncertainty
                                  0.000000    9.750000   clock reconvergence pessimism
                                              9.750000 ^ _1454_/CLK (sky130_fd_sc_hd__dfrtp_2)
                                 -0.081977    9.668023   library setup time
                                              9.668023   data required time
---------------------------------------------------------------------------------------------
                                              9.668023   data required time
                                             -2.481697   data arrival time
---------------------------------------------------------------------------------------------
                                              7.186326   slack (MET)


Startpoint: wr_en (input port clocked by wr_clk)
Endpoint: _1455_ (rising edge-triggered flip-flop clocked by wr_clk)
Path Group: wr_clk
Path Type: max

Fanout         Cap        Slew       Delay        Time   Description
---------------------------------------------------------------------------------------------
                      0.150000    0.000000    0.000000   clock wr_clk (rise edge)
                                  0.000000    0.000000   clock network delay (ideal)
                                  2.000000    2.000000 v input external delay
     1    0.002273    0.007692    0.003522    2.003522 v wr_en (in)
                                                         wr_en (net)
                      0.007692    0.000000    2.003522 v _0807_/B_N (sky130_fd_sc_hd__nor2b_4)
     4    0.013278    0.059178    0.119793    2.123314 v _0807_/Y (sky130_fd_sc_hd__nor2b_4)
                                                         _0293_ (net)
                      0.059178    0.000000    2.123314 v _0808_/B (sky130_fd_sc_hd__or2_4)
     2    0.018716    0.067911    0.260182    2.383496 v _0808_/X (sky130_fd_sc_hd__or2_4)
                                                         _0294_ (net)
                      0.067911    0.000000    2.383496 v _0810_/A (sky130_fd_sc_hd__nand2_2)
     1    0.004642    0.048849    0.063602    2.447098 ^ _0810_/Y (sky130_fd_sc_hd__nand2_2)
                                                         _0296_ (net)
                      0.048849    0.000000    2.447098 ^ _0811_/A (sky130_fd_sc_hd__inv_2)
     1    0.001949    0.014275    0.024522    2.471620 v _0811_/Y (sky130_fd_sc_hd__inv_2)
                                                         wr_bin_next[0] (net)
                      0.014275    0.000000    2.471620 v _1455_/D (sky130_fd_sc_hd__dfrtp_2)
                                              2.471620   data arrival time

                      0.150000   10.000000   10.000000   clock wr_clk (rise edge)
                                  0.000000   10.000000   clock network delay (ideal)
                                 -0.250000    9.750000   clock uncertainty
                                  0.000000    9.750000   clock reconvergence pessimism
                                              9.750000 ^ _1455_/CLK (sky130_fd_sc_hd__dfrtp_2)
                                 -0.077806    9.672194   library setup time
                                              9.672194   data required time
---------------------------------------------------------------------------------------------
                                              9.672194   data required time
                                             -2.471620   data arrival time
---------------------------------------------------------------------------------------------
                                              7.200573   slack (MET)


Startpoint: arst_n (input port clocked by wr_clk)
Endpoint: _1453_ (recovery check against rising-edge clock wr_clk)
Path Group: asynchronous
Path Type: max

Fanout         Cap        Slew       Delay        Time   Description
---------------------------------------------------------------------------------------------
                      0.150000    0.000000    0.000000   clock wr_clk (rise edge)
                                  0.000000    0.000000   clock network delay (ideal)
                                  2.000000    2.000000 ^ input external delay
    50    0.180216    0.815125    0.556529    2.556529 ^ arst_n (in)
                                                         arst_n (net)
                      0.815125    0.000000    2.556529 ^ _1453_/RESET_B (sky130_fd_sc_hd__dfrtp_2)
                                              2.556529   data arrival time

                      0.150000   10.000000   10.000000   clock wr_clk (rise edge)
                                  0.000000   10.000000   clock network delay (ideal)
                                 -0.250000    9.750000   clock uncertainty
                                  0.000000    9.750000   clock reconvergence pessimism
                                              9.750000 ^ _1453_/CLK (sky130_fd_sc_hd__dfrtp_2)
                                  0.010673    9.760674   library recovery time
                                              9.760674   data required time
---------------------------------------------------------------------------------------------
                                              9.760674   data required time
                                             -2.556529   data arrival time
---------------------------------------------------------------------------------------------
                                              7.204145   slack (MET)


Startpoint: arst_n (input port clocked by wr_clk)
Endpoint: _1454_ (recovery check against rising-edge clock wr_clk)
Path Group: asynchronous
Path Type: max

Fanout         Cap        Slew       Delay        Time   Description
---------------------------------------------------------------------------------------------
                      0.150000    0.000000    0.000000   clock wr_clk (rise edge)
                                  0.000000    0.000000   clock network delay (ideal)
                                  2.000000    2.000000 ^ input external delay
    50    0.180216    0.815125    0.556529    2.556529 ^ arst_n (in)
                                                         arst_n (net)
                      0.815125    0.000000    2.556529 ^ _1454_/RESET_B (sky130_fd_sc_hd__dfrtp_2)
                                              2.556529   data arrival time

                      0.150000   10.000000   10.000000   clock wr_clk (rise edge)
                                  0.000000   10.000000   clock network delay (ideal)
                                 -0.250000    9.750000   clock uncertainty
                                  0.000000    9.750000   clock reconvergence pessimism
                                              9.750000 ^ _1454_/CLK (sky130_fd_sc_hd__dfrtp_2)
                                  0.010673    9.760674   library recovery time
                                              9.760674   data required time
---------------------------------------------------------------------------------------------
                                              9.760674   data required time
                                             -2.556529   data arrival time
---------------------------------------------------------------------------------------------
                                              7.204145   slack (MET)


Startpoint: arst_n (input port clocked by wr_clk)
Endpoint: _1455_ (recovery check against rising-edge clock wr_clk)
Path Group: asynchronous
Path Type: max

Fanout         Cap        Slew       Delay        Time   Description
---------------------------------------------------------------------------------------------
                      0.150000    0.000000    0.000000   clock wr_clk (rise edge)
                                  0.000000    0.000000   clock network delay (ideal)
                                  2.000000    2.000000 ^ input external delay
    50    0.180216    0.815125    0.556529    2.556529 ^ arst_n (in)
                                                         arst_n (net)
                      0.815125    0.000000    2.556529 ^ _1455_/RESET_B (sky130_fd_sc_hd__dfrtp_2)
                                              2.556529   data arrival time

                      0.150000   10.000000   10.000000   clock wr_clk (rise edge)
                                  0.000000   10.000000   clock network delay (ideal)
                                 -0.250000    9.750000   clock uncertainty
                                  0.000000    9.750000   clock reconvergence pessimism
                                              9.750000 ^ _1455_/CLK (sky130_fd_sc_hd__dfrtp_2)
                                  0.010673    9.760674   library recovery time
                                              9.760674   data required time
---------------------------------------------------------------------------------------------
                                              9.760674   data required time
                                             -2.556529   data arrival time
---------------------------------------------------------------------------------------------
                                              7.204145   slack (MET)


Startpoint: arst_n (input port clocked by wr_clk)
Endpoint: _1456_ (recovery check against rising-edge clock wr_clk)
Path Group: asynchronous
Path Type: max

Fanout         Cap        Slew       Delay        Time   Description
---------------------------------------------------------------------------------------------
                      0.150000    0.000000    0.000000   clock wr_clk (rise edge)
                                  0.000000    0.000000   clock network delay (ideal)
                                  2.000000    2.000000 ^ input external delay
    50    0.180216    0.815125    0.556529    2.556529 ^ arst_n (in)
                                                         arst_n (net)
                      0.815125    0.000000    2.556529 ^ _1456_/RESET_B (sky130_fd_sc_hd__dfrtp_2)
                                              2.556529   data arrival time

                      0.150000   10.000000   10.000000   clock wr_clk (rise edge)
                                  0.000000   10.000000   clock network delay (ideal)
                                 -0.250000    9.750000   clock uncertainty
                                  0.000000    9.750000   clock reconvergence pessimism
                                              9.750000 ^ _1456_/CLK (sky130_fd_sc_hd__dfrtp_2)
                                  0.010673    9.760674   library recovery time
                                              9.760674   data required time
---------------------------------------------------------------------------------------------
                                              9.760674   data required time
                                             -2.556529   data arrival time
---------------------------------------------------------------------------------------------
                                              7.204145   slack (MET)


Startpoint: arst_n (input port clocked by wr_clk)
Endpoint: _1457_ (recovery check against rising-edge clock wr_clk)
Path Group: asynchronous
Path Type: max

Fanout         Cap        Slew       Delay        Time   Description
---------------------------------------------------------------------------------------------
                      0.150000    0.000000    0.000000   clock wr_clk (rise edge)
                                  0.000000    0.000000   clock network delay (ideal)
                                  2.000000    2.000000 ^ input external delay
    50    0.180216    0.815125    0.556529    2.556529 ^ arst_n (in)
                                                         arst_n (net)
                      0.815125    0.000000    2.556529 ^ _1457_/RESET_B (sky130_fd_sc_hd__dfrtp_2)
                                              2.556529   data arrival time

                      0.150000   10.000000   10.000000   clock wr_clk (rise edge)
                                  0.000000   10.000000   clock network delay (ideal)
                                 -0.250000    9.750000   clock uncertainty
                                  0.000000    9.750000   clock reconvergence pessimism
                                              9.750000 ^ _1457_/CLK (sky130_fd_sc_hd__dfrtp_2)
                                  0.010673    9.760674   library recovery time
                                              9.760674   data required time
---------------------------------------------------------------------------------------------
                                              9.760674   data required time
                                             -2.556529   data arrival time
---------------------------------------------------------------------------------------------
                                              7.204145   slack (MET)


Startpoint: arst_n (input port clocked by wr_clk)
Endpoint: _1458_ (recovery check against rising-edge clock wr_clk)
Path Group: asynchronous
Path Type: max

Fanout         Cap        Slew       Delay        Time   Description
---------------------------------------------------------------------------------------------
                      0.150000    0.000000    0.000000   clock wr_clk (rise edge)
                                  0.000000    0.000000   clock network delay (ideal)
                                  2.000000    2.000000 ^ input external delay
    50    0.180216    0.815125    0.556529    2.556529 ^ arst_n (in)
                                                         arst_n (net)
                      0.815125    0.000000    2.556529 ^ _1458_/RESET_B (sky130_fd_sc_hd__dfrtp_2)
                                              2.556529   data arrival time

                      0.150000   10.000000   10.000000   clock wr_clk (rise edge)
                                  0.000000   10.000000   clock network delay (ideal)
                                 -0.250000    9.750000   clock uncertainty
                                  0.000000    9.750000   clock reconvergence pessimism
                                              9.750000 ^ _1458_/CLK (sky130_fd_sc_hd__dfrtp_2)
                                  0.010673    9.760674   library recovery time
                                              9.760674   data required time
---------------------------------------------------------------------------------------------
                                              9.760674   data required time
                                             -2.556529   data arrival time
---------------------------------------------------------------------------------------------
                                              7.204145   slack (MET)


Startpoint: arst_n (input port clocked by wr_clk)
Endpoint: _1459_ (recovery check against rising-edge clock wr_clk)
Path Group: asynchronous
Path Type: max

Fanout         Cap        Slew       Delay        Time   Description
---------------------------------------------------------------------------------------------
                      0.150000    0.000000    0.000000   clock wr_clk (rise edge)
                                  0.000000    0.000000   clock network delay (ideal)
                                  2.000000    2.000000 ^ input external delay
    50    0.180216    0.815125    0.556529    2.556529 ^ arst_n (in)
                                                         arst_n (net)
                      0.815125    0.000000    2.556529 ^ _1459_/RESET_B (sky130_fd_sc_hd__dfrtp_2)
                                              2.556529   data arrival time

                      0.150000   10.000000   10.000000   clock wr_clk (rise edge)
                                  0.000000   10.000000   clock network delay (ideal)
                                 -0.250000    9.750000   clock uncertainty
                                  0.000000    9.750000   clock reconvergence pessimism
                                              9.750000 ^ _1459_/CLK (sky130_fd_sc_hd__dfrtp_2)
                                  0.010673    9.760674   library recovery time
                                              9.760674   data required time
---------------------------------------------------------------------------------------------
                                              9.760674   data required time
                                             -2.556529   data arrival time
---------------------------------------------------------------------------------------------
                                              7.204145   slack (MET)


Startpoint: arst_n (input port clocked by wr_clk)
Endpoint: _1468_ (recovery check against rising-edge clock wr_clk)
Path Group: asynchronous
Path Type: max

Fanout         Cap        Slew       Delay        Time   Description
---------------------------------------------------------------------------------------------
                      0.150000    0.000000    0.000000   clock wr_clk (rise edge)
                                  0.000000    0.000000   clock network delay (ideal)
                                  2.000000    2.000000 ^ input external delay
    50    0.180216    0.815125    0.556529    2.556529 ^ arst_n (in)
                                                         arst_n (net)
                      0.815125    0.000000    2.556529 ^ _1468_/RESET_B (sky130_fd_sc_hd__dfrtp_2)
                                              2.556529   data arrival time

                      0.150000   10.000000   10.000000   clock wr_clk (rise edge)
                                  0.000000   10.000000   clock network delay (ideal)
                                 -0.250000    9.750000   clock uncertainty
                                  0.000000    9.750000   clock reconvergence pessimism
                                              9.750000 ^ _1468_/CLK (sky130_fd_sc_hd__dfrtp_2)
                                  0.010673    9.760674   library recovery time
                                              9.760674   data required time
---------------------------------------------------------------------------------------------
                                              9.760674   data required time
                                             -2.556529   data arrival time
---------------------------------------------------------------------------------------------
                                              7.204145   slack (MET)


Startpoint: arst_n (input port clocked by wr_clk)
Endpoint: _1469_ (recovery check against rising-edge clock wr_clk)
Path Group: asynchronous
Path Type: max

Fanout         Cap        Slew       Delay        Time   Description
---------------------------------------------------------------------------------------------
                      0.150000    0.000000    0.000000   clock wr_clk (rise edge)
                                  0.000000    0.000000   clock network delay (ideal)
                                  2.000000    2.000000 ^ input external delay
    50    0.180216    0.815125    0.556529    2.556529 ^ arst_n (in)
                                                         arst_n (net)
                      0.815125    0.000000    2.556529 ^ _1469_/RESET_B (sky130_fd_sc_hd__dfrtp_2)
                                              2.556529   data arrival time

                      0.150000   10.000000   10.000000   clock wr_clk (rise edge)
                                  0.000000   10.000000   clock network delay (ideal)
                                 -0.250000    9.750000   clock uncertainty
                                  0.000000    9.750000   clock reconvergence pessimism
                                              9.750000 ^ _1469_/CLK (sky130_fd_sc_hd__dfrtp_2)
                                  0.010673    9.760674   library recovery time
                                              9.760674   data required time
---------------------------------------------------------------------------------------------
                                              9.760674   data required time
                                             -2.556529   data arrival time
---------------------------------------------------------------------------------------------
                                              7.204145   slack (MET)


Startpoint: arst_n (input port clocked by wr_clk)
Endpoint: _1470_ (recovery check against rising-edge clock wr_clk)
Path Group: asynchronous
Path Type: max

Fanout         Cap        Slew       Delay        Time   Description
---------------------------------------------------------------------------------------------
                      0.150000    0.000000    0.000000   clock wr_clk (rise edge)
                                  0.000000    0.000000   clock network delay (ideal)
                                  2.000000    2.000000 ^ input external delay
    50    0.180216    0.815125    0.556529    2.556529 ^ arst_n (in)
                                                         arst_n (net)
                      0.815125    0.000000    2.556529 ^ _1470_/RESET_B (sky130_fd_sc_hd__dfrtp_2)
                                              2.556529   data arrival time

                      0.150000   10.000000   10.000000   clock wr_clk (rise edge)
                                  0.000000   10.000000   clock network delay (ideal)
                                 -0.250000    9.750000   clock uncertainty
                                  0.000000    9.750000   clock reconvergence pessimism
                                              9.750000 ^ _1470_/CLK (sky130_fd_sc_hd__dfrtp_2)
                                  0.010673    9.760674   library recovery time
                                              9.760674   data required time
---------------------------------------------------------------------------------------------
                                              9.760674   data required time
                                             -2.556529   data arrival time
---------------------------------------------------------------------------------------------
                                              7.204145   slack (MET)


Startpoint: arst_n (input port clocked by wr_clk)
Endpoint: _1471_ (recovery check against rising-edge clock wr_clk)
Path Group: asynchronous
Path Type: max

Fanout         Cap        Slew       Delay        Time   Description
---------------------------------------------------------------------------------------------
                      0.150000    0.000000    0.000000   clock wr_clk (rise edge)
                                  0.000000    0.000000   clock network delay (ideal)
                                  2.000000    2.000000 ^ input external delay
    50    0.180216    0.815125    0.556529    2.556529 ^ arst_n (in)
                                                         arst_n (net)
                      0.815125    0.000000    2.556529 ^ _1471_/RESET_B (sky130_fd_sc_hd__dfrtp_2)
                                              2.556529   data arrival time

                      0.150000   10.000000   10.000000   clock wr_clk (rise edge)
                                  0.000000   10.000000   clock network delay (ideal)
                                 -0.250000    9.750000   clock uncertainty
                                  0.000000    9.750000   clock reconvergence pessimism
                                              9.750000 ^ _1471_/CLK (sky130_fd_sc_hd__dfrtp_2)
                                  0.010673    9.760674   library recovery time
                                              9.760674   data required time
---------------------------------------------------------------------------------------------
                                              9.760674   data required time
                                             -2.556529   data arrival time
---------------------------------------------------------------------------------------------
                                              7.204145   slack (MET)


Startpoint: arst_n (input port clocked by wr_clk)
Endpoint: _1482_ (recovery check against rising-edge clock wr_clk)
Path Group: asynchronous
Path Type: max

Fanout         Cap        Slew       Delay        Time   Description
---------------------------------------------------------------------------------------------
                      0.150000    0.000000    0.000000   clock wr_clk (rise edge)
                                  0.000000    0.000000   clock network delay (ideal)
                                  2.000000    2.000000 ^ input external delay
    50    0.180216    0.815125    0.556529    2.556529 ^ arst_n (in)
                                                         arst_n (net)
                      0.815125    0.000000    2.556529 ^ _1482_/RESET_B (sky130_fd_sc_hd__dfrtp_2)
                                              2.556529   data arrival time

                      0.150000   10.000000   10.000000   clock wr_clk (rise edge)
                                  0.000000   10.000000   clock network delay (ideal)
                                 -0.250000    9.750000   clock uncertainty
                                  0.000000    9.750000   clock reconvergence pessimism
                                              9.750000 ^ _1482_/CLK (sky130_fd_sc_hd__dfrtp_2)
                                  0.010673    9.760674   library recovery time
                                              9.760674   data required time
---------------------------------------------------------------------------------------------
                                              9.760674   data required time
                                             -2.556529   data arrival time
---------------------------------------------------------------------------------------------
                                              7.204145   slack (MET)


Startpoint: arst_n (input port clocked by wr_clk)
Endpoint: _1483_ (recovery check against rising-edge clock wr_clk)
Path Group: asynchronous
Path Type: max

Fanout         Cap        Slew       Delay        Time   Description
---------------------------------------------------------------------------------------------
                      0.150000    0.000000    0.000000   clock wr_clk (rise edge)
                                  0.000000    0.000000   clock network delay (ideal)
                                  2.000000    2.000000 ^ input external delay
    50    0.180216    0.815125    0.556529    2.556529 ^ arst_n (in)
                                                         arst_n (net)
                      0.815125    0.000000    2.556529 ^ _1483_/RESET_B (sky130_fd_sc_hd__dfrtp_2)
                                              2.556529   data arrival time

                      0.150000   10.000000   10.000000   clock wr_clk (rise edge)
                                  0.000000   10.000000   clock network delay (ideal)
                                 -0.250000    9.750000   clock uncertainty
                                  0.000000    9.750000   clock reconvergence pessimism
                                              9.750000 ^ _1483_/CLK (sky130_fd_sc_hd__dfrtp_2)
                                  0.010673    9.760674   library recovery time
                                              9.760674   data required time
---------------------------------------------------------------------------------------------
                                              9.760674   data required time
                                             -2.556529   data arrival time
---------------------------------------------------------------------------------------------
                                              7.204145   slack (MET)


Startpoint: arst_n (input port clocked by wr_clk)
Endpoint: _1484_ (recovery check against rising-edge clock wr_clk)
Path Group: asynchronous
Path Type: max

Fanout         Cap        Slew       Delay        Time   Description
---------------------------------------------------------------------------------------------
                      0.150000    0.000000    0.000000   clock wr_clk (rise edge)
                                  0.000000    0.000000   clock network delay (ideal)
                                  2.000000    2.000000 ^ input external delay
    50    0.180216    0.815125    0.556529    2.556529 ^ arst_n (in)
                                                         arst_n (net)
                      0.815125    0.000000    2.556529 ^ _1484_/RESET_B (sky130_fd_sc_hd__dfrtp_2)
                                              2.556529   data arrival time

                      0.150000   10.000000   10.000000   clock wr_clk (rise edge)
                                  0.000000   10.000000   clock network delay (ideal)
                                 -0.250000    9.750000   clock uncertainty
                                  0.000000    9.750000   clock reconvergence pessimism
                                              9.750000 ^ _1484_/CLK (sky130_fd_sc_hd__dfrtp_2)
                                  0.010673    9.760674   library recovery time
                                              9.760674   data required time
---------------------------------------------------------------------------------------------
                                              9.760674   data required time
                                             -2.556529   data arrival time
---------------------------------------------------------------------------------------------
                                              7.204145   slack (MET)


Startpoint: arst_n (input port clocked by wr_clk)
Endpoint: _1485_ (recovery check against rising-edge clock wr_clk)
Path Group: asynchronous
Path Type: max

Fanout         Cap        Slew       Delay        Time   Description
---------------------------------------------------------------------------------------------
                      0.150000    0.000000    0.000000   clock wr_clk (rise edge)
                                  0.000000    0.000000   clock network delay (ideal)
                                  2.000000    2.000000 ^ input external delay
    50    0.180216    0.815125    0.556529    2.556529 ^ arst_n (in)
                                                         arst_n (net)
                      0.815125    0.000000    2.556529 ^ _1485_/RESET_B (sky130_fd_sc_hd__dfrtp_2)
                                              2.556529   data arrival time

                      0.150000   10.000000   10.000000   clock wr_clk (rise edge)
                                  0.000000   10.000000   clock network delay (ideal)
                                 -0.250000    9.750000   clock uncertainty
                                  0.000000    9.750000   clock reconvergence pessimism
                                              9.750000 ^ _1485_/CLK (sky130_fd_sc_hd__dfrtp_2)
                                  0.010673    9.760674   library recovery time
                                              9.760674   data required time
---------------------------------------------------------------------------------------------
                                              9.760674   data required time
                                             -2.556529   data arrival time
---------------------------------------------------------------------------------------------
                                              7.204145   slack (MET)


Startpoint: arst_n (input port clocked by wr_clk)
Endpoint: _1486_ (recovery check against rising-edge clock wr_clk)
Path Group: asynchronous
Path Type: max

Fanout         Cap        Slew       Delay        Time   Description
---------------------------------------------------------------------------------------------
                      0.150000    0.000000    0.000000   clock wr_clk (rise edge)
                                  0.000000    0.000000   clock network delay (ideal)
                                  2.000000    2.000000 ^ input external delay
    50    0.180216    0.815125    0.556529    2.556529 ^ arst_n (in)
                                                         arst_n (net)
                      0.815125    0.000000    2.556529 ^ _1486_/RESET_B (sky130_fd_sc_hd__dfrtp_2)
                                              2.556529   data arrival time

                      0.150000   10.000000   10.000000   clock wr_clk (rise edge)
                                  0.000000   10.000000   clock network delay (ideal)
                                 -0.250000    9.750000   clock uncertainty
                                  0.000000    9.750000   clock reconvergence pessimism
                                              9.750000 ^ _1486_/CLK (sky130_fd_sc_hd__dfrtp_2)
                                  0.010673    9.760674   library recovery time
                                              9.760674   data required time
---------------------------------------------------------------------------------------------
                                              9.760674   data required time
                                             -2.556529   data arrival time
---------------------------------------------------------------------------------------------
                                              7.204145   slack (MET)


Startpoint: arst_n (input port clocked by wr_clk)
Endpoint: _1487_ (recovery check against rising-edge clock wr_clk)
Path Group: asynchronous
Path Type: max

Fanout         Cap        Slew       Delay        Time   Description
---------------------------------------------------------------------------------------------
                      0.150000    0.000000    0.000000   clock wr_clk (rise edge)
                                  0.000000    0.000000   clock network delay (ideal)
                                  2.000000    2.000000 ^ input external delay
    50    0.180216    0.815125    0.556529    2.556529 ^ arst_n (in)
                                                         arst_n (net)
                      0.815125    0.000000    2.556529 ^ _1487_/RESET_B (sky130_fd_sc_hd__dfrtp_2)
                                              2.556529   data arrival time

                      0.150000   10.000000   10.000000   clock wr_clk (rise edge)
                                  0.000000   10.000000   clock network delay (ideal)
                                 -0.250000    9.750000   clock uncertainty
                                  0.000000    9.750000   clock reconvergence pessimism
                                              9.750000 ^ _1487_/CLK (sky130_fd_sc_hd__dfrtp_2)
                                  0.010673    9.760674   library recovery time
                                              9.760674   data required time
---------------------------------------------------------------------------------------------
                                              9.760674   data required time
                                             -2.556529   data arrival time
---------------------------------------------------------------------------------------------
                                              7.204145   slack (MET)


Startpoint: arst_n (input port clocked by wr_clk)
Endpoint: _1488_ (recovery check against rising-edge clock wr_clk)
Path Group: asynchronous
Path Type: max

Fanout         Cap        Slew       Delay        Time   Description
---------------------------------------------------------------------------------------------
                      0.150000    0.000000    0.000000   clock wr_clk (rise edge)
                                  0.000000    0.000000   clock network delay (ideal)
                                  2.000000    2.000000 ^ input external delay
    50    0.180216    0.815125    0.556529    2.556529 ^ arst_n (in)
                                                         arst_n (net)
                      0.815125    0.000000    2.556529 ^ _1488_/RESET_B (sky130_fd_sc_hd__dfrtp_2)
                                              2.556529   data arrival time

                      0.150000   10.000000   10.000000   clock wr_clk (rise edge)
                                  0.000000   10.000000   clock network delay (ideal)
                                 -0.250000    9.750000   clock uncertainty
                                  0.000000    9.750000   clock reconvergence pessimism
                                              9.750000 ^ _1488_/CLK (sky130_fd_sc_hd__dfrtp_2)
                                  0.010673    9.760674   library recovery time
                                              9.760674   data required time
---------------------------------------------------------------------------------------------
                                              9.760674   data required time
                                             -2.556529   data arrival time
---------------------------------------------------------------------------------------------
                                              7.204145   slack (MET)


Startpoint: arst_n (input port clocked by wr_clk)
Endpoint: _1489_ (recovery check against rising-edge clock wr_clk)
Path Group: asynchronous
Path Type: max

Fanout         Cap        Slew       Delay        Time   Description
---------------------------------------------------------------------------------------------
                      0.150000    0.000000    0.000000   clock wr_clk (rise edge)
                                  0.000000    0.000000   clock network delay (ideal)
                                  2.000000    2.000000 ^ input external delay
    50    0.180216    0.815125    0.556529    2.556529 ^ arst_n (in)
                                                         arst_n (net)
                      0.815125    0.000000    2.556529 ^ _1489_/RESET_B (sky130_fd_sc_hd__dfrtp_2)
                                              2.556529   data arrival time

                      0.150000   10.000000   10.000000   clock wr_clk (rise edge)
                                  0.000000   10.000000   clock network delay (ideal)
                                 -0.250000    9.750000   clock uncertainty
                                  0.000000    9.750000   clock reconvergence pessimism
                                              9.750000 ^ _1489_/CLK (sky130_fd_sc_hd__dfrtp_2)
                                  0.010673    9.760674   library recovery time
                                              9.760674   data required time
---------------------------------------------------------------------------------------------
                                              9.760674   data required time
                                             -2.556529   data arrival time
---------------------------------------------------------------------------------------------
                                              7.204145   slack (MET)


Startpoint: arst_n (input port clocked by wr_clk)
Endpoint: _1490_ (recovery check against rising-edge clock wr_clk)
Path Group: asynchronous
Path Type: max

Fanout         Cap        Slew       Delay        Time   Description
---------------------------------------------------------------------------------------------
                      0.150000    0.000000    0.000000   clock wr_clk (rise edge)
                                  0.000000    0.000000   clock network delay (ideal)
                                  2.000000    2.000000 ^ input external delay
    50    0.180216    0.815125    0.556529    2.556529 ^ arst_n (in)
                                                         arst_n (net)
                      0.815125    0.000000    2.556529 ^ _1490_/RESET_B (sky130_fd_sc_hd__dfrtp_2)
                                              2.556529   data arrival time

                      0.150000   10.000000   10.000000   clock wr_clk (rise edge)
                                  0.000000   10.000000   clock network delay (ideal)
                                 -0.250000    9.750000   clock uncertainty
                                  0.000000    9.750000   clock reconvergence pessimism
                                              9.750000 ^ _1490_/CLK (sky130_fd_sc_hd__dfrtp_2)
                                  0.010673    9.760674   library recovery time
                                              9.760674   data required time
---------------------------------------------------------------------------------------------
                                              9.760674   data required time
                                             -2.556529   data arrival time
---------------------------------------------------------------------------------------------
                                              7.204145   slack (MET)


Startpoint: arst_n (input port clocked by wr_clk)
Endpoint: _1491_ (recovery check against rising-edge clock wr_clk)
Path Group: asynchronous
Path Type: max

Fanout         Cap        Slew       Delay        Time   Description
---------------------------------------------------------------------------------------------
                      0.150000    0.000000    0.000000   clock wr_clk (rise edge)
                                  0.000000    0.000000   clock network delay (ideal)
                                  2.000000    2.000000 ^ input external delay
    50    0.180216    0.815125    0.556529    2.556529 ^ arst_n (in)
                                                         arst_n (net)
                      0.815125    0.000000    2.556529 ^ _1491_/RESET_B (sky130_fd_sc_hd__dfrtp_2)
                                              2.556529   data arrival time

                      0.150000   10.000000   10.000000   clock wr_clk (rise edge)
                                  0.000000   10.000000   clock network delay (ideal)
                                 -0.250000    9.750000   clock uncertainty
                                  0.000000    9.750000   clock reconvergence pessimism
                                              9.750000 ^ _1491_/CLK (sky130_fd_sc_hd__dfrtp_2)
                                  0.010673    9.760674   library recovery time
                                              9.760674   data required time
---------------------------------------------------------------------------------------------
                                              9.760674   data required time
                                             -2.556529   data arrival time
---------------------------------------------------------------------------------------------
                                              7.204145   slack (MET)


Startpoint: _1453_ (rising edge-triggered flip-flop clocked by wr_clk)
Endpoint: full (output port clocked by wr_clk)
Path Group: wr_clk
Path Type: max

Fanout         Cap        Slew       Delay        Time   Description
---------------------------------------------------------------------------------------------
                      0.150000    0.000000    0.000000   clock wr_clk (rise edge)
                                  0.000000    0.000000   clock network delay (ideal)
                      0.150000    0.000000    0.000000 ^ _1453_/CLK (sky130_fd_sc_hd__dfrtp_2)
     2    0.041697    0.127400    0.522339    0.522339 v _1453_/Q (sky130_fd_sc_hd__dfrtp_2)
                                                         full (net)
                      0.127400    0.000000    0.522339 v full (out)
                                              0.522339   data arrival time

                      0.150000   10.000000   10.000000   clock wr_clk (rise edge)
                                  0.000000   10.000000   clock network delay (ideal)
                                 -0.250000    9.750000   clock uncertainty
                                  0.000000    9.750000   clock reconvergence pessimism
                                 -2.000000    7.750000   output external delay
                                              7.750000   data required time
---------------------------------------------------------------------------------------------
                                              7.750000   data required time
                                             -0.522339   data arrival time
---------------------------------------------------------------------------------------------
                                              7.227661   slack (MET)


Startpoint: _1454_ (rising edge-triggered flip-flop clocked by wr_clk)
Endpoint: afull (output port clocked by wr_clk)
Path Group: wr_clk
Path Type: max

Fanout         Cap        Slew       Delay        Time   Description
---------------------------------------------------------------------------------------------
                      0.150000    0.000000    0.000000   clock wr_clk (rise edge)
                                  0.000000    0.000000   clock network delay (ideal)
                      0.150000    0.000000    0.000000 ^ _1454_/CLK (sky130_fd_sc_hd__dfrtp_2)
     1    0.033442    0.110070    0.504914    0.504914 v _1454_/Q (sky130_fd_sc_hd__dfrtp_2)
                                                         afull (net)
                      0.110070    0.000000    0.504914 v afull (out)
                                              0.504914   data arrival time

                      0.150000   10.000000   10.000000   clock wr_clk (rise edge)
                                  0.000000   10.000000   clock network delay (ideal)
                                 -0.250000    9.750000   clock uncertainty
                                  0.000000    9.750000   clock reconvergence pessimism
                                 -2.000000    7.750000   output external delay
                                              7.750000   data required time
---------------------------------------------------------------------------------------------
                                              7.750000   data required time
                                             -0.504914   data arrival time
---------------------------------------------------------------------------------------------
                                              7.245086   slack (MET)


Startpoint: _1482_ (rising edge-triggered flip-flop clocked by wr_clk)
Endpoint: _1487_ (rising edge-triggered flip-flop clocked by wr_clk)
Path Group: wr_clk
Path Type: max

Fanout         Cap        Slew       Delay        Time   Description
---------------------------------------------------------------------------------------------
                      0.150000    0.000000    0.000000   clock wr_clk (rise edge)
                                  0.000000    0.000000   clock network delay (ideal)
                      0.150000    0.000000    0.000000 ^ _1482_/CLK (sky130_fd_sc_hd__dfrtp_2)
     1    0.001949    0.036250    0.410266    0.410266 v _1482_/Q (sky130_fd_sc_hd__dfrtp_2)
                                                         rd_gray_sync1[0] (net)
                      0.036250    0.000000    0.410266 v _1487_/D (sky130_fd_sc_hd__dfrtp_2)
                                              0.410266   data arrival time

                      0.150000   10.000000   10.000000   clock wr_clk (rise edge)
                                  0.000000   10.000000   clock network delay (ideal)
                                 -0.250000    9.750000   clock uncertainty
                                  0.000000    9.750000   clock reconvergence pessimism
                                              9.750000 ^ _1487_/CLK (sky130_fd_sc_hd__dfrtp_2)
                                 -0.087390    9.662610   library setup time
                                              9.662610   data required time
---------------------------------------------------------------------------------------------
                                              9.662610   data required time
                                             -0.410266   data arrival time
---------------------------------------------------------------------------------------------
                                              9.252343   slack (MET)


Startpoint: _1483_ (rising edge-triggered flip-flop clocked by wr_clk)
Endpoint: _1488_ (rising edge-triggered flip-flop clocked by wr_clk)
Path Group: wr_clk
Path Type: max

Fanout         Cap        Slew       Delay        Time   Description
---------------------------------------------------------------------------------------------
                      0.150000    0.000000    0.000000   clock wr_clk (rise edge)
                                  0.000000    0.000000   clock network delay (ideal)
                      0.150000    0.000000    0.000000 ^ _1483_/CLK (sky130_fd_sc_hd__dfrtp_2)
     1    0.001949    0.036250    0.410266    0.410266 v _1483_/Q (sky130_fd_sc_hd__dfrtp_2)
                                                         rd_gray_sync1[1] (net)
                      0.036250    0.000000    0.410266 v _1488_/D (sky130_fd_sc_hd__dfrtp_2)
                                              0.410266   data arrival time

                      0.150000   10.000000   10.000000   clock wr_clk (rise edge)
                                  0.000000   10.000000   clock network delay (ideal)
                                 -0.250000    9.750000   clock uncertainty
                                  0.000000    9.750000   clock reconvergence pessimism
                                              9.750000 ^ _1488_/CLK (sky130_fd_sc_hd__dfrtp_2)
                                 -0.087390    9.662610   library setup time
                                              9.662610   data required time
---------------------------------------------------------------------------------------------
                                              9.662610   data required time
                                             -0.410266   data arrival time
---------------------------------------------------------------------------------------------
                                              9.252343   slack (MET)


Startpoint: _1484_ (rising edge-triggered flip-flop clocked by wr_clk)
Endpoint: _1489_ (rising edge-triggered flip-flop clocked by wr_clk)
Path Group: wr_clk
Path Type: max

Fanout         Cap        Slew       Delay        Time   Description
---------------------------------------------------------------------------------------------
                      0.150000    0.000000    0.000000   clock wr_clk (rise edge)
                                  0.000000    0.000000   clock network delay (ideal)
                      0.150000    0.000000    0.000000 ^ _1484_/CLK (sky130_fd_sc_hd__dfrtp_2)
     1    0.001949    0.036250    0.410266    0.410266 v _1484_/Q (sky130_fd_sc_hd__dfrtp_2)
                                                         rd_gray_sync1[2] (net)
                      0.036250    0.000000    0.410266 v _1489_/D (sky130_fd_sc_hd__dfrtp_2)
                                              0.410266   data arrival time

                      0.150000   10.000000   10.000000   clock wr_clk (rise edge)
                                  0.000000   10.000000   clock network delay (ideal)
                                 -0.250000    9.750000   clock uncertainty
                                  0.000000    9.750000   clock reconvergence pessimism
                                              9.750000 ^ _1489_/CLK (sky130_fd_sc_hd__dfrtp_2)
                                 -0.087390    9.662610   library setup time
                                              9.662610   data required time
---------------------------------------------------------------------------------------------
                                              9.662610   data required time
                                             -0.410266   data arrival time
---------------------------------------------------------------------------------------------
                                              9.252343   slack (MET)


Startpoint: _1485_ (rising edge-triggered flip-flop clocked by wr_clk)
Endpoint: _1490_ (rising edge-triggered flip-flop clocked by wr_clk)
Path Group: wr_clk
Path Type: max

Fanout         Cap        Slew       Delay        Time   Description
---------------------------------------------------------------------------------------------
                      0.150000    0.000000    0.000000   clock wr_clk (rise edge)
                                  0.000000    0.000000   clock network delay (ideal)
                      0.150000    0.000000    0.000000 ^ _1485_/CLK (sky130_fd_sc_hd__dfrtp_2)
     1    0.001949    0.036250    0.410266    0.410266 v _1485_/Q (sky130_fd_sc_hd__dfrtp_2)
                                                         rd_gray_sync1[3] (net)
                      0.036250    0.000000    0.410266 v _1490_/D (sky130_fd_sc_hd__dfrtp_2)
                                              0.410266   data arrival time

                      0.150000   10.000000   10.000000   clock wr_clk (rise edge)
                                  0.000000   10.000000   clock network delay (ideal)
                                 -0.250000    9.750000   clock uncertainty
                                  0.000000    9.750000   clock reconvergence pessimism
                                              9.750000 ^ _1490_/CLK (sky130_fd_sc_hd__dfrtp_2)
                                 -0.087390    9.662610   library setup time
                                              9.662610   data required time
---------------------------------------------------------------------------------------------
                                              9.662610   data required time
                                             -0.410266   data arrival time
---------------------------------------------------------------------------------------------
                                              9.252343   slack (MET)


Startpoint: _1486_ (rising edge-triggered flip-flop clocked by wr_clk)
Endpoint: _1491_ (rising edge-triggered flip-flop clocked by wr_clk)
Path Group: wr_clk
Path Type: max

Fanout         Cap        Slew       Delay        Time   Description
---------------------------------------------------------------------------------------------
                      0.150000    0.000000    0.000000   clock wr_clk (rise edge)
                                  0.000000    0.000000   clock network delay (ideal)
                      0.150000    0.000000    0.000000 ^ _1486_/CLK (sky130_fd_sc_hd__dfrtp_2)
     1    0.001949    0.036250    0.410266    0.410266 v _1486_/Q (sky130_fd_sc_hd__dfrtp_2)
                                                         rd_gray_sync1[4] (net)
                      0.036250    0.000000    0.410266 v _1491_/D (sky130_fd_sc_hd__dfrtp_2)
                                              0.410266   data arrival time

                      0.150000   10.000000   10.000000   clock wr_clk (rise edge)
                                  0.000000   10.000000   clock network delay (ideal)
                                 -0.250000    9.750000   clock uncertainty
                                  0.000000    9.750000   clock reconvergence pessimism
                                              9.750000 ^ _1491_/CLK (sky130_fd_sc_hd__dfrtp_2)
                                 -0.087390    9.662610   library setup time
                                              9.662610   data required time
---------------------------------------------------------------------------------------------
                                              9.662610   data required time
                                             -0.410266   data arrival time
---------------------------------------------------------------------------------------------
                                              9.252343   slack (MET)



