
===========================================================================
report_checks -path_delay min (Hold)
============================================================================
======================= max_ff_n40C_1v95 Corner ===================================

Startpoint: _761_ (rising edge-triggered flip-flop clocked by wr_clk)
Endpoint: _761_ (rising edge-triggered flip-flop clocked by wr_clk)
Path Group: wr_clk
Path Type: min

Fanout         Cap        Slew       Delay        Time   Description
---------------------------------------------------------------------------------------------
                                  0.000000    0.000000   clock wr_clk (rise edge)
                                  0.000000    0.000000   clock source latency
     1    0.026396    0.093078    0.065140    0.065140 ^ wr_clk (in)
                                                         wr_clk (net)
                      0.093240    0.000000    0.065140 ^ clkbuf_0_wr_clk/A (sky130_fd_sc_hd__clkbuf_16)
    16    0.111341    0.097775    0.149638    0.214779 ^ clkbuf_0_wr_clk/X (sky130_fd_sc_hd__clkbuf_16)
                                                         clknet_0_wr_clk (net)
                      0.098216    0.005336    0.220114 ^ clkbuf_4_14_0_wr_clk/A (sky130_fd_sc_hd__clkbuf_8)
     6    0.037064    0.058222    0.120737    0.340851 ^ clkbuf_4_14_0_wr_clk/X (sky130_fd_sc_hd__clkbuf_8)
                                                         clknet_4_14_0_wr_clk (net)
                      0.058502    0.003177    0.344028 ^ _761_/CLK (sky130_fd_sc_hd__dfrtp_4)
     4    0.027045    0.075062    0.291505    0.635533 ^ _761_/Q (sky130_fd_sc_hd__dfrtp_4)
                                                         wr_bin[4] (net)
                      0.075134    0.002059    0.637593 ^ _430_/A (sky130_fd_sc_hd__xnor2_1)
     1    0.002572    0.022962    0.043521    0.681113 v _430_/Y (sky130_fd_sc_hd__xnor2_1)
                                                         wr_bin_next[4] (net)
                      0.022962    0.000114    0.681227 v _761_/D (sky130_fd_sc_hd__dfrtp_4)
                                              0.681227   data arrival time

                                  0.000000    0.000000   clock wr_clk (rise edge)
                                  0.000000    0.000000   clock source latency
     1    0.026396    0.093078    0.065140    0.065140 ^ wr_clk (in)
                                                         wr_clk (net)
                      0.093240    0.000000    0.065140 ^ clkbuf_0_wr_clk/A (sky130_fd_sc_hd__clkbuf_16)
    16    0.111341    0.097775    0.149638    0.214779 ^ clkbuf_0_wr_clk/X (sky130_fd_sc_hd__clkbuf_16)
                                                         clknet_0_wr_clk (net)
                      0.098216    0.005336    0.220114 ^ clkbuf_4_14_0_wr_clk/A (sky130_fd_sc_hd__clkbuf_8)
     6    0.037064    0.058222    0.120737    0.340851 ^ clkbuf_4_14_0_wr_clk/X (sky130_fd_sc_hd__clkbuf_8)
                                                         clknet_4_14_0_wr_clk (net)
                      0.058502    0.003177    0.344028 ^ _761_/CLK (sky130_fd_sc_hd__dfrtp_4)
                                  0.250000    0.594028   clock uncertainty
                                  0.000000    0.594028   clock reconvergence pessimism
                                 -0.023044    0.570983   library hold time
                                              0.570983   data required time
---------------------------------------------------------------------------------------------
                                              0.570983   data required time
                                             -0.681227   data arrival time
---------------------------------------------------------------------------------------------
                                              0.110244   slack (MET)


Startpoint: _761_ (rising edge-triggered flip-flop clocked by wr_clk)
Endpoint: _773_ (rising edge-triggered flip-flop clocked by wr_clk)
Path Group: wr_clk
Path Type: min

Fanout         Cap        Slew       Delay        Time   Description
---------------------------------------------------------------------------------------------
                                  0.000000    0.000000   clock wr_clk (rise edge)
                                  0.000000    0.000000   clock source latency
     1    0.026396    0.093078    0.065140    0.065140 ^ wr_clk (in)
                                                         wr_clk (net)
                      0.093240    0.000000    0.065140 ^ clkbuf_0_wr_clk/A (sky130_fd_sc_hd__clkbuf_16)
    16    0.111341    0.097775    0.149638    0.214779 ^ clkbuf_0_wr_clk/X (sky130_fd_sc_hd__clkbuf_16)
                                                         clknet_0_wr_clk (net)
                      0.098216    0.005336    0.220114 ^ clkbuf_4_14_0_wr_clk/A (sky130_fd_sc_hd__clkbuf_8)
     6    0.037064    0.058222    0.120737    0.340851 ^ clkbuf_4_14_0_wr_clk/X (sky130_fd_sc_hd__clkbuf_8)
                                                         clknet_4_14_0_wr_clk (net)
                      0.058502    0.003177    0.344028 ^ _761_/CLK (sky130_fd_sc_hd__dfrtp_4)
     4    0.027045    0.075062    0.291505    0.635533 ^ _761_/Q (sky130_fd_sc_hd__dfrtp_4)
                                                         wr_bin[4] (net)
                      0.075115    0.001812    0.637345 ^ _390_/A (sky130_fd_sc_hd__xnor2_1)
     2    0.008126    0.044463    0.065327    0.702673 v _390_/Y (sky130_fd_sc_hd__xnor2_1)
                                                         wr_gray_next[3] (net)
                      0.044465    0.000370    0.703043 v _773_/D (sky130_fd_sc_hd__dfrtp_1)
                                              0.703043   data arrival time

                                  0.000000    0.000000   clock wr_clk (rise edge)
                                  0.000000    0.000000   clock source latency
     1    0.026396    0.093078    0.065140    0.065140 ^ wr_clk (in)
                                                         wr_clk (net)
                      0.093240    0.000000    0.065140 ^ clkbuf_0_wr_clk/A (sky130_fd_sc_hd__clkbuf_16)
    16    0.111341    0.097775    0.149638    0.214779 ^ clkbuf_0_wr_clk/X (sky130_fd_sc_hd__clkbuf_16)
                                                         clknet_0_wr_clk (net)
                      0.098216    0.005336    0.220114 ^ clkbuf_4_14_0_wr_clk/A (sky130_fd_sc_hd__clkbuf_8)
     6    0.037064    0.058222    0.120737    0.340851 ^ clkbuf_4_14_0_wr_clk/X (sky130_fd_sc_hd__clkbuf_8)
                                                         clknet_4_14_0_wr_clk (net)
                      0.058358    0.002240    0.343091 ^ _773_/CLK (sky130_fd_sc_hd__dfrtp_1)
                                  0.250000    0.593091   clock uncertainty
                                  0.000000    0.593091   clock reconvergence pessimism
                                 -0.033743    0.559348   library hold time
                                              0.559348   data required time
---------------------------------------------------------------------------------------------
                                              0.559348   data required time
                                             -0.703043   data arrival time
---------------------------------------------------------------------------------------------
                                              0.143695   slack (MET)


Startpoint: _792_ (rising edge-triggered flip-flop clocked by wr_clk)
Endpoint: _755_ (rising edge-triggered flip-flop clocked by wr_clk)
Path Group: wr_clk
Path Type: min

Fanout         Cap        Slew       Delay        Time   Description
---------------------------------------------------------------------------------------------
                                  0.000000    0.000000   clock wr_clk (rise edge)
                                  0.000000    0.000000   clock source latency
     1    0.026396    0.093078    0.065140    0.065140 ^ wr_clk (in)
                                                         wr_clk (net)
                      0.093240    0.000000    0.065140 ^ clkbuf_0_wr_clk/A (sky130_fd_sc_hd__clkbuf_16)
    16    0.111341    0.097775    0.149638    0.214779 ^ clkbuf_0_wr_clk/X (sky130_fd_sc_hd__clkbuf_16)
                                                         clknet_0_wr_clk (net)
                      0.098241    0.005475    0.220254 ^ clkbuf_4_15_0_wr_clk/A (sky130_fd_sc_hd__clkbuf_8)
     7    0.035619    0.056498    0.120546    0.340800 ^ clkbuf_4_15_0_wr_clk/X (sky130_fd_sc_hd__clkbuf_8)
                                                         clknet_4_15_0_wr_clk (net)
                      0.056563    0.001683    0.342483 ^ _792_/CLK (sky130_fd_sc_hd__dfrtp_1)
     2    0.015565    0.109087    0.264780    0.607263 ^ _792_/Q (sky130_fd_sc_hd__dfrtp_1)
                                                         rd_gray_sync2[3] (net)
                      0.109091    0.000793    0.608056 ^ _391_/A (sky130_fd_sc_hd__xnor2_1)
     1    0.006010    0.060998    0.096123    0.704179 ^ _391_/Y (sky130_fd_sc_hd__xnor2_1)
                                                         _216_ (net)
                      0.061000    0.000440    0.704620 ^ _404_/A (sky130_fd_sc_hd__nor2_1)
     1    0.005389    0.022212    0.036955    0.741575 v _404_/Y (sky130_fd_sc_hd__nor2_1)
                                                         full_next (net)
                      0.022225    0.000424    0.741999 v _755_/D (sky130_fd_sc_hd__dfrtp_1)
                                              0.741999   data arrival time

                                  0.000000    0.000000   clock wr_clk (rise edge)
                                  0.000000    0.000000   clock source latency
     1    0.026396    0.093078    0.065140    0.065140 ^ wr_clk (in)
                                                         wr_clk (net)
                      0.093240    0.000000    0.065140 ^ clkbuf_0_wr_clk/A (sky130_fd_sc_hd__clkbuf_16)
    16    0.111341    0.097775    0.149638    0.214779 ^ clkbuf_0_wr_clk/X (sky130_fd_sc_hd__clkbuf_16)
                                                         clknet_0_wr_clk (net)
                      0.098179    0.005117    0.219896 ^ clkbuf_4_13_0_wr_clk/A (sky130_fd_sc_hd__clkbuf_8)
     8    0.044729    0.067598    0.128023    0.347919 ^ clkbuf_4_13_0_wr_clk/X (sky130_fd_sc_hd__clkbuf_8)
                                                         clknet_4_13_0_wr_clk (net)
                      0.067846    0.003251    0.351170 ^ _755_/CLK (sky130_fd_sc_hd__dfrtp_1)
                                  0.250000    0.601170   clock uncertainty
                                  0.000000    0.601170   clock reconvergence pessimism
                                 -0.025580    0.575590   library hold time
                                              0.575590   data required time
---------------------------------------------------------------------------------------------
                                              0.575590   data required time
                                             -0.741999   data arrival time
---------------------------------------------------------------------------------------------
                                              0.166408   slack (MET)


Startpoint: _758_ (rising edge-triggered flip-flop clocked by wr_clk)
Endpoint: _770_ (rising edge-triggered flip-flop clocked by wr_clk)
Path Group: wr_clk
Path Type: min

Fanout         Cap        Slew       Delay        Time   Description
---------------------------------------------------------------------------------------------
                                  0.000000    0.000000   clock wr_clk (rise edge)
                                  0.000000    0.000000   clock source latency
     1    0.026396    0.093078    0.065140    0.065140 ^ wr_clk (in)
                                                         wr_clk (net)
                      0.093240    0.000000    0.065140 ^ clkbuf_0_wr_clk/A (sky130_fd_sc_hd__clkbuf_16)
    16    0.111341    0.097775    0.149638    0.214779 ^ clkbuf_0_wr_clk/X (sky130_fd_sc_hd__clkbuf_16)
                                                         clknet_0_wr_clk (net)
                      0.098179    0.005117    0.219896 ^ clkbuf_4_13_0_wr_clk/A (sky130_fd_sc_hd__clkbuf_8)
     8    0.044729    0.067598    0.128023    0.347919 ^ clkbuf_4_13_0_wr_clk/X (sky130_fd_sc_hd__clkbuf_8)
                                                         clknet_4_13_0_wr_clk (net)
                      0.067872    0.003418    0.351336 ^ _758_/CLK (sky130_fd_sc_hd__dfrtp_1)
     5    0.018525    0.127905    0.280763    0.632100 ^ _758_/Q (sky130_fd_sc_hd__dfrtp_1)
                                                         wr_bin[1] (net)
                      0.127914    0.001178    0.633278 ^ _397_/A (sky130_fd_sc_hd__xnor2_1)
     2    0.013196    0.065644    0.093416    0.726694 v _397_/Y (sky130_fd_sc_hd__xnor2_1)
                                                         wr_gray_next[0] (net)
                      0.065668    0.001183    0.727877 v _770_/D (sky130_fd_sc_hd__dfrtp_1)
                                              0.727877   data arrival time

                                  0.000000    0.000000   clock wr_clk (rise edge)
                                  0.000000    0.000000   clock source latency
     1    0.026396    0.093078    0.065140    0.065140 ^ wr_clk (in)
                                                         wr_clk (net)
                      0.093240    0.000000    0.065140 ^ clkbuf_0_wr_clk/A (sky130_fd_sc_hd__clkbuf_16)
    16    0.111341    0.097775    0.149638    0.214779 ^ clkbuf_0_wr_clk/X (sky130_fd_sc_hd__clkbuf_16)
                                                         clknet_0_wr_clk (net)
                      0.098142    0.004888    0.219666 ^ clkbuf_4_12_0_wr_clk/A (sky130_fd_sc_hd__clkbuf_8)
     8    0.038111    0.059332    0.122910    0.342576 ^ clkbuf_4_12_0_wr_clk/X (sky130_fd_sc_hd__clkbuf_8)
                                                         clknet_4_12_0_wr_clk (net)
                      0.059363    0.001237    0.343813 ^ _770_/CLK (sky130_fd_sc_hd__dfrtp_1)
                                  0.250000    0.593813   clock uncertainty
                                  0.000000    0.593813   clock reconvergence pessimism
                                 -0.040537    0.553276   library hold time
                                              0.553276   data required time
---------------------------------------------------------------------------------------------
                                              0.553276   data required time
                                             -0.727877   data arrival time
---------------------------------------------------------------------------------------------
                                              0.174601   slack (MET)


Startpoint: _758_ (rising edge-triggered flip-flop clocked by wr_clk)
Endpoint: _758_ (rising edge-triggered flip-flop clocked by wr_clk)
Path Group: wr_clk
Path Type: min

Fanout         Cap        Slew       Delay        Time   Description
---------------------------------------------------------------------------------------------
                                  0.000000    0.000000   clock wr_clk (rise edge)
                                  0.000000    0.000000   clock source latency
     1    0.026396    0.093078    0.065140    0.065140 ^ wr_clk (in)
                                                         wr_clk (net)
                      0.093240    0.000000    0.065140 ^ clkbuf_0_wr_clk/A (sky130_fd_sc_hd__clkbuf_16)
    16    0.111341    0.097775    0.149638    0.214779 ^ clkbuf_0_wr_clk/X (sky130_fd_sc_hd__clkbuf_16)
                                                         clknet_0_wr_clk (net)
                      0.098179    0.005117    0.219896 ^ clkbuf_4_13_0_wr_clk/A (sky130_fd_sc_hd__clkbuf_8)
     8    0.044729    0.067598    0.128023    0.347919 ^ clkbuf_4_13_0_wr_clk/X (sky130_fd_sc_hd__clkbuf_8)
                                                         clknet_4_13_0_wr_clk (net)
                      0.067872    0.003418    0.351336 ^ _758_/CLK (sky130_fd_sc_hd__dfrtp_1)
     5    0.018525    0.127905    0.280763    0.632100 ^ _758_/Q (sky130_fd_sc_hd__dfrtp_1)
                                                         wr_bin[1] (net)
                      0.127913    0.001152    0.633252 ^ _384_/A (sky130_fd_sc_hd__nor2_1)
     2    0.010403    0.055565    0.062142    0.695394 v _384_/Y (sky130_fd_sc_hd__nor2_1)
                                                         _212_ (net)
                      0.055575    0.000597    0.695991 v _385_/B (sky130_fd_sc_hd__nor2_1)
     1    0.003209    0.057685    0.067356    0.763347 ^ _385_/Y (sky130_fd_sc_hd__nor2_1)
                                                         wr_bin_next[1] (net)
                      0.057685    0.000204    0.763550 ^ _758_/D (sky130_fd_sc_hd__dfrtp_1)
                                              0.763550   data arrival time

                                  0.000000    0.000000   clock wr_clk (rise edge)
                                  0.000000    0.000000   clock source latency
     1    0.026396    0.093078    0.065140    0.065140 ^ wr_clk (in)
                                                         wr_clk (net)
                      0.093240    0.000000    0.065140 ^ clkbuf_0_wr_clk/A (sky130_fd_sc_hd__clkbuf_16)
    16    0.111341    0.097775    0.149638    0.214779 ^ clkbuf_0_wr_clk/X (sky130_fd_sc_hd__clkbuf_16)
                                                         clknet_0_wr_clk (net)
                      0.098179    0.005117    0.219896 ^ clkbuf_4_13_0_wr_clk/A (sky130_fd_sc_hd__clkbuf_8)
     8    0.044729    0.067598    0.128023    0.347919 ^ clkbuf_4_13_0_wr_clk/X (sky130_fd_sc_hd__clkbuf_8)
                                                         clknet_4_13_0_wr_clk (net)
                      0.067872    0.003418    0.351336 ^ _758_/CLK (sky130_fd_sc_hd__dfrtp_1)
                                  0.250000    0.601336   clock uncertainty
                                  0.000000    0.601336   clock reconvergence pessimism
                                 -0.020819    0.580517   library hold time
                                              0.580517   data required time
---------------------------------------------------------------------------------------------
                                              0.580517   data required time
                                             -0.763550   data arrival time
---------------------------------------------------------------------------------------------
                                              0.183034   slack (MET)


Startpoint: _757_ (rising edge-triggered flip-flop clocked by wr_clk)
Endpoint: _757_ (rising edge-triggered flip-flop clocked by wr_clk)
Path Group: wr_clk
Path Type: min

Fanout         Cap        Slew       Delay        Time   Description
---------------------------------------------------------------------------------------------
                                  0.000000    0.000000   clock wr_clk (rise edge)
                                  0.000000    0.000000   clock source latency
     1    0.026396    0.093078    0.065140    0.065140 ^ wr_clk (in)
                                                         wr_clk (net)
                      0.093240    0.000000    0.065140 ^ clkbuf_0_wr_clk/A (sky130_fd_sc_hd__clkbuf_16)
    16    0.111341    0.097775    0.149638    0.214779 ^ clkbuf_0_wr_clk/X (sky130_fd_sc_hd__clkbuf_16)
                                                         clknet_0_wr_clk (net)
                      0.098179    0.005117    0.219896 ^ clkbuf_4_13_0_wr_clk/A (sky130_fd_sc_hd__clkbuf_8)
     8    0.044729    0.067598    0.128023    0.347919 ^ clkbuf_4_13_0_wr_clk/X (sky130_fd_sc_hd__clkbuf_8)
                                                         clknet_4_13_0_wr_clk (net)
                      0.067852    0.003291    0.351209 ^ _757_/CLK (sky130_fd_sc_hd__dfrtp_1)
     6    0.020798    0.142273    0.291333    0.642542 ^ _757_/Q (sky130_fd_sc_hd__dfrtp_1)
                                                         wr_bin[0] (net)
                      0.142273    0.000552    0.643094 ^ _380_/A (sky130_fd_sc_hd__nor2_1)
     2    0.009434    0.046752    0.060122    0.703216 v _380_/Y (sky130_fd_sc_hd__nor2_1)
                                                         _209_ (net)
                      0.046763    0.000569    0.703784 v _382_/A (sky130_fd_sc_hd__nor2_1)
     1    0.003017    0.055600    0.072138    0.775922 ^ _382_/Y (sky130_fd_sc_hd__nor2_1)
                                                         wr_bin_next[0] (net)
                      0.055601    0.000219    0.776142 ^ _757_/D (sky130_fd_sc_hd__dfrtp_1)
                                              0.776142   data arrival time

                                  0.000000    0.000000   clock wr_clk (rise edge)
                                  0.000000    0.000000   clock source latency
     1    0.026396    0.093078    0.065140    0.065140 ^ wr_clk (in)
                                                         wr_clk (net)
                      0.093240    0.000000    0.065140 ^ clkbuf_0_wr_clk/A (sky130_fd_sc_hd__clkbuf_16)
    16    0.111341    0.097775    0.149638    0.214779 ^ clkbuf_0_wr_clk/X (sky130_fd_sc_hd__clkbuf_16)
                                                         clknet_0_wr_clk (net)
                      0.098179    0.005117    0.219896 ^ clkbuf_4_13_0_wr_clk/A (sky130_fd_sc_hd__clkbuf_8)
     8    0.044729    0.067598    0.128023    0.347919 ^ clkbuf_4_13_0_wr_clk/X (sky130_fd_sc_hd__clkbuf_8)
                                                         clknet_4_13_0_wr_clk (net)
                      0.067852    0.003291    0.351209 ^ _757_/CLK (sky130_fd_sc_hd__dfrtp_1)
                                  0.250000    0.601209   clock uncertainty
                                  0.000000    0.601209   clock reconvergence pessimism
                                 -0.020664    0.580546   library hold time
                                              0.580546   data required time
---------------------------------------------------------------------------------------------
                                              0.580546   data required time
                                             -0.776142   data arrival time
---------------------------------------------------------------------------------------------
                                              0.195596   slack (MET)


Startpoint: _758_ (rising edge-triggered flip-flop clocked by wr_clk)
Endpoint: _771_ (rising edge-triggered flip-flop clocked by wr_clk)
Path Group: wr_clk
Path Type: min

Fanout         Cap        Slew       Delay        Time   Description
---------------------------------------------------------------------------------------------
                                  0.000000    0.000000   clock wr_clk (rise edge)
                                  0.000000    0.000000   clock source latency
     1    0.026396    0.093078    0.065140    0.065140 ^ wr_clk (in)
                                                         wr_clk (net)
                      0.093240    0.000000    0.065140 ^ clkbuf_0_wr_clk/A (sky130_fd_sc_hd__clkbuf_16)
    16    0.111341    0.097775    0.149638    0.214779 ^ clkbuf_0_wr_clk/X (sky130_fd_sc_hd__clkbuf_16)
                                                         clknet_0_wr_clk (net)
                      0.098179    0.005117    0.219896 ^ clkbuf_4_13_0_wr_clk/A (sky130_fd_sc_hd__clkbuf_8)
     8    0.044729    0.067598    0.128023    0.347919 ^ clkbuf_4_13_0_wr_clk/X (sky130_fd_sc_hd__clkbuf_8)
                                                         clknet_4_13_0_wr_clk (net)
                      0.067872    0.003418    0.351336 ^ _758_/CLK (sky130_fd_sc_hd__dfrtp_1)
     5    0.018525    0.127905    0.280763    0.632100 ^ _758_/Q (sky130_fd_sc_hd__dfrtp_1)
                                                         wr_bin[1] (net)
                      0.127913    0.001152    0.633252 ^ _384_/A (sky130_fd_sc_hd__nor2_1)
     2    0.010403    0.055565    0.062142    0.695394 v _384_/Y (sky130_fd_sc_hd__nor2_1)
                                                         _212_ (net)
                      0.055578    0.000694    0.696088 v _394_/B (sky130_fd_sc_hd__xnor2_1)
     3    0.011487    0.058450    0.115214    0.811302 v _394_/Y (sky130_fd_sc_hd__xnor2_1)
                                                         wr_gray_next[1] (net)
                      0.058458    0.000708    0.812010 v _771_/D (sky130_fd_sc_hd__dfrtp_1)
                                              0.812010   data arrival time

                                  0.000000    0.000000   clock wr_clk (rise edge)
                                  0.000000    0.000000   clock source latency
     1    0.026396    0.093078    0.065140    0.065140 ^ wr_clk (in)
                                                         wr_clk (net)
                      0.093240    0.000000    0.065140 ^ clkbuf_0_wr_clk/A (sky130_fd_sc_hd__clkbuf_16)
    16    0.111341    0.097775    0.149638    0.214779 ^ clkbuf_0_wr_clk/X (sky130_fd_sc_hd__clkbuf_16)
                                                         clknet_0_wr_clk (net)
                      0.098142    0.004888    0.219666 ^ clkbuf_4_12_0_wr_clk/A (sky130_fd_sc_hd__clkbuf_8)
     8    0.038111    0.059332    0.122910    0.342576 ^ clkbuf_4_12_0_wr_clk/X (sky130_fd_sc_hd__clkbuf_8)
                                                         clknet_4_12_0_wr_clk (net)
                      0.059359    0.001181    0.343757 ^ _771_/CLK (sky130_fd_sc_hd__dfrtp_1)
                                  0.250000    0.593757   clock uncertainty
                                  0.000000    0.593757   clock reconvergence pessimism
                                 -0.038194    0.555564   library hold time
                                              0.555564   data required time
---------------------------------------------------------------------------------------------
                                              0.555564   data required time
                                             -0.812010   data arrival time
---------------------------------------------------------------------------------------------
                                              0.256447   slack (MET)


Startpoint: _760_ (rising edge-triggered flip-flop clocked by wr_clk)
Endpoint: _756_ (rising edge-triggered flip-flop clocked by wr_clk)
Path Group: wr_clk
Path Type: min

Fanout         Cap        Slew       Delay        Time   Description
---------------------------------------------------------------------------------------------
                                  0.000000    0.000000   clock wr_clk (rise edge)
                                  0.000000    0.000000   clock source latency
     1    0.026396    0.093078    0.065140    0.065140 ^ wr_clk (in)
                                                         wr_clk (net)
                      0.093240    0.000000    0.065140 ^ clkbuf_0_wr_clk/A (sky130_fd_sc_hd__clkbuf_16)
    16    0.111341    0.097775    0.149638    0.214779 ^ clkbuf_0_wr_clk/X (sky130_fd_sc_hd__clkbuf_16)
                                                         clknet_0_wr_clk (net)
                      0.098241    0.005475    0.220254 ^ clkbuf_4_15_0_wr_clk/A (sky130_fd_sc_hd__clkbuf_8)
     7    0.035619    0.056498    0.120546    0.340800 ^ clkbuf_4_15_0_wr_clk/X (sky130_fd_sc_hd__clkbuf_8)
                                                         clknet_4_15_0_wr_clk (net)
                      0.056549    0.001512    0.342312 ^ _760_/CLK (sky130_fd_sc_hd__dfrtp_1)
     4    0.015563    0.109078    0.264735    0.607047 ^ _760_/Q (sky130_fd_sc_hd__dfrtp_1)
                                                         wr_bin[3] (net)
                      0.109085    0.000946    0.607992 ^ _316_/A (sky130_fd_sc_hd__nand2_1)
     2    0.005275    0.034383    0.044126    0.652119 v _316_/Y (sky130_fd_sc_hd__nand2_1)
                                                         _147_ (net)
                      0.034401    0.000347    0.652466 v _330_/A (sky130_fd_sc_hd__nand3_1)
     2    0.005864    0.055738    0.059890    0.712356 ^ _330_/Y (sky130_fd_sc_hd__nand3_1)
                                                         _161_ (net)
                      0.055761    0.000380    0.712736 ^ _332_/A1 (sky130_fd_sc_hd__a21o_1)
     1    0.001686    0.018680    0.061072    0.773808 ^ _332_/X (sky130_fd_sc_hd__a21o_1)
                                                         _163_ (net)
                      0.018681    0.000078    0.773886 ^ _344_/A (sky130_fd_sc_hd__and2_1)
     1    0.002834    0.032647    0.064862    0.838747 ^ _344_/X (sky130_fd_sc_hd__and2_1)
                                                         afull_next (net)
                      0.032647    0.000188    0.838935 ^ _756_/D (sky130_fd_sc_hd__dfrtp_1)
                                              0.838935   data arrival time

                                  0.000000    0.000000   clock wr_clk (rise edge)
                                  0.000000    0.000000   clock source latency
     1    0.026396    0.093078    0.065140    0.065140 ^ wr_clk (in)
                                                         wr_clk (net)
                      0.093240    0.000000    0.065140 ^ clkbuf_0_wr_clk/A (sky130_fd_sc_hd__clkbuf_16)
    16    0.111341    0.097775    0.149638    0.214779 ^ clkbuf_0_wr_clk/X (sky130_fd_sc_hd__clkbuf_16)
                                                         clknet_0_wr_clk (net)
                      0.098241    0.005475    0.220254 ^ clkbuf_4_15_0_wr_clk/A (sky130_fd_sc_hd__clkbuf_8)
     7    0.035619    0.056498    0.120546    0.340800 ^ clkbuf_4_15_0_wr_clk/X (sky130_fd_sc_hd__clkbuf_8)
                                                         clknet_4_15_0_wr_clk (net)
                      0.056545    0.001456    0.342256 ^ _756_/CLK (sky130_fd_sc_hd__dfrtp_1)
                                  0.250000    0.592256   clock uncertainty
                                  0.000000    0.592256   clock reconvergence pessimism
                                 -0.019240    0.573016   library hold time
                                              0.573016   data required time
---------------------------------------------------------------------------------------------
                                              0.573016   data required time
                                             -0.838935   data arrival time
---------------------------------------------------------------------------------------------
                                              0.265919   slack (MET)


Startpoint: _760_ (rising edge-triggered flip-flop clocked by wr_clk)
Endpoint: _772_ (rising edge-triggered flip-flop clocked by wr_clk)
Path Group: wr_clk
Path Type: min

Fanout         Cap        Slew       Delay        Time   Description
---------------------------------------------------------------------------------------------
                                  0.000000    0.000000   clock wr_clk (rise edge)
                                  0.000000    0.000000   clock source latency
     1    0.026396    0.093078    0.065140    0.065140 ^ wr_clk (in)
                                                         wr_clk (net)
                      0.093240    0.000000    0.065140 ^ clkbuf_0_wr_clk/A (sky130_fd_sc_hd__clkbuf_16)
    16    0.111341    0.097775    0.149638    0.214779 ^ clkbuf_0_wr_clk/X (sky130_fd_sc_hd__clkbuf_16)
                                                         clknet_0_wr_clk (net)
                      0.098241    0.005475    0.220254 ^ clkbuf_4_15_0_wr_clk/A (sky130_fd_sc_hd__clkbuf_8)
     7    0.035619    0.056498    0.120546    0.340800 ^ clkbuf_4_15_0_wr_clk/X (sky130_fd_sc_hd__clkbuf_8)
                                                         clknet_4_15_0_wr_clk (net)
                      0.056549    0.001512    0.342312 ^ _760_/CLK (sky130_fd_sc_hd__dfrtp_1)
     4    0.015563    0.109078    0.264735    0.607047 ^ _760_/Q (sky130_fd_sc_hd__dfrtp_1)
                                                         wr_bin[3] (net)
                      0.109079    0.000496    0.607542 ^ fanout37/A (sky130_fd_sc_hd__clkbuf_4)
    10    0.045292    0.107824    0.163953    0.771495 ^ fanout37/X (sky130_fd_sc_hd__clkbuf_4)
                                                         net37 (net)
                      0.107895    0.001454    0.772949 ^ _392_/A (sky130_fd_sc_hd__xnor2_1)
     2    0.010031    0.052354    0.078353    0.851302 v _392_/Y (sky130_fd_sc_hd__xnor2_1)
                                                         wr_gray_next[2] (net)
                      0.052357    0.000461    0.851762 v _772_/D (sky130_fd_sc_hd__dfrtp_1)
                                              0.851762   data arrival time

                                  0.000000    0.000000   clock wr_clk (rise edge)
                                  0.000000    0.000000   clock source latency
     1    0.026396    0.093078    0.065140    0.065140 ^ wr_clk (in)
                                                         wr_clk (net)
                      0.093240    0.000000    0.065140 ^ clkbuf_0_wr_clk/A (sky130_fd_sc_hd__clkbuf_16)
    16    0.111341    0.097775    0.149638    0.214779 ^ clkbuf_0_wr_clk/X (sky130_fd_sc_hd__clkbuf_16)
                                                         clknet_0_wr_clk (net)
                      0.098142    0.004888    0.219666 ^ clkbuf_4_12_0_wr_clk/A (sky130_fd_sc_hd__clkbuf_8)
     8    0.038111    0.059332    0.122910    0.342576 ^ clkbuf_4_12_0_wr_clk/X (sky130_fd_sc_hd__clkbuf_8)
                                                         clknet_4_12_0_wr_clk (net)
                      0.059348    0.000956    0.343532 ^ _772_/CLK (sky130_fd_sc_hd__dfrtp_1)
                                  0.250000    0.593532   clock uncertainty
                                  0.000000    0.593532   clock reconvergence pessimism
                                 -0.036211    0.557321   library hold time
                                              0.557321   data required time
---------------------------------------------------------------------------------------------
                                              0.557321   data required time
                                             -0.851762   data arrival time
---------------------------------------------------------------------------------------------
                                              0.294442   slack (MET)


Startpoint: _759_ (rising edge-triggered flip-flop clocked by wr_clk)
Endpoint: _759_ (rising edge-triggered flip-flop clocked by wr_clk)
Path Group: wr_clk
Path Type: min

Fanout         Cap        Slew       Delay        Time   Description
---------------------------------------------------------------------------------------------
                                  0.000000    0.000000   clock wr_clk (rise edge)
                                  0.000000    0.000000   clock source latency
     1    0.026396    0.093078    0.065140    0.065140 ^ wr_clk (in)
                                                         wr_clk (net)
                      0.093240    0.000000    0.065140 ^ clkbuf_0_wr_clk/A (sky130_fd_sc_hd__clkbuf_16)
    16    0.111341    0.097775    0.149638    0.214779 ^ clkbuf_0_wr_clk/X (sky130_fd_sc_hd__clkbuf_16)
                                                         clknet_0_wr_clk (net)
                      0.098179    0.005117    0.219896 ^ clkbuf_4_13_0_wr_clk/A (sky130_fd_sc_hd__clkbuf_8)
     8    0.044729    0.067598    0.128023    0.347919 ^ clkbuf_4_13_0_wr_clk/X (sky130_fd_sc_hd__clkbuf_8)
                                                         clknet_4_13_0_wr_clk (net)
                      0.067679    0.001890    0.349809 ^ _759_/CLK (sky130_fd_sc_hd__dfrtp_1)
     2    0.008618    0.066143    0.235862    0.585670 ^ _759_/Q (sky130_fd_sc_hd__dfrtp_1)
                                                         wr_bin[2] (net)
                      0.066143    0.000307    0.585978 ^ fanout38/A (sky130_fd_sc_hd__buf_2)
    10    0.042304    0.156302    0.165646    0.751623 ^ fanout38/X (sky130_fd_sc_hd__buf_2)
                                                         net38 (net)
                      0.156355    0.002372    0.753995 ^ _386_/A (sky130_fd_sc_hd__nor2_1)
     2    0.008316    0.041750    0.057355    0.811351 v _386_/Y (sky130_fd_sc_hd__nor2_1)
                                                         _213_ (net)
                      0.041758    0.000443    0.811794 v _388_/A (sky130_fd_sc_hd__nor2_1)
     1    0.003201    0.057665    0.072026    0.883820 ^ _388_/Y (sky130_fd_sc_hd__nor2_1)
                                                         wr_bin_next[2] (net)
                      0.057665    0.000223    0.884044 ^ _759_/D (sky130_fd_sc_hd__dfrtp_1)
                                              0.884044   data arrival time

                                  0.000000    0.000000   clock wr_clk (rise edge)
                                  0.000000    0.000000   clock source latency
     1    0.026396    0.093078    0.065140    0.065140 ^ wr_clk (in)
                                                         wr_clk (net)
                      0.093240    0.000000    0.065140 ^ clkbuf_0_wr_clk/A (sky130_fd_sc_hd__clkbuf_16)
    16    0.111341    0.097775    0.149638    0.214779 ^ clkbuf_0_wr_clk/X (sky130_fd_sc_hd__clkbuf_16)
                                                         clknet_0_wr_clk (net)
                      0.098179    0.005117    0.219896 ^ clkbuf_4_13_0_wr_clk/A (sky130_fd_sc_hd__clkbuf_8)
     8    0.044729    0.067598    0.128023    0.347919 ^ clkbuf_4_13_0_wr_clk/X (sky130_fd_sc_hd__clkbuf_8)
                                                         clknet_4_13_0_wr_clk (net)
                      0.067679    0.001890    0.349809 ^ _759_/CLK (sky130_fd_sc_hd__dfrtp_1)
                                  0.250000    0.599809   clock uncertainty
                                  0.000000    0.599809   clock reconvergence pessimism
                                 -0.020823    0.578986   library hold time
                                              0.578986   data required time
---------------------------------------------------------------------------------------------
                                              0.578986   data required time
                                             -0.884044   data arrival time
---------------------------------------------------------------------------------------------
                                              0.305058   slack (MET)


Startpoint: _784_ (rising edge-triggered flip-flop clocked by wr_clk)
Endpoint: _789_ (rising edge-triggered flip-flop clocked by wr_clk)
Path Group: wr_clk
Path Type: min

Fanout         Cap        Slew       Delay        Time   Description
---------------------------------------------------------------------------------------------
                                  0.000000    0.000000   clock wr_clk (rise edge)
                                  0.000000    0.000000   clock source latency
     1    0.026396    0.093078    0.065140    0.065140 ^ wr_clk (in)
                                                         wr_clk (net)
                      0.093240    0.000000    0.065140 ^ clkbuf_0_wr_clk/A (sky130_fd_sc_hd__clkbuf_16)
    16    0.111341    0.097775    0.149638    0.214779 ^ clkbuf_0_wr_clk/X (sky130_fd_sc_hd__clkbuf_16)
                                                         clknet_0_wr_clk (net)
                      0.098050    0.004262    0.219040 ^ clkbuf_4_11_0_wr_clk/A (sky130_fd_sc_hd__clkbuf_8)
     8    0.040281    0.062147    0.124403    0.343443 ^ clkbuf_4_11_0_wr_clk/X (sky130_fd_sc_hd__clkbuf_8)
                                                         clknet_4_11_0_wr_clk (net)
                      0.062260    0.001750    0.345193 ^ _784_/CLK (sky130_fd_sc_hd__dfrtp_1)
     1    0.002491    0.029959    0.203866    0.549058 ^ _784_/Q (sky130_fd_sc_hd__dfrtp_1)
                                                         rd_gray_sync1[0] (net)
                      0.029960    0.000169    0.549228 ^ hold1/A (sky130_fd_sc_hd__dlygate4sd3_1)
     1    0.002583    0.035959    0.369121    0.918348 ^ hold1/X (sky130_fd_sc_hd__dlygate4sd3_1)
                                                         net77 (net)
                      0.035959    0.000178    0.918526 ^ _789_/D (sky130_fd_sc_hd__dfrtp_1)
                                              0.918526   data arrival time

                                  0.000000    0.000000   clock wr_clk (rise edge)
                                  0.000000    0.000000   clock source latency
     1    0.026396    0.093078    0.065140    0.065140 ^ wr_clk (in)
                                                         wr_clk (net)
                      0.093240    0.000000    0.065140 ^ clkbuf_0_wr_clk/A (sky130_fd_sc_hd__clkbuf_16)
    16    0.111341    0.097775    0.149638    0.214779 ^ clkbuf_0_wr_clk/X (sky130_fd_sc_hd__clkbuf_16)
                                                         clknet_0_wr_clk (net)
                      0.098050    0.004262    0.219040 ^ clkbuf_4_11_0_wr_clk/A (sky130_fd_sc_hd__clkbuf_8)
     8    0.040281    0.062147    0.124403    0.343443 ^ clkbuf_4_11_0_wr_clk/X (sky130_fd_sc_hd__clkbuf_8)
                                                         clknet_4_11_0_wr_clk (net)
                      0.062267    0.001834    0.345277 ^ _789_/CLK (sky130_fd_sc_hd__dfrtp_1)
                                  0.250000    0.595277   clock uncertainty
                                  0.000000    0.595277   clock reconvergence pessimism
                                 -0.019337    0.575940   library hold time
                                              0.575940   data required time
---------------------------------------------------------------------------------------------
                                              0.575940   data required time
                                             -0.918526   data arrival time
---------------------------------------------------------------------------------------------
                                              0.342586   slack (MET)


Startpoint: _787_ (rising edge-triggered flip-flop clocked by wr_clk)
Endpoint: _792_ (rising edge-triggered flip-flop clocked by wr_clk)
Path Group: wr_clk
Path Type: min

Fanout         Cap        Slew       Delay        Time   Description
---------------------------------------------------------------------------------------------
                                  0.000000    0.000000   clock wr_clk (rise edge)
                                  0.000000    0.000000   clock source latency
     1    0.026396    0.093078    0.065140    0.065140 ^ wr_clk (in)
                                                         wr_clk (net)
                      0.093240    0.000000    0.065140 ^ clkbuf_0_wr_clk/A (sky130_fd_sc_hd__clkbuf_16)
    16    0.111341    0.097775    0.149638    0.214779 ^ clkbuf_0_wr_clk/X (sky130_fd_sc_hd__clkbuf_16)
                                                         clknet_0_wr_clk (net)
                      0.098241    0.005475    0.220254 ^ clkbuf_4_15_0_wr_clk/A (sky130_fd_sc_hd__clkbuf_8)
     7    0.035619    0.056498    0.120546    0.340800 ^ clkbuf_4_15_0_wr_clk/X (sky130_fd_sc_hd__clkbuf_8)
                                                         clknet_4_15_0_wr_clk (net)
                      0.056551    0.001544    0.342344 ^ _787_/CLK (sky130_fd_sc_hd__dfrtp_1)
     1    0.003224    0.034054    0.206530    0.548874 ^ _787_/Q (sky130_fd_sc_hd__dfrtp_1)
                                                         rd_gray_sync1[3] (net)
                      0.034054    0.000215    0.549089 ^ hold2/A (sky130_fd_sc_hd__dlygate4sd3_1)
     1    0.002410    0.034968    0.368894    0.917983 ^ hold2/X (sky130_fd_sc_hd__dlygate4sd3_1)
                                                         net78 (net)
                      0.034968    0.000170    0.918153 ^ _792_/D (sky130_fd_sc_hd__dfrtp_1)
                                              0.918153   data arrival time

                                  0.000000    0.000000   clock wr_clk (rise edge)
                                  0.000000    0.000000   clock source latency
     1    0.026396    0.093078    0.065140    0.065140 ^ wr_clk (in)
                                                         wr_clk (net)
                      0.093240    0.000000    0.065140 ^ clkbuf_0_wr_clk/A (sky130_fd_sc_hd__clkbuf_16)
    16    0.111341    0.097775    0.149638    0.214779 ^ clkbuf_0_wr_clk/X (sky130_fd_sc_hd__clkbuf_16)
                                                         clknet_0_wr_clk (net)
                      0.098241    0.005475    0.220254 ^ clkbuf_4_15_0_wr_clk/A (sky130_fd_sc_hd__clkbuf_8)
     7    0.035619    0.056498    0.120546    0.340800 ^ clkbuf_4_15_0_wr_clk/X (sky130_fd_sc_hd__clkbuf_8)
                                                         clknet_4_15_0_wr_clk (net)
                      0.056563    0.001683    0.342483 ^ _792_/CLK (sky130_fd_sc_hd__dfrtp_1)
                                  0.250000    0.592483   clock uncertainty
                                  0.000000    0.592483   clock reconvergence pessimism
                                 -0.019414    0.573069   library hold time
                                              0.573069   data required time
---------------------------------------------------------------------------------------------
                                              0.573069   data required time
                                             -0.918153   data arrival time
---------------------------------------------------------------------------------------------
                                              0.345084   slack (MET)


Startpoint: _786_ (rising edge-triggered flip-flop clocked by wr_clk)
Endpoint: _791_ (rising edge-triggered flip-flop clocked by wr_clk)
Path Group: wr_clk
Path Type: min

Fanout         Cap        Slew       Delay        Time   Description
---------------------------------------------------------------------------------------------
                                  0.000000    0.000000   clock wr_clk (rise edge)
                                  0.000000    0.000000   clock source latency
     1    0.026396    0.093078    0.065140    0.065140 ^ wr_clk (in)
                                                         wr_clk (net)
                      0.093240    0.000000    0.065140 ^ clkbuf_0_wr_clk/A (sky130_fd_sc_hd__clkbuf_16)
    16    0.111341    0.097775    0.149638    0.214779 ^ clkbuf_0_wr_clk/X (sky130_fd_sc_hd__clkbuf_16)
                                                         clknet_0_wr_clk (net)
                      0.098216    0.005336    0.220114 ^ clkbuf_4_14_0_wr_clk/A (sky130_fd_sc_hd__clkbuf_8)
     6    0.037064    0.058222    0.120737    0.340851 ^ clkbuf_4_14_0_wr_clk/X (sky130_fd_sc_hd__clkbuf_8)
                                                         clknet_4_14_0_wr_clk (net)
                      0.058518    0.003262    0.344113 ^ _786_/CLK (sky130_fd_sc_hd__dfrtp_1)
     1    0.003882    0.037781    0.210771    0.554884 ^ _786_/Q (sky130_fd_sc_hd__dfrtp_1)
                                                         rd_gray_sync1[2] (net)
                      0.037781    0.000272    0.555156 ^ hold3/A (sky130_fd_sc_hd__dlygate4sd3_1)
     1    0.002991    0.038508    0.373408    0.928565 ^ hold3/X (sky130_fd_sc_hd__dlygate4sd3_1)
                                                         net79 (net)
                      0.038979    0.000202    0.928766 ^ _791_/D (sky130_fd_sc_hd__dfrtp_1)
                                              0.928766   data arrival time

                                  0.000000    0.000000   clock wr_clk (rise edge)
                                  0.000000    0.000000   clock source latency
     1    0.026396    0.093078    0.065140    0.065140 ^ wr_clk (in)
                                                         wr_clk (net)
                      0.093240    0.000000    0.065140 ^ clkbuf_0_wr_clk/A (sky130_fd_sc_hd__clkbuf_16)
    16    0.111341    0.097775    0.149638    0.214779 ^ clkbuf_0_wr_clk/X (sky130_fd_sc_hd__clkbuf_16)
                                                         clknet_0_wr_clk (net)
                      0.098241    0.005475    0.220254 ^ clkbuf_4_15_0_wr_clk/A (sky130_fd_sc_hd__clkbuf_8)
     7    0.035619    0.056498    0.120546    0.340800 ^ clkbuf_4_15_0_wr_clk/X (sky130_fd_sc_hd__clkbuf_8)
                                                         clknet_4_15_0_wr_clk (net)
                      0.056545    0.001462    0.342262 ^ _791_/CLK (sky130_fd_sc_hd__dfrtp_1)
                                  0.250000    0.592262   clock uncertainty
                                  0.000000    0.592262   clock reconvergence pessimism
                                 -0.019716    0.572546   library hold time
                                              0.572546   data required time
---------------------------------------------------------------------------------------------
                                              0.572546   data required time
                                             -0.928766   data arrival time
---------------------------------------------------------------------------------------------
                                              0.356221   slack (MET)


Startpoint: _788_ (rising edge-triggered flip-flop clocked by wr_clk)
Endpoint: _793_ (rising edge-triggered flip-flop clocked by wr_clk)
Path Group: wr_clk
Path Type: min

Fanout         Cap        Slew       Delay        Time   Description
---------------------------------------------------------------------------------------------
                                  0.000000    0.000000   clock wr_clk (rise edge)
                                  0.000000    0.000000   clock source latency
     1    0.026396    0.093078    0.065140    0.065140 ^ wr_clk (in)
                                                         wr_clk (net)
                      0.093240    0.000000    0.065140 ^ clkbuf_0_wr_clk/A (sky130_fd_sc_hd__clkbuf_16)
    16    0.111341    0.097775    0.149638    0.214779 ^ clkbuf_0_wr_clk/X (sky130_fd_sc_hd__clkbuf_16)
                                                         clknet_0_wr_clk (net)
                      0.098216    0.005336    0.220114 ^ clkbuf_4_14_0_wr_clk/A (sky130_fd_sc_hd__clkbuf_8)
     6    0.037064    0.058222    0.120737    0.340851 ^ clkbuf_4_14_0_wr_clk/X (sky130_fd_sc_hd__clkbuf_8)
                                                         clknet_4_14_0_wr_clk (net)
                      0.058543    0.003397    0.344247 ^ _788_/CLK (sky130_fd_sc_hd__dfrtp_1)
     1    0.003530    0.035782    0.208771    0.553019 ^ _788_/Q (sky130_fd_sc_hd__dfrtp_1)
                                                         rd_gray_sync1[4] (net)
                      0.035782    0.000255    0.553274 ^ hold5/A (sky130_fd_sc_hd__dlygate4sd3_1)
     1    0.004006    0.045609    0.379144    0.932418 ^ hold5/X (sky130_fd_sc_hd__dlygate4sd3_1)
                                                         net81 (net)
                      0.045609    0.000312    0.932730 ^ _793_/D (sky130_fd_sc_hd__dfrtp_2)
                                              0.932730   data arrival time

                                  0.000000    0.000000   clock wr_clk (rise edge)
                                  0.000000    0.000000   clock source latency
     1    0.026396    0.093078    0.065140    0.065140 ^ wr_clk (in)
                                                         wr_clk (net)
                      0.093240    0.000000    0.065140 ^ clkbuf_0_wr_clk/A (sky130_fd_sc_hd__clkbuf_16)
    16    0.111341    0.097775    0.149638    0.214779 ^ clkbuf_0_wr_clk/X (sky130_fd_sc_hd__clkbuf_16)
                                                         clknet_0_wr_clk (net)
                      0.098241    0.005475    0.220254 ^ clkbuf_4_15_0_wr_clk/A (sky130_fd_sc_hd__clkbuf_8)
     7    0.035619    0.056498    0.120546    0.340800 ^ clkbuf_4_15_0_wr_clk/X (sky130_fd_sc_hd__clkbuf_8)
                                                         clknet_4_15_0_wr_clk (net)
                      0.056561    0.001659    0.342459 ^ _793_/CLK (sky130_fd_sc_hd__dfrtp_2)
                                  0.250000    0.592459   clock uncertainty
                                  0.000000    0.592459   clock reconvergence pessimism
                                 -0.020134    0.572324   library hold time
                                              0.572324   data required time
---------------------------------------------------------------------------------------------
                                              0.572324   data required time
                                             -0.932730   data arrival time
---------------------------------------------------------------------------------------------
                                              0.360406   slack (MET)


Startpoint: _785_ (rising edge-triggered flip-flop clocked by wr_clk)
Endpoint: _790_ (rising edge-triggered flip-flop clocked by wr_clk)
Path Group: wr_clk
Path Type: min

Fanout         Cap        Slew       Delay        Time   Description
---------------------------------------------------------------------------------------------
                                  0.000000    0.000000   clock wr_clk (rise edge)
                                  0.000000    0.000000   clock source latency
     1    0.026396    0.093078    0.065140    0.065140 ^ wr_clk (in)
                                                         wr_clk (net)
                      0.093240    0.000000    0.065140 ^ clkbuf_0_wr_clk/A (sky130_fd_sc_hd__clkbuf_16)
    16    0.111341    0.097775    0.149638    0.214779 ^ clkbuf_0_wr_clk/X (sky130_fd_sc_hd__clkbuf_16)
                                                         clknet_0_wr_clk (net)
                      0.098142    0.004888    0.219666 ^ clkbuf_4_12_0_wr_clk/A (sky130_fd_sc_hd__clkbuf_8)
     8    0.038111    0.059332    0.122910    0.342576 ^ clkbuf_4_12_0_wr_clk/X (sky130_fd_sc_hd__clkbuf_8)
                                                         clknet_4_12_0_wr_clk (net)
                      0.059370    0.001352    0.343929 ^ _785_/CLK (sky130_fd_sc_hd__dfrtp_1)
     1    0.004964    0.044085    0.216135    0.560063 ^ _785_/Q (sky130_fd_sc_hd__dfrtp_1)
                                                         rd_gray_sync1[1] (net)
                      0.044088    0.000377    0.560441 ^ hold4/A (sky130_fd_sc_hd__dlygate4sd3_1)
     1    0.003886    0.044830    0.380273    0.940714 ^ hold4/X (sky130_fd_sc_hd__dlygate4sd3_1)
                                                         net80 (net)
                      0.044831    0.000298    0.941012 ^ _790_/D (sky130_fd_sc_hd__dfrtp_1)
                                              0.941012   data arrival time

                                  0.000000    0.000000   clock wr_clk (rise edge)
                                  0.000000    0.000000   clock source latency
     1    0.026396    0.093078    0.065140    0.065140 ^ wr_clk (in)
                                                         wr_clk (net)
                      0.093240    0.000000    0.065140 ^ clkbuf_0_wr_clk/A (sky130_fd_sc_hd__clkbuf_16)
    16    0.111341    0.097775    0.149638    0.214779 ^ clkbuf_0_wr_clk/X (sky130_fd_sc_hd__clkbuf_16)
                                                         clknet_0_wr_clk (net)
                      0.098179    0.005117    0.219896 ^ clkbuf_4_13_0_wr_clk/A (sky130_fd_sc_hd__clkbuf_8)
     8    0.044729    0.067598    0.128023    0.347919 ^ clkbuf_4_13_0_wr_clk/X (sky130_fd_sc_hd__clkbuf_8)
                                                         clknet_4_13_0_wr_clk (net)
                      0.067676    0.001854    0.349773 ^ _790_/CLK (sky130_fd_sc_hd__dfrtp_1)
                                  0.250000    0.599773   clock uncertainty
                                  0.000000    0.599773   clock reconvergence pessimism
                                 -0.019860    0.579913   library hold time
                                              0.579913   data required time
---------------------------------------------------------------------------------------------
                                              0.579913   data required time
                                             -0.941012   data arrival time
---------------------------------------------------------------------------------------------
                                              0.361099   slack (MET)


Startpoint: _760_ (rising edge-triggered flip-flop clocked by wr_clk)
Endpoint: _760_ (rising edge-triggered flip-flop clocked by wr_clk)
Path Group: wr_clk
Path Type: min

Fanout         Cap        Slew       Delay        Time   Description
---------------------------------------------------------------------------------------------
                                  0.000000    0.000000   clock wr_clk (rise edge)
                                  0.000000    0.000000   clock source latency
     1    0.026396    0.093078    0.065140    0.065140 ^ wr_clk (in)
                                                         wr_clk (net)
                      0.093240    0.000000    0.065140 ^ clkbuf_0_wr_clk/A (sky130_fd_sc_hd__clkbuf_16)
    16    0.111341    0.097775    0.149638    0.214779 ^ clkbuf_0_wr_clk/X (sky130_fd_sc_hd__clkbuf_16)
                                                         clknet_0_wr_clk (net)
                      0.098241    0.005475    0.220254 ^ clkbuf_4_15_0_wr_clk/A (sky130_fd_sc_hd__clkbuf_8)
     7    0.035619    0.056498    0.120546    0.340800 ^ clkbuf_4_15_0_wr_clk/X (sky130_fd_sc_hd__clkbuf_8)
                                                         clknet_4_15_0_wr_clk (net)
                      0.056549    0.001512    0.342312 ^ _760_/CLK (sky130_fd_sc_hd__dfrtp_1)
     4    0.015563    0.109078    0.264735    0.607047 ^ _760_/Q (sky130_fd_sc_hd__dfrtp_1)
                                                         wr_bin[3] (net)
                      0.109079    0.000496    0.607542 ^ fanout37/A (sky130_fd_sc_hd__clkbuf_4)
    10    0.045292    0.107824    0.163953    0.771495 ^ fanout37/X (sky130_fd_sc_hd__clkbuf_4)
                                                         net37 (net)
                      0.107895    0.001437    0.772932 ^ _389_/A (sky130_fd_sc_hd__nor2_1)
     2    0.008970    0.049196    0.055081    0.828014 v _389_/Y (sky130_fd_sc_hd__nor2_1)
                                                         _215_ (net)
                      0.049198    0.000329    0.828343 v _429_/A_N (sky130_fd_sc_hd__and2b_1)
     1    0.003334    0.032621    0.125305    0.953648 ^ _429_/X (sky130_fd_sc_hd__and2b_1)
                                                         wr_bin_next[3] (net)
                      0.032621    0.000146    0.953794 ^ _760_/D (sky130_fd_sc_hd__dfrtp_1)
                                              0.953794   data arrival time

                                  0.000000    0.000000   clock wr_clk (rise edge)
                                  0.000000    0.000000   clock source latency
     1    0.026396    0.093078    0.065140    0.065140 ^ wr_clk (in)
                                                         wr_clk (net)
                      0.093240    0.000000    0.065140 ^ clkbuf_0_wr_clk/A (sky130_fd_sc_hd__clkbuf_16)
    16    0.111341    0.097775    0.149638    0.214779 ^ clkbuf_0_wr_clk/X (sky130_fd_sc_hd__clkbuf_16)
                                                         clknet_0_wr_clk (net)
                      0.098241    0.005475    0.220254 ^ clkbuf_4_15_0_wr_clk/A (sky130_fd_sc_hd__clkbuf_8)
     7    0.035619    0.056498    0.120546    0.340800 ^ clkbuf_4_15_0_wr_clk/X (sky130_fd_sc_hd__clkbuf_8)
                                                         clknet_4_15_0_wr_clk (net)
                      0.056549    0.001512    0.342312 ^ _760_/CLK (sky130_fd_sc_hd__dfrtp_1)
                                  0.250000    0.592312   clock uncertainty
                                  0.000000    0.592312   clock reconvergence pessimism
                                 -0.019238    0.573074   library hold time
                                              0.573074   data required time
---------------------------------------------------------------------------------------------
                                              0.573074   data required time
                                             -0.953794   data arrival time
---------------------------------------------------------------------------------------------
                                              0.380719   slack (MET)


Startpoint: _653_ (rising edge-triggered flip-flop clocked by wr_clk)
Endpoint: _653_ (rising edge-triggered flip-flop clocked by wr_clk)
Path Group: wr_clk
Path Type: min

Fanout         Cap        Slew       Delay        Time   Description
---------------------------------------------------------------------------------------------
                                  0.000000    0.000000   clock wr_clk (rise edge)
                                  0.000000    0.000000   clock source latency
     1    0.026396    0.093078    0.065140    0.065140 ^ wr_clk (in)
                                                         wr_clk (net)
                      0.093240    0.000000    0.065140 ^ clkbuf_0_wr_clk/A (sky130_fd_sc_hd__clkbuf_16)
    16    0.111341    0.097775    0.149638    0.214779 ^ clkbuf_0_wr_clk/X (sky130_fd_sc_hd__clkbuf_16)
                                                         clknet_0_wr_clk (net)
                      0.098763    0.007861    0.222639 ^ clkbuf_4_2_0_wr_clk/A (sky130_fd_sc_hd__clkbuf_8)
    13    0.042444    0.064786    0.125586    0.348225 ^ clkbuf_4_2_0_wr_clk/X (sky130_fd_sc_hd__clkbuf_8)
                                                         clknet_4_2_0_wr_clk (net)
                      0.064824    0.001285    0.349510 ^ _653_/CLK (sky130_fd_sc_hd__dfxtp_1)
     2    0.004167    0.038007    0.200664    0.550174 ^ _653_/Q (sky130_fd_sc_hd__dfxtp_1)
                                                         mem[13][5] (net)
                      0.038007    0.000237    0.550411 ^ hold40/A (sky130_fd_sc_hd__dlygate4sd3_1)
     1    0.002144    0.033521    0.368068    0.918479 ^ hold40/X (sky130_fd_sc_hd__dlygate4sd3_1)
                                                         net116 (net)
                      0.033521    0.000099    0.918577 ^ _500_/A0 (sky130_fd_sc_hd__mux2_1)
     1    0.002435    0.026619    0.070062    0.988640 ^ _500_/X (sky130_fd_sc_hd__mux2_1)
                                                         _021_ (net)
                      0.026620    0.000172    0.988812 ^ _653_/D (sky130_fd_sc_hd__dfxtp_1)
                                              0.988812   data arrival time

                                  0.000000    0.000000   clock wr_clk (rise edge)
                                  0.000000    0.000000   clock source latency
     1    0.026396    0.093078    0.065140    0.065140 ^ wr_clk (in)
                                                         wr_clk (net)
                      0.093240    0.000000    0.065140 ^ clkbuf_0_wr_clk/A (sky130_fd_sc_hd__clkbuf_16)
    16    0.111341    0.097775    0.149638    0.214779 ^ clkbuf_0_wr_clk/X (sky130_fd_sc_hd__clkbuf_16)
                                                         clknet_0_wr_clk (net)
                      0.098763    0.007861    0.222639 ^ clkbuf_4_2_0_wr_clk/A (sky130_fd_sc_hd__clkbuf_8)
    13    0.042444    0.064786    0.125586    0.348225 ^ clkbuf_4_2_0_wr_clk/X (sky130_fd_sc_hd__clkbuf_8)
                                                         clknet_4_2_0_wr_clk (net)
                      0.064824    0.001285    0.349510 ^ _653_/CLK (sky130_fd_sc_hd__dfxtp_1)
                                  0.250000    0.599510   clock uncertainty
                                  0.000000    0.599510   clock reconvergence pessimism
                                 -0.016184    0.583326   library hold time
                                              0.583326   data required time
---------------------------------------------------------------------------------------------
                                              0.583326   data required time
                                             -0.988812   data arrival time
---------------------------------------------------------------------------------------------
                                              0.405486   slack (MET)


Startpoint: _651_ (rising edge-triggered flip-flop clocked by wr_clk)
Endpoint: _651_ (rising edge-triggered flip-flop clocked by wr_clk)
Path Group: wr_clk
Path Type: min

Fanout         Cap        Slew       Delay        Time   Description
---------------------------------------------------------------------------------------------
                                  0.000000    0.000000   clock wr_clk (rise edge)
                                  0.000000    0.000000   clock source latency
     1    0.026396    0.093078    0.065140    0.065140 ^ wr_clk (in)
                                                         wr_clk (net)
                      0.093240    0.000000    0.065140 ^ clkbuf_0_wr_clk/A (sky130_fd_sc_hd__clkbuf_16)
    16    0.111341    0.097775    0.149638    0.214779 ^ clkbuf_0_wr_clk/X (sky130_fd_sc_hd__clkbuf_16)
                                                         clknet_0_wr_clk (net)
                      0.098745    0.007793    0.222572 ^ clkbuf_4_3_0_wr_clk/A (sky130_fd_sc_hd__clkbuf_8)
     9    0.036765    0.057889    0.121591    0.344163 ^ clkbuf_4_3_0_wr_clk/X (sky130_fd_sc_hd__clkbuf_8)
                                                         clknet_4_3_0_wr_clk (net)
                      0.058000    0.001686    0.345849 ^ _651_/CLK (sky130_fd_sc_hd__dfxtp_1)
     2    0.004644    0.041155    0.201178    0.547027 ^ _651_/Q (sky130_fd_sc_hd__dfxtp_1)
                                                         mem[13][3] (net)
                      0.041156    0.000260    0.547287 ^ hold9/A (sky130_fd_sc_hd__dlygate4sd3_1)
     1    0.002083    0.033194    0.368355    0.915642 ^ hold9/X (sky130_fd_sc_hd__dlygate4sd3_1)
                                                         net85 (net)
                      0.033194    0.000094    0.915736 ^ _498_/A0 (sky130_fd_sc_hd__mux2_1)
     1    0.002354    0.026170    0.069555    0.985291 ^ _498_/X (sky130_fd_sc_hd__mux2_1)
                                                         _019_ (net)
                      0.026170    0.000157    0.985448 ^ _651_/D (sky130_fd_sc_hd__dfxtp_1)
                                              0.985448   data arrival time

                                  0.000000    0.000000   clock wr_clk (rise edge)
                                  0.000000    0.000000   clock source latency
     1    0.026396    0.093078    0.065140    0.065140 ^ wr_clk (in)
                                                         wr_clk (net)
                      0.093240    0.000000    0.065140 ^ clkbuf_0_wr_clk/A (sky130_fd_sc_hd__clkbuf_16)
    16    0.111341    0.097775    0.149638    0.214779 ^ clkbuf_0_wr_clk/X (sky130_fd_sc_hd__clkbuf_16)
                                                         clknet_0_wr_clk (net)
                      0.098745    0.007793    0.222572 ^ clkbuf_4_3_0_wr_clk/A (sky130_fd_sc_hd__clkbuf_8)
     9    0.036765    0.057889    0.121591    0.344163 ^ clkbuf_4_3_0_wr_clk/X (sky130_fd_sc_hd__clkbuf_8)
                                                         clknet_4_3_0_wr_clk (net)
                      0.058000    0.001686    0.345849 ^ _651_/CLK (sky130_fd_sc_hd__dfxtp_1)
                                  0.250000    0.595849   clock uncertainty
                                  0.000000    0.595849   clock reconvergence pessimism
                                 -0.016315    0.579534   library hold time
                                              0.579534   data required time
---------------------------------------------------------------------------------------------
                                              0.579534   data required time
                                             -0.985448   data arrival time
---------------------------------------------------------------------------------------------
                                              0.405914   slack (MET)


Startpoint: _655_ (rising edge-triggered flip-flop clocked by wr_clk)
Endpoint: _655_ (rising edge-triggered flip-flop clocked by wr_clk)
Path Group: wr_clk
Path Type: min

Fanout         Cap        Slew       Delay        Time   Description
---------------------------------------------------------------------------------------------
                                  0.000000    0.000000   clock wr_clk (rise edge)
                                  0.000000    0.000000   clock source latency
     1    0.026396    0.093078    0.065140    0.065140 ^ wr_clk (in)
                                                         wr_clk (net)
                      0.093240    0.000000    0.065140 ^ clkbuf_0_wr_clk/A (sky130_fd_sc_hd__clkbuf_16)
    16    0.111341    0.097775    0.149638    0.214779 ^ clkbuf_0_wr_clk/X (sky130_fd_sc_hd__clkbuf_16)
                                                         clknet_0_wr_clk (net)
                      0.098887    0.008328    0.223106 ^ clkbuf_4_4_0_wr_clk/A (sky130_fd_sc_hd__clkbuf_8)
    13    0.045053    0.068003    0.128410    0.351517 ^ clkbuf_4_4_0_wr_clk/X (sky130_fd_sc_hd__clkbuf_8)
                                                         clknet_4_4_0_wr_clk (net)
                      0.068233    0.003150    0.354666 ^ _655_/CLK (sky130_fd_sc_hd__dfxtp_1)
     2    0.004661    0.041256    0.203921    0.558587 ^ _655_/Q (sky130_fd_sc_hd__dfxtp_1)
                                                         mem[13][7] (net)
                      0.041257    0.000261    0.558849 ^ hold26/A (sky130_fd_sc_hd__dlygate4sd3_1)
     1    0.002036    0.032947    0.368082    0.926931 ^ hold26/X (sky130_fd_sc_hd__dlygate4sd3_1)
                                                         net102 (net)
                      0.032947    0.000091    0.927021 ^ _502_/A0 (sky130_fd_sc_hd__mux2_1)
     1    0.002446    0.026679    0.069955    0.996976 ^ _502_/X (sky130_fd_sc_hd__mux2_1)
                                                         _023_ (net)
                      0.026680    0.000177    0.997153 ^ _655_/D (sky130_fd_sc_hd__dfxtp_1)
                                              0.997153   data arrival time

                                  0.000000    0.000000   clock wr_clk (rise edge)
                                  0.000000    0.000000   clock source latency
     1    0.026396    0.093078    0.065140    0.065140 ^ wr_clk (in)
                                                         wr_clk (net)
                      0.093240    0.000000    0.065140 ^ clkbuf_0_wr_clk/A (sky130_fd_sc_hd__clkbuf_16)
    16    0.111341    0.097775    0.149638    0.214779 ^ clkbuf_0_wr_clk/X (sky130_fd_sc_hd__clkbuf_16)
                                                         clknet_0_wr_clk (net)
                      0.098887    0.008328    0.223106 ^ clkbuf_4_4_0_wr_clk/A (sky130_fd_sc_hd__clkbuf_8)
    13    0.045053    0.068003    0.128410    0.351517 ^ clkbuf_4_4_0_wr_clk/X (sky130_fd_sc_hd__clkbuf_8)
                                                         clknet_4_4_0_wr_clk (net)
                      0.068233    0.003150    0.354666 ^ _655_/CLK (sky130_fd_sc_hd__dfxtp_1)
                                  0.250000    0.604666   clock uncertainty
                                  0.000000    0.604666   clock reconvergence pessimism
                                 -0.016107    0.588559   library hold time
                                              0.588559   data required time
---------------------------------------------------------------------------------------------
                                              0.588559   data required time
                                             -0.997153   data arrival time
---------------------------------------------------------------------------------------------
                                              0.408594   slack (MET)


Startpoint: _701_ (rising edge-triggered flip-flop clocked by wr_clk)
Endpoint: _701_ (rising edge-triggered flip-flop clocked by wr_clk)
Path Group: wr_clk
Path Type: min

Fanout         Cap        Slew       Delay        Time   Description
---------------------------------------------------------------------------------------------
                                  0.000000    0.000000   clock wr_clk (rise edge)
                                  0.000000    0.000000   clock source latency
     1    0.026396    0.093078    0.065140    0.065140 ^ wr_clk (in)
                                                         wr_clk (net)
                      0.093240    0.000000    0.065140 ^ clkbuf_0_wr_clk/A (sky130_fd_sc_hd__clkbuf_16)
    16    0.111341    0.097775    0.149638    0.214779 ^ clkbuf_0_wr_clk/X (sky130_fd_sc_hd__clkbuf_16)
                                                         clknet_0_wr_clk (net)
                      0.098856    0.008215    0.222994 ^ clkbuf_4_0_0_wr_clk/A (sky130_fd_sc_hd__clkbuf_8)
    14    0.043323    0.065832    0.126089    0.349083 ^ clkbuf_4_0_0_wr_clk/X (sky130_fd_sc_hd__clkbuf_8)
                                                         clknet_4_0_0_wr_clk (net)
                      0.066447    0.005031    0.354113 ^ _701_/CLK (sky130_fd_sc_hd__dfxtp_1)
     2    0.004690    0.041455    0.203624    0.557738 ^ _701_/Q (sky130_fd_sc_hd__dfxtp_1)
                                                         mem[8][5] (net)
                      0.041455    0.000164    0.557902 ^ hold70/A (sky130_fd_sc_hd__dlygate4sd3_1)
     1    0.002424    0.035052    0.370571    0.928473 ^ hold70/X (sky130_fd_sc_hd__dlygate4sd3_1)
                                                         net146 (net)
                      0.035052    0.000177    0.928650 ^ _557_/A0 (sky130_fd_sc_hd__mux2_1)
     1    0.002151    0.025061    0.069015    0.997665 ^ _557_/X (sky130_fd_sc_hd__mux2_1)
                                                         _069_ (net)
                      0.025061    0.000155    0.997820 ^ _701_/D (sky130_fd_sc_hd__dfxtp_1)
                                              0.997820   data arrival time

                                  0.000000    0.000000   clock wr_clk (rise edge)
                                  0.000000    0.000000   clock source latency
     1    0.026396    0.093078    0.065140    0.065140 ^ wr_clk (in)
                                                         wr_clk (net)
                      0.093240    0.000000    0.065140 ^ clkbuf_0_wr_clk/A (sky130_fd_sc_hd__clkbuf_16)
    16    0.111341    0.097775    0.149638    0.214779 ^ clkbuf_0_wr_clk/X (sky130_fd_sc_hd__clkbuf_16)
                                                         clknet_0_wr_clk (net)
                      0.098856    0.008215    0.222994 ^ clkbuf_4_0_0_wr_clk/A (sky130_fd_sc_hd__clkbuf_8)
    14    0.043323    0.065832    0.126089    0.349083 ^ clkbuf_4_0_0_wr_clk/X (sky130_fd_sc_hd__clkbuf_8)
                                                         clknet_4_0_0_wr_clk (net)
                      0.066447    0.005031    0.354113 ^ _701_/CLK (sky130_fd_sc_hd__dfxtp_1)
                                  0.250000    0.604113   clock uncertainty
                                  0.000000    0.604113   clock reconvergence pessimism
                                 -0.016036    0.588077   library hold time
                                              0.588077   data required time
---------------------------------------------------------------------------------------------
                                              0.588077   data required time
                                             -0.997820   data arrival time
---------------------------------------------------------------------------------------------
                                              0.409743   slack (MET)


Startpoint: _717_ (rising edge-triggered flip-flop clocked by wr_clk)
Endpoint: _717_ (rising edge-triggered flip-flop clocked by wr_clk)
Path Group: wr_clk
Path Type: min

Fanout         Cap        Slew       Delay        Time   Description
---------------------------------------------------------------------------------------------
                                  0.000000    0.000000   clock wr_clk (rise edge)
                                  0.000000    0.000000   clock source latency
     1    0.026396    0.093078    0.065140    0.065140 ^ wr_clk (in)
                                                         wr_clk (net)
                      0.093240    0.000000    0.065140 ^ clkbuf_0_wr_clk/A (sky130_fd_sc_hd__clkbuf_16)
    16    0.111341    0.097775    0.149638    0.214779 ^ clkbuf_0_wr_clk/X (sky130_fd_sc_hd__clkbuf_16)
                                                         clknet_0_wr_clk (net)
                      0.098856    0.008215    0.222994 ^ clkbuf_4_0_0_wr_clk/A (sky130_fd_sc_hd__clkbuf_8)
    14    0.043323    0.065832    0.126089    0.349083 ^ clkbuf_4_0_0_wr_clk/X (sky130_fd_sc_hd__clkbuf_8)
                                                         clknet_4_0_0_wr_clk (net)
                      0.066268    0.004242    0.353325 ^ _717_/CLK (sky130_fd_sc_hd__dfxtp_1)
     2    0.004969    0.043325    0.204911    0.558236 ^ _717_/Q (sky130_fd_sc_hd__dfxtp_1)
                                                         mem[6][5] (net)
                      0.043326    0.000249    0.558485 ^ hold47/A (sky130_fd_sc_hd__dlygate4sd3_1)
     1    0.002022    0.032850    0.368420    0.926904 ^ hold47/X (sky130_fd_sc_hd__dlygate4sd3_1)
                                                         net123 (net)
                      0.032850    0.000140    0.927044 ^ _576_/A0 (sky130_fd_sc_hd__mux2_1)
     1    0.002437    0.026627    0.069882    0.996926 ^ _576_/X (sky130_fd_sc_hd__mux2_1)
                                                         _085_ (net)
                      0.026628    0.000173    0.997100 ^ _717_/D (sky130_fd_sc_hd__dfxtp_1)
                                              0.997100   data arrival time

                                  0.000000    0.000000   clock wr_clk (rise edge)
                                  0.000000    0.000000   clock source latency
     1    0.026396    0.093078    0.065140    0.065140 ^ wr_clk (in)
                                                         wr_clk (net)
                      0.093240    0.000000    0.065140 ^ clkbuf_0_wr_clk/A (sky130_fd_sc_hd__clkbuf_16)
    16    0.111341    0.097775    0.149638    0.214779 ^ clkbuf_0_wr_clk/X (sky130_fd_sc_hd__clkbuf_16)
                                                         clknet_0_wr_clk (net)
                      0.098856    0.008215    0.222994 ^ clkbuf_4_0_0_wr_clk/A (sky130_fd_sc_hd__clkbuf_8)
    14    0.043323    0.065832    0.126089    0.349083 ^ clkbuf_4_0_0_wr_clk/X (sky130_fd_sc_hd__clkbuf_8)
                                                         clknet_4_0_0_wr_clk (net)
                      0.066268    0.004242    0.353325 ^ _717_/CLK (sky130_fd_sc_hd__dfxtp_1)
                                  0.250000    0.603325   clock uncertainty
                                  0.000000    0.603325   clock reconvergence pessimism
                                 -0.016151    0.587174   library hold time
                                              0.587174   data required time
---------------------------------------------------------------------------------------------
                                              0.587174   data required time
                                             -0.997100   data arrival time
---------------------------------------------------------------------------------------------
                                              0.409925   slack (MET)


Startpoint: _742_ (rising edge-triggered flip-flop clocked by wr_clk)
Endpoint: _742_ (rising edge-triggered flip-flop clocked by wr_clk)
Path Group: wr_clk
Path Type: min

Fanout         Cap        Slew       Delay        Time   Description
---------------------------------------------------------------------------------------------
                                  0.000000    0.000000   clock wr_clk (rise edge)
                                  0.000000    0.000000   clock source latency
     1    0.026396    0.093078    0.065140    0.065140 ^ wr_clk (in)
                                                         wr_clk (net)
                      0.093240    0.000000    0.065140 ^ clkbuf_0_wr_clk/A (sky130_fd_sc_hd__clkbuf_16)
    16    0.111341    0.097775    0.149638    0.214779 ^ clkbuf_0_wr_clk/X (sky130_fd_sc_hd__clkbuf_16)
                                                         clknet_0_wr_clk (net)
                      0.098856    0.008215    0.222994 ^ clkbuf_4_0_0_wr_clk/A (sky130_fd_sc_hd__clkbuf_8)
    14    0.043323    0.065832    0.126089    0.349083 ^ clkbuf_4_0_0_wr_clk/X (sky130_fd_sc_hd__clkbuf_8)
                                                         clknet_4_0_0_wr_clk (net)
                      0.066275    0.004277    0.353360 ^ _742_/CLK (sky130_fd_sc_hd__dfxtp_1)
     2    0.004631    0.041063    0.203264    0.556624 ^ _742_/Q (sky130_fd_sc_hd__dfxtp_1)
                                                         mem[5][5] (net)
                      0.041064    0.000273    0.556896 ^ hold22/A (sky130_fd_sc_hd__dlygate4sd3_1)
     1    0.002491    0.035435    0.370915    0.927811 ^ hold22/X (sky130_fd_sc_hd__dlygate4sd3_1)
                                                         net98 (net)
                      0.035435    0.000181    0.927992 ^ _603_/A0 (sky130_fd_sc_hd__mux2_1)
     1    0.002172    0.025177    0.069237    0.997229 ^ _603_/X (sky130_fd_sc_hd__mux2_1)
                                                         _109_ (net)
                      0.025178    0.000150    0.997379 ^ _742_/D (sky130_fd_sc_hd__dfxtp_1)
                                              0.997379   data arrival time

                                  0.000000    0.000000   clock wr_clk (rise edge)
                                  0.000000    0.000000   clock source latency
     1    0.026396    0.093078    0.065140    0.065140 ^ wr_clk (in)
                                                         wr_clk (net)
                      0.093240    0.000000    0.065140 ^ clkbuf_0_wr_clk/A (sky130_fd_sc_hd__clkbuf_16)
    16    0.111341    0.097775    0.149638    0.214779 ^ clkbuf_0_wr_clk/X (sky130_fd_sc_hd__clkbuf_16)
                                                         clknet_0_wr_clk (net)
                      0.098856    0.008215    0.222994 ^ clkbuf_4_0_0_wr_clk/A (sky130_fd_sc_hd__clkbuf_8)
    14    0.043323    0.065832    0.126089    0.349083 ^ clkbuf_4_0_0_wr_clk/X (sky130_fd_sc_hd__clkbuf_8)
                                                         clknet_4_0_0_wr_clk (net)
                      0.066275    0.004277    0.353360 ^ _742_/CLK (sky130_fd_sc_hd__dfxtp_1)
                                  0.250000    0.603359   clock uncertainty
                                  0.000000    0.603359   clock reconvergence pessimism
                                 -0.016048    0.587311   library hold time
                                              0.587311   data required time
---------------------------------------------------------------------------------------------
                                              0.587311   data required time
                                             -0.997379   data arrival time
---------------------------------------------------------------------------------------------
                                              0.410068   slack (MET)


Startpoint: _760_ (rising edge-triggered flip-flop clocked by wr_clk)
Endpoint: _800_ (rising edge-triggered flip-flop clocked by wr_clk)
Path Group: wr_clk
Path Type: min

Fanout         Cap        Slew       Delay        Time   Description
---------------------------------------------------------------------------------------------
                                  0.000000    0.000000   clock wr_clk (rise edge)
                                  0.000000    0.000000   clock source latency
     1    0.026396    0.093078    0.065140    0.065140 ^ wr_clk (in)
                                                         wr_clk (net)
                      0.093240    0.000000    0.065140 ^ clkbuf_0_wr_clk/A (sky130_fd_sc_hd__clkbuf_16)
    16    0.111341    0.097775    0.149638    0.214779 ^ clkbuf_0_wr_clk/X (sky130_fd_sc_hd__clkbuf_16)
                                                         clknet_0_wr_clk (net)
                      0.098241    0.005475    0.220254 ^ clkbuf_4_15_0_wr_clk/A (sky130_fd_sc_hd__clkbuf_8)
     7    0.035619    0.056498    0.120546    0.340800 ^ clkbuf_4_15_0_wr_clk/X (sky130_fd_sc_hd__clkbuf_8)
                                                         clknet_4_15_0_wr_clk (net)
                      0.056549    0.001512    0.342312 ^ _760_/CLK (sky130_fd_sc_hd__dfrtp_1)
     4    0.014928    0.064607    0.269057    0.611369 v _760_/Q (sky130_fd_sc_hd__dfrtp_1)
                                                         wr_bin[3] (net)
                      0.064609    0.000473    0.611842 v fanout37/A (sky130_fd_sc_hd__clkbuf_4)
    10    0.042193    0.066327    0.144623    0.756465 v fanout37/X (sky130_fd_sc_hd__clkbuf_4)
                                                         net37 (net)
                      0.066344    0.001046    0.757510 v _400_/A (sky130_fd_sc_hd__nand2_1)
     2    0.022344    0.155656    0.141907    0.899417 ^ _400_/Y (sky130_fd_sc_hd__nand2_1)
                                                         _222_ (net)
                      0.155683    0.001697    0.901114 ^ _621_/S (sky130_fd_sc_hd__mux2_1)
     1    0.002139    0.025226    0.095855    0.996968 ^ _621_/X (sky130_fd_sc_hd__mux2_1)
                                                         _126_ (net)
                      0.025226    0.000154    0.997122 ^ _800_/D (sky130_fd_sc_hd__dfxtp_1)
                                              0.997122   data arrival time

                                  0.000000    0.000000   clock wr_clk (rise edge)
                                  0.000000    0.000000   clock source latency
     1    0.026396    0.093078    0.065140    0.065140 ^ wr_clk (in)
                                                         wr_clk (net)
                      0.093240    0.000000    0.065140 ^ clkbuf_0_wr_clk/A (sky130_fd_sc_hd__clkbuf_16)
    16    0.111341    0.097775    0.149638    0.214779 ^ clkbuf_0_wr_clk/X (sky130_fd_sc_hd__clkbuf_16)
                                                         clknet_0_wr_clk (net)
                      0.098877    0.008290    0.223068 ^ clkbuf_4_5_0_wr_clk/A (sky130_fd_sc_hd__clkbuf_8)
    14    0.043082    0.065571    0.126084    0.349152 ^ clkbuf_4_5_0_wr_clk/X (sky130_fd_sc_hd__clkbuf_8)
                                                         clknet_4_5_0_wr_clk (net)
                      0.065884    0.003601    0.352753 ^ _800_/CLK (sky130_fd_sc_hd__dfxtp_1)
                                  0.250000    0.602753   clock uncertainty
                                  0.000000    0.602753   clock reconvergence pessimism
                                 -0.016061    0.586692   library hold time
                                              0.586692   data required time
---------------------------------------------------------------------------------------------
                                              0.586692   data required time
                                             -0.997122   data arrival time
---------------------------------------------------------------------------------------------
                                              0.410430   slack (MET)


Startpoint: _699_ (rising edge-triggered flip-flop clocked by wr_clk)
Endpoint: _699_ (rising edge-triggered flip-flop clocked by wr_clk)
Path Group: wr_clk
Path Type: min

Fanout         Cap        Slew       Delay        Time   Description
---------------------------------------------------------------------------------------------
                                  0.000000    0.000000   clock wr_clk (rise edge)
                                  0.000000    0.000000   clock source latency
     1    0.026396    0.093078    0.065140    0.065140 ^ wr_clk (in)
                                                         wr_clk (net)
                      0.093240    0.000000    0.065140 ^ clkbuf_0_wr_clk/A (sky130_fd_sc_hd__clkbuf_16)
    16    0.111341    0.097775    0.149638    0.214779 ^ clkbuf_0_wr_clk/X (sky130_fd_sc_hd__clkbuf_16)
                                                         clknet_0_wr_clk (net)
                      0.098763    0.007861    0.222639 ^ clkbuf_4_2_0_wr_clk/A (sky130_fd_sc_hd__clkbuf_8)
    13    0.042444    0.064786    0.125586    0.348225 ^ clkbuf_4_2_0_wr_clk/X (sky130_fd_sc_hd__clkbuf_8)
                                                         clknet_4_2_0_wr_clk (net)
                      0.065224    0.004216    0.352441 ^ _699_/CLK (sky130_fd_sc_hd__dfxtp_1)
     2    0.004818    0.042335    0.203921    0.556361 ^ _699_/Q (sky130_fd_sc_hd__dfxtp_1)
                                                         mem[8][3] (net)
                      0.042335    0.000177    0.556539 ^ hold15/A (sky130_fd_sc_hd__dlygate4sd3_1)
     1    0.002393    0.034882    0.370569    0.927107 ^ hold15/X (sky130_fd_sc_hd__dlygate4sd3_1)
                                                         net91 (net)
                      0.034882    0.000173    0.927280 ^ _555_/A0 (sky130_fd_sc_hd__mux2_1)
     1    0.002313    0.025943    0.069806    0.997086 ^ _555_/X (sky130_fd_sc_hd__mux2_1)
                                                         _067_ (net)
                      0.025943    0.000167    0.997254 ^ _699_/D (sky130_fd_sc_hd__dfxtp_1)
                                              0.997254   data arrival time

                                  0.000000    0.000000   clock wr_clk (rise edge)
                                  0.000000    0.000000   clock source latency
     1    0.026396    0.093078    0.065140    0.065140 ^ wr_clk (in)
                                                         wr_clk (net)
                      0.093240    0.000000    0.065140 ^ clkbuf_0_wr_clk/A (sky130_fd_sc_hd__clkbuf_16)
    16    0.111341    0.097775    0.149638    0.214779 ^ clkbuf_0_wr_clk/X (sky130_fd_sc_hd__clkbuf_16)
                                                         clknet_0_wr_clk (net)
                      0.098763    0.007861    0.222639 ^ clkbuf_4_2_0_wr_clk/A (sky130_fd_sc_hd__clkbuf_8)
    13    0.042444    0.064786    0.125586    0.348225 ^ clkbuf_4_2_0_wr_clk/X (sky130_fd_sc_hd__clkbuf_8)
                                                         clknet_4_2_0_wr_clk (net)
                      0.065224    0.004216    0.352441 ^ _699_/CLK (sky130_fd_sc_hd__dfxtp_1)
                                  0.250000    0.602441   clock uncertainty
                                  0.000000    0.602441   clock reconvergence pessimism
                                 -0.016127    0.586314   library hold time
                                              0.586314   data required time
---------------------------------------------------------------------------------------------
                                              0.586314   data required time
                                             -0.997254   data arrival time
---------------------------------------------------------------------------------------------
                                              0.410940   slack (MET)


Startpoint: _740_ (rising edge-triggered flip-flop clocked by wr_clk)
Endpoint: _740_ (rising edge-triggered flip-flop clocked by wr_clk)
Path Group: wr_clk
Path Type: min

Fanout         Cap        Slew       Delay        Time   Description
---------------------------------------------------------------------------------------------
                                  0.000000    0.000000   clock wr_clk (rise edge)
                                  0.000000    0.000000   clock source latency
     1    0.026396    0.093078    0.065140    0.065140 ^ wr_clk (in)
                                                         wr_clk (net)
                      0.093240    0.000000    0.065140 ^ clkbuf_0_wr_clk/A (sky130_fd_sc_hd__clkbuf_16)
    16    0.111341    0.097775    0.149638    0.214779 ^ clkbuf_0_wr_clk/X (sky130_fd_sc_hd__clkbuf_16)
                                                         clknet_0_wr_clk (net)
                      0.098745    0.007793    0.222572 ^ clkbuf_4_3_0_wr_clk/A (sky130_fd_sc_hd__clkbuf_8)
     9    0.036765    0.057889    0.121591    0.344163 ^ clkbuf_4_3_0_wr_clk/X (sky130_fd_sc_hd__clkbuf_8)
                                                         clknet_4_3_0_wr_clk (net)
                      0.057936    0.001498    0.345661 ^ _740_/CLK (sky130_fd_sc_hd__dfxtp_1)
     2    0.004489    0.040148    0.200447    0.546108 ^ _740_/Q (sky130_fd_sc_hd__dfxtp_1)
                                                         mem[5][3] (net)
                      0.040148    0.000165    0.546273 ^ hold56/A (sky130_fd_sc_hd__dlygate4sd3_1)
     1    0.002140    0.033479    0.368484    0.914756 ^ hold56/X (sky130_fd_sc_hd__dlygate4sd3_1)
                                                         net132 (net)
                      0.033479    0.000154    0.914911 ^ _601_/A0 (sky130_fd_sc_hd__mux2_1)
     1    0.003361    0.031898    0.074847    0.989757 ^ _601_/X (sky130_fd_sc_hd__mux2_1)
                                                         _107_ (net)
                      0.031899    0.000255    0.990012 ^ _740_/D (sky130_fd_sc_hd__dfxtp_1)
                                              0.990012   data arrival time

                                  0.000000    0.000000   clock wr_clk (rise edge)
                                  0.000000    0.000000   clock source latency
     1    0.026396    0.093078    0.065140    0.065140 ^ wr_clk (in)
                                                         wr_clk (net)
                      0.093240    0.000000    0.065140 ^ clkbuf_0_wr_clk/A (sky130_fd_sc_hd__clkbuf_16)
    16    0.111341    0.097775    0.149638    0.214779 ^ clkbuf_0_wr_clk/X (sky130_fd_sc_hd__clkbuf_16)
                                                         clknet_0_wr_clk (net)
                      0.098745    0.007793    0.222572 ^ clkbuf_4_3_0_wr_clk/A (sky130_fd_sc_hd__clkbuf_8)
     9    0.036765    0.057889    0.121591    0.344163 ^ clkbuf_4_3_0_wr_clk/X (sky130_fd_sc_hd__clkbuf_8)
                                                         clknet_4_3_0_wr_clk (net)
                      0.057936    0.001498    0.345661 ^ _740_/CLK (sky130_fd_sc_hd__dfxtp_1)
                                  0.250000    0.595661   clock uncertainty
                                  0.000000    0.595661   clock reconvergence pessimism
                                 -0.016721    0.578940   library hold time
                                              0.578940   data required time
---------------------------------------------------------------------------------------------
                                              0.578940   data required time
                                             -0.990012   data arrival time
---------------------------------------------------------------------------------------------
                                              0.411072   slack (MET)


Startpoint: _769_ (rising edge-triggered flip-flop clocked by wr_clk)
Endpoint: _769_ (rising edge-triggered flip-flop clocked by wr_clk)
Path Group: wr_clk
Path Type: min

Fanout         Cap        Slew       Delay        Time   Description
---------------------------------------------------------------------------------------------
                                  0.000000    0.000000   clock wr_clk (rise edge)
                                  0.000000    0.000000   clock source latency
     1    0.026396    0.093078    0.065140    0.065140 ^ wr_clk (in)
                                                         wr_clk (net)
                      0.093240    0.000000    0.065140 ^ clkbuf_0_wr_clk/A (sky130_fd_sc_hd__clkbuf_16)
    16    0.111341    0.097775    0.149638    0.214779 ^ clkbuf_0_wr_clk/X (sky130_fd_sc_hd__clkbuf_16)
                                                         clknet_0_wr_clk (net)
                      0.098900    0.008375    0.223153 ^ clkbuf_4_1_0_wr_clk/A (sky130_fd_sc_hd__clkbuf_8)
    14    0.043141    0.065631    0.127001    0.350154 ^ clkbuf_4_1_0_wr_clk/X (sky130_fd_sc_hd__clkbuf_8)
                                                         clknet_4_1_0_wr_clk (net)
                      0.065833    0.002596    0.352750 ^ _769_/CLK (sky130_fd_sc_hd__dfxtp_1)
     2    0.005340    0.045774    0.206572    0.559322 ^ _769_/Q (sky130_fd_sc_hd__dfxtp_1)
                                                         mem[4][7] (net)
                      0.045774    0.000253    0.559575 ^ hold38/A (sky130_fd_sc_hd__dlygate4sd3_1)
     1    0.002120    0.033379    0.369574    0.929148 ^ hold38/X (sky130_fd_sc_hd__dlygate4sd3_1)
                                                         net114 (net)
                      0.033379    0.000143    0.929291 ^ _614_/A0 (sky130_fd_sc_hd__mux2_1)
     1    0.002149    0.025053    0.068553    0.997845 ^ _614_/X (sky130_fd_sc_hd__mux2_1)
                                                         _119_ (net)
                      0.025053    0.000098    0.997943 ^ _769_/D (sky130_fd_sc_hd__dfxtp_1)
                                              0.997943   data arrival time

                                  0.000000    0.000000   clock wr_clk (rise edge)
                                  0.000000    0.000000   clock source latency
     1    0.026396    0.093078    0.065140    0.065140 ^ wr_clk (in)
                                                         wr_clk (net)
                      0.093240    0.000000    0.065140 ^ clkbuf_0_wr_clk/A (sky130_fd_sc_hd__clkbuf_16)
    16    0.111341    0.097775    0.149638    0.214779 ^ clkbuf_0_wr_clk/X (sky130_fd_sc_hd__clkbuf_16)
                                                         clknet_0_wr_clk (net)
                      0.098900    0.008375    0.223153 ^ clkbuf_4_1_0_wr_clk/A (sky130_fd_sc_hd__clkbuf_8)
    14    0.043141    0.065631    0.127001    0.350154 ^ clkbuf_4_1_0_wr_clk/X (sky130_fd_sc_hd__clkbuf_8)
                                                         clknet_4_1_0_wr_clk (net)
                      0.065833    0.002596    0.352750 ^ _769_/CLK (sky130_fd_sc_hd__dfxtp_1)
                                  0.250000    0.602750   clock uncertainty
                                  0.000000    0.602750   clock reconvergence pessimism
                                 -0.016050    0.586700   library hold time
                                              0.586700   data required time
---------------------------------------------------------------------------------------------
                                              0.586700   data required time
                                             -0.997943   data arrival time
---------------------------------------------------------------------------------------------
                                              0.411243   slack (MET)


Startpoint: _645_ (rising edge-triggered flip-flop clocked by wr_clk)
Endpoint: _645_ (rising edge-triggered flip-flop clocked by wr_clk)
Path Group: wr_clk
Path Type: min

Fanout         Cap        Slew       Delay        Time   Description
---------------------------------------------------------------------------------------------
                                  0.000000    0.000000   clock wr_clk (rise edge)
                                  0.000000    0.000000   clock source latency
     1    0.026396    0.093078    0.065140    0.065140 ^ wr_clk (in)
                                                         wr_clk (net)
                      0.093240    0.000000    0.065140 ^ clkbuf_0_wr_clk/A (sky130_fd_sc_hd__clkbuf_16)
    16    0.111341    0.097775    0.149638    0.214779 ^ clkbuf_0_wr_clk/X (sky130_fd_sc_hd__clkbuf_16)
                                                         clknet_0_wr_clk (net)
                      0.098856    0.008215    0.222994 ^ clkbuf_4_0_0_wr_clk/A (sky130_fd_sc_hd__clkbuf_8)
    14    0.043323    0.065832    0.126089    0.349083 ^ clkbuf_4_0_0_wr_clk/X (sky130_fd_sc_hd__clkbuf_8)
                                                         clknet_4_0_0_wr_clk (net)
                      0.066007    0.002729    0.351812 ^ _645_/CLK (sky130_fd_sc_hd__dfxtp_1)
     2    0.004891    0.042813    0.204484    0.556296 ^ _645_/Q (sky130_fd_sc_hd__dfxtp_1)
                                                         mem[14][5] (net)
                      0.042813    0.000172    0.556468 ^ hold77/A (sky130_fd_sc_hd__dlygate4sd3_1)
     1    0.001995    0.032706    0.368135    0.924604 ^ hold77/X (sky130_fd_sc_hd__dlygate4sd3_1)
                                                         net153 (net)
                      0.032706    0.000140    0.924744 ^ _490_/A0 (sky130_fd_sc_hd__mux2_1)
     1    0.002840    0.028913    0.071932    0.996675 ^ _490_/X (sky130_fd_sc_hd__mux2_1)
                                                         _013_ (net)
                      0.028914    0.000213    0.996888 ^ _645_/D (sky130_fd_sc_hd__dfxtp_1)
                                              0.996888   data arrival time

                                  0.000000    0.000000   clock wr_clk (rise edge)
                                  0.000000    0.000000   clock source latency
     1    0.026396    0.093078    0.065140    0.065140 ^ wr_clk (in)
                                                         wr_clk (net)
                      0.093240    0.000000    0.065140 ^ clkbuf_0_wr_clk/A (sky130_fd_sc_hd__clkbuf_16)
    16    0.111341    0.097775    0.149638    0.214779 ^ clkbuf_0_wr_clk/X (sky130_fd_sc_hd__clkbuf_16)
                                                         clknet_0_wr_clk (net)
                      0.098856    0.008215    0.222994 ^ clkbuf_4_0_0_wr_clk/A (sky130_fd_sc_hd__clkbuf_8)
    14    0.043323    0.065832    0.126089    0.349083 ^ clkbuf_4_0_0_wr_clk/X (sky130_fd_sc_hd__clkbuf_8)
                                                         clknet_4_0_0_wr_clk (net)
                      0.066007    0.002729    0.351812 ^ _645_/CLK (sky130_fd_sc_hd__dfxtp_1)
                                  0.250000    0.601812   clock uncertainty
                                  0.000000    0.601812   clock reconvergence pessimism
                                 -0.016318    0.585494   library hold time
                                              0.585494   data required time
---------------------------------------------------------------------------------------------
                                              0.585494   data required time
                                             -0.996888   data arrival time
---------------------------------------------------------------------------------------------
                                              0.411394   slack (MET)


Startpoint: _654_ (rising edge-triggered flip-flop clocked by wr_clk)
Endpoint: _654_ (rising edge-triggered flip-flop clocked by wr_clk)
Path Group: wr_clk
Path Type: min

Fanout         Cap        Slew       Delay        Time   Description
---------------------------------------------------------------------------------------------
                                  0.000000    0.000000   clock wr_clk (rise edge)
                                  0.000000    0.000000   clock source latency
     1    0.026396    0.093078    0.065140    0.065140 ^ wr_clk (in)
                                                         wr_clk (net)
                      0.093240    0.000000    0.065140 ^ clkbuf_0_wr_clk/A (sky130_fd_sc_hd__clkbuf_16)
    16    0.111341    0.097775    0.149638    0.214779 ^ clkbuf_0_wr_clk/X (sky130_fd_sc_hd__clkbuf_16)
                                                         clknet_0_wr_clk (net)
                      0.098877    0.008290    0.223068 ^ clkbuf_4_5_0_wr_clk/A (sky130_fd_sc_hd__clkbuf_8)
    14    0.043082    0.065571    0.126084    0.349152 ^ clkbuf_4_5_0_wr_clk/X (sky130_fd_sc_hd__clkbuf_8)
                                                         clknet_4_5_0_wr_clk (net)
                      0.065951    0.003960    0.353112 ^ _654_/CLK (sky130_fd_sc_hd__dfxtp_1)
     2    0.005051    0.043864    0.205222    0.558334 ^ _654_/Q (sky130_fd_sc_hd__dfxtp_1)
                                                         mem[13][6] (net)
                      0.043864    0.000172    0.558507 ^ hold41/A (sky130_fd_sc_hd__dlygate4sd3_1)
     1    0.002341    0.034587    0.370563    0.929069 ^ hold41/X (sky130_fd_sc_hd__dlygate4sd3_1)
                                                         net117 (net)
                      0.034587    0.000169    0.929239 ^ _501_/A0 (sky130_fd_sc_hd__mux2_1)
     1    0.002244    0.025569    0.069369    0.998608 ^ _501_/X (sky130_fd_sc_hd__mux2_1)
                                                         _022_ (net)
                      0.025569    0.000160    0.998768 ^ _654_/D (sky130_fd_sc_hd__dfxtp_1)
                                              0.998768   data arrival time

                                  0.000000    0.000000   clock wr_clk (rise edge)
                                  0.000000    0.000000   clock source latency
     1    0.026396    0.093078    0.065140    0.065140 ^ wr_clk (in)
                                                         wr_clk (net)
                      0.093240    0.000000    0.065140 ^ clkbuf_0_wr_clk/A (sky130_fd_sc_hd__clkbuf_16)
    16    0.111341    0.097775    0.149638    0.214779 ^ clkbuf_0_wr_clk/X (sky130_fd_sc_hd__clkbuf_16)
                                                         clknet_0_wr_clk (net)
                      0.098877    0.008290    0.223068 ^ clkbuf_4_5_0_wr_clk/A (sky130_fd_sc_hd__clkbuf_8)
    14    0.043082    0.065571    0.126084    0.349152 ^ clkbuf_4_5_0_wr_clk/X (sky130_fd_sc_hd__clkbuf_8)
                                                         clknet_4_5_0_wr_clk (net)
                      0.065951    0.003960    0.353112 ^ _654_/CLK (sky130_fd_sc_hd__dfxtp_1)
                                  0.250000    0.603112   clock uncertainty
                                  0.000000    0.603112   clock reconvergence pessimism
                                 -0.016084    0.587029   library hold time
                                              0.587029   data required time
---------------------------------------------------------------------------------------------
                                              0.587029   data required time
                                             -0.998768   data arrival time
---------------------------------------------------------------------------------------------
                                              0.411739   slack (MET)


Startpoint: _802_ (rising edge-triggered flip-flop clocked by wr_clk)
Endpoint: _802_ (rising edge-triggered flip-flop clocked by wr_clk)
Path Group: wr_clk
Path Type: min

Fanout         Cap        Slew       Delay        Time   Description
---------------------------------------------------------------------------------------------
                                  0.000000    0.000000   clock wr_clk (rise edge)
                                  0.000000    0.000000   clock source latency
     1    0.026396    0.093078    0.065140    0.065140 ^ wr_clk (in)
                                                         wr_clk (net)
                      0.093240    0.000000    0.065140 ^ clkbuf_0_wr_clk/A (sky130_fd_sc_hd__clkbuf_16)
    16    0.111341    0.097775    0.149638    0.214779 ^ clkbuf_0_wr_clk/X (sky130_fd_sc_hd__clkbuf_16)
                                                         clknet_0_wr_clk (net)
                      0.098830    0.008118    0.222897 ^ clkbuf_4_7_0_wr_clk/A (sky130_fd_sc_hd__clkbuf_8)
    11    0.042225    0.064508    0.126252    0.349149 ^ clkbuf_4_7_0_wr_clk/X (sky130_fd_sc_hd__clkbuf_8)
                                                         clknet_4_7_0_wr_clk (net)
                      0.064734    0.002739    0.351889 ^ _802_/CLK (sky130_fd_sc_hd__dfxtp_1)
     2    0.005272    0.045275    0.205931    0.557819 ^ _802_/Q (sky130_fd_sc_hd__dfxtp_1)
                                                         mem[9][0] (net)
                      0.045276    0.000285    0.558104 ^ hold33/A (sky130_fd_sc_hd__dlygate4sd3_1)
     1    0.002036    0.032946    0.368941    0.927046 ^ hold33/X (sky130_fd_sc_hd__dlygate4sd3_1)
                                                         net109 (net)
                      0.032946    0.000093    0.927139 ^ _624_/A0 (sky130_fd_sc_hd__mux2_1)
     1    0.002485    0.026900    0.070168    0.997307 ^ _624_/X (sky130_fd_sc_hd__mux2_1)
                                                         _128_ (net)
                      0.026901    0.000164    0.997472 ^ _802_/D (sky130_fd_sc_hd__dfxtp_1)
                                              0.997472   data arrival time

                                  0.000000    0.000000   clock wr_clk (rise edge)
                                  0.000000    0.000000   clock source latency
     1    0.026396    0.093078    0.065140    0.065140 ^ wr_clk (in)
                                                         wr_clk (net)
                      0.093240    0.000000    0.065140 ^ clkbuf_0_wr_clk/A (sky130_fd_sc_hd__clkbuf_16)
    16    0.111341    0.097775    0.149638    0.214779 ^ clkbuf_0_wr_clk/X (sky130_fd_sc_hd__clkbuf_16)
                                                         clknet_0_wr_clk (net)
                      0.098830    0.008118    0.222897 ^ clkbuf_4_7_0_wr_clk/A (sky130_fd_sc_hd__clkbuf_8)
    11    0.042225    0.064508    0.126252    0.349149 ^ clkbuf_4_7_0_wr_clk/X (sky130_fd_sc_hd__clkbuf_8)
                                                         clknet_4_7_0_wr_clk (net)
                      0.064734    0.002739    0.351889 ^ _802_/CLK (sky130_fd_sc_hd__dfxtp_1)
                                  0.250000    0.601889   clock uncertainty
                                  0.000000    0.601889   clock reconvergence pessimism
                                 -0.016206    0.585682   library hold time
                                              0.585682   data required time
---------------------------------------------------------------------------------------------
                                              0.585682   data required time
                                             -0.997472   data arrival time
---------------------------------------------------------------------------------------------
                                              0.411789   slack (MET)


Startpoint: _695_ (rising edge-triggered flip-flop clocked by wr_clk)
Endpoint: _695_ (rising edge-triggered flip-flop clocked by wr_clk)
Path Group: wr_clk
Path Type: min

Fanout         Cap        Slew       Delay        Time   Description
---------------------------------------------------------------------------------------------
                                  0.000000    0.000000   clock wr_clk (rise edge)
                                  0.000000    0.000000   clock source latency
     1    0.026396    0.093078    0.065140    0.065140 ^ wr_clk (in)
                                                         wr_clk (net)
                      0.093240    0.000000    0.065140 ^ clkbuf_0_wr_clk/A (sky130_fd_sc_hd__clkbuf_16)
    16    0.111341    0.097775    0.149638    0.214779 ^ clkbuf_0_wr_clk/X (sky130_fd_sc_hd__clkbuf_16)
                                                         clknet_0_wr_clk (net)
                      0.098745    0.007793    0.222572 ^ clkbuf_4_3_0_wr_clk/A (sky130_fd_sc_hd__clkbuf_8)
     9    0.036765    0.057889    0.121591    0.344163 ^ clkbuf_4_3_0_wr_clk/X (sky130_fd_sc_hd__clkbuf_8)
                                                         clknet_4_3_0_wr_clk (net)
                      0.058035    0.002022    0.346185 ^ _695_/CLK (sky130_fd_sc_hd__dfxtp_1)
     2    0.005359    0.045905    0.204646    0.550831 ^ _695_/Q (sky130_fd_sc_hd__dfxtp_1)
                                                         mem[0][7] (net)
                      0.045905    0.000200    0.551031 ^ hold14/A (sky130_fd_sc_hd__dlygate4sd3_1)
     1    0.002427    0.035078    0.371561    0.922592 ^ hold14/X (sky130_fd_sc_hd__dlygate4sd3_1)
                                                         net90 (net)
                      0.035078    0.000156    0.922748 ^ _550_/A0 (sky130_fd_sc_hd__mux2_1)
     1    0.002143    0.025016    0.068983    0.991731 ^ _550_/X (sky130_fd_sc_hd__mux2_1)
                                                         _063_ (net)
                      0.025017    0.000149    0.991880 ^ _695_/D (sky130_fd_sc_hd__dfxtp_1)
                                              0.991880   data arrival time

                                  0.000000    0.000000   clock wr_clk (rise edge)
                                  0.000000    0.000000   clock source latency
     1    0.026396    0.093078    0.065140    0.065140 ^ wr_clk (in)
                                                         wr_clk (net)
                      0.093240    0.000000    0.065140 ^ clkbuf_0_wr_clk/A (sky130_fd_sc_hd__clkbuf_16)
    16    0.111341    0.097775    0.149638    0.214779 ^ clkbuf_0_wr_clk/X (sky130_fd_sc_hd__clkbuf_16)
                                                         clknet_0_wr_clk (net)
                      0.098745    0.007793    0.222572 ^ clkbuf_4_3_0_wr_clk/A (sky130_fd_sc_hd__clkbuf_8)
     9    0.036765    0.057889    0.121591    0.344163 ^ clkbuf_4_3_0_wr_clk/X (sky130_fd_sc_hd__clkbuf_8)
                                                         clknet_4_3_0_wr_clk (net)
                      0.058035    0.002022    0.346185 ^ _695_/CLK (sky130_fd_sc_hd__dfxtp_1)
                                  0.250000    0.596185   clock uncertainty
                                  0.000000    0.596185   clock reconvergence pessimism
                                 -0.016233    0.579952   library hold time
                                              0.579952   data required time
---------------------------------------------------------------------------------------------
                                              0.579952   data required time
                                             -0.991880   data arrival time
---------------------------------------------------------------------------------------------
                                              0.411928   slack (MET)


Startpoint: _767_ (rising edge-triggered flip-flop clocked by wr_clk)
Endpoint: _767_ (rising edge-triggered flip-flop clocked by wr_clk)
Path Group: wr_clk
Path Type: min

Fanout         Cap        Slew       Delay        Time   Description
---------------------------------------------------------------------------------------------
                                  0.000000    0.000000   clock wr_clk (rise edge)
                                  0.000000    0.000000   clock source latency
     1    0.026396    0.093078    0.065140    0.065140 ^ wr_clk (in)
                                                         wr_clk (net)
                      0.093240    0.000000    0.065140 ^ clkbuf_0_wr_clk/A (sky130_fd_sc_hd__clkbuf_16)
    16    0.111341    0.097775    0.149638    0.214779 ^ clkbuf_0_wr_clk/X (sky130_fd_sc_hd__clkbuf_16)
                                                         clknet_0_wr_clk (net)
                      0.098856    0.008215    0.222994 ^ clkbuf_4_0_0_wr_clk/A (sky130_fd_sc_hd__clkbuf_8)
    14    0.043323    0.065832    0.126089    0.349083 ^ clkbuf_4_0_0_wr_clk/X (sky130_fd_sc_hd__clkbuf_8)
                                                         clknet_4_0_0_wr_clk (net)
                      0.066378    0.004741    0.353823 ^ _767_/CLK (sky130_fd_sc_hd__dfxtp_1)
     2    0.004196    0.038198    0.201236    0.555059 ^ _767_/Q (sky130_fd_sc_hd__dfxtp_1)
                                                         mem[4][5] (net)
                      0.038198    0.000151    0.555211 ^ hold50/A (sky130_fd_sc_hd__dlygate4sd3_1)
     1    0.002437    0.035134    0.369972    0.925183 ^ hold50/X (sky130_fd_sc_hd__dlygate4sd3_1)
                                                         net126 (net)
                      0.035134    0.000157    0.925340 ^ _612_/A0 (sky130_fd_sc_hd__mux2_1)
     1    0.003085    0.030316    0.073885    0.999224 ^ _612_/X (sky130_fd_sc_hd__mux2_1)
                                                         _117_ (net)
                      0.030317    0.000225    0.999450 ^ _767_/D (sky130_fd_sc_hd__dfxtp_1)
                                              0.999450   data arrival time

                                  0.000000    0.000000   clock wr_clk (rise edge)
                                  0.000000    0.000000   clock source latency
     1    0.026396    0.093078    0.065140    0.065140 ^ wr_clk (in)
                                                         wr_clk (net)
                      0.093240    0.000000    0.065140 ^ clkbuf_0_wr_clk/A (sky130_fd_sc_hd__clkbuf_16)
    16    0.111341    0.097775    0.149638    0.214779 ^ clkbuf_0_wr_clk/X (sky130_fd_sc_hd__clkbuf_16)
                                                         clknet_0_wr_clk (net)
                      0.098856    0.008215    0.222994 ^ clkbuf_4_0_0_wr_clk/A (sky130_fd_sc_hd__clkbuf_8)
    14    0.043323    0.065832    0.126089    0.349083 ^ clkbuf_4_0_0_wr_clk/X (sky130_fd_sc_hd__clkbuf_8)
                                                         clknet_4_0_0_wr_clk (net)
                      0.066378    0.004741    0.353823 ^ _767_/CLK (sky130_fd_sc_hd__dfxtp_1)
                                  0.250000    0.603823   clock uncertainty
                                  0.000000    0.603823   clock reconvergence pessimism
                                 -0.016408    0.587416   library hold time
                                              0.587416   data required time
---------------------------------------------------------------------------------------------
                                              0.587416   data required time
                                             -0.999450   data arrival time
---------------------------------------------------------------------------------------------
                                              0.412034   slack (MET)


Startpoint: _807_ (rising edge-triggered flip-flop clocked by wr_clk)
Endpoint: _807_ (rising edge-triggered flip-flop clocked by wr_clk)
Path Group: wr_clk
Path Type: min

Fanout         Cap        Slew       Delay        Time   Description
---------------------------------------------------------------------------------------------
                                  0.000000    0.000000   clock wr_clk (rise edge)
                                  0.000000    0.000000   clock source latency
     1    0.026396    0.093078    0.065140    0.065140 ^ wr_clk (in)
                                                         wr_clk (net)
                      0.093240    0.000000    0.065140 ^ clkbuf_0_wr_clk/A (sky130_fd_sc_hd__clkbuf_16)
    16    0.111341    0.097775    0.149638    0.214779 ^ clkbuf_0_wr_clk/X (sky130_fd_sc_hd__clkbuf_16)
                                                         clknet_0_wr_clk (net)
                      0.098856    0.008215    0.222994 ^ clkbuf_4_0_0_wr_clk/A (sky130_fd_sc_hd__clkbuf_8)
    14    0.043323    0.065832    0.126089    0.349083 ^ clkbuf_4_0_0_wr_clk/X (sky130_fd_sc_hd__clkbuf_8)
                                                         clknet_4_0_0_wr_clk (net)
                      0.066442    0.005007    0.354090 ^ _807_/CLK (sky130_fd_sc_hd__dfxtp_1)
     2    0.004513    0.040258    0.202742    0.556832 ^ _807_/Q (sky130_fd_sc_hd__dfxtp_1)
                                                         mem[9][5] (net)
                      0.040287    0.000279    0.557110 ^ hold69/A (sky130_fd_sc_hd__dlygate4sd3_1)
     1    0.002292    0.034319    0.369494    0.926605 ^ hold69/X (sky130_fd_sc_hd__dlygate4sd3_1)
                                                         net145 (net)
                      0.034319    0.000150    0.926755 ^ _629_/A0 (sky130_fd_sc_hd__mux2_1)
     1    0.002962    0.029610    0.073064    0.999818 ^ _629_/X (sky130_fd_sc_hd__mux2_1)
                                                         _133_ (net)
                      0.029610    0.000120    0.999939 ^ _807_/D (sky130_fd_sc_hd__dfxtp_1)
                                              0.999939   data arrival time

                                  0.000000    0.000000   clock wr_clk (rise edge)
                                  0.000000    0.000000   clock source latency
     1    0.026396    0.093078    0.065140    0.065140 ^ wr_clk (in)
                                                         wr_clk (net)
                      0.093240    0.000000    0.065140 ^ clkbuf_0_wr_clk/A (sky130_fd_sc_hd__clkbuf_16)
    16    0.111341    0.097775    0.149638    0.214779 ^ clkbuf_0_wr_clk/X (sky130_fd_sc_hd__clkbuf_16)
                                                         clknet_0_wr_clk (net)
                      0.098856    0.008215    0.222994 ^ clkbuf_4_0_0_wr_clk/A (sky130_fd_sc_hd__clkbuf_8)
    14    0.043323    0.065832    0.126089    0.349083 ^ clkbuf_4_0_0_wr_clk/X (sky130_fd_sc_hd__clkbuf_8)
                                                         clknet_4_0_0_wr_clk (net)
                      0.066442    0.005007    0.354090 ^ _807_/CLK (sky130_fd_sc_hd__dfxtp_1)
                                  0.250000    0.604090   clock uncertainty
                                  0.000000    0.604090   clock reconvergence pessimism
                                 -0.016356    0.587734   library hold time
                                              0.587734   data required time
---------------------------------------------------------------------------------------------
                                              0.587734   data required time
                                             -0.999939   data arrival time
---------------------------------------------------------------------------------------------
                                              0.412205   slack (MET)


Startpoint: _683_ (rising edge-triggered flip-flop clocked by wr_clk)
Endpoint: _683_ (rising edge-triggered flip-flop clocked by wr_clk)
Path Group: wr_clk
Path Type: min

Fanout         Cap        Slew       Delay        Time   Description
---------------------------------------------------------------------------------------------
                                  0.000000    0.000000   clock wr_clk (rise edge)
                                  0.000000    0.000000   clock source latency
     1    0.026396    0.093078    0.065140    0.065140 ^ wr_clk (in)
                                                         wr_clk (net)
                      0.093240    0.000000    0.065140 ^ clkbuf_0_wr_clk/A (sky130_fd_sc_hd__clkbuf_16)
    16    0.111341    0.097775    0.149638    0.214779 ^ clkbuf_0_wr_clk/X (sky130_fd_sc_hd__clkbuf_16)
                                                         clknet_0_wr_clk (net)
                      0.098763    0.007861    0.222639 ^ clkbuf_4_2_0_wr_clk/A (sky130_fd_sc_hd__clkbuf_8)
    13    0.042444    0.064786    0.125586    0.348225 ^ clkbuf_4_2_0_wr_clk/X (sky130_fd_sc_hd__clkbuf_8)
                                                         clknet_4_2_0_wr_clk (net)
                      0.065183    0.004014    0.352240 ^ _683_/CLK (sky130_fd_sc_hd__dfxtp_1)
     2    0.005539    0.047035    0.207311    0.559551 ^ _683_/Q (sky130_fd_sc_hd__dfxtp_1)
                                                         mem[10][3] (net)
                      0.047036    0.000308    0.559859 ^ hold32/A (sky130_fd_sc_hd__dlygate4sd3_1)
     1    0.002113    0.033342    0.369801    0.929661 ^ hold32/X (sky130_fd_sc_hd__dlygate4sd3_1)
                                                         net108 (net)
                      0.033342    0.000143    0.929804 ^ _537_/A0 (sky130_fd_sc_hd__mux2_1)
     1    0.002135    0.024970    0.068448    0.998252 ^ _537_/X (sky130_fd_sc_hd__mux2_1)
                                                         _051_ (net)
                      0.024970    0.000155    0.998407 ^ _683_/D (sky130_fd_sc_hd__dfxtp_1)
                                              0.998407   data arrival time

                                  0.000000    0.000000   clock wr_clk (rise edge)
                                  0.000000    0.000000   clock source latency
     1    0.026396    0.093078    0.065140    0.065140 ^ wr_clk (in)
                                                         wr_clk (net)
                      0.093240    0.000000    0.065140 ^ clkbuf_0_wr_clk/A (sky130_fd_sc_hd__clkbuf_16)
    16    0.111341    0.097775    0.149638    0.214779 ^ clkbuf_0_wr_clk/X (sky130_fd_sc_hd__clkbuf_16)
                                                         clknet_0_wr_clk (net)
                      0.098763    0.007861    0.222639 ^ clkbuf_4_2_0_wr_clk/A (sky130_fd_sc_hd__clkbuf_8)
    13    0.042444    0.064786    0.125586    0.348225 ^ clkbuf_4_2_0_wr_clk/X (sky130_fd_sc_hd__clkbuf_8)
                                                         clknet_4_2_0_wr_clk (net)
                      0.065183    0.004014    0.352240 ^ _683_/CLK (sky130_fd_sc_hd__dfxtp_1)
                                  0.250000    0.602240   clock uncertainty
                                  0.000000    0.602240   clock reconvergence pessimism
                                 -0.016060    0.586180   library hold time
                                              0.586180   data required time
---------------------------------------------------------------------------------------------
                                              0.586180   data required time
                                             -0.998407   data arrival time
---------------------------------------------------------------------------------------------
                                              0.412227   slack (MET)


Startpoint: _768_ (rising edge-triggered flip-flop clocked by wr_clk)
Endpoint: _768_ (rising edge-triggered flip-flop clocked by wr_clk)
Path Group: wr_clk
Path Type: min

Fanout         Cap        Slew       Delay        Time   Description
---------------------------------------------------------------------------------------------
                                  0.000000    0.000000   clock wr_clk (rise edge)
                                  0.000000    0.000000   clock source latency
     1    0.026396    0.093078    0.065140    0.065140 ^ wr_clk (in)
                                                         wr_clk (net)
                      0.093240    0.000000    0.065140 ^ clkbuf_0_wr_clk/A (sky130_fd_sc_hd__clkbuf_16)
    16    0.111341    0.097775    0.149638    0.214779 ^ clkbuf_0_wr_clk/X (sky130_fd_sc_hd__clkbuf_16)
                                                         clknet_0_wr_clk (net)
                      0.098877    0.008290    0.223068 ^ clkbuf_4_5_0_wr_clk/A (sky130_fd_sc_hd__clkbuf_8)
    14    0.043082    0.065571    0.126084    0.349152 ^ clkbuf_4_5_0_wr_clk/X (sky130_fd_sc_hd__clkbuf_8)
                                                         clknet_4_5_0_wr_clk (net)
                      0.065847    0.003386    0.352538 ^ _768_/CLK (sky130_fd_sc_hd__dfxtp_1)
     2    0.005034    0.043706    0.205088    0.557626 ^ _768_/Q (sky130_fd_sc_hd__dfxtp_1)
                                                         mem[4][6] (net)
                      0.043708    0.000297    0.557922 ^ hold31/A (sky130_fd_sc_hd__dlygate4sd3_1)
     1    0.002563    0.035859    0.371960    0.929882 ^ hold31/X (sky130_fd_sc_hd__dlygate4sd3_1)
                                                         net107 (net)
                      0.035859    0.000164    0.930046 ^ _613_/A0 (sky130_fd_sc_hd__mux2_1)
     1    0.002078    0.024665    0.068881    0.998927 ^ _613_/X (sky130_fd_sc_hd__mux2_1)
                                                         _118_ (net)
                      0.024665    0.000093    0.999020 ^ _768_/D (sky130_fd_sc_hd__dfxtp_1)
                                              0.999020   data arrival time

                                  0.000000    0.000000   clock wr_clk (rise edge)
                                  0.000000    0.000000   clock source latency
     1    0.026396    0.093078    0.065140    0.065140 ^ wr_clk (in)
                                                         wr_clk (net)
                      0.093240    0.000000    0.065140 ^ clkbuf_0_wr_clk/A (sky130_fd_sc_hd__clkbuf_16)
    16    0.111341    0.097775    0.149638    0.214779 ^ clkbuf_0_wr_clk/X (sky130_fd_sc_hd__clkbuf_16)
                                                         clknet_0_wr_clk (net)
                      0.098877    0.008290    0.223068 ^ clkbuf_4_5_0_wr_clk/A (sky130_fd_sc_hd__clkbuf_8)
    14    0.043082    0.065571    0.126084    0.349152 ^ clkbuf_4_5_0_wr_clk/X (sky130_fd_sc_hd__clkbuf_8)
                                                         clknet_4_5_0_wr_clk (net)
                      0.065847    0.003386    0.352538 ^ _768_/CLK (sky130_fd_sc_hd__dfxtp_1)
                                  0.250000    0.602538   clock uncertainty
                                  0.000000    0.602538   clock reconvergence pessimism
                                 -0.016022    0.586515   library hold time
                                              0.586515   data required time
---------------------------------------------------------------------------------------------
                                              0.586515   data required time
                                             -0.999020   data arrival time
---------------------------------------------------------------------------------------------
                                              0.412504   slack (MET)


Startpoint: _694_ (rising edge-triggered flip-flop clocked by wr_clk)
Endpoint: _694_ (rising edge-triggered flip-flop clocked by wr_clk)
Path Group: wr_clk
Path Type: min

Fanout         Cap        Slew       Delay        Time   Description
---------------------------------------------------------------------------------------------
                                  0.000000    0.000000   clock wr_clk (rise edge)
                                  0.000000    0.000000   clock source latency
     1    0.026396    0.093078    0.065140    0.065140 ^ wr_clk (in)
                                                         wr_clk (net)
                      0.093240    0.000000    0.065140 ^ clkbuf_0_wr_clk/A (sky130_fd_sc_hd__clkbuf_16)
    16    0.111341    0.097775    0.149638    0.214779 ^ clkbuf_0_wr_clk/X (sky130_fd_sc_hd__clkbuf_16)
                                                         clknet_0_wr_clk (net)
                      0.098830    0.008118    0.222897 ^ clkbuf_4_7_0_wr_clk/A (sky130_fd_sc_hd__clkbuf_8)
    11    0.042225    0.064508    0.126252    0.349149 ^ clkbuf_4_7_0_wr_clk/X (sky130_fd_sc_hd__clkbuf_8)
                                                         clknet_4_7_0_wr_clk (net)
                      0.064585    0.001227    0.350376 ^ _694_/CLK (sky130_fd_sc_hd__dfxtp_1)
     2    0.004218    0.038329    0.200829    0.551205 ^ _694_/Q (sky130_fd_sc_hd__dfxtp_1)
                                                         mem[0][6] (net)
                      0.038329    0.000278    0.551483 ^ hold20/A (sky130_fd_sc_hd__dlygate4sd3_1)
     1    0.002716    0.036760    0.371779    0.923262 ^ hold20/X (sky130_fd_sc_hd__dlygate4sd3_1)
                                                         net96 (net)
                      0.036760    0.000173    0.923435 ^ _549_/A0 (sky130_fd_sc_hd__mux2_1)
     1    0.002849    0.028961    0.073153    0.996588 ^ _549_/X (sky130_fd_sc_hd__mux2_1)
                                                         _062_ (net)
                      0.028961    0.000120    0.996708 ^ _694_/D (sky130_fd_sc_hd__dfxtp_1)
                                              0.996708   data arrival time

                                  0.000000    0.000000   clock wr_clk (rise edge)
                                  0.000000    0.000000   clock source latency
     1    0.026396    0.093078    0.065140    0.065140 ^ wr_clk (in)
                                                         wr_clk (net)
                      0.093240    0.000000    0.065140 ^ clkbuf_0_wr_clk/A (sky130_fd_sc_hd__clkbuf_16)
    16    0.111341    0.097775    0.149638    0.214779 ^ clkbuf_0_wr_clk/X (sky130_fd_sc_hd__clkbuf_16)
                                                         clknet_0_wr_clk (net)
                      0.098830    0.008118    0.222897 ^ clkbuf_4_7_0_wr_clk/A (sky130_fd_sc_hd__clkbuf_8)
    11    0.042225    0.064508    0.126252    0.349149 ^ clkbuf_4_7_0_wr_clk/X (sky130_fd_sc_hd__clkbuf_8)
                                                         clknet_4_7_0_wr_clk (net)
                      0.064585    0.001227    0.350376 ^ _694_/CLK (sky130_fd_sc_hd__dfxtp_1)
                                  0.250000    0.600376   clock uncertainty
                                  0.000000    0.600376   clock reconvergence pessimism
                                 -0.016355    0.584021   library hold time
                                              0.584021   data required time
---------------------------------------------------------------------------------------------
                                              0.584021   data required time
                                             -0.996708   data arrival time
---------------------------------------------------------------------------------------------
                                              0.412687   slack (MET)


Startpoint: _663_ (rising edge-triggered flip-flop clocked by wr_clk)
Endpoint: _663_ (rising edge-triggered flip-flop clocked by wr_clk)
Path Group: wr_clk
Path Type: min

Fanout         Cap        Slew       Delay        Time   Description
---------------------------------------------------------------------------------------------
                                  0.000000    0.000000   clock wr_clk (rise edge)
                                  0.000000    0.000000   clock source latency
     1    0.026396    0.093078    0.065140    0.065140 ^ wr_clk (in)
                                                         wr_clk (net)
                      0.093240    0.000000    0.065140 ^ clkbuf_0_wr_clk/A (sky130_fd_sc_hd__clkbuf_16)
    16    0.111341    0.097775    0.149638    0.214779 ^ clkbuf_0_wr_clk/X (sky130_fd_sc_hd__clkbuf_16)
                                                         clknet_0_wr_clk (net)
                      0.098900    0.008375    0.223153 ^ clkbuf_4_1_0_wr_clk/A (sky130_fd_sc_hd__clkbuf_8)
    14    0.043141    0.065631    0.127001    0.350154 ^ clkbuf_4_1_0_wr_clk/X (sky130_fd_sc_hd__clkbuf_8)
                                                         clknet_4_1_0_wr_clk (net)
                      0.065833    0.002593    0.352747 ^ _663_/CLK (sky130_fd_sc_hd__dfxtp_1)
     2    0.004146    0.037873    0.200854    0.553602 ^ _663_/Q (sky130_fd_sc_hd__dfxtp_1)
                                                         mem[12][7] (net)
                      0.037873    0.000150    0.553752 ^ hold48/A (sky130_fd_sc_hd__dlygate4sd3_1)
     1    0.002388    0.034854    0.369581    0.923333 ^ hold48/X (sky130_fd_sc_hd__dlygate4sd3_1)
                                                         net124 (net)
                      0.034854    0.000169    0.923502 ^ _512_/A0 (sky130_fd_sc_hd__mux2_1)
     1    0.003361    0.031902    0.075230    0.998732 ^ _512_/X (sky130_fd_sc_hd__mux2_1)
                                                         _031_ (net)
                      0.031904    0.000259    0.998991 ^ _663_/D (sky130_fd_sc_hd__dfxtp_1)
                                              0.998991   data arrival time

                                  0.000000    0.000000   clock wr_clk (rise edge)
                                  0.000000    0.000000   clock source latency
     1    0.026396    0.093078    0.065140    0.065140 ^ wr_clk (in)
                                                         wr_clk (net)
                      0.093240    0.000000    0.065140 ^ clkbuf_0_wr_clk/A (sky130_fd_sc_hd__clkbuf_16)
    16    0.111341    0.097775    0.149638    0.214779 ^ clkbuf_0_wr_clk/X (sky130_fd_sc_hd__clkbuf_16)
                                                         clknet_0_wr_clk (net)
                      0.098900    0.008375    0.223153 ^ clkbuf_4_1_0_wr_clk/A (sky130_fd_sc_hd__clkbuf_8)
    14    0.043141    0.065631    0.127001    0.350154 ^ clkbuf_4_1_0_wr_clk/X (sky130_fd_sc_hd__clkbuf_8)
                                                         clknet_4_1_0_wr_clk (net)
                      0.065833    0.002593    0.352747 ^ _663_/CLK (sky130_fd_sc_hd__dfxtp_1)
                                  0.250000    0.602747   clock uncertainty
                                  0.000000    0.602747   clock reconvergence pessimism
                                 -0.016532    0.586215   library hold time
                                              0.586215   data required time
---------------------------------------------------------------------------------------------
                                              0.586215   data required time
                                             -0.998991   data arrival time
---------------------------------------------------------------------------------------------
                                              0.412776   slack (MET)


Startpoint: _696_ (rising edge-triggered flip-flop clocked by wr_clk)
Endpoint: _696_ (rising edge-triggered flip-flop clocked by wr_clk)
Path Group: wr_clk
Path Type: min

Fanout         Cap        Slew       Delay        Time   Description
---------------------------------------------------------------------------------------------
                                  0.000000    0.000000   clock wr_clk (rise edge)
                                  0.000000    0.000000   clock source latency
     1    0.026396    0.093078    0.065140    0.065140 ^ wr_clk (in)
                                                         wr_clk (net)
                      0.093240    0.000000    0.065140 ^ clkbuf_0_wr_clk/A (sky130_fd_sc_hd__clkbuf_16)
    16    0.111341    0.097775    0.149638    0.214779 ^ clkbuf_0_wr_clk/X (sky130_fd_sc_hd__clkbuf_16)
                                                         clknet_0_wr_clk (net)
                      0.098179    0.005117    0.219896 ^ clkbuf_4_13_0_wr_clk/A (sky130_fd_sc_hd__clkbuf_8)
     8    0.044729    0.067598    0.128023    0.347919 ^ clkbuf_4_13_0_wr_clk/X (sky130_fd_sc_hd__clkbuf_8)
                                                         clknet_4_13_0_wr_clk (net)
                      0.067832    0.003158    0.351077 ^ _696_/CLK (sky130_fd_sc_hd__dfxtp_1)
     2    0.005142    0.044419    0.206115    0.557192 ^ _696_/Q (sky130_fd_sc_hd__dfxtp_1)
                                                         mem[8][0] (net)
                      0.044420    0.000304    0.557496 ^ hold44/A (sky130_fd_sc_hd__dlygate4sd3_1)
     1    0.002143    0.033501    0.369426    0.926922 ^ hold44/X (sky130_fd_sc_hd__dlygate4sd3_1)
                                                         net120 (net)
                      0.033501    0.000156    0.927078 ^ _552_/A0 (sky130_fd_sc_hd__mux2_1)
     1    0.002558    0.027306    0.070699    0.997777 ^ _552_/X (sky130_fd_sc_hd__mux2_1)
                                                         _064_ (net)
                      0.027307    0.000173    0.997950 ^ _696_/D (sky130_fd_sc_hd__dfxtp_1)
                                              0.997950   data arrival time

                                  0.000000    0.000000   clock wr_clk (rise edge)
                                  0.000000    0.000000   clock source latency
     1    0.026396    0.093078    0.065140    0.065140 ^ wr_clk (in)
                                                         wr_clk (net)
                      0.093240    0.000000    0.065140 ^ clkbuf_0_wr_clk/A (sky130_fd_sc_hd__clkbuf_16)
    16    0.111341    0.097775    0.149638    0.214779 ^ clkbuf_0_wr_clk/X (sky130_fd_sc_hd__clkbuf_16)
                                                         clknet_0_wr_clk (net)
                      0.098179    0.005117    0.219896 ^ clkbuf_4_13_0_wr_clk/A (sky130_fd_sc_hd__clkbuf_8)
     8    0.044729    0.067598    0.128023    0.347919 ^ clkbuf_4_13_0_wr_clk/X (sky130_fd_sc_hd__clkbuf_8)
                                                         clknet_4_13_0_wr_clk (net)
                      0.067832    0.003158    0.351077 ^ _696_/CLK (sky130_fd_sc_hd__dfxtp_1)
                                  0.250000    0.601077   clock uncertainty
                                  0.000000    0.601077   clock reconvergence pessimism
                                 -0.016161    0.584916   library hold time
                                              0.584916   data required time
---------------------------------------------------------------------------------------------
                                              0.584916   data required time
                                             -0.997950   data arrival time
---------------------------------------------------------------------------------------------
                                              0.413034   slack (MET)


Startpoint: _808_ (rising edge-triggered flip-flop clocked by wr_clk)
Endpoint: _808_ (rising edge-triggered flip-flop clocked by wr_clk)
Path Group: wr_clk
Path Type: min

Fanout         Cap        Slew       Delay        Time   Description
---------------------------------------------------------------------------------------------
                                  0.000000    0.000000   clock wr_clk (rise edge)
                                  0.000000    0.000000   clock source latency
     1    0.026396    0.093078    0.065140    0.065140 ^ wr_clk (in)
                                                         wr_clk (net)
                      0.093240    0.000000    0.065140 ^ clkbuf_0_wr_clk/A (sky130_fd_sc_hd__clkbuf_16)
    16    0.111341    0.097775    0.149638    0.214779 ^ clkbuf_0_wr_clk/X (sky130_fd_sc_hd__clkbuf_16)
                                                         clknet_0_wr_clk (net)
                      0.098877    0.008290    0.223068 ^ clkbuf_4_5_0_wr_clk/A (sky130_fd_sc_hd__clkbuf_8)
    14    0.043082    0.065571    0.126084    0.349152 ^ clkbuf_4_5_0_wr_clk/X (sky130_fd_sc_hd__clkbuf_8)
                                                         clknet_4_5_0_wr_clk (net)
                      0.065934    0.003869    0.353021 ^ _808_/CLK (sky130_fd_sc_hd__dfxtp_1)
     2    0.004979    0.043346    0.204836    0.557857 ^ _808_/Q (sky130_fd_sc_hd__dfxtp_1)
                                                         mem[9][6] (net)
                      0.043347    0.000290    0.558147 ^ hold51/A (sky130_fd_sc_hd__dlygate4sd3_1)
     1    0.002449    0.035203    0.371150    0.929297 ^ hold51/X (sky130_fd_sc_hd__dlygate4sd3_1)
                                                         net127 (net)
                      0.035203    0.000165    0.929462 ^ _630_/A0 (sky130_fd_sc_hd__mux2_1)
     1    0.002421    0.026537    0.070466    0.999928 ^ _630_/X (sky130_fd_sc_hd__mux2_1)
                                                         _134_ (net)
                      0.026542    0.000163    1.000090 ^ _808_/D (sky130_fd_sc_hd__dfxtp_1)
                                              1.000090   data arrival time

                                  0.000000    0.000000   clock wr_clk (rise edge)
                                  0.000000    0.000000   clock source latency
     1    0.026396    0.093078    0.065140    0.065140 ^ wr_clk (in)
                                                         wr_clk (net)
                      0.093240    0.000000    0.065140 ^ clkbuf_0_wr_clk/A (sky130_fd_sc_hd__clkbuf_16)
    16    0.111341    0.097775    0.149638    0.214779 ^ clkbuf_0_wr_clk/X (sky130_fd_sc_hd__clkbuf_16)
                                                         clknet_0_wr_clk (net)
                      0.098877    0.008290    0.223068 ^ clkbuf_4_5_0_wr_clk/A (sky130_fd_sc_hd__clkbuf_8)
    14    0.043082    0.065571    0.126084    0.349152 ^ clkbuf_4_5_0_wr_clk/X (sky130_fd_sc_hd__clkbuf_8)
                                                         clknet_4_5_0_wr_clk (net)
                      0.065934    0.003869    0.353021 ^ _808_/CLK (sky130_fd_sc_hd__dfxtp_1)
                                  0.250000    0.603021   clock uncertainty
                                  0.000000    0.603021   clock reconvergence pessimism
                                 -0.016152    0.586869   library hold time
                                              0.586869   data required time
---------------------------------------------------------------------------------------------
                                              0.586869   data required time
                                             -1.000090   data arrival time
---------------------------------------------------------------------------------------------
                                              0.413222   slack (MET)


Startpoint: _690_ (rising edge-triggered flip-flop clocked by wr_clk)
Endpoint: _690_ (rising edge-triggered flip-flop clocked by wr_clk)
Path Group: wr_clk
Path Type: min

Fanout         Cap        Slew       Delay        Time   Description
---------------------------------------------------------------------------------------------
                                  0.000000    0.000000   clock wr_clk (rise edge)
                                  0.000000    0.000000   clock source latency
     1    0.026396    0.093078    0.065140    0.065140 ^ wr_clk (in)
                                                         wr_clk (net)
                      0.093240    0.000000    0.065140 ^ clkbuf_0_wr_clk/A (sky130_fd_sc_hd__clkbuf_16)
    16    0.111341    0.097775    0.149638    0.214779 ^ clkbuf_0_wr_clk/X (sky130_fd_sc_hd__clkbuf_16)
                                                         clknet_0_wr_clk (net)
                      0.098229    0.005409    0.220187 ^ clkbuf_4_9_0_wr_clk/A (sky130_fd_sc_hd__clkbuf_8)
    10    0.039913    0.061692    0.124296    0.344483 ^ clkbuf_4_9_0_wr_clk/X (sky130_fd_sc_hd__clkbuf_8)
                                                         clknet_4_9_0_wr_clk (net)
                      0.061866    0.002300    0.346783 ^ _690_/CLK (sky130_fd_sc_hd__dfxtp_1)
     2    0.005299    0.045507    0.205347    0.552130 ^ _690_/Q (sky130_fd_sc_hd__dfxtp_1)
                                                         mem[0][2] (net)
                      0.045507    0.000181    0.552311 ^ hold13/A (sky130_fd_sc_hd__dlygate4sd3_1)
     1    0.001968    0.032570    0.368547    0.920858 ^ hold13/X (sky130_fd_sc_hd__dlygate4sd3_1)
                                                         net89 (net)
                      0.032570    0.000140    0.920998 ^ _545_/A0 (sky130_fd_sc_hd__mux2_1)
     1    0.002954    0.029567    0.072482    0.993480 ^ _545_/X (sky130_fd_sc_hd__mux2_1)
                                                         _058_ (net)
                      0.029568    0.000223    0.993703 ^ _690_/D (sky130_fd_sc_hd__dfxtp_1)
                                              0.993703   data arrival time

                                  0.000000    0.000000   clock wr_clk (rise edge)
                                  0.000000    0.000000   clock source latency
     1    0.026396    0.093078    0.065140    0.065140 ^ wr_clk (in)
                                                         wr_clk (net)
                      0.093240    0.000000    0.065140 ^ clkbuf_0_wr_clk/A (sky130_fd_sc_hd__clkbuf_16)
    16    0.111341    0.097775    0.149638    0.214779 ^ clkbuf_0_wr_clk/X (sky130_fd_sc_hd__clkbuf_16)
                                                         clknet_0_wr_clk (net)
                      0.098229    0.005409    0.220187 ^ clkbuf_4_9_0_wr_clk/A (sky130_fd_sc_hd__clkbuf_8)
    10    0.039913    0.061692    0.124296    0.344483 ^ clkbuf_4_9_0_wr_clk/X (sky130_fd_sc_hd__clkbuf_8)
                                                         clknet_4_9_0_wr_clk (net)
                      0.061866    0.002300    0.346783 ^ _690_/CLK (sky130_fd_sc_hd__dfxtp_1)
                                  0.250000    0.596783   clock uncertainty
                                  0.000000    0.596783   clock reconvergence pessimism
                                 -0.016463    0.580321   library hold time
                                              0.580321   data required time
---------------------------------------------------------------------------------------------
                                              0.580321   data required time
                                             -0.993703   data arrival time
---------------------------------------------------------------------------------------------
                                              0.413382   slack (MET)


Startpoint: _659_ (rising edge-triggered flip-flop clocked by wr_clk)
Endpoint: _659_ (rising edge-triggered flip-flop clocked by wr_clk)
Path Group: wr_clk
Path Type: min

Fanout         Cap        Slew       Delay        Time   Description
---------------------------------------------------------------------------------------------
                                  0.000000    0.000000   clock wr_clk (rise edge)
                                  0.000000    0.000000   clock source latency
     1    0.026396    0.093078    0.065140    0.065140 ^ wr_clk (in)
                                                         wr_clk (net)
                      0.093240    0.000000    0.065140 ^ clkbuf_0_wr_clk/A (sky130_fd_sc_hd__clkbuf_16)
    16    0.111341    0.097775    0.149638    0.214779 ^ clkbuf_0_wr_clk/X (sky130_fd_sc_hd__clkbuf_16)
                                                         clknet_0_wr_clk (net)
                      0.098745    0.007793    0.222572 ^ clkbuf_4_3_0_wr_clk/A (sky130_fd_sc_hd__clkbuf_8)
     9    0.036765    0.057889    0.121591    0.344163 ^ clkbuf_4_3_0_wr_clk/X (sky130_fd_sc_hd__clkbuf_8)
                                                         clknet_4_3_0_wr_clk (net)
                      0.057943    0.001598    0.345761 ^ _659_/CLK (sky130_fd_sc_hd__dfxtp_1)
     2    0.005231    0.045006    0.203929    0.549690 ^ _659_/Q (sky130_fd_sc_hd__dfxtp_1)
                                                         mem[12][3] (net)
                      0.045009    0.000417    0.550108 ^ hold18/A (sky130_fd_sc_hd__dlygate4sd3_1)
     1    0.002017    0.032848    0.368766    0.918874 ^ hold18/X (sky130_fd_sc_hd__dlygate4sd3_1)
                                                         net94 (net)
                      0.032848    0.000092    0.918966 ^ _508_/A0 (sky130_fd_sc_hd__mux2_1)
     1    0.003163    0.030766    0.073656    0.992622 ^ _508_/X (sky130_fd_sc_hd__mux2_1)
                                                         _027_ (net)
                      0.030767    0.000224    0.992846 ^ _659_/D (sky130_fd_sc_hd__dfxtp_1)
                                              0.992846   data arrival time

                                  0.000000    0.000000   clock wr_clk (rise edge)
                                  0.000000    0.000000   clock source latency
     1    0.026396    0.093078    0.065140    0.065140 ^ wr_clk (in)
                                                         wr_clk (net)
                      0.093240    0.000000    0.065140 ^ clkbuf_0_wr_clk/A (sky130_fd_sc_hd__clkbuf_16)
    16    0.111341    0.097775    0.149638    0.214779 ^ clkbuf_0_wr_clk/X (sky130_fd_sc_hd__clkbuf_16)
                                                         clknet_0_wr_clk (net)
                      0.098745    0.007793    0.222572 ^ clkbuf_4_3_0_wr_clk/A (sky130_fd_sc_hd__clkbuf_8)
     9    0.036765    0.057889    0.121591    0.344163 ^ clkbuf_4_3_0_wr_clk/X (sky130_fd_sc_hd__clkbuf_8)
                                                         clknet_4_3_0_wr_clk (net)
                      0.057943    0.001598    0.345761 ^ _659_/CLK (sky130_fd_sc_hd__dfxtp_1)
                                  0.250000    0.595761   clock uncertainty
                                  0.000000    0.595761   clock reconvergence pessimism
                                 -0.016641    0.579121   library hold time
                                              0.579121   data required time
---------------------------------------------------------------------------------------------
                                              0.579121   data required time
                                             -0.992846   data arrival time
---------------------------------------------------------------------------------------------
                                              0.413726   slack (MET)


Startpoint: _733_ (rising edge-triggered flip-flop clocked by wr_clk)
Endpoint: _733_ (rising edge-triggered flip-flop clocked by wr_clk)
Path Group: wr_clk
Path Type: min

Fanout         Cap        Slew       Delay        Time   Description
---------------------------------------------------------------------------------------------
                                  0.000000    0.000000   clock wr_clk (rise edge)
                                  0.000000    0.000000   clock source latency
     1    0.026396    0.093078    0.065140    0.065140 ^ wr_clk (in)
                                                         wr_clk (net)
                      0.093240    0.000000    0.065140 ^ clkbuf_0_wr_clk/A (sky130_fd_sc_hd__clkbuf_16)
    16    0.111341    0.097775    0.149638    0.214779 ^ clkbuf_0_wr_clk/X (sky130_fd_sc_hd__clkbuf_16)
                                                         clknet_0_wr_clk (net)
                      0.098856    0.008215    0.222994 ^ clkbuf_4_0_0_wr_clk/A (sky130_fd_sc_hd__clkbuf_8)
    14    0.043323    0.065832    0.126089    0.349083 ^ clkbuf_4_0_0_wr_clk/X (sky130_fd_sc_hd__clkbuf_8)
                                                         clknet_4_0_0_wr_clk (net)
                      0.066458    0.005074    0.354156 ^ _733_/CLK (sky130_fd_sc_hd__dfxtp_1)
     2    0.004492    0.040133    0.202685    0.556841 ^ _733_/Q (sky130_fd_sc_hd__dfxtp_1)
                                                         mem[3][5] (net)
                      0.040162    0.000158    0.556999 ^ hold94/A (sky130_fd_sc_hd__dlygate4sd3_1)
     1    0.002941    0.038186    0.373602    0.930601 ^ hold94/X (sky130_fd_sc_hd__dlygate4sd3_1)
                                                         net170 (net)
                      0.038653    0.000192    0.930793 ^ _594_/A1 (sky130_fd_sc_hd__mux2_1)
     1    0.002132    0.025189    0.071434    1.002227 ^ _594_/X (sky130_fd_sc_hd__mux2_1)
                                                         _101_ (net)
                      0.025189    0.000150    1.002377 ^ _733_/D (sky130_fd_sc_hd__dfxtp_1)
                                              1.002377   data arrival time

                                  0.000000    0.000000   clock wr_clk (rise edge)
                                  0.000000    0.000000   clock source latency
     1    0.026396    0.093078    0.065140    0.065140 ^ wr_clk (in)
                                                         wr_clk (net)
                      0.093240    0.000000    0.065140 ^ clkbuf_0_wr_clk/A (sky130_fd_sc_hd__clkbuf_16)
    16    0.111341    0.097775    0.149638    0.214779 ^ clkbuf_0_wr_clk/X (sky130_fd_sc_hd__clkbuf_16)
                                                         clknet_0_wr_clk (net)
                      0.098856    0.008215    0.222994 ^ clkbuf_4_0_0_wr_clk/A (sky130_fd_sc_hd__clkbuf_8)
    14    0.043323    0.065832    0.126089    0.349083 ^ clkbuf_4_0_0_wr_clk/X (sky130_fd_sc_hd__clkbuf_8)
                                                         clknet_4_0_0_wr_clk (net)
                      0.066458    0.005074    0.354156 ^ _733_/CLK (sky130_fd_sc_hd__dfxtp_1)
                                  0.250000    0.604156   clock uncertainty
                                  0.000000    0.604156   clock reconvergence pessimism
                                 -0.016045    0.588111   library hold time
                                              0.588111   data required time
---------------------------------------------------------------------------------------------
                                              0.588111   data required time
                                             -1.002377   data arrival time
---------------------------------------------------------------------------------------------
                                              0.414265   slack (MET)


Startpoint: _805_ (rising edge-triggered flip-flop clocked by wr_clk)
Endpoint: _805_ (rising edge-triggered flip-flop clocked by wr_clk)
Path Group: wr_clk
Path Type: min

Fanout         Cap        Slew       Delay        Time   Description
---------------------------------------------------------------------------------------------
                                  0.000000    0.000000   clock wr_clk (rise edge)
                                  0.000000    0.000000   clock source latency
     1    0.026396    0.093078    0.065140    0.065140 ^ wr_clk (in)
                                                         wr_clk (net)
                      0.093240    0.000000    0.065140 ^ clkbuf_0_wr_clk/A (sky130_fd_sc_hd__clkbuf_16)
    16    0.111341    0.097775    0.149638    0.214779 ^ clkbuf_0_wr_clk/X (sky130_fd_sc_hd__clkbuf_16)
                                                         clknet_0_wr_clk (net)
                      0.098763    0.007861    0.222639 ^ clkbuf_4_2_0_wr_clk/A (sky130_fd_sc_hd__clkbuf_8)
    13    0.042444    0.064786    0.125586    0.348225 ^ clkbuf_4_2_0_wr_clk/X (sky130_fd_sc_hd__clkbuf_8)
                                                         clknet_4_2_0_wr_clk (net)
                      0.065238    0.004282    0.352508 ^ _805_/CLK (sky130_fd_sc_hd__dfxtp_1)
     2    0.005096    0.044117    0.205227    0.557734 ^ _805_/Q (sky130_fd_sc_hd__dfxtp_1)
                                                         mem[9][3] (net)
                      0.044118    0.000302    0.558036 ^ hold83/A (sky130_fd_sc_hd__dlygate4sd3_1)
     1    0.002106    0.033324    0.369144    0.927181 ^ hold83/X (sky130_fd_sc_hd__dlygate4sd3_1)
                                                         net159 (net)
                      0.033324    0.000095    0.927275 ^ _627_/A0 (sky130_fd_sc_hd__mux2_1)
     1    0.003020    0.029944    0.073059    1.000335 ^ _627_/X (sky130_fd_sc_hd__mux2_1)
                                                         _131_ (net)
                      0.029944    0.000199    1.000533 ^ _805_/D (sky130_fd_sc_hd__dfxtp_1)
                                              1.000533   data arrival time

                                  0.000000    0.000000   clock wr_clk (rise edge)
                                  0.000000    0.000000   clock source latency
     1    0.026396    0.093078    0.065140    0.065140 ^ wr_clk (in)
                                                         wr_clk (net)
                      0.093240    0.000000    0.065140 ^ clkbuf_0_wr_clk/A (sky130_fd_sc_hd__clkbuf_16)
    16    0.111341    0.097775    0.149638    0.214779 ^ clkbuf_0_wr_clk/X (sky130_fd_sc_hd__clkbuf_16)
                                                         clknet_0_wr_clk (net)
                      0.098763    0.007861    0.222639 ^ clkbuf_4_2_0_wr_clk/A (sky130_fd_sc_hd__clkbuf_8)
    13    0.042444    0.064786    0.125586    0.348225 ^ clkbuf_4_2_0_wr_clk/X (sky130_fd_sc_hd__clkbuf_8)
                                                         clknet_4_2_0_wr_clk (net)
                      0.065238    0.004282    0.352508 ^ _805_/CLK (sky130_fd_sc_hd__dfxtp_1)
                                  0.250000    0.602508   clock uncertainty
                                  0.000000    0.602508   clock reconvergence pessimism
                                 -0.016409    0.586099   library hold time
                                              0.586099   data required time
---------------------------------------------------------------------------------------------
                                              0.586099   data required time
                                             -1.000533   data arrival time
---------------------------------------------------------------------------------------------
                                              0.414434   slack (MET)


Startpoint: _660_ (rising edge-triggered flip-flop clocked by wr_clk)
Endpoint: _660_ (rising edge-triggered flip-flop clocked by wr_clk)
Path Group: wr_clk
Path Type: min

Fanout         Cap        Slew       Delay        Time   Description
---------------------------------------------------------------------------------------------
                                  0.000000    0.000000   clock wr_clk (rise edge)
                                  0.000000    0.000000   clock source latency
     1    0.026396    0.093078    0.065140    0.065140 ^ wr_clk (in)
                                                         wr_clk (net)
                      0.093240    0.000000    0.065140 ^ clkbuf_0_wr_clk/A (sky130_fd_sc_hd__clkbuf_16)
    16    0.111341    0.097775    0.149638    0.214779 ^ clkbuf_0_wr_clk/X (sky130_fd_sc_hd__clkbuf_16)
                                                         clknet_0_wr_clk (net)
                      0.098050    0.004262    0.219040 ^ clkbuf_4_11_0_wr_clk/A (sky130_fd_sc_hd__clkbuf_8)
     8    0.040281    0.062147    0.124403    0.343443 ^ clkbuf_4_11_0_wr_clk/X (sky130_fd_sc_hd__clkbuf_8)
                                                         clknet_4_11_0_wr_clk (net)
                      0.062256    0.001709    0.345152 ^ _660_/CLK (sky130_fd_sc_hd__dfxtp_1)
     2    0.005907    0.049537    0.208306    0.553458 ^ _660_/Q (sky130_fd_sc_hd__dfxtp_1)
                                                         mem[12][4] (net)
                      0.049538    0.000356    0.553813 ^ hold65/A (sky130_fd_sc_hd__dlygate4sd3_1)
     1    0.002245    0.034066    0.371183    0.924996 ^ hold65/X (sky130_fd_sc_hd__dlygate4sd3_1)
                                                         net141 (net)
                      0.034066    0.000148    0.925144 ^ _509_/A0 (sky130_fd_sc_hd__mux2_1)
     1    0.002124    0.024915    0.068614    0.993758 ^ _509_/X (sky130_fd_sc_hd__mux2_1)
                                                         _028_ (net)
                      0.024915    0.000098    0.993856 ^ _660_/D (sky130_fd_sc_hd__dfxtp_1)
                                              0.993856   data arrival time

                                  0.000000    0.000000   clock wr_clk (rise edge)
                                  0.000000    0.000000   clock source latency
     1    0.026396    0.093078    0.065140    0.065140 ^ wr_clk (in)
                                                         wr_clk (net)
                      0.093240    0.000000    0.065140 ^ clkbuf_0_wr_clk/A (sky130_fd_sc_hd__clkbuf_16)
    16    0.111341    0.097775    0.149638    0.214779 ^ clkbuf_0_wr_clk/X (sky130_fd_sc_hd__clkbuf_16)
                                                         clknet_0_wr_clk (net)
                      0.098050    0.004262    0.219040 ^ clkbuf_4_11_0_wr_clk/A (sky130_fd_sc_hd__clkbuf_8)
     8    0.040281    0.062147    0.124403    0.343443 ^ clkbuf_4_11_0_wr_clk/X (sky130_fd_sc_hd__clkbuf_8)
                                                         clknet_4_11_0_wr_clk (net)
                      0.062256    0.001709    0.345152 ^ _660_/CLK (sky130_fd_sc_hd__dfxtp_1)
                                  0.250000    0.595152   clock uncertainty
                                  0.000000    0.595152   clock reconvergence pessimism
                                 -0.016125    0.579027   library hold time
                                              0.579027   data required time
---------------------------------------------------------------------------------------------
                                              0.579027   data required time
                                             -0.993856   data arrival time
---------------------------------------------------------------------------------------------
                                              0.414829   slack (MET)


Startpoint: _720_ (rising edge-triggered flip-flop clocked by wr_clk)
Endpoint: _720_ (rising edge-triggered flip-flop clocked by wr_clk)
Path Group: wr_clk
Path Type: min

Fanout         Cap        Slew       Delay        Time   Description
---------------------------------------------------------------------------------------------
                                  0.000000    0.000000   clock wr_clk (rise edge)
                                  0.000000    0.000000   clock source latency
     1    0.026396    0.093078    0.065140    0.065140 ^ wr_clk (in)
                                                         wr_clk (net)
                      0.093240    0.000000    0.065140 ^ clkbuf_0_wr_clk/A (sky130_fd_sc_hd__clkbuf_16)
    16    0.111341    0.097775    0.149638    0.214779 ^ clkbuf_0_wr_clk/X (sky130_fd_sc_hd__clkbuf_16)
                                                         clknet_0_wr_clk (net)
                      0.098815    0.008061    0.222840 ^ clkbuf_4_6_0_wr_clk/A (sky130_fd_sc_hd__clkbuf_8)
     9    0.036690    0.057775    0.121172    0.344012 ^ clkbuf_4_6_0_wr_clk/X (sky130_fd_sc_hd__clkbuf_8)
                                                         clknet_4_6_0_wr_clk (net)
                      0.057938    0.002094    0.346106 ^ _720_/CLK (sky130_fd_sc_hd__dfxtp_1)
     2    0.005037    0.043781    0.203072    0.549178 ^ _720_/Q (sky130_fd_sc_hd__dfxtp_1)
                                                         mem[2][0] (net)
                      0.043781    0.000174    0.549352 ^ hold30/A (sky130_fd_sc_hd__dlygate4sd3_1)
     1    0.002871    0.037747    0.373948    0.923301 ^ hold30/X (sky130_fd_sc_hd__dlygate4sd3_1)
                                                         net106 (net)
                      0.037747    0.000171    0.923471 ^ _580_/A0 (sky130_fd_sc_hd__mux2_1)
     1    0.002422    0.026541    0.071184    0.994655 ^ _580_/X (sky130_fd_sc_hd__mux2_1)
                                                         _088_ (net)
                      0.026546    0.000160    0.994816 ^ _720_/D (sky130_fd_sc_hd__dfxtp_1)
                                              0.994816   data arrival time

                                  0.000000    0.000000   clock wr_clk (rise edge)
                                  0.000000    0.000000   clock source latency
     1    0.026396    0.093078    0.065140    0.065140 ^ wr_clk (in)
                                                         wr_clk (net)
                      0.093240    0.000000    0.065140 ^ clkbuf_0_wr_clk/A (sky130_fd_sc_hd__clkbuf_16)
    16    0.111341    0.097775    0.149638    0.214779 ^ clkbuf_0_wr_clk/X (sky130_fd_sc_hd__clkbuf_16)
                                                         clknet_0_wr_clk (net)
                      0.098815    0.008061    0.222840 ^ clkbuf_4_6_0_wr_clk/A (sky130_fd_sc_hd__clkbuf_8)
     9    0.036690    0.057775    0.121172    0.344012 ^ clkbuf_4_6_0_wr_clk/X (sky130_fd_sc_hd__clkbuf_8)
                                                         clknet_4_6_0_wr_clk (net)
                      0.057938    0.002094    0.346106 ^ _720_/CLK (sky130_fd_sc_hd__dfxtp_1)
                                  0.250000    0.596106   clock uncertainty
                                  0.000000    0.596106   clock reconvergence pessimism
                                 -0.016343    0.579763   library hold time
                                              0.579763   data required time
---------------------------------------------------------------------------------------------
                                              0.579763   data required time
                                             -0.994816   data arrival time
---------------------------------------------------------------------------------------------
                                              0.415052   slack (MET)


Startpoint: _686_ (rising edge-triggered flip-flop clocked by wr_clk)
Endpoint: _686_ (rising edge-triggered flip-flop clocked by wr_clk)
Path Group: wr_clk
Path Type: min

Fanout         Cap        Slew       Delay        Time   Description
---------------------------------------------------------------------------------------------
                                  0.000000    0.000000   clock wr_clk (rise edge)
                                  0.000000    0.000000   clock source latency
     1    0.026396    0.093078    0.065140    0.065140 ^ wr_clk (in)
                                                         wr_clk (net)
                      0.093240    0.000000    0.065140 ^ clkbuf_0_wr_clk/A (sky130_fd_sc_hd__clkbuf_16)
    16    0.111341    0.097775    0.149638    0.214779 ^ clkbuf_0_wr_clk/X (sky130_fd_sc_hd__clkbuf_16)
                                                         clknet_0_wr_clk (net)
                      0.098877    0.008290    0.223068 ^ clkbuf_4_5_0_wr_clk/A (sky130_fd_sc_hd__clkbuf_8)
    14    0.043082    0.065571    0.126084    0.349152 ^ clkbuf_4_5_0_wr_clk/X (sky130_fd_sc_hd__clkbuf_8)
                                                         clknet_4_5_0_wr_clk (net)
                      0.066044    0.004409    0.353561 ^ _686_/CLK (sky130_fd_sc_hd__dfxtp_1)
     2    0.005770    0.048623    0.208693    0.562254 ^ _686_/Q (sky130_fd_sc_hd__dfxtp_1)
                                                         mem[10][6] (net)
                      0.048624    0.000269    0.562523 ^ hold78/A (sky130_fd_sc_hd__dlygate4sd3_1)
     1    0.002192    0.033771    0.370642    0.933165 ^ hold78/X (sky130_fd_sc_hd__dlygate4sd3_1)
                                                         net154 (net)
                      0.033771    0.000159    0.933325 ^ _540_/A0 (sky130_fd_sc_hd__mux2_1)
     1    0.002239    0.025538    0.069110    1.002435 ^ _540_/X (sky130_fd_sc_hd__mux2_1)
                                                         _054_ (net)
                      0.025538    0.000161    1.002596 ^ _686_/D (sky130_fd_sc_hd__dfxtp_1)
                                              1.002596   data arrival time

                                  0.000000    0.000000   clock wr_clk (rise edge)
                                  0.000000    0.000000   clock source latency
     1    0.026396    0.093078    0.065140    0.065140 ^ wr_clk (in)
                                                         wr_clk (net)
                      0.093240    0.000000    0.065140 ^ clkbuf_0_wr_clk/A (sky130_fd_sc_hd__clkbuf_16)
    16    0.111341    0.097775    0.149638    0.214779 ^ clkbuf_0_wr_clk/X (sky130_fd_sc_hd__clkbuf_16)
                                                         clknet_0_wr_clk (net)
                      0.098877    0.008290    0.223068 ^ clkbuf_4_5_0_wr_clk/A (sky130_fd_sc_hd__clkbuf_8)
    14    0.043082    0.065571    0.126084    0.349152 ^ clkbuf_4_5_0_wr_clk/X (sky130_fd_sc_hd__clkbuf_8)
                                                         clknet_4_5_0_wr_clk (net)
                      0.066044    0.004409    0.353561 ^ _686_/CLK (sky130_fd_sc_hd__dfxtp_1)
                                  0.250000    0.603561   clock uncertainty
                                  0.000000    0.603561   clock reconvergence pessimism
                                 -0.016079    0.587482   library hold time
                                              0.587482   data required time
---------------------------------------------------------------------------------------------
                                              0.587482   data required time
                                             -1.002596   data arrival time
---------------------------------------------------------------------------------------------
                                              0.415114   slack (MET)


Startpoint: _692_ (rising edge-triggered flip-flop clocked by wr_clk)
Endpoint: _692_ (rising edge-triggered flip-flop clocked by wr_clk)
Path Group: wr_clk
Path Type: min

Fanout         Cap        Slew       Delay        Time   Description
---------------------------------------------------------------------------------------------
                                  0.000000    0.000000   clock wr_clk (rise edge)
                                  0.000000    0.000000   clock source latency
     1    0.026396    0.093078    0.065140    0.065140 ^ wr_clk (in)
                                                         wr_clk (net)
                      0.093240    0.000000    0.065140 ^ clkbuf_0_wr_clk/A (sky130_fd_sc_hd__clkbuf_16)
    16    0.111341    0.097775    0.149638    0.214779 ^ clkbuf_0_wr_clk/X (sky130_fd_sc_hd__clkbuf_16)
                                                         clknet_0_wr_clk (net)
                      0.098042    0.004200    0.218979 ^ clkbuf_4_10_0_wr_clk/A (sky130_fd_sc_hd__clkbuf_8)
    13    0.044109    0.066827    0.127354    0.346333 ^ clkbuf_4_10_0_wr_clk/X (sky130_fd_sc_hd__clkbuf_8)
                                                         clknet_4_10_0_wr_clk (net)
                      0.067112    0.003463    0.349796 ^ _692_/CLK (sky130_fd_sc_hd__dfxtp_1)
     2    0.004994    0.043441    0.205218    0.555014 ^ _692_/Q (sky130_fd_sc_hd__dfxtp_1)
                                                         mem[0][4] (net)
                      0.043443    0.000306    0.555320 ^ hold58/A (sky130_fd_sc_hd__dlygate4sd3_1)
     1    0.002108    0.033332    0.369008    0.924328 ^ hold58/X (sky130_fd_sc_hd__dlygate4sd3_1)
                                                         net134 (net)
                      0.033332    0.000098    0.924426 ^ _547_/A0 (sky130_fd_sc_hd__mux2_1)
     1    0.003232    0.031161    0.074147    0.998573 ^ _547_/X (sky130_fd_sc_hd__mux2_1)
                                                         _060_ (net)
                      0.031162    0.000232    0.998805 ^ _692_/D (sky130_fd_sc_hd__dfxtp_1)
                                              0.998805   data arrival time

                                  0.000000    0.000000   clock wr_clk (rise edge)
                                  0.000000    0.000000   clock source latency
     1    0.026396    0.093078    0.065140    0.065140 ^ wr_clk (in)
                                                         wr_clk (net)
                      0.093240    0.000000    0.065140 ^ clkbuf_0_wr_clk/A (sky130_fd_sc_hd__clkbuf_16)
    16    0.111341    0.097775    0.149638    0.214779 ^ clkbuf_0_wr_clk/X (sky130_fd_sc_hd__clkbuf_16)
                                                         clknet_0_wr_clk (net)
                      0.098042    0.004200    0.218979 ^ clkbuf_4_10_0_wr_clk/A (sky130_fd_sc_hd__clkbuf_8)
    13    0.044109    0.066827    0.127354    0.346333 ^ clkbuf_4_10_0_wr_clk/X (sky130_fd_sc_hd__clkbuf_8)
                                                         clknet_4_10_0_wr_clk (net)
                      0.067112    0.003463    0.349796 ^ _692_/CLK (sky130_fd_sc_hd__dfxtp_1)
                                  0.250000    0.599796   clock uncertainty
                                  0.000000    0.599796   clock reconvergence pessimism
                                 -0.016450    0.583346   library hold time
                                              0.583346   data required time
---------------------------------------------------------------------------------------------
                                              0.583346   data required time
                                             -0.998805   data arrival time
---------------------------------------------------------------------------------------------
                                              0.415459   slack (MET)


Startpoint: _724_ (rising edge-triggered flip-flop clocked by wr_clk)
Endpoint: _724_ (rising edge-triggered flip-flop clocked by wr_clk)
Path Group: wr_clk
Path Type: min

Fanout         Cap        Slew       Delay        Time   Description
---------------------------------------------------------------------------------------------
                                  0.000000    0.000000   clock wr_clk (rise edge)
                                  0.000000    0.000000   clock source latency
     1    0.026396    0.093078    0.065140    0.065140 ^ wr_clk (in)
                                                         wr_clk (net)
                      0.093240    0.000000    0.065140 ^ clkbuf_0_wr_clk/A (sky130_fd_sc_hd__clkbuf_16)
    16    0.111341    0.097775    0.149638    0.214779 ^ clkbuf_0_wr_clk/X (sky130_fd_sc_hd__clkbuf_16)
                                                         clknet_0_wr_clk (net)
                      0.098042    0.004200    0.218979 ^ clkbuf_4_10_0_wr_clk/A (sky130_fd_sc_hd__clkbuf_8)
    13    0.044109    0.066827    0.127354    0.346333 ^ clkbuf_4_10_0_wr_clk/X (sky130_fd_sc_hd__clkbuf_8)
                                                         clknet_4_10_0_wr_clk (net)
                      0.067107    0.003430    0.349763 ^ _724_/CLK (sky130_fd_sc_hd__dfxtp_1)
     2    0.005686    0.048060    0.208571    0.558333 ^ _724_/Q (sky130_fd_sc_hd__dfxtp_1)
                                                         mem[2][4] (net)
                      0.048060    0.000269    0.558602 ^ hold105/A (sky130_fd_sc_hd__dlygate4sd3_1)
     1    0.002220    0.033943    0.370716    0.929318 ^ hold105/X (sky130_fd_sc_hd__dlygate4sd3_1)
                                                         net181 (net)
                      0.033943    0.000099    0.929417 ^ _584_/A0 (sky130_fd_sc_hd__mux2_1)
     1    0.002327    0.026019    0.069617    0.999034 ^ _584_/X (sky130_fd_sc_hd__mux2_1)
                                                         _092_ (net)
                      0.026020    0.000166    0.999201 ^ _724_/D (sky130_fd_sc_hd__dfxtp_1)
                                              0.999201   data arrival time

                                  0.000000    0.000000   clock wr_clk (rise edge)
                                  0.000000    0.000000   clock source latency
     1    0.026396    0.093078    0.065140    0.065140 ^ wr_clk (in)
                                                         wr_clk (net)
                      0.093240    0.000000    0.065140 ^ clkbuf_0_wr_clk/A (sky130_fd_sc_hd__clkbuf_16)
    16    0.111341    0.097775    0.149638    0.214779 ^ clkbuf_0_wr_clk/X (sky130_fd_sc_hd__clkbuf_16)
                                                         clknet_0_wr_clk (net)
                      0.098042    0.004200    0.218979 ^ clkbuf_4_10_0_wr_clk/A (sky130_fd_sc_hd__clkbuf_8)
    13    0.044109    0.066827    0.127354    0.346333 ^ clkbuf_4_10_0_wr_clk/X (sky130_fd_sc_hd__clkbuf_8)
                                                         clknet_4_10_0_wr_clk (net)
                      0.067107    0.003430    0.349763 ^ _724_/CLK (sky130_fd_sc_hd__dfxtp_1)
                                  0.250000    0.599763   clock uncertainty
                                  0.000000    0.599763   clock reconvergence pessimism
                                 -0.016088    0.583675   library hold time
                                              0.583675   data required time
---------------------------------------------------------------------------------------------
                                              0.583675   data required time
                                             -0.999201   data arrival time
---------------------------------------------------------------------------------------------
                                              0.415526   slack (MET)


Startpoint: _764_ (rising edge-triggered flip-flop clocked by wr_clk)
Endpoint: _764_ (rising edge-triggered flip-flop clocked by wr_clk)
Path Group: wr_clk
Path Type: min

Fanout         Cap        Slew       Delay        Time   Description
---------------------------------------------------------------------------------------------
                                  0.000000    0.000000   clock wr_clk (rise edge)
                                  0.000000    0.000000   clock source latency
     1    0.026396    0.093078    0.065140    0.065140 ^ wr_clk (in)
                                                         wr_clk (net)
                      0.093240    0.000000    0.065140 ^ clkbuf_0_wr_clk/A (sky130_fd_sc_hd__clkbuf_16)
    16    0.111341    0.097775    0.149638    0.214779 ^ clkbuf_0_wr_clk/X (sky130_fd_sc_hd__clkbuf_16)
                                                         clknet_0_wr_clk (net)
                      0.098887    0.008328    0.223106 ^ clkbuf_4_4_0_wr_clk/A (sky130_fd_sc_hd__clkbuf_8)
    13    0.045053    0.068003    0.128410    0.351517 ^ clkbuf_4_4_0_wr_clk/X (sky130_fd_sc_hd__clkbuf_8)
                                                         clknet_4_4_0_wr_clk (net)
                      0.068166    0.002660    0.354177 ^ _764_/CLK (sky130_fd_sc_hd__dfxtp_1)
     2    0.004575    0.040658    0.203467    0.557644 ^ _764_/Q (sky130_fd_sc_hd__dfxtp_1)
                                                         mem[4][2] (net)
                      0.040688    0.000307    0.557951 ^ hold53/A (sky130_fd_sc_hd__dlygate4sd3_1)
     1    0.002108    0.033312    0.368402    0.926353 ^ hold53/X (sky130_fd_sc_hd__dlygate4sd3_1)
                                                         net129 (net)
                      0.033312    0.000147    0.926500 ^ _609_/A0 (sky130_fd_sc_hd__mux2_1)
     1    0.003686    0.033769    0.076505    1.003006 ^ _609_/X (sky130_fd_sc_hd__mux2_1)
                                                         _114_ (net)
                      0.033770    0.000259    1.003265 ^ _764_/D (sky130_fd_sc_hd__dfxtp_1)
                                              1.003265   data arrival time

                                  0.000000    0.000000   clock wr_clk (rise edge)
                                  0.000000    0.000000   clock source latency
     1    0.026396    0.093078    0.065140    0.065140 ^ wr_clk (in)
                                                         wr_clk (net)
                      0.093240    0.000000    0.065140 ^ clkbuf_0_wr_clk/A (sky130_fd_sc_hd__clkbuf_16)
    16    0.111341    0.097775    0.149638    0.214779 ^ clkbuf_0_wr_clk/X (sky130_fd_sc_hd__clkbuf_16)
                                                         clknet_0_wr_clk (net)
                      0.098887    0.008328    0.223106 ^ clkbuf_4_4_0_wr_clk/A (sky130_fd_sc_hd__clkbuf_8)
    13    0.045053    0.068003    0.128410    0.351517 ^ clkbuf_4_4_0_wr_clk/X (sky130_fd_sc_hd__clkbuf_8)
                                                         clknet_4_4_0_wr_clk (net)
                      0.068166    0.002660    0.354177 ^ _764_/CLK (sky130_fd_sc_hd__dfxtp_1)
                                  0.250000    0.604177   clock uncertainty
                                  0.000000    0.604177   clock reconvergence pessimism
                                 -0.016608    0.587569   library hold time
                                              0.587569   data required time
---------------------------------------------------------------------------------------------
                                              0.587569   data required time
                                             -1.003265   data arrival time
---------------------------------------------------------------------------------------------
                                              0.415696   slack (MET)


Startpoint: _718_ (rising edge-triggered flip-flop clocked by wr_clk)
Endpoint: _718_ (rising edge-triggered flip-flop clocked by wr_clk)
Path Group: wr_clk
Path Type: min

Fanout         Cap        Slew       Delay        Time   Description
---------------------------------------------------------------------------------------------
                                  0.000000    0.000000   clock wr_clk (rise edge)
                                  0.000000    0.000000   clock source latency
     1    0.026396    0.093078    0.065140    0.065140 ^ wr_clk (in)
                                                         wr_clk (net)
                      0.093240    0.000000    0.065140 ^ clkbuf_0_wr_clk/A (sky130_fd_sc_hd__clkbuf_16)
    16    0.111341    0.097775    0.149638    0.214779 ^ clkbuf_0_wr_clk/X (sky130_fd_sc_hd__clkbuf_16)
                                                         clknet_0_wr_clk (net)
                      0.098877    0.008290    0.223068 ^ clkbuf_4_5_0_wr_clk/A (sky130_fd_sc_hd__clkbuf_8)
    14    0.043082    0.065571    0.126084    0.349152 ^ clkbuf_4_5_0_wr_clk/X (sky130_fd_sc_hd__clkbuf_8)
                                                         clknet_4_5_0_wr_clk (net)
                      0.066030    0.004345    0.353498 ^ _718_/CLK (sky130_fd_sc_hd__dfxtp_1)
     2    0.005872    0.049300    0.209134    0.562632 ^ _718_/Q (sky130_fd_sc_hd__dfxtp_1)
                                                         mem[6][6] (net)
                      0.049301    0.000324    0.562955 ^ hold67/A (sky130_fd_sc_hd__dlygate4sd3_1)
     1    0.002227    0.033965    0.371014    0.933969 ^ hold67/X (sky130_fd_sc_hd__dlygate4sd3_1)
                                                         net143 (net)
                      0.033965    0.000158    0.934128 ^ _577_/A0 (sky130_fd_sc_hd__mux2_1)
     1    0.002188    0.025262    0.068901    1.003028 ^ _577_/X (sky130_fd_sc_hd__mux2_1)
                                                         _086_ (net)
                      0.025262    0.000159    1.003187 ^ _718_/D (sky130_fd_sc_hd__dfxtp_1)
                                              1.003187   data arrival time

                                  0.000000    0.000000   clock wr_clk (rise edge)
                                  0.000000    0.000000   clock source latency
     1    0.026396    0.093078    0.065140    0.065140 ^ wr_clk (in)
                                                         wr_clk (net)
                      0.093240    0.000000    0.065140 ^ clkbuf_0_wr_clk/A (sky130_fd_sc_hd__clkbuf_16)
    16    0.111341    0.097775    0.149638    0.214779 ^ clkbuf_0_wr_clk/X (sky130_fd_sc_hd__clkbuf_16)
                                                         clknet_0_wr_clk (net)
                      0.098877    0.008290    0.223068 ^ clkbuf_4_5_0_wr_clk/A (sky130_fd_sc_hd__clkbuf_8)
    14    0.043082    0.065571    0.126084    0.349152 ^ clkbuf_4_5_0_wr_clk/X (sky130_fd_sc_hd__clkbuf_8)
                                                         clknet_4_5_0_wr_clk (net)
                      0.066030    0.004345    0.353498 ^ _718_/CLK (sky130_fd_sc_hd__dfxtp_1)
                                  0.250000    0.603498   clock uncertainty
                                  0.000000    0.603498   clock reconvergence pessimism
                                 -0.016060    0.587438   library hold time
                                              0.587438   data required time
---------------------------------------------------------------------------------------------
                                              0.587438   data required time
                                             -1.003187   data arrival time
---------------------------------------------------------------------------------------------
                                              0.415749   slack (MET)


Startpoint: _668_ (rising edge-triggered flip-flop clocked by wr_clk)
Endpoint: _668_ (rising edge-triggered flip-flop clocked by wr_clk)
Path Group: wr_clk
Path Type: min

Fanout         Cap        Slew       Delay        Time   Description
---------------------------------------------------------------------------------------------
                                  0.000000    0.000000   clock wr_clk (rise edge)
                                  0.000000    0.000000   clock source latency
     1    0.026396    0.093078    0.065140    0.065140 ^ wr_clk (in)
                                                         wr_clk (net)
                      0.093240    0.000000    0.065140 ^ clkbuf_0_wr_clk/A (sky130_fd_sc_hd__clkbuf_16)
    16    0.111341    0.097775    0.149638    0.214779 ^ clkbuf_0_wr_clk/X (sky130_fd_sc_hd__clkbuf_16)
                                                         clknet_0_wr_clk (net)
                      0.098042    0.004200    0.218979 ^ clkbuf_4_10_0_wr_clk/A (sky130_fd_sc_hd__clkbuf_8)
    13    0.044109    0.066827    0.127354    0.346333 ^ clkbuf_4_10_0_wr_clk/X (sky130_fd_sc_hd__clkbuf_8)
                                                         clknet_4_10_0_wr_clk (net)
                      0.067158    0.003724    0.350057 ^ _668_/CLK (sky130_fd_sc_hd__dfxtp_1)
     2    0.004999    0.043526    0.205278    0.555335 ^ _668_/Q (sky130_fd_sc_hd__dfxtp_1)
                                                         mem[11][4] (net)
                      0.043526    0.000243    0.555578 ^ hold123/A (sky130_fd_sc_hd__dlygate4sd3_1)
     1    0.002382    0.034839    0.370771    0.926349 ^ hold123/X (sky130_fd_sc_hd__dlygate4sd3_1)
                                                         net199 (net)
                      0.034839    0.000111    0.926460 ^ _519_/A1 (sky130_fd_sc_hd__mux2_1)
     1    0.002645    0.028030    0.072997    0.999456 ^ _519_/X (sky130_fd_sc_hd__mux2_1)
                                                         _036_ (net)
                      0.028030    0.000171    0.999628 ^ _668_/D (sky130_fd_sc_hd__dfxtp_1)
                                              0.999628   data arrival time

                                  0.000000    0.000000   clock wr_clk (rise edge)
                                  0.000000    0.000000   clock source latency
     1    0.026396    0.093078    0.065140    0.065140 ^ wr_clk (in)
                                                         wr_clk (net)
                      0.093240    0.000000    0.065140 ^ clkbuf_0_wr_clk/A (sky130_fd_sc_hd__clkbuf_16)
    16    0.111341    0.097775    0.149638    0.214779 ^ clkbuf_0_wr_clk/X (sky130_fd_sc_hd__clkbuf_16)
                                                         clknet_0_wr_clk (net)
                      0.098042    0.004200    0.218979 ^ clkbuf_4_10_0_wr_clk/A (sky130_fd_sc_hd__clkbuf_8)
    13    0.044109    0.066827    0.127354    0.346333 ^ clkbuf_4_10_0_wr_clk/X (sky130_fd_sc_hd__clkbuf_8)
                                                         clknet_4_10_0_wr_clk (net)
                      0.067158    0.003724    0.350057 ^ _668_/CLK (sky130_fd_sc_hd__dfxtp_1)
                                  0.250000    0.600057   clock uncertainty
                                  0.000000    0.600057   clock reconvergence pessimism
                                 -0.016228    0.583829   library hold time
                                              0.583829   data required time
---------------------------------------------------------------------------------------------
                                              0.583829   data required time
                                             -0.999628   data arrival time
---------------------------------------------------------------------------------------------
                                              0.415799   slack (MET)


Startpoint: _678_ (rising edge-triggered flip-flop clocked by wr_clk)
Endpoint: _678_ (rising edge-triggered flip-flop clocked by wr_clk)
Path Group: wr_clk
Path Type: min

Fanout         Cap        Slew       Delay        Time   Description
---------------------------------------------------------------------------------------------
                                  0.000000    0.000000   clock wr_clk (rise edge)
                                  0.000000    0.000000   clock source latency
     1    0.026396    0.093078    0.065140    0.065140 ^ wr_clk (in)
                                                         wr_clk (net)
                      0.093240    0.000000    0.065140 ^ clkbuf_0_wr_clk/A (sky130_fd_sc_hd__clkbuf_16)
    16    0.111341    0.097775    0.149638    0.214779 ^ clkbuf_0_wr_clk/X (sky130_fd_sc_hd__clkbuf_16)
                                                         clknet_0_wr_clk (net)
                      0.098830    0.008118    0.222897 ^ clkbuf_4_7_0_wr_clk/A (sky130_fd_sc_hd__clkbuf_8)
    11    0.042225    0.064508    0.126252    0.349149 ^ clkbuf_4_7_0_wr_clk/X (sky130_fd_sc_hd__clkbuf_8)
                                                         clknet_4_7_0_wr_clk (net)
                      0.064581    0.001163    0.350312 ^ _678_/CLK (sky130_fd_sc_hd__dfxtp_1)
     2    0.005123    0.044295    0.205177    0.555489 ^ _678_/Q (sky130_fd_sc_hd__dfxtp_1)
                                                         mem[1][6] (net)
                      0.044296    0.000287    0.555776 ^ hold49/A (sky130_fd_sc_hd__dlygate4sd3_1)
     1    0.002687    0.036574    0.372858    0.928634 ^ hold49/X (sky130_fd_sc_hd__dlygate4sd3_1)
                                                         net125 (net)
                      0.036574    0.000196    0.928830 ^ _531_/A0 (sky130_fd_sc_hd__mux2_1)
     1    0.002447    0.026682    0.070977    0.999807 ^ _531_/X (sky130_fd_sc_hd__mux2_1)
                                                         _046_ (net)
                      0.026683    0.000173    0.999979 ^ _678_/D (sky130_fd_sc_hd__dfxtp_1)
                                              0.999979   data arrival time

                                  0.000000    0.000000   clock wr_clk (rise edge)
                                  0.000000    0.000000   clock source latency
     1    0.026396    0.093078    0.065140    0.065140 ^ wr_clk (in)
                                                         wr_clk (net)
                      0.093240    0.000000    0.065140 ^ clkbuf_0_wr_clk/A (sky130_fd_sc_hd__clkbuf_16)
    16    0.111341    0.097775    0.149638    0.214779 ^ clkbuf_0_wr_clk/X (sky130_fd_sc_hd__clkbuf_16)
                                                         clknet_0_wr_clk (net)
                      0.098830    0.008118    0.222897 ^ clkbuf_4_7_0_wr_clk/A (sky130_fd_sc_hd__clkbuf_8)
    11    0.042225    0.064508    0.126252    0.349149 ^ clkbuf_4_7_0_wr_clk/X (sky130_fd_sc_hd__clkbuf_8)
                                                         clknet_4_7_0_wr_clk (net)
                      0.064581    0.001163    0.350312 ^ _678_/CLK (sky130_fd_sc_hd__dfxtp_1)
                                  0.250000    0.600312   clock uncertainty
                                  0.000000    0.600312   clock reconvergence pessimism
                                 -0.016195    0.584118   library hold time
                                              0.584118   data required time
---------------------------------------------------------------------------------------------
                                              0.584118   data required time
                                             -0.999979   data arrival time
---------------------------------------------------------------------------------------------
                                              0.415862   slack (MET)


Startpoint: _722_ (rising edge-triggered flip-flop clocked by wr_clk)
Endpoint: _722_ (rising edge-triggered flip-flop clocked by wr_clk)
Path Group: wr_clk
Path Type: min

Fanout         Cap        Slew       Delay        Time   Description
---------------------------------------------------------------------------------------------
                                  0.000000    0.000000   clock wr_clk (rise edge)
                                  0.000000    0.000000   clock source latency
     1    0.026396    0.093078    0.065140    0.065140 ^ wr_clk (in)
                                                         wr_clk (net)
                      0.093240    0.000000    0.065140 ^ clkbuf_0_wr_clk/A (sky130_fd_sc_hd__clkbuf_16)
    16    0.111341    0.097775    0.149638    0.214779 ^ clkbuf_0_wr_clk/X (sky130_fd_sc_hd__clkbuf_16)
                                                         clknet_0_wr_clk (net)
                      0.098815    0.008061    0.222840 ^ clkbuf_4_6_0_wr_clk/A (sky130_fd_sc_hd__clkbuf_8)
     9    0.036690    0.057775    0.121172    0.344012 ^ clkbuf_4_6_0_wr_clk/X (sky130_fd_sc_hd__clkbuf_8)
                                                         clknet_4_6_0_wr_clk (net)
                      0.058055    0.002922    0.346934 ^ _722_/CLK (sky130_fd_sc_hd__dfxtp_1)
     2    0.005426    0.046299    0.204920    0.551854 ^ _722_/Q (sky130_fd_sc_hd__dfxtp_1)
                                                         mem[2][2] (net)
                      0.046301    0.000333    0.552187 ^ hold17/A (sky130_fd_sc_hd__dlygate4sd3_1)
     1    0.002765    0.037070    0.373789    0.925976 ^ hold17/X (sky130_fd_sc_hd__dlygate4sd3_1)
                                                         net93 (net)
                      0.037070    0.000200    0.926176 ^ _582_/A0 (sky130_fd_sc_hd__mux2_1)
     1    0.002284    0.025782    0.070267    0.996444 ^ _582_/X (sky130_fd_sc_hd__mux2_1)
                                                         _090_ (net)
                      0.025782    0.000164    0.996607 ^ _722_/D (sky130_fd_sc_hd__dfxtp_1)
                                              0.996607   data arrival time

                                  0.000000    0.000000   clock wr_clk (rise edge)
                                  0.000000    0.000000   clock source latency
     1    0.026396    0.093078    0.065140    0.065140 ^ wr_clk (in)
                                                         wr_clk (net)
                      0.093240    0.000000    0.065140 ^ clkbuf_0_wr_clk/A (sky130_fd_sc_hd__clkbuf_16)
    16    0.111341    0.097775    0.149638    0.214779 ^ clkbuf_0_wr_clk/X (sky130_fd_sc_hd__clkbuf_16)
                                                         clknet_0_wr_clk (net)
                      0.098815    0.008061    0.222840 ^ clkbuf_4_6_0_wr_clk/A (sky130_fd_sc_hd__clkbuf_8)
     9    0.036690    0.057775    0.121172    0.344012 ^ clkbuf_4_6_0_wr_clk/X (sky130_fd_sc_hd__clkbuf_8)
                                                         clknet_4_6_0_wr_clk (net)
                      0.058055    0.002922    0.346934 ^ _722_/CLK (sky130_fd_sc_hd__dfxtp_1)
                                  0.250000    0.596934   clock uncertainty
                                  0.000000    0.596934   clock reconvergence pessimism
                                 -0.016287    0.580647   library hold time
                                              0.580647   data required time
---------------------------------------------------------------------------------------------
                                              0.580647   data required time
                                             -0.996607   data arrival time
---------------------------------------------------------------------------------------------
                                              0.415960   slack (MET)


Startpoint: _679_ (rising edge-triggered flip-flop clocked by wr_clk)
Endpoint: _679_ (rising edge-triggered flip-flop clocked by wr_clk)
Path Group: wr_clk
Path Type: min

Fanout         Cap        Slew       Delay        Time   Description
---------------------------------------------------------------------------------------------
                                  0.000000    0.000000   clock wr_clk (rise edge)
                                  0.000000    0.000000   clock source latency
     1    0.026396    0.093078    0.065140    0.065140 ^ wr_clk (in)
                                                         wr_clk (net)
                      0.093240    0.000000    0.065140 ^ clkbuf_0_wr_clk/A (sky130_fd_sc_hd__clkbuf_16)
    16    0.111341    0.097775    0.149638    0.214779 ^ clkbuf_0_wr_clk/X (sky130_fd_sc_hd__clkbuf_16)
                                                         clknet_0_wr_clk (net)
                      0.098900    0.008375    0.223153 ^ clkbuf_4_1_0_wr_clk/A (sky130_fd_sc_hd__clkbuf_8)
    14    0.043141    0.065631    0.127001    0.350154 ^ clkbuf_4_1_0_wr_clk/X (sky130_fd_sc_hd__clkbuf_8)
                                                         clknet_4_1_0_wr_clk (net)
                      0.065789    0.002220    0.352374 ^ _679_/CLK (sky130_fd_sc_hd__dfxtp_1)
     2    0.005059    0.043872    0.205181    0.557555 ^ _679_/Q (sky130_fd_sc_hd__dfxtp_1)
                                                         mem[1][7] (net)
                      0.043874    0.000301    0.557855 ^ hold39/A (sky130_fd_sc_hd__dlygate4sd3_1)
     1    0.002928    0.038109    0.374323    0.932179 ^ hold39/X (sky130_fd_sc_hd__dlygate4sd3_1)
                                                         net115 (net)
                      0.038109    0.000179    0.932357 ^ _532_/A0 (sky130_fd_sc_hd__mux2_1)
     1    0.002161    0.025110    0.069920    1.002277 ^ _532_/X (sky130_fd_sc_hd__mux2_1)
                                                         _047_ (net)
                      0.025111    0.000156    1.002433 ^ _679_/D (sky130_fd_sc_hd__dfxtp_1)
                                              1.002433   data arrival time

                                  0.000000    0.000000   clock wr_clk (rise edge)
                                  0.000000    0.000000   clock source latency
     1    0.026396    0.093078    0.065140    0.065140 ^ wr_clk (in)
                                                         wr_clk (net)
                      0.093240    0.000000    0.065140 ^ clkbuf_0_wr_clk/A (sky130_fd_sc_hd__clkbuf_16)
    16    0.111341    0.097775    0.149638    0.214779 ^ clkbuf_0_wr_clk/X (sky130_fd_sc_hd__clkbuf_16)
                                                         clknet_0_wr_clk (net)
                      0.098900    0.008375    0.223153 ^ clkbuf_4_1_0_wr_clk/A (sky130_fd_sc_hd__clkbuf_8)
    14    0.043141    0.065631    0.127001    0.350154 ^ clkbuf_4_1_0_wr_clk/X (sky130_fd_sc_hd__clkbuf_8)
                                                         clknet_4_1_0_wr_clk (net)
                      0.065789    0.002220    0.352374 ^ _679_/CLK (sky130_fd_sc_hd__dfxtp_1)
                                  0.250000    0.602374   clock uncertainty
                                  0.000000    0.602374   clock reconvergence pessimism
                                 -0.016055    0.586319   library hold time
                                              0.586319   data required time
---------------------------------------------------------------------------------------------
                                              0.586319   data required time
                                             -1.002433   data arrival time
---------------------------------------------------------------------------------------------
                                              0.416114   slack (MET)


Startpoint: _743_ (rising edge-triggered flip-flop clocked by wr_clk)
Endpoint: _743_ (rising edge-triggered flip-flop clocked by wr_clk)
Path Group: wr_clk
Path Type: min

Fanout         Cap        Slew       Delay        Time   Description
---------------------------------------------------------------------------------------------
                                  0.000000    0.000000   clock wr_clk (rise edge)
                                  0.000000    0.000000   clock source latency
     1    0.026396    0.093078    0.065140    0.065140 ^ wr_clk (in)
                                                         wr_clk (net)
                      0.093240    0.000000    0.065140 ^ clkbuf_0_wr_clk/A (sky130_fd_sc_hd__clkbuf_16)
    16    0.111341    0.097775    0.149638    0.214779 ^ clkbuf_0_wr_clk/X (sky130_fd_sc_hd__clkbuf_16)
                                                         clknet_0_wr_clk (net)
                      0.098877    0.008290    0.223068 ^ clkbuf_4_5_0_wr_clk/A (sky130_fd_sc_hd__clkbuf_8)
    14    0.043082    0.065571    0.126084    0.349152 ^ clkbuf_4_5_0_wr_clk/X (sky130_fd_sc_hd__clkbuf_8)
                                                         clknet_4_5_0_wr_clk (net)
                      0.065971    0.004061    0.353213 ^ _743_/CLK (sky130_fd_sc_hd__dfxtp_1)
     2    0.006130    0.051016    0.210355    0.563568 ^ _743_/Q (sky130_fd_sc_hd__dfxtp_1)
                                                         mem[5][6] (net)
                      0.051017    0.000327    0.563895 ^ hold45/A (sky130_fd_sc_hd__dlygate4sd3_1)
     1    0.002143    0.033523    0.370856    0.934750 ^ hold45/X (sky130_fd_sc_hd__dlygate4sd3_1)
                                                         net121 (net)
                      0.033523    0.000102    0.934852 ^ _604_/A0 (sky130_fd_sc_hd__mux2_1)
     1    0.002128    0.024933    0.068463    1.003316 ^ _604_/X (sky130_fd_sc_hd__mux2_1)
                                                         _110_ (net)
                      0.024933    0.000154    1.003470 ^ _743_/D (sky130_fd_sc_hd__dfxtp_1)
                                              1.003470   data arrival time

                                  0.000000    0.000000   clock wr_clk (rise edge)
                                  0.000000    0.000000   clock source latency
     1    0.026396    0.093078    0.065140    0.065140 ^ wr_clk (in)
                                                         wr_clk (net)
                      0.093240    0.000000    0.065140 ^ clkbuf_0_wr_clk/A (sky130_fd_sc_hd__clkbuf_16)
    16    0.111341    0.097775    0.149638    0.214779 ^ clkbuf_0_wr_clk/X (sky130_fd_sc_hd__clkbuf_16)
                                                         clknet_0_wr_clk (net)
                      0.098877    0.008290    0.223068 ^ clkbuf_4_5_0_wr_clk/A (sky130_fd_sc_hd__clkbuf_8)
    14    0.043082    0.065571    0.126084    0.349152 ^ clkbuf_4_5_0_wr_clk/X (sky130_fd_sc_hd__clkbuf_8)
                                                         clknet_4_5_0_wr_clk (net)
                      0.065971    0.004061    0.353213 ^ _743_/CLK (sky130_fd_sc_hd__dfxtp_1)
                                  0.250000    0.603213   clock uncertainty
                                  0.000000    0.603213   clock reconvergence pessimism
                                 -0.016038    0.587175   library hold time
                                              0.587175   data required time
---------------------------------------------------------------------------------------------
                                              0.587175   data required time
                                             -1.003470   data arrival time
---------------------------------------------------------------------------------------------
                                              0.416295   slack (MET)


Startpoint: _715_ (rising edge-triggered flip-flop clocked by wr_clk)
Endpoint: _715_ (rising edge-triggered flip-flop clocked by wr_clk)
Path Group: wr_clk
Path Type: min

Fanout         Cap        Slew       Delay        Time   Description
---------------------------------------------------------------------------------------------
                                  0.000000    0.000000   clock wr_clk (rise edge)
                                  0.000000    0.000000   clock source latency
     1    0.026396    0.093078    0.065140    0.065140 ^ wr_clk (in)
                                                         wr_clk (net)
                      0.093240    0.000000    0.065140 ^ clkbuf_0_wr_clk/A (sky130_fd_sc_hd__clkbuf_16)
    16    0.111341    0.097775    0.149638    0.214779 ^ clkbuf_0_wr_clk/X (sky130_fd_sc_hd__clkbuf_16)
                                                         clknet_0_wr_clk (net)
                      0.098763    0.007861    0.222639 ^ clkbuf_4_2_0_wr_clk/A (sky130_fd_sc_hd__clkbuf_8)
    13    0.042444    0.064786    0.125586    0.348225 ^ clkbuf_4_2_0_wr_clk/X (sky130_fd_sc_hd__clkbuf_8)
                                                         clknet_4_2_0_wr_clk (net)
                      0.064985    0.002870    0.351095 ^ _715_/CLK (sky130_fd_sc_hd__dfxtp_1)
     2    0.004991    0.043472    0.204684    0.555780 ^ _715_/Q (sky130_fd_sc_hd__dfxtp_1)
                                                         mem[6][3] (net)
                      0.043472    0.000171    0.555951 ^ hold68/A (sky130_fd_sc_hd__dlygate4sd3_1)
     1    0.002256    0.034124    0.369950    0.925900 ^ hold68/X (sky130_fd_sc_hd__dlygate4sd3_1)
                                                         net144 (net)
                      0.034124    0.000149    0.926049 ^ _574_/A0 (sky130_fd_sc_hd__mux2_1)
     1    0.003298    0.031540    0.074707    1.000756 ^ _574_/X (sky130_fd_sc_hd__mux2_1)
                                                         _083_ (net)
                      0.031541    0.000243    1.000999 ^ _715_/D (sky130_fd_sc_hd__dfxtp_1)
                                              1.000999   data arrival time

                                  0.000000    0.000000   clock wr_clk (rise edge)
                                  0.000000    0.000000   clock source latency
     1    0.026396    0.093078    0.065140    0.065140 ^ wr_clk (in)
                                                         wr_clk (net)
                      0.093240    0.000000    0.065140 ^ clkbuf_0_wr_clk/A (sky130_fd_sc_hd__clkbuf_16)
    16    0.111341    0.097775    0.149638    0.214779 ^ clkbuf_0_wr_clk/X (sky130_fd_sc_hd__clkbuf_16)
                                                         clknet_0_wr_clk (net)
                      0.098763    0.007861    0.222639 ^ clkbuf_4_2_0_wr_clk/A (sky130_fd_sc_hd__clkbuf_8)
    13    0.042444    0.064786    0.125586    0.348225 ^ clkbuf_4_2_0_wr_clk/X (sky130_fd_sc_hd__clkbuf_8)
                                                         clknet_4_2_0_wr_clk (net)
                      0.064985    0.002870    0.351095 ^ _715_/CLK (sky130_fd_sc_hd__dfxtp_1)
                                  0.250000    0.601095   clock uncertainty
                                  0.000000    0.601095   clock reconvergence pessimism
                                 -0.016527    0.584568   library hold time
                                              0.584568   data required time
---------------------------------------------------------------------------------------------
                                              0.584568   data required time
                                             -1.000999   data arrival time
---------------------------------------------------------------------------------------------
                                              0.416431   slack (MET)


Startpoint: _763_ (rising edge-triggered flip-flop clocked by wr_clk)
Endpoint: _763_ (rising edge-triggered flip-flop clocked by wr_clk)
Path Group: wr_clk
Path Type: min

Fanout         Cap        Slew       Delay        Time   Description
---------------------------------------------------------------------------------------------
                                  0.000000    0.000000   clock wr_clk (rise edge)
                                  0.000000    0.000000   clock source latency
     1    0.026396    0.093078    0.065140    0.065140 ^ wr_clk (in)
                                                         wr_clk (net)
                      0.093240    0.000000    0.065140 ^ clkbuf_0_wr_clk/A (sky130_fd_sc_hd__clkbuf_16)
    16    0.111341    0.097775    0.149638    0.214779 ^ clkbuf_0_wr_clk/X (sky130_fd_sc_hd__clkbuf_16)
                                                         clknet_0_wr_clk (net)
                      0.098221    0.005364    0.220143 ^ clkbuf_4_8_0_wr_clk/A (sky130_fd_sc_hd__clkbuf_8)
     7    0.035608    0.056478    0.120291    0.340434 ^ clkbuf_4_8_0_wr_clk/X (sky130_fd_sc_hd__clkbuf_8)
                                                         clknet_4_8_0_wr_clk (net)
                      0.056625    0.001990    0.342424 ^ _763_/CLK (sky130_fd_sc_hd__dfxtp_1)
     2    0.004745    0.041813    0.201291    0.543715 ^ _763_/Q (sky130_fd_sc_hd__dfxtp_1)
                                                         mem[4][1] (net)
                      0.041814    0.000271    0.543986 ^ hold35/A (sky130_fd_sc_hd__dlygate4sd3_1)
     1    0.002459    0.035259    0.370886    0.914872 ^ hold35/X (sky130_fd_sc_hd__dlygate4sd3_1)
                                                         net111 (net)
                      0.035259    0.000158    0.915030 ^ _608_/A0 (sky130_fd_sc_hd__mux2_1)
     1    0.003639    0.033495    0.076781    0.991811 ^ _608_/X (sky130_fd_sc_hd__mux2_1)
                                                         _113_ (net)
                      0.033497    0.000283    0.992094 ^ _763_/D (sky130_fd_sc_hd__dfxtp_1)
                                              0.992094   data arrival time

                                  0.000000    0.000000   clock wr_clk (rise edge)
                                  0.000000    0.000000   clock source latency
     1    0.026396    0.093078    0.065140    0.065140 ^ wr_clk (in)
                                                         wr_clk (net)
                      0.093240    0.000000    0.065140 ^ clkbuf_0_wr_clk/A (sky130_fd_sc_hd__clkbuf_16)
    16    0.111341    0.097775    0.149638    0.214779 ^ clkbuf_0_wr_clk/X (sky130_fd_sc_hd__clkbuf_16)
                                                         clknet_0_wr_clk (net)
                      0.098221    0.005364    0.220143 ^ clkbuf_4_8_0_wr_clk/A (sky130_fd_sc_hd__clkbuf_8)
     7    0.035608    0.056478    0.120291    0.340434 ^ clkbuf_4_8_0_wr_clk/X (sky130_fd_sc_hd__clkbuf_8)
                                                         clknet_4_8_0_wr_clk (net)
                      0.056625    0.001990    0.342424 ^ _763_/CLK (sky130_fd_sc_hd__dfxtp_1)
                                  0.250000    0.592424   clock uncertainty
                                  0.000000    0.592424   clock reconvergence pessimism
                                 -0.016865    0.575559   library hold time
                                              0.575559   data required time
---------------------------------------------------------------------------------------------
                                              0.575559   data required time
                                             -0.992094   data arrival time
---------------------------------------------------------------------------------------------
                                              0.416535   slack (MET)


Startpoint: _725_ (rising edge-triggered flip-flop clocked by wr_clk)
Endpoint: _725_ (rising edge-triggered flip-flop clocked by wr_clk)
Path Group: wr_clk
Path Type: min

Fanout         Cap        Slew       Delay        Time   Description
---------------------------------------------------------------------------------------------
                                  0.000000    0.000000   clock wr_clk (rise edge)
                                  0.000000    0.000000   clock source latency
     1    0.026396    0.093078    0.065140    0.065140 ^ wr_clk (in)
                                                         wr_clk (net)
                      0.093240    0.000000    0.065140 ^ clkbuf_0_wr_clk/A (sky130_fd_sc_hd__clkbuf_16)
    16    0.111341    0.097775    0.149638    0.214779 ^ clkbuf_0_wr_clk/X (sky130_fd_sc_hd__clkbuf_16)
                                                         clknet_0_wr_clk (net)
                      0.098856    0.008215    0.222994 ^ clkbuf_4_0_0_wr_clk/A (sky130_fd_sc_hd__clkbuf_8)
    14    0.043323    0.065832    0.126089    0.349083 ^ clkbuf_4_0_0_wr_clk/X (sky130_fd_sc_hd__clkbuf_8)
                                                         clknet_4_0_0_wr_clk (net)
                      0.066416    0.004902    0.353985 ^ _725_/CLK (sky130_fd_sc_hd__dfxtp_1)
     2    0.005537    0.047024    0.207631    0.561616 ^ _725_/Q (sky130_fd_sc_hd__dfxtp_1)
                                                         mem[2][5] (net)
                      0.047025    0.000314    0.561930 ^ hold29/A (sky130_fd_sc_hd__dlygate4sd3_1)
     1    0.002315    0.034448    0.371080    0.933010 ^ hold29/X (sky130_fd_sc_hd__dlygate4sd3_1)
                                                         net105 (net)
                      0.034448    0.000161    0.933172 ^ _585_/A0 (sky130_fd_sc_hd__mux2_1)
     1    0.002597    0.027531    0.071198    1.004369 ^ _585_/X (sky130_fd_sc_hd__mux2_1)
                                                         _093_ (net)
                      0.027531    0.000105    1.004475 ^ _725_/D (sky130_fd_sc_hd__dfxtp_1)
                                              1.004475   data arrival time

                                  0.000000    0.000000   clock wr_clk (rise edge)
                                  0.000000    0.000000   clock source latency
     1    0.026396    0.093078    0.065140    0.065140 ^ wr_clk (in)
                                                         wr_clk (net)
                      0.093240    0.000000    0.065140 ^ clkbuf_0_wr_clk/A (sky130_fd_sc_hd__clkbuf_16)
    16    0.111341    0.097775    0.149638    0.214779 ^ clkbuf_0_wr_clk/X (sky130_fd_sc_hd__clkbuf_16)
                                                         clknet_0_wr_clk (net)
                      0.098856    0.008215    0.222994 ^ clkbuf_4_0_0_wr_clk/A (sky130_fd_sc_hd__clkbuf_8)
    14    0.043323    0.065832    0.126089    0.349083 ^ clkbuf_4_0_0_wr_clk/X (sky130_fd_sc_hd__clkbuf_8)
                                                         clknet_4_0_0_wr_clk (net)
                      0.066416    0.004902    0.353985 ^ _725_/CLK (sky130_fd_sc_hd__dfxtp_1)
                                  0.250000    0.603985   clock uncertainty
                                  0.000000    0.603985   clock reconvergence pessimism
                                 -0.016211    0.587774   library hold time
                                              0.587774   data required time
---------------------------------------------------------------------------------------------
                                              0.587774   data required time
                                             -1.004475   data arrival time
---------------------------------------------------------------------------------------------
                                              0.416701   slack (MET)


Startpoint: _795_ (rising edge-triggered flip-flop clocked by wr_clk)
Endpoint: _795_ (rising edge-triggered flip-flop clocked by wr_clk)
Path Group: wr_clk
Path Type: min

Fanout         Cap        Slew       Delay        Time   Description
---------------------------------------------------------------------------------------------
                                  0.000000    0.000000   clock wr_clk (rise edge)
                                  0.000000    0.000000   clock source latency
     1    0.026396    0.093078    0.065140    0.065140 ^ wr_clk (in)
                                                         wr_clk (net)
                      0.093240    0.000000    0.065140 ^ clkbuf_0_wr_clk/A (sky130_fd_sc_hd__clkbuf_16)
    16    0.111341    0.097775    0.149638    0.214779 ^ clkbuf_0_wr_clk/X (sky130_fd_sc_hd__clkbuf_16)
                                                         clknet_0_wr_clk (net)
                      0.098142    0.004888    0.219666 ^ clkbuf_4_12_0_wr_clk/A (sky130_fd_sc_hd__clkbuf_8)
     8    0.038111    0.059332    0.122910    0.342576 ^ clkbuf_4_12_0_wr_clk/X (sky130_fd_sc_hd__clkbuf_8)
                                                         clknet_4_12_0_wr_clk (net)
                      0.059370    0.001354    0.343930 ^ _795_/CLK (sky130_fd_sc_hd__dfxtp_1)
     2    0.005725    0.048270    0.206688    0.550618 ^ _795_/Q (sky130_fd_sc_hd__dfxtp_1)
                                                         mem[15][1] (net)
                      0.048271    0.000329    0.550947 ^ hold100/A (sky130_fd_sc_hd__dlygate4sd3_1)
     1    0.002521    0.035635    0.372680    0.923627 ^ hold100/X (sky130_fd_sc_hd__dlygate4sd3_1)
                                                         net176 (net)
                      0.035635    0.000115    0.923741 ^ _616_/A1 (sky130_fd_sc_hd__mux2_1)
     1    0.002128    0.025166    0.070568    0.994310 ^ _616_/X (sky130_fd_sc_hd__mux2_1)
                                                         _121_ (net)
                      0.025166    0.000154    0.994463 ^ _795_/D (sky130_fd_sc_hd__dfxtp_1)
                                              0.994463   data arrival time

                                  0.000000    0.000000   clock wr_clk (rise edge)
                                  0.000000    0.000000   clock source latency
     1    0.026396    0.093078    0.065140    0.065140 ^ wr_clk (in)
                                                         wr_clk (net)
                      0.093240    0.000000    0.065140 ^ clkbuf_0_wr_clk/A (sky130_fd_sc_hd__clkbuf_16)
    16    0.111341    0.097775    0.149638    0.214779 ^ clkbuf_0_wr_clk/X (sky130_fd_sc_hd__clkbuf_16)
                                                         clknet_0_wr_clk (net)
                      0.098142    0.004888    0.219666 ^ clkbuf_4_12_0_wr_clk/A (sky130_fd_sc_hd__clkbuf_8)
     8    0.038111    0.059332    0.122910    0.342576 ^ clkbuf_4_12_0_wr_clk/X (sky130_fd_sc_hd__clkbuf_8)
                                                         clknet_4_12_0_wr_clk (net)
                      0.059370    0.001354    0.343930 ^ _795_/CLK (sky130_fd_sc_hd__dfxtp_1)
                                  0.250000    0.593930   clock uncertainty
                                  0.000000    0.593930   clock reconvergence pessimism
                                 -0.016212    0.577718   library hold time
                                              0.577718   data required time
---------------------------------------------------------------------------------------------
                                              0.577718   data required time
                                             -0.994463   data arrival time
---------------------------------------------------------------------------------------------
                                              0.416745   slack (MET)


Startpoint: _661_ (rising edge-triggered flip-flop clocked by wr_clk)
Endpoint: _661_ (rising edge-triggered flip-flop clocked by wr_clk)
Path Group: wr_clk
Path Type: min

Fanout         Cap        Slew       Delay        Time   Description
---------------------------------------------------------------------------------------------
                                  0.000000    0.000000   clock wr_clk (rise edge)
                                  0.000000    0.000000   clock source latency
     1    0.026396    0.093078    0.065140    0.065140 ^ wr_clk (in)
                                                         wr_clk (net)
                      0.093240    0.000000    0.065140 ^ clkbuf_0_wr_clk/A (sky130_fd_sc_hd__clkbuf_16)
    16    0.111341    0.097775    0.149638    0.214779 ^ clkbuf_0_wr_clk/X (sky130_fd_sc_hd__clkbuf_16)
                                                         clknet_0_wr_clk (net)
                      0.098763    0.007861    0.222639 ^ clkbuf_4_2_0_wr_clk/A (sky130_fd_sc_hd__clkbuf_8)
    13    0.042444    0.064786    0.125586    0.348225 ^ clkbuf_4_2_0_wr_clk/X (sky130_fd_sc_hd__clkbuf_8)
                                                         clknet_4_2_0_wr_clk (net)
                      0.064955    0.002654    0.350879 ^ _661_/CLK (sky130_fd_sc_hd__dfxtp_1)
     2    0.005508    0.046890    0.207154    0.558033 ^ _661_/Q (sky130_fd_sc_hd__dfxtp_1)
                                                         mem[12][5] (net)
                      0.046890    0.000225    0.558258 ^ hold99/A (sky130_fd_sc_hd__dlygate4sd3_1)
     1    0.002230    0.033981    0.370517    0.928775 ^ hold99/X (sky130_fd_sc_hd__dlygate4sd3_1)
                                                         net175 (net)
                      0.033981    0.000149    0.928925 ^ _510_/A0 (sky130_fd_sc_hd__mux2_1)
     1    0.002816    0.028771    0.072164    1.001089 ^ _510_/X (sky130_fd_sc_hd__mux2_1)
                                                         _029_ (net)
                      0.028772    0.000204    1.001293 ^ _661_/D (sky130_fd_sc_hd__dfxtp_1)
                                              1.001293   data arrival time

                                  0.000000    0.000000   clock wr_clk (rise edge)
                                  0.000000    0.000000   clock source latency
     1    0.026396    0.093078    0.065140    0.065140 ^ wr_clk (in)
                                                         wr_clk (net)
                      0.093240    0.000000    0.065140 ^ clkbuf_0_wr_clk/A (sky130_fd_sc_hd__clkbuf_16)
    16    0.111341    0.097775    0.149638    0.214779 ^ clkbuf_0_wr_clk/X (sky130_fd_sc_hd__clkbuf_16)
                                                         clknet_0_wr_clk (net)
                      0.098763    0.007861    0.222639 ^ clkbuf_4_2_0_wr_clk/A (sky130_fd_sc_hd__clkbuf_8)
    13    0.042444    0.064786    0.125586    0.348225 ^ clkbuf_4_2_0_wr_clk/X (sky130_fd_sc_hd__clkbuf_8)
                                                         clknet_4_2_0_wr_clk (net)
                      0.064955    0.002654    0.350879 ^ _661_/CLK (sky130_fd_sc_hd__dfxtp_1)
                                  0.250000    0.600879   clock uncertainty
                                  0.000000    0.600879   clock reconvergence pessimism
                                 -0.016333    0.584546   library hold time
                                              0.584546   data required time
---------------------------------------------------------------------------------------------
                                              0.584546   data required time
                                             -1.001293   data arrival time
---------------------------------------------------------------------------------------------
                                              0.416746   slack (MET)


Startpoint: _673_ (rising edge-triggered flip-flop clocked by wr_clk)
Endpoint: _673_ (rising edge-triggered flip-flop clocked by wr_clk)
Path Group: wr_clk
Path Type: min

Fanout         Cap        Slew       Delay        Time   Description
---------------------------------------------------------------------------------------------
                                  0.000000    0.000000   clock wr_clk (rise edge)
                                  0.000000    0.000000   clock source latency
     1    0.026396    0.093078    0.065140    0.065140 ^ wr_clk (in)
                                                         wr_clk (net)
                      0.093240    0.000000    0.065140 ^ clkbuf_0_wr_clk/A (sky130_fd_sc_hd__clkbuf_16)
    16    0.111341    0.097775    0.149638    0.214779 ^ clkbuf_0_wr_clk/X (sky130_fd_sc_hd__clkbuf_16)
                                                         clknet_0_wr_clk (net)
                      0.098229    0.005409    0.220187 ^ clkbuf_4_9_0_wr_clk/A (sky130_fd_sc_hd__clkbuf_8)
    10    0.039913    0.061692    0.124296    0.344483 ^ clkbuf_4_9_0_wr_clk/X (sky130_fd_sc_hd__clkbuf_8)
                                                         clknet_4_9_0_wr_clk (net)
                      0.061758    0.001086    0.345569 ^ _673_/CLK (sky130_fd_sc_hd__dfxtp_1)
     2    0.006118    0.050940    0.209193    0.554762 ^ _673_/Q (sky130_fd_sc_hd__dfxtp_1)
                                                         mem[1][1] (net)
                      0.050941    0.000322    0.555083 ^ hold16/A (sky130_fd_sc_hd__dlygate4sd3_1)
     1    0.002121    0.033409    0.370707    0.925791 ^ hold16/X (sky130_fd_sc_hd__dlygate4sd3_1)
                                                         net92 (net)
                      0.033409    0.000094    0.925884 ^ _526_/A0 (sky130_fd_sc_hd__mux2_1)
     1    0.002439    0.026639    0.070046    0.995931 ^ _526_/X (sky130_fd_sc_hd__mux2_1)
                                                         _041_ (net)
                      0.026641    0.000177    0.996107 ^ _673_/D (sky130_fd_sc_hd__dfxtp_1)
                                              0.996107   data arrival time

                                  0.000000    0.000000   clock wr_clk (rise edge)
                                  0.000000    0.000000   clock source latency
     1    0.026396    0.093078    0.065140    0.065140 ^ wr_clk (in)
                                                         wr_clk (net)
                      0.093240    0.000000    0.065140 ^ clkbuf_0_wr_clk/A (sky130_fd_sc_hd__clkbuf_16)
    16    0.111341    0.097775    0.149638    0.214779 ^ clkbuf_0_wr_clk/X (sky130_fd_sc_hd__clkbuf_16)
                                                         clknet_0_wr_clk (net)
                      0.098229    0.005409    0.220187 ^ clkbuf_4_9_0_wr_clk/A (sky130_fd_sc_hd__clkbuf_8)
    10    0.039913    0.061692    0.124296    0.344483 ^ clkbuf_4_9_0_wr_clk/X (sky130_fd_sc_hd__clkbuf_8)
                                                         clknet_4_9_0_wr_clk (net)
                      0.061758    0.001086    0.345569 ^ _673_/CLK (sky130_fd_sc_hd__dfxtp_1)
                                  0.250000    0.595568   clock uncertainty
                                  0.000000    0.595568   clock reconvergence pessimism
                                 -0.016259    0.579310   library hold time
                                              0.579310   data required time
---------------------------------------------------------------------------------------------
                                              0.579310   data required time
                                             -0.996107   data arrival time
---------------------------------------------------------------------------------------------
                                              0.416798   slack (MET)


Startpoint: _737_ (rising edge-triggered flip-flop clocked by wr_clk)
Endpoint: _737_ (rising edge-triggered flip-flop clocked by wr_clk)
Path Group: wr_clk
Path Type: min

Fanout         Cap        Slew       Delay        Time   Description
---------------------------------------------------------------------------------------------
                                  0.000000    0.000000   clock wr_clk (rise edge)
                                  0.000000    0.000000   clock source latency
     1    0.026396    0.093078    0.065140    0.065140 ^ wr_clk (in)
                                                         wr_clk (net)
                      0.093240    0.000000    0.065140 ^ clkbuf_0_wr_clk/A (sky130_fd_sc_hd__clkbuf_16)
    16    0.111341    0.097775    0.149638    0.214779 ^ clkbuf_0_wr_clk/X (sky130_fd_sc_hd__clkbuf_16)
                                                         clknet_0_wr_clk (net)
                      0.098830    0.008118    0.222897 ^ clkbuf_4_7_0_wr_clk/A (sky130_fd_sc_hd__clkbuf_8)
    11    0.042225    0.064508    0.126252    0.349149 ^ clkbuf_4_7_0_wr_clk/X (sky130_fd_sc_hd__clkbuf_8)
                                                         clknet_4_7_0_wr_clk (net)
                      0.064645    0.001984    0.351134 ^ _737_/CLK (sky130_fd_sc_hd__dfxtp_1)
     2    0.005812    0.048900    0.208517    0.559651 ^ _737_/Q (sky130_fd_sc_hd__dfxtp_1)
                                                         mem[5][0] (net)
                      0.048900    0.000282    0.559933 ^ hold10/A (sky130_fd_sc_hd__dlygate4sd3_1)
     1    0.002169    0.033651    0.370561    0.930494 ^ hold10/X (sky130_fd_sc_hd__dlygate4sd3_1)
                                                         net86 (net)
                      0.033651    0.000149    0.930642 ^ _598_/A0 (sky130_fd_sc_hd__mux2_1)
     1    0.002620    0.027657    0.071055    1.001697 ^ _598_/X (sky130_fd_sc_hd__mux2_1)
                                                         _104_ (net)
                      0.027658    0.000191    1.001888 ^ _737_/D (sky130_fd_sc_hd__dfxtp_1)
                                              1.001888   data arrival time

                                  0.000000    0.000000   clock wr_clk (rise edge)
                                  0.000000    0.000000   clock source latency
     1    0.026396    0.093078    0.065140    0.065140 ^ wr_clk (in)
                                                         wr_clk (net)
                      0.093240    0.000000    0.065140 ^ clkbuf_0_wr_clk/A (sky130_fd_sc_hd__clkbuf_16)
    16    0.111341    0.097775    0.149638    0.214779 ^ clkbuf_0_wr_clk/X (sky130_fd_sc_hd__clkbuf_16)
                                                         clknet_0_wr_clk (net)
                      0.098830    0.008118    0.222897 ^ clkbuf_4_7_0_wr_clk/A (sky130_fd_sc_hd__clkbuf_8)
    11    0.042225    0.064508    0.126252    0.349149 ^ clkbuf_4_7_0_wr_clk/X (sky130_fd_sc_hd__clkbuf_8)
                                                         clknet_4_7_0_wr_clk (net)
                      0.064645    0.001984    0.351134 ^ _737_/CLK (sky130_fd_sc_hd__dfxtp_1)
                                  0.250000    0.601134   clock uncertainty
                                  0.000000    0.601134   clock reconvergence pessimism
                                 -0.016262    0.584872   library hold time
                                              0.584872   data required time
---------------------------------------------------------------------------------------------
                                              0.584872   data required time
                                             -1.001888   data arrival time
---------------------------------------------------------------------------------------------
                                              0.417016   slack (MET)


Startpoint: _799_ (rising edge-triggered flip-flop clocked by wr_clk)
Endpoint: _799_ (rising edge-triggered flip-flop clocked by wr_clk)
Path Group: wr_clk
Path Type: min

Fanout         Cap        Slew       Delay        Time   Description
---------------------------------------------------------------------------------------------
                                  0.000000    0.000000   clock wr_clk (rise edge)
                                  0.000000    0.000000   clock source latency
     1    0.026396    0.093078    0.065140    0.065140 ^ wr_clk (in)
                                                         wr_clk (net)
                      0.093240    0.000000    0.065140 ^ clkbuf_0_wr_clk/A (sky130_fd_sc_hd__clkbuf_16)
    16    0.111341    0.097775    0.149638    0.214779 ^ clkbuf_0_wr_clk/X (sky130_fd_sc_hd__clkbuf_16)
                                                         clknet_0_wr_clk (net)
                      0.098856    0.008215    0.222994 ^ clkbuf_4_0_0_wr_clk/A (sky130_fd_sc_hd__clkbuf_8)
    14    0.043323    0.065832    0.126089    0.349083 ^ clkbuf_4_0_0_wr_clk/X (sky130_fd_sc_hd__clkbuf_8)
                                                         clknet_4_0_0_wr_clk (net)
                      0.065932    0.002091    0.351174 ^ _799_/CLK (sky130_fd_sc_hd__dfxtp_1)
     2    0.005539    0.047037    0.207521    0.558694 ^ _799_/Q (sky130_fd_sc_hd__dfxtp_1)
                                                         mem[15][5] (net)
                      0.047039    0.000339    0.559033 ^ hold109/A (sky130_fd_sc_hd__dlygate4sd3_1)
     1    0.002322    0.034486    0.371127    0.930160 ^ hold109/X (sky130_fd_sc_hd__dlygate4sd3_1)
                                                         net185 (net)
                      0.034486    0.000168    0.930328 ^ _620_/A1 (sky130_fd_sc_hd__mux2_1)
     1    0.002405    0.026653    0.071658    1.001986 ^ _620_/X (sky130_fd_sc_hd__mux2_1)
                                                         _125_ (net)
                      0.026654    0.000174    1.002160 ^ _799_/D (sky130_fd_sc_hd__dfxtp_1)
                                              1.002160   data arrival time

                                  0.000000    0.000000   clock wr_clk (rise edge)
                                  0.000000    0.000000   clock source latency
     1    0.026396    0.093078    0.065140    0.065140 ^ wr_clk (in)
                                                         wr_clk (net)
                      0.093240    0.000000    0.065140 ^ clkbuf_0_wr_clk/A (sky130_fd_sc_hd__clkbuf_16)
    16    0.111341    0.097775    0.149638    0.214779 ^ clkbuf_0_wr_clk/X (sky130_fd_sc_hd__clkbuf_16)
                                                         clknet_0_wr_clk (net)
                      0.098856    0.008215    0.222994 ^ clkbuf_4_0_0_wr_clk/A (sky130_fd_sc_hd__clkbuf_8)
    14    0.043323    0.065832    0.126089    0.349083 ^ clkbuf_4_0_0_wr_clk/X (sky130_fd_sc_hd__clkbuf_8)
                                                         clknet_4_0_0_wr_clk (net)
                      0.065932    0.002091    0.351174 ^ _799_/CLK (sky130_fd_sc_hd__dfxtp_1)
                                  0.250000    0.601174   clock uncertainty
                                  0.000000    0.601174   clock reconvergence pessimism
                                 -0.016160    0.585013   library hold time
                                              0.585013   data required time
---------------------------------------------------------------------------------------------
                                              0.585013   data required time
                                             -1.002160   data arrival time
---------------------------------------------------------------------------------------------
                                              0.417147   slack (MET)


Startpoint: _705_ (rising edge-triggered flip-flop clocked by wr_clk)
Endpoint: _705_ (rising edge-triggered flip-flop clocked by wr_clk)
Path Group: wr_clk
Path Type: min

Fanout         Cap        Slew       Delay        Time   Description
---------------------------------------------------------------------------------------------
                                  0.000000    0.000000   clock wr_clk (rise edge)
                                  0.000000    0.000000   clock source latency
     1    0.026396    0.093078    0.065140    0.065140 ^ wr_clk (in)
                                                         wr_clk (net)
                      0.093240    0.000000    0.065140 ^ clkbuf_0_wr_clk/A (sky130_fd_sc_hd__clkbuf_16)
    16    0.111341    0.097775    0.149638    0.214779 ^ clkbuf_0_wr_clk/X (sky130_fd_sc_hd__clkbuf_16)
                                                         clknet_0_wr_clk (net)
                      0.098221    0.005364    0.220143 ^ clkbuf_4_8_0_wr_clk/A (sky130_fd_sc_hd__clkbuf_8)
     7    0.035608    0.056478    0.120291    0.340434 ^ clkbuf_4_8_0_wr_clk/X (sky130_fd_sc_hd__clkbuf_8)
                                                         clknet_4_8_0_wr_clk (net)
                      0.056596    0.001717    0.342151 ^ _705_/CLK (sky130_fd_sc_hd__dfxtp_1)
     2    0.005176    0.044650    0.203345    0.545495 ^ _705_/Q (sky130_fd_sc_hd__dfxtp_1)
                                                         mem[7][1] (net)
                      0.044651    0.000282    0.545777 ^ hold66/A (sky130_fd_sc_hd__dlygate4sd3_1)
     1    0.003056    0.038926    0.375289    0.921066 ^ hold66/X (sky130_fd_sc_hd__dlygate4sd3_1)
                                                         net142 (net)
                      0.039401    0.000211    0.921277 ^ _563_/A1 (sky130_fd_sc_hd__mux2_1)
     1    0.002157    0.025323    0.071771    0.993048 ^ _563_/X (sky130_fd_sc_hd__mux2_1)
                                                         _073_ (net)
                      0.025323    0.000150    0.993197 ^ _705_/D (sky130_fd_sc_hd__dfxtp_1)
                                              0.993197   data arrival time

                                  0.000000    0.000000   clock wr_clk (rise edge)
                                  0.000000    0.000000   clock source latency
     1    0.026396    0.093078    0.065140    0.065140 ^ wr_clk (in)
                                                         wr_clk (net)
                      0.093240    0.000000    0.065140 ^ clkbuf_0_wr_clk/A (sky130_fd_sc_hd__clkbuf_16)
    16    0.111341    0.097775    0.149638    0.214779 ^ clkbuf_0_wr_clk/X (sky130_fd_sc_hd__clkbuf_16)
                                                         clknet_0_wr_clk (net)
                      0.098221    0.005364    0.220143 ^ clkbuf_4_8_0_wr_clk/A (sky130_fd_sc_hd__clkbuf_8)
     7    0.035608    0.056478    0.120291    0.340434 ^ clkbuf_4_8_0_wr_clk/X (sky130_fd_sc_hd__clkbuf_8)
                                                         clknet_4_8_0_wr_clk (net)
                      0.056596    0.001717    0.342151 ^ _705_/CLK (sky130_fd_sc_hd__dfxtp_1)
                                  0.250000    0.592151   clock uncertainty
                                  0.000000    0.592151   clock reconvergence pessimism
                                 -0.016289    0.575862   library hold time
                                              0.575862   data required time
---------------------------------------------------------------------------------------------
                                              0.575862   data required time
                                             -0.993197   data arrival time
---------------------------------------------------------------------------------------------
                                              0.417336   slack (MET)


Startpoint: _693_ (rising edge-triggered flip-flop clocked by wr_clk)
Endpoint: _693_ (rising edge-triggered flip-flop clocked by wr_clk)
Path Group: wr_clk
Path Type: min

Fanout         Cap        Slew       Delay        Time   Description
---------------------------------------------------------------------------------------------
                                  0.000000    0.000000   clock wr_clk (rise edge)
                                  0.000000    0.000000   clock source latency
     1    0.026396    0.093078    0.065140    0.065140 ^ wr_clk (in)
                                                         wr_clk (net)
                      0.093240    0.000000    0.065140 ^ clkbuf_0_wr_clk/A (sky130_fd_sc_hd__clkbuf_16)
    16    0.111341    0.097775    0.149638    0.214779 ^ clkbuf_0_wr_clk/X (sky130_fd_sc_hd__clkbuf_16)
                                                         clknet_0_wr_clk (net)
                      0.098763    0.007861    0.222639 ^ clkbuf_4_2_0_wr_clk/A (sky130_fd_sc_hd__clkbuf_8)
    13    0.042444    0.064786    0.125586    0.348225 ^ clkbuf_4_2_0_wr_clk/X (sky130_fd_sc_hd__clkbuf_8)
                                                         clknet_4_2_0_wr_clk (net)
                      0.065188    0.004039    0.352264 ^ _693_/CLK (sky130_fd_sc_hd__dfxtp_1)
     2    0.005505    0.046810    0.207156    0.559420 ^ _693_/Q (sky130_fd_sc_hd__dfxtp_1)
                                                         mem[0][5] (net)
                      0.046811    0.000304    0.559724 ^ hold46/A (sky130_fd_sc_hd__dlygate4sd3_1)
     1    0.002361    0.034726    0.371349    0.931073 ^ hold46/X (sky130_fd_sc_hd__dlygate4sd3_1)
                                                         net122 (net)
                      0.034726    0.000106    0.931179 ^ _548_/A0 (sky130_fd_sc_hd__mux2_1)
     1    0.002779    0.028558    0.072197    1.003376 ^ _548_/X (sky130_fd_sc_hd__mux2_1)
                                                         _061_ (net)
                      0.028559    0.000178    1.003554 ^ _693_/D (sky130_fd_sc_hd__dfxtp_1)
                                              1.003554   data arrival time

                                  0.000000    0.000000   clock wr_clk (rise edge)
                                  0.000000    0.000000   clock source latency
     1    0.026396    0.093078    0.065140    0.065140 ^ wr_clk (in)
                                                         wr_clk (net)
                      0.093240    0.000000    0.065140 ^ clkbuf_0_wr_clk/A (sky130_fd_sc_hd__clkbuf_16)
    16    0.111341    0.097775    0.149638    0.214779 ^ clkbuf_0_wr_clk/X (sky130_fd_sc_hd__clkbuf_16)
                                                         clknet_0_wr_clk (net)
                      0.098763    0.007861    0.222639 ^ clkbuf_4_2_0_wr_clk/A (sky130_fd_sc_hd__clkbuf_8)
    13    0.042444    0.064786    0.125586    0.348225 ^ clkbuf_4_2_0_wr_clk/X (sky130_fd_sc_hd__clkbuf_8)
                                                         clknet_4_2_0_wr_clk (net)
                      0.065188    0.004039    0.352264 ^ _693_/CLK (sky130_fd_sc_hd__dfxtp_1)
                                  0.250000    0.602264   clock uncertainty
                                  0.000000    0.602264   clock reconvergence pessimism
                                 -0.016312    0.585951   library hold time
                                              0.585951   data required time
---------------------------------------------------------------------------------------------
                                              0.585951   data required time
                                             -1.003554   data arrival time
---------------------------------------------------------------------------------------------
                                              0.417603   slack (MET)


Startpoint: _689_ (rising edge-triggered flip-flop clocked by wr_clk)
Endpoint: _689_ (rising edge-triggered flip-flop clocked by wr_clk)
Path Group: wr_clk
Path Type: min

Fanout         Cap        Slew       Delay        Time   Description
---------------------------------------------------------------------------------------------
                                  0.000000    0.000000   clock wr_clk (rise edge)
                                  0.000000    0.000000   clock source latency
     1    0.026396    0.093078    0.065140    0.065140 ^ wr_clk (in)
                                                         wr_clk (net)
                      0.093240    0.000000    0.065140 ^ clkbuf_0_wr_clk/A (sky130_fd_sc_hd__clkbuf_16)
    16    0.111341    0.097775    0.149638    0.214779 ^ clkbuf_0_wr_clk/X (sky130_fd_sc_hd__clkbuf_16)
                                                         clknet_0_wr_clk (net)
                      0.098221    0.005364    0.220143 ^ clkbuf_4_8_0_wr_clk/A (sky130_fd_sc_hd__clkbuf_8)
     7    0.035608    0.056478    0.120291    0.340434 ^ clkbuf_4_8_0_wr_clk/X (sky130_fd_sc_hd__clkbuf_8)
                                                         clknet_4_8_0_wr_clk (net)
                      0.056642    0.002129    0.342563 ^ _689_/CLK (sky130_fd_sc_hd__dfxtp_1)
     2    0.005993    0.050110    0.207304    0.549866 ^ _689_/Q (sky130_fd_sc_hd__dfxtp_1)
                                                         mem[0][1] (net)
                      0.050110    0.000270    0.550137 ^ hold11/A (sky130_fd_sc_hd__dlygate4sd3_1)
     1    0.002175    0.033697    0.370867    0.921004 ^ hold11/X (sky130_fd_sc_hd__dlygate4sd3_1)
                                                         net87 (net)
                      0.033697    0.000102    0.921105 ^ _544_/A0 (sky130_fd_sc_hd__mux2_1)
     1    0.002869    0.029078    0.072374    0.993479 ^ _544_/X (sky130_fd_sc_hd__mux2_1)
                                                         _057_ (net)
                      0.029079    0.000194    0.993673 ^ _689_/D (sky130_fd_sc_hd__dfxtp_1)
                                              0.993673   data arrival time

                                  0.000000    0.000000   clock wr_clk (rise edge)
                                  0.000000    0.000000   clock source latency
     1    0.026396    0.093078    0.065140    0.065140 ^ wr_clk (in)
                                                         wr_clk (net)
                      0.093240    0.000000    0.065140 ^ clkbuf_0_wr_clk/A (sky130_fd_sc_hd__clkbuf_16)
    16    0.111341    0.097775    0.149638    0.214779 ^ clkbuf_0_wr_clk/X (sky130_fd_sc_hd__clkbuf_16)
                                                         clknet_0_wr_clk (net)
                      0.098221    0.005364    0.220143 ^ clkbuf_4_8_0_wr_clk/A (sky130_fd_sc_hd__clkbuf_8)
     7    0.035608    0.056478    0.120291    0.340434 ^ clkbuf_4_8_0_wr_clk/X (sky130_fd_sc_hd__clkbuf_8)
                                                         clknet_4_8_0_wr_clk (net)
                      0.056642    0.002129    0.342563 ^ _689_/CLK (sky130_fd_sc_hd__dfxtp_1)
                                  0.250000    0.592563   clock uncertainty
                                  0.000000    0.592563   clock reconvergence pessimism
                                 -0.016553    0.576010   library hold time
                                              0.576010   data required time
---------------------------------------------------------------------------------------------
                                              0.576010   data required time
                                             -0.993673   data arrival time
---------------------------------------------------------------------------------------------
                                              0.417663   slack (MET)


Startpoint: _680_ (rising edge-triggered flip-flop clocked by wr_clk)
Endpoint: _680_ (rising edge-triggered flip-flop clocked by wr_clk)
Path Group: wr_clk
Path Type: min

Fanout         Cap        Slew       Delay        Time   Description
---------------------------------------------------------------------------------------------
                                  0.000000    0.000000   clock wr_clk (rise edge)
                                  0.000000    0.000000   clock source latency
     1    0.026396    0.093078    0.065140    0.065140 ^ wr_clk (in)
                                                         wr_clk (net)
                      0.093240    0.000000    0.065140 ^ clkbuf_0_wr_clk/A (sky130_fd_sc_hd__clkbuf_16)
    16    0.111341    0.097775    0.149638    0.214779 ^ clkbuf_0_wr_clk/X (sky130_fd_sc_hd__clkbuf_16)
                                                         clknet_0_wr_clk (net)
                      0.098830    0.008118    0.222897 ^ clkbuf_4_7_0_wr_clk/A (sky130_fd_sc_hd__clkbuf_8)
    11    0.042225    0.064508    0.126252    0.349149 ^ clkbuf_4_7_0_wr_clk/X (sky130_fd_sc_hd__clkbuf_8)
                                                         clknet_4_7_0_wr_clk (net)
                      0.064707    0.002536    0.351686 ^ _680_/CLK (sky130_fd_sc_hd__dfxtp_1)
     2    0.006035    0.050386    0.209566    0.561252 ^ _680_/Q (sky130_fd_sc_hd__dfxtp_1)
                                                         mem[10][0] (net)
                      0.050387    0.000351    0.561604 ^ hold102/A (sky130_fd_sc_hd__dlygate4sd3_1)
     1    0.002035    0.032925    0.370021    0.931624 ^ hold102/X (sky130_fd_sc_hd__dlygate4sd3_1)
                                                         net178 (net)
                      0.032925    0.000147    0.931772 ^ _534_/A0 (sky130_fd_sc_hd__mux2_1)
     1    0.002801    0.028685    0.071810    1.003581 ^ _534_/X (sky130_fd_sc_hd__mux2_1)
                                                         _048_ (net)
                      0.028686    0.000177    1.003758 ^ _680_/D (sky130_fd_sc_hd__dfxtp_1)
                                              1.003758   data arrival time

                                  0.000000    0.000000   clock wr_clk (rise edge)
                                  0.000000    0.000000   clock source latency
     1    0.026396    0.093078    0.065140    0.065140 ^ wr_clk (in)
                                                         wr_clk (net)
                      0.093240    0.000000    0.065140 ^ clkbuf_0_wr_clk/A (sky130_fd_sc_hd__clkbuf_16)
    16    0.111341    0.097775    0.149638    0.214779 ^ clkbuf_0_wr_clk/X (sky130_fd_sc_hd__clkbuf_16)
                                                         clknet_0_wr_clk (net)
                      0.098830    0.008118    0.222897 ^ clkbuf_4_7_0_wr_clk/A (sky130_fd_sc_hd__clkbuf_8)
    11    0.042225    0.064508    0.126252    0.349149 ^ clkbuf_4_7_0_wr_clk/X (sky130_fd_sc_hd__clkbuf_8)
                                                         clknet_4_7_0_wr_clk (net)
                      0.064707    0.002536    0.351686 ^ _680_/CLK (sky130_fd_sc_hd__dfxtp_1)
                                  0.250000    0.601686   clock uncertainty
                                  0.000000    0.601686   clock reconvergence pessimism
                                 -0.016333    0.585353   library hold time
                                              0.585353   data required time
---------------------------------------------------------------------------------------------
                                              0.585353   data required time
                                             -1.003758   data arrival time
---------------------------------------------------------------------------------------------
                                              0.418405   slack (MET)


Startpoint: _727_ (rising edge-triggered flip-flop clocked by wr_clk)
Endpoint: _727_ (rising edge-triggered flip-flop clocked by wr_clk)
Path Group: wr_clk
Path Type: min

Fanout         Cap        Slew       Delay        Time   Description
---------------------------------------------------------------------------------------------
                                  0.000000    0.000000   clock wr_clk (rise edge)
                                  0.000000    0.000000   clock source latency
     1    0.026396    0.093078    0.065140    0.065140 ^ wr_clk (in)
                                                         wr_clk (net)
                      0.093240    0.000000    0.065140 ^ clkbuf_0_wr_clk/A (sky130_fd_sc_hd__clkbuf_16)
    16    0.111341    0.097775    0.149638    0.214779 ^ clkbuf_0_wr_clk/X (sky130_fd_sc_hd__clkbuf_16)
                                                         clknet_0_wr_clk (net)
                      0.098900    0.008375    0.223153 ^ clkbuf_4_1_0_wr_clk/A (sky130_fd_sc_hd__clkbuf_8)
    14    0.043141    0.065631    0.127001    0.350154 ^ clkbuf_4_1_0_wr_clk/X (sky130_fd_sc_hd__clkbuf_8)
                                                         clknet_4_1_0_wr_clk (net)
                      0.065780    0.002138    0.352293 ^ _727_/CLK (sky130_fd_sc_hd__dfxtp_1)
     2    0.005043    0.043766    0.205098    0.557391 ^ _727_/Q (sky130_fd_sc_hd__dfxtp_1)
                                                         mem[2][7] (net)
                      0.043767    0.000281    0.557672 ^ hold73/A (sky130_fd_sc_hd__dlygate4sd3_1)
     1    0.003146    0.039515    0.375690    0.933362 ^ hold73/X (sky130_fd_sc_hd__dlygate4sd3_1)
                                                         net149 (net)
                      0.039993    0.000192    0.933554 ^ _587_/A0 (sky130_fd_sc_hd__mux2_1)
     1    0.002269    0.025698    0.071007    1.004560 ^ _587_/X (sky130_fd_sc_hd__mux2_1)
                                                         _095_ (net)
                      0.025699    0.000165    1.004725 ^ _727_/D (sky130_fd_sc_hd__dfxtp_1)
                                              1.004725   data arrival time

                                  0.000000    0.000000   clock wr_clk (rise edge)
                                  0.000000    0.000000   clock source latency
     1    0.026396    0.093078    0.065140    0.065140 ^ wr_clk (in)
                                                         wr_clk (net)
                      0.093240    0.000000    0.065140 ^ clkbuf_0_wr_clk/A (sky130_fd_sc_hd__clkbuf_16)
    16    0.111341    0.097775    0.149638    0.214779 ^ clkbuf_0_wr_clk/X (sky130_fd_sc_hd__clkbuf_16)
                                                         clknet_0_wr_clk (net)
                      0.098900    0.008375    0.223153 ^ clkbuf_4_1_0_wr_clk/A (sky130_fd_sc_hd__clkbuf_8)
    14    0.043141    0.065631    0.127001    0.350154 ^ clkbuf_4_1_0_wr_clk/X (sky130_fd_sc_hd__clkbuf_8)
                                                         clknet_4_1_0_wr_clk (net)
                      0.065780    0.002138    0.352293 ^ _727_/CLK (sky130_fd_sc_hd__dfxtp_1)
                                  0.250000    0.602293   clock uncertainty
                                  0.000000    0.602293   clock reconvergence pessimism
                                 -0.016097    0.586196   library hold time
                                              0.586196   data required time
---------------------------------------------------------------------------------------------
                                              0.586196   data required time
                                             -1.004725   data arrival time
---------------------------------------------------------------------------------------------
                                              0.418529   slack (MET)


Startpoint: _806_ (rising edge-triggered flip-flop clocked by wr_clk)
Endpoint: _806_ (rising edge-triggered flip-flop clocked by wr_clk)
Path Group: wr_clk
Path Type: min

Fanout         Cap        Slew       Delay        Time   Description
---------------------------------------------------------------------------------------------
                                  0.000000    0.000000   clock wr_clk (rise edge)
                                  0.000000    0.000000   clock source latency
     1    0.026396    0.093078    0.065140    0.065140 ^ wr_clk (in)
                                                         wr_clk (net)
                      0.093240    0.000000    0.065140 ^ clkbuf_0_wr_clk/A (sky130_fd_sc_hd__clkbuf_16)
    16    0.111341    0.097775    0.149638    0.214779 ^ clkbuf_0_wr_clk/X (sky130_fd_sc_hd__clkbuf_16)
                                                         clknet_0_wr_clk (net)
                      0.098042    0.004200    0.218979 ^ clkbuf_4_10_0_wr_clk/A (sky130_fd_sc_hd__clkbuf_8)
    13    0.044109    0.066827    0.127354    0.346333 ^ clkbuf_4_10_0_wr_clk/X (sky130_fd_sc_hd__clkbuf_8)
                                                         clknet_4_10_0_wr_clk (net)
                      0.067172    0.003804    0.350137 ^ _806_/CLK (sky130_fd_sc_hd__dfxtp_1)
     2    0.005682    0.048043    0.208522    0.558659 ^ _806_/Q (sky130_fd_sc_hd__dfxtp_1)
                                                         mem[9][4] (net)
                      0.048045    0.000349    0.559007 ^ hold84/A (sky130_fd_sc_hd__dlygate4sd3_1)
     1    0.002125    0.033423    0.370102    0.929110 ^ hold84/X (sky130_fd_sc_hd__dlygate4sd3_1)
                                                         net160 (net)
                      0.033423    0.000099    0.929209 ^ _628_/A0 (sky130_fd_sc_hd__mux2_1)
     1    0.003002    0.029842    0.072998    1.002207 ^ _628_/X (sky130_fd_sc_hd__mux2_1)
                                                         _132_ (net)
                      0.029843    0.000191    1.002398 ^ _806_/D (sky130_fd_sc_hd__dfxtp_1)
                                              1.002398   data arrival time

                                  0.000000    0.000000   clock wr_clk (rise edge)
                                  0.000000    0.000000   clock source latency
     1    0.026396    0.093078    0.065140    0.065140 ^ wr_clk (in)
                                                         wr_clk (net)
                      0.093240    0.000000    0.065140 ^ clkbuf_0_wr_clk/A (sky130_fd_sc_hd__clkbuf_16)
    16    0.111341    0.097775    0.149638    0.214779 ^ clkbuf_0_wr_clk/X (sky130_fd_sc_hd__clkbuf_16)
                                                         clknet_0_wr_clk (net)
                      0.098042    0.004200    0.218979 ^ clkbuf_4_10_0_wr_clk/A (sky130_fd_sc_hd__clkbuf_8)
    13    0.044109    0.066827    0.127354    0.346333 ^ clkbuf_4_10_0_wr_clk/X (sky130_fd_sc_hd__clkbuf_8)
                                                         clknet_4_10_0_wr_clk (net)
                      0.067172    0.003804    0.350137 ^ _806_/CLK (sky130_fd_sc_hd__dfxtp_1)
                                  0.250000    0.600137   clock uncertainty
                                  0.000000    0.600137   clock reconvergence pessimism
                                 -0.016355    0.583782   library hold time
                                              0.583782   data required time
---------------------------------------------------------------------------------------------
                                              0.583782   data required time
                                             -1.002398   data arrival time
---------------------------------------------------------------------------------------------
                                              0.418616   slack (MET)


Startpoint: _723_ (rising edge-triggered flip-flop clocked by wr_clk)
Endpoint: _723_ (rising edge-triggered flip-flop clocked by wr_clk)
Path Group: wr_clk
Path Type: min

Fanout         Cap        Slew       Delay        Time   Description
---------------------------------------------------------------------------------------------
                                  0.000000    0.000000   clock wr_clk (rise edge)
                                  0.000000    0.000000   clock source latency
     1    0.026396    0.093078    0.065140    0.065140 ^ wr_clk (in)
                                                         wr_clk (net)
                      0.093240    0.000000    0.065140 ^ clkbuf_0_wr_clk/A (sky130_fd_sc_hd__clkbuf_16)
    16    0.111341    0.097775    0.149638    0.214779 ^ clkbuf_0_wr_clk/X (sky130_fd_sc_hd__clkbuf_16)
                                                         clknet_0_wr_clk (net)
                      0.098763    0.007861    0.222639 ^ clkbuf_4_2_0_wr_clk/A (sky130_fd_sc_hd__clkbuf_8)
    13    0.042444    0.064786    0.125586    0.348225 ^ clkbuf_4_2_0_wr_clk/X (sky130_fd_sc_hd__clkbuf_8)
                                                         clknet_4_2_0_wr_clk (net)
                      0.065135    0.003769    0.351994 ^ _723_/CLK (sky130_fd_sc_hd__dfxtp_1)
     2    0.005380    0.045985    0.206536    0.558531 ^ _723_/Q (sky130_fd_sc_hd__dfxtp_1)
                                                         mem[2][3] (net)
                      0.045986    0.000284    0.558814 ^ hold88/A (sky130_fd_sc_hd__dlygate4sd3_1)
     1    0.003013    0.038654    0.375317    0.934132 ^ hold88/X (sky130_fd_sc_hd__dlygate4sd3_1)
                                                         net164 (net)
                      0.039125    0.000187    0.934319 ^ _583_/A0 (sky130_fd_sc_hd__mux2_1)
     1    0.002186    0.025249    0.070337    1.004655 ^ _583_/X (sky130_fd_sc_hd__mux2_1)
                                                         _091_ (net)
                      0.025250    0.000159    1.004814 ^ _723_/D (sky130_fd_sc_hd__dfxtp_1)
                                              1.004814   data arrival time

                                  0.000000    0.000000   clock wr_clk (rise edge)
                                  0.000000    0.000000   clock source latency
     1    0.026396    0.093078    0.065140    0.065140 ^ wr_clk (in)
                                                         wr_clk (net)
                      0.093240    0.000000    0.065140 ^ clkbuf_0_wr_clk/A (sky130_fd_sc_hd__clkbuf_16)
    16    0.111341    0.097775    0.149638    0.214779 ^ clkbuf_0_wr_clk/X (sky130_fd_sc_hd__clkbuf_16)
                                                         clknet_0_wr_clk (net)
                      0.098763    0.007861    0.222639 ^ clkbuf_4_2_0_wr_clk/A (sky130_fd_sc_hd__clkbuf_8)
    13    0.042444    0.064786    0.125586    0.348225 ^ clkbuf_4_2_0_wr_clk/X (sky130_fd_sc_hd__clkbuf_8)
                                                         clknet_4_2_0_wr_clk (net)
                      0.065135    0.003769    0.351994 ^ _723_/CLK (sky130_fd_sc_hd__dfxtp_1)
                                  0.250000    0.601994   clock uncertainty
                                  0.000000    0.601994   clock reconvergence pessimism
                                 -0.016080    0.585914   library hold time
                                              0.585914   data required time
---------------------------------------------------------------------------------------------
                                              0.585914   data required time
                                             -1.004814   data arrival time
---------------------------------------------------------------------------------------------
                                              0.418900   slack (MET)


Startpoint: _674_ (rising edge-triggered flip-flop clocked by wr_clk)
Endpoint: _674_ (rising edge-triggered flip-flop clocked by wr_clk)
Path Group: wr_clk
Path Type: min

Fanout         Cap        Slew       Delay        Time   Description
---------------------------------------------------------------------------------------------
                                  0.000000    0.000000   clock wr_clk (rise edge)
                                  0.000000    0.000000   clock source latency
     1    0.026396    0.093078    0.065140    0.065140 ^ wr_clk (in)
                                                         wr_clk (net)
                      0.093240    0.000000    0.065140 ^ clkbuf_0_wr_clk/A (sky130_fd_sc_hd__clkbuf_16)
    16    0.111341    0.097775    0.149638    0.214779 ^ clkbuf_0_wr_clk/X (sky130_fd_sc_hd__clkbuf_16)
                                                         clknet_0_wr_clk (net)
                      0.098229    0.005409    0.220187 ^ clkbuf_4_9_0_wr_clk/A (sky130_fd_sc_hd__clkbuf_8)
    10    0.039913    0.061692    0.124296    0.344483 ^ clkbuf_4_9_0_wr_clk/X (sky130_fd_sc_hd__clkbuf_8)
                                                         clknet_4_9_0_wr_clk (net)
                      0.061855    0.002214    0.346697 ^ _674_/CLK (sky130_fd_sc_hd__dfxtp_1)
     2    0.005215    0.044902    0.204902    0.551599 ^ _674_/Q (sky130_fd_sc_hd__dfxtp_1)
                                                         mem[1][2] (net)
                      0.044903    0.000336    0.551935 ^ hold98/A (sky130_fd_sc_hd__dlygate4sd3_1)
     1    0.002405    0.034972    0.371215    0.923150 ^ hold98/X (sky130_fd_sc_hd__dlygate4sd3_1)
                                                         net174 (net)
                      0.034972    0.000116    0.923266 ^ _527_/A0 (sky130_fd_sc_hd__mux2_1)
     1    0.003402    0.032141    0.075517    0.998783 ^ _527_/X (sky130_fd_sc_hd__mux2_1)
                                                         _042_ (net)
                      0.032141    0.000207    0.998990 ^ _674_/D (sky130_fd_sc_hd__dfxtp_1)
                                              0.998990   data arrival time

                                  0.000000    0.000000   clock wr_clk (rise edge)
                                  0.000000    0.000000   clock source latency
     1    0.026396    0.093078    0.065140    0.065140 ^ wr_clk (in)
                                                         wr_clk (net)
                      0.093240    0.000000    0.065140 ^ clkbuf_0_wr_clk/A (sky130_fd_sc_hd__clkbuf_16)
    16    0.111341    0.097775    0.149638    0.214779 ^ clkbuf_0_wr_clk/X (sky130_fd_sc_hd__clkbuf_16)
                                                         clknet_0_wr_clk (net)
                      0.098229    0.005409    0.220187 ^ clkbuf_4_9_0_wr_clk/A (sky130_fd_sc_hd__clkbuf_8)
    10    0.039913    0.061692    0.124296    0.344483 ^ clkbuf_4_9_0_wr_clk/X (sky130_fd_sc_hd__clkbuf_8)
                                                         clknet_4_9_0_wr_clk (net)
                      0.061855    0.002214    0.346697 ^ _674_/CLK (sky130_fd_sc_hd__dfxtp_1)
                                  0.250000    0.596697   clock uncertainty
                                  0.000000    0.596697   clock reconvergence pessimism
                                 -0.016644    0.580052   library hold time
                                              0.580052   data required time
---------------------------------------------------------------------------------------------
                                              0.580052   data required time
                                             -0.998990   data arrival time
---------------------------------------------------------------------------------------------
                                              0.418937   slack (MET)


Startpoint: _713_ (rising edge-triggered flip-flop clocked by wr_clk)
Endpoint: _713_ (rising edge-triggered flip-flop clocked by wr_clk)
Path Group: wr_clk
Path Type: min

Fanout         Cap        Slew       Delay        Time   Description
---------------------------------------------------------------------------------------------
                                  0.000000    0.000000   clock wr_clk (rise edge)
                                  0.000000    0.000000   clock source latency
     1    0.026396    0.093078    0.065140    0.065140 ^ wr_clk (in)
                                                         wr_clk (net)
                      0.093240    0.000000    0.065140 ^ clkbuf_0_wr_clk/A (sky130_fd_sc_hd__clkbuf_16)
    16    0.111341    0.097775    0.149638    0.214779 ^ clkbuf_0_wr_clk/X (sky130_fd_sc_hd__clkbuf_16)
                                                         clknet_0_wr_clk (net)
                      0.098221    0.005364    0.220143 ^ clkbuf_4_8_0_wr_clk/A (sky130_fd_sc_hd__clkbuf_8)
     7    0.035608    0.056478    0.120291    0.340434 ^ clkbuf_4_8_0_wr_clk/X (sky130_fd_sc_hd__clkbuf_8)
                                                         clknet_4_8_0_wr_clk (net)
                      0.056611    0.001866    0.342300 ^ _713_/CLK (sky130_fd_sc_hd__dfxtp_1)
     2    0.006170    0.051288    0.208145    0.550445 ^ _713_/Q (sky130_fd_sc_hd__dfxtp_1)
                                                         mem[6][1] (net)
                      0.051289    0.000278    0.550723 ^ hold25/A (sky130_fd_sc_hd__dlygate4sd3_1)
     1    0.002713    0.036741    0.374534    0.925257 ^ hold25/X (sky130_fd_sc_hd__dlygate4sd3_1)
                                                         net101 (net)
                      0.036741    0.000191    0.925448 ^ _572_/A0 (sky130_fd_sc_hd__mux2_1)
     1    0.002254    0.025620    0.070021    0.995470 ^ _572_/X (sky130_fd_sc_hd__mux2_1)
                                                         _081_ (net)
                      0.025621    0.000161    0.995631 ^ _713_/D (sky130_fd_sc_hd__dfxtp_1)
                                              0.995631   data arrival time

                                  0.000000    0.000000   clock wr_clk (rise edge)
                                  0.000000    0.000000   clock source latency
     1    0.026396    0.093078    0.065140    0.065140 ^ wr_clk (in)
                                                         wr_clk (net)
                      0.093240    0.000000    0.065140 ^ clkbuf_0_wr_clk/A (sky130_fd_sc_hd__clkbuf_16)
    16    0.111341    0.097775    0.149638    0.214779 ^ clkbuf_0_wr_clk/X (sky130_fd_sc_hd__clkbuf_16)
                                                         clknet_0_wr_clk (net)
                      0.098221    0.005364    0.220143 ^ clkbuf_4_8_0_wr_clk/A (sky130_fd_sc_hd__clkbuf_8)
     7    0.035608    0.056478    0.120291    0.340434 ^ clkbuf_4_8_0_wr_clk/X (sky130_fd_sc_hd__clkbuf_8)
                                                         clknet_4_8_0_wr_clk (net)
                      0.056611    0.001866    0.342300 ^ _713_/CLK (sky130_fd_sc_hd__dfxtp_1)
                                  0.250000    0.592300   clock uncertainty
                                  0.000000    0.592300   clock reconvergence pessimism
                                 -0.016310    0.575990   library hold time
                                              0.575990   data required time
---------------------------------------------------------------------------------------------
                                              0.575990   data required time
                                             -0.995631   data arrival time
---------------------------------------------------------------------------------------------
                                              0.419640   slack (MET)


Startpoint: _758_ (rising edge-triggered flip-flop clocked by wr_clk)
Endpoint: _648_ (rising edge-triggered flip-flop clocked by wr_clk)
Path Group: wr_clk
Path Type: min

Fanout         Cap        Slew       Delay        Time   Description
---------------------------------------------------------------------------------------------
                                  0.000000    0.000000   clock wr_clk (rise edge)
                                  0.000000    0.000000   clock source latency
     1    0.026396    0.093078    0.065140    0.065140 ^ wr_clk (in)
                                                         wr_clk (net)
                      0.093240    0.000000    0.065140 ^ clkbuf_0_wr_clk/A (sky130_fd_sc_hd__clkbuf_16)
    16    0.111341    0.097775    0.149638    0.214779 ^ clkbuf_0_wr_clk/X (sky130_fd_sc_hd__clkbuf_16)
                                                         clknet_0_wr_clk (net)
                      0.098179    0.005117    0.219896 ^ clkbuf_4_13_0_wr_clk/A (sky130_fd_sc_hd__clkbuf_8)
     8    0.044729    0.067598    0.128023    0.347919 ^ clkbuf_4_13_0_wr_clk/X (sky130_fd_sc_hd__clkbuf_8)
                                                         clknet_4_13_0_wr_clk (net)
                      0.067872    0.003418    0.351336 ^ _758_/CLK (sky130_fd_sc_hd__dfrtp_1)
     5    0.018525    0.127905    0.280763    0.632100 ^ _758_/Q (sky130_fd_sc_hd__dfrtp_1)
                                                         wr_bin[1] (net)
                      0.127920    0.001421    0.633520 ^ _306_/A (sky130_fd_sc_hd__inv_2)
     4    0.021972    0.055500    0.055395    0.688915 v _306_/Y (sky130_fd_sc_hd__inv_2)
                                                         _137_ (net)
                      0.055520    0.000859    0.689775 v _493_/A (sky130_fd_sc_hd__nand2_4)
     4    0.043629    0.101350    0.099325    0.789100 ^ _493_/Y (sky130_fd_sc_hd__nand2_4)
                                                         _286_ (net)
                      0.101567    0.003819    0.792919 ^ _494_/B (sky130_fd_sc_hd__nor2_4)
     8    0.067482    0.072713    0.070253    0.863172 v _494_/Y (sky130_fd_sc_hd__nor2_4)
                                                         _287_ (net)
                      0.073181    0.004733    0.867906 v _495_/S (sky130_fd_sc_hd__mux2_1)
     1    0.002551    0.027267    0.137838    1.005744 ^ _495_/X (sky130_fd_sc_hd__mux2_1)
                                                         _016_ (net)
                      0.027268    0.000184    1.005928 ^ _648_/D (sky130_fd_sc_hd__dfxtp_1)
                                              1.005928   data arrival time

                                  0.000000    0.000000   clock wr_clk (rise edge)
                                  0.000000    0.000000   clock source latency
     1    0.026396    0.093078    0.065140    0.065140 ^ wr_clk (in)
                                                         wr_clk (net)
                      0.093240    0.000000    0.065140 ^ clkbuf_0_wr_clk/A (sky130_fd_sc_hd__clkbuf_16)
    16    0.111341    0.097775    0.149638    0.214779 ^ clkbuf_0_wr_clk/X (sky130_fd_sc_hd__clkbuf_16)
                                                         clknet_0_wr_clk (net)
                      0.098830    0.008118    0.222897 ^ clkbuf_4_7_0_wr_clk/A (sky130_fd_sc_hd__clkbuf_8)
    11    0.042225    0.064508    0.126252    0.349149 ^ clkbuf_4_7_0_wr_clk/X (sky130_fd_sc_hd__clkbuf_8)
                                                         clknet_4_7_0_wr_clk (net)
                      0.064743    0.002804    0.351953 ^ _648_/CLK (sky130_fd_sc_hd__dfxtp_1)
                                  0.250000    0.601953   clock uncertainty
                                  0.000000    0.601953   clock reconvergence pessimism
                                 -0.016232    0.585721   library hold time
                                              0.585721   data required time
---------------------------------------------------------------------------------------------
                                              0.585721   data required time
                                             -1.005928   data arrival time
---------------------------------------------------------------------------------------------
                                              0.420207   slack (MET)


Startpoint: _666_ (rising edge-triggered flip-flop clocked by wr_clk)
Endpoint: _666_ (rising edge-triggered flip-flop clocked by wr_clk)
Path Group: wr_clk
Path Type: min

Fanout         Cap        Slew       Delay        Time   Description
---------------------------------------------------------------------------------------------
                                  0.000000    0.000000   clock wr_clk (rise edge)
                                  0.000000    0.000000   clock source latency
     1    0.026396    0.093078    0.065140    0.065140 ^ wr_clk (in)
                                                         wr_clk (net)
                      0.093240    0.000000    0.065140 ^ clkbuf_0_wr_clk/A (sky130_fd_sc_hd__clkbuf_16)
    16    0.111341    0.097775    0.149638    0.214779 ^ clkbuf_0_wr_clk/X (sky130_fd_sc_hd__clkbuf_16)
                                                         clknet_0_wr_clk (net)
                      0.098887    0.008328    0.223106 ^ clkbuf_4_4_0_wr_clk/A (sky130_fd_sc_hd__clkbuf_8)
    13    0.045053    0.068003    0.128410    0.351517 ^ clkbuf_4_4_0_wr_clk/X (sky130_fd_sc_hd__clkbuf_8)
                                                         clknet_4_4_0_wr_clk (net)
                      0.068305    0.003603    0.355120 ^ _666_/CLK (sky130_fd_sc_hd__dfxtp_1)
     2    0.005215    0.044946    0.206623    0.561743 ^ _666_/Q (sky130_fd_sc_hd__dfxtp_1)
                                                         mem[11][2] (net)
                      0.044947    0.000249    0.561992 ^ hold130/A (sky130_fd_sc_hd__dlygate4sd3_1)
     1    0.002768    0.037083    0.373509    0.935501 ^ hold130/X (sky130_fd_sc_hd__dlygate4sd3_1)
                                                         net206 (net)
                      0.037083    0.000206    0.935707 ^ _517_/A1 (sky130_fd_sc_hd__mux2_1)
     1    0.002578    0.027655    0.073272    1.008979 ^ _517_/X (sky130_fd_sc_hd__mux2_1)
                                                         _034_ (net)
                      0.027655    0.000175    1.009153 ^ _666_/D (sky130_fd_sc_hd__dfxtp_1)
                                              1.009153   data arrival time

                                  0.000000    0.000000   clock wr_clk (rise edge)
                                  0.000000    0.000000   clock source latency
     1    0.026396    0.093078    0.065140    0.065140 ^ wr_clk (in)
                                                         wr_clk (net)
                      0.093240    0.000000    0.065140 ^ clkbuf_0_wr_clk/A (sky130_fd_sc_hd__clkbuf_16)
    16    0.111341    0.097775    0.149638    0.214779 ^ clkbuf_0_wr_clk/X (sky130_fd_sc_hd__clkbuf_16)
                                                         clknet_0_wr_clk (net)
                      0.098887    0.008328    0.223106 ^ clkbuf_4_4_0_wr_clk/A (sky130_fd_sc_hd__clkbuf_8)
    13    0.045053    0.068003    0.128410    0.351517 ^ clkbuf_4_4_0_wr_clk/X (sky130_fd_sc_hd__clkbuf_8)
                                                         clknet_4_4_0_wr_clk (net)
                      0.068305    0.003603    0.355120 ^ _666_/CLK (sky130_fd_sc_hd__dfxtp_1)
                                  0.250000    0.605120   clock uncertainty
                                  0.000000    0.605120   clock reconvergence pessimism
                                 -0.016174    0.588946   library hold time
                                              0.588946   data required time
---------------------------------------------------------------------------------------------
                                              0.588946   data required time
                                             -1.009153   data arrival time
---------------------------------------------------------------------------------------------
                                              0.420208   slack (MET)


Startpoint: _697_ (rising edge-triggered flip-flop clocked by wr_clk)
Endpoint: _697_ (rising edge-triggered flip-flop clocked by wr_clk)
Path Group: wr_clk
Path Type: min

Fanout         Cap        Slew       Delay        Time   Description
---------------------------------------------------------------------------------------------
                                  0.000000    0.000000   clock wr_clk (rise edge)
                                  0.000000    0.000000   clock source latency
     1    0.026396    0.093078    0.065140    0.065140 ^ wr_clk (in)
                                                         wr_clk (net)
                      0.093240    0.000000    0.065140 ^ clkbuf_0_wr_clk/A (sky130_fd_sc_hd__clkbuf_16)
    16    0.111341    0.097775    0.149638    0.214779 ^ clkbuf_0_wr_clk/X (sky130_fd_sc_hd__clkbuf_16)
                                                         clknet_0_wr_clk (net)
                      0.098229    0.005409    0.220187 ^ clkbuf_4_9_0_wr_clk/A (sky130_fd_sc_hd__clkbuf_8)
    10    0.039913    0.061692    0.124296    0.344483 ^ clkbuf_4_9_0_wr_clk/X (sky130_fd_sc_hd__clkbuf_8)
                                                         clknet_4_9_0_wr_clk (net)
                      0.061826    0.001940    0.346423 ^ _697_/CLK (sky130_fd_sc_hd__dfxtp_1)
     2    0.006206    0.051521    0.209669    0.556091 ^ _697_/Q (sky130_fd_sc_hd__dfxtp_1)
                                                         mem[8][1] (net)
                      0.051522    0.000314    0.556405 ^ hold55/A (sky130_fd_sc_hd__dlygate4sd3_1)
     1    0.002110    0.033329    0.370745    0.927150 ^ hold55/X (sky130_fd_sc_hd__dlygate4sd3_1)
                                                         net131 (net)
                      0.033329    0.000144    0.927294 ^ _553_/A0 (sky130_fd_sc_hd__mux2_1)
     1    0.002973    0.029671    0.072816    1.000110 ^ _553_/X (sky130_fd_sc_hd__mux2_1)
                                                         _065_ (net)
                      0.029672    0.000187    1.000297 ^ _697_/D (sky130_fd_sc_hd__dfxtp_1)
                                              1.000297   data arrival time

                                  0.000000    0.000000   clock wr_clk (rise edge)
                                  0.000000    0.000000   clock source latency
     1    0.026396    0.093078    0.065140    0.065140 ^ wr_clk (in)
                                                         wr_clk (net)
                      0.093240    0.000000    0.065140 ^ clkbuf_0_wr_clk/A (sky130_fd_sc_hd__clkbuf_16)
    16    0.111341    0.097775    0.149638    0.214779 ^ clkbuf_0_wr_clk/X (sky130_fd_sc_hd__clkbuf_16)
                                                         clknet_0_wr_clk (net)
                      0.098229    0.005409    0.220187 ^ clkbuf_4_9_0_wr_clk/A (sky130_fd_sc_hd__clkbuf_8)
    10    0.039913    0.061692    0.124296    0.344483 ^ clkbuf_4_9_0_wr_clk/X (sky130_fd_sc_hd__clkbuf_8)
                                                         clknet_4_9_0_wr_clk (net)
                      0.061826    0.001940    0.346423 ^ _697_/CLK (sky130_fd_sc_hd__dfxtp_1)
                                  0.250000    0.596423   clock uncertainty
                                  0.000000    0.596423   clock reconvergence pessimism
                                 -0.016471    0.579952   library hold time
                                              0.579952   data required time
---------------------------------------------------------------------------------------------
                                              0.579952   data required time
                                             -1.000297   data arrival time
---------------------------------------------------------------------------------------------
                                              0.420345   slack (MET)


Startpoint: _698_ (rising edge-triggered flip-flop clocked by wr_clk)
Endpoint: _698_ (rising edge-triggered flip-flop clocked by wr_clk)
Path Group: wr_clk
Path Type: min

Fanout         Cap        Slew       Delay        Time   Description
---------------------------------------------------------------------------------------------
                                  0.000000    0.000000   clock wr_clk (rise edge)
                                  0.000000    0.000000   clock source latency
     1    0.026396    0.093078    0.065140    0.065140 ^ wr_clk (in)
                                                         wr_clk (net)
                      0.093240    0.000000    0.065140 ^ clkbuf_0_wr_clk/A (sky130_fd_sc_hd__clkbuf_16)
    16    0.111341    0.097775    0.149638    0.214779 ^ clkbuf_0_wr_clk/X (sky130_fd_sc_hd__clkbuf_16)
                                                         clknet_0_wr_clk (net)
                      0.098887    0.008328    0.223106 ^ clkbuf_4_4_0_wr_clk/A (sky130_fd_sc_hd__clkbuf_8)
    13    0.045053    0.068003    0.128410    0.351517 ^ clkbuf_4_4_0_wr_clk/X (sky130_fd_sc_hd__clkbuf_8)
                                                         clknet_4_4_0_wr_clk (net)
                      0.068284    0.003473    0.354989 ^ _698_/CLK (sky130_fd_sc_hd__dfxtp_1)
     2    0.005147    0.044449    0.206252    0.561242 ^ _698_/Q (sky130_fd_sc_hd__dfxtp_1)
                                                         mem[8][2] (net)
                      0.044450    0.000319    0.561561 ^ hold28/A (sky130_fd_sc_hd__dlygate4sd3_1)
     1    0.002803    0.037315    0.373644    0.935205 ^ hold28/X (sky130_fd_sc_hd__dlygate4sd3_1)
                                                         net104 (net)
                      0.037315    0.000183    0.935388 ^ _554_/A0 (sky130_fd_sc_hd__mux2_1)
     1    0.002930    0.029429    0.073735    1.009123 ^ _554_/X (sky130_fd_sc_hd__mux2_1)
                                                         _066_ (net)
                      0.029429    0.000120    1.009243 ^ _698_/D (sky130_fd_sc_hd__dfxtp_1)
                                              1.009243   data arrival time

                                  0.000000    0.000000   clock wr_clk (rise edge)
                                  0.000000    0.000000   clock source latency
     1    0.026396    0.093078    0.065140    0.065140 ^ wr_clk (in)
                                                         wr_clk (net)
                      0.093240    0.000000    0.065140 ^ clkbuf_0_wr_clk/A (sky130_fd_sc_hd__clkbuf_16)
    16    0.111341    0.097775    0.149638    0.214779 ^ clkbuf_0_wr_clk/X (sky130_fd_sc_hd__clkbuf_16)
                                                         clknet_0_wr_clk (net)
                      0.098887    0.008328    0.223106 ^ clkbuf_4_4_0_wr_clk/A (sky130_fd_sc_hd__clkbuf_8)
    13    0.045053    0.068003    0.128410    0.351517 ^ clkbuf_4_4_0_wr_clk/X (sky130_fd_sc_hd__clkbuf_8)
                                                         clknet_4_4_0_wr_clk (net)
                      0.068284    0.003473    0.354989 ^ _698_/CLK (sky130_fd_sc_hd__dfxtp_1)
                                  0.250000    0.604989   clock uncertainty
                                  0.000000    0.604989   clock reconvergence pessimism
                                 -0.016300    0.588690   library hold time
                                              0.588690   data required time
---------------------------------------------------------------------------------------------
                                              0.588690   data required time
                                             -1.009243   data arrival time
---------------------------------------------------------------------------------------------
                                              0.420553   slack (MET)


Startpoint: _691_ (rising edge-triggered flip-flop clocked by wr_clk)
Endpoint: _691_ (rising edge-triggered flip-flop clocked by wr_clk)
Path Group: wr_clk
Path Type: min

Fanout         Cap        Slew       Delay        Time   Description
---------------------------------------------------------------------------------------------
                                  0.000000    0.000000   clock wr_clk (rise edge)
                                  0.000000    0.000000   clock source latency
     1    0.026396    0.093078    0.065140    0.065140 ^ wr_clk (in)
                                                         wr_clk (net)
                      0.093240    0.000000    0.065140 ^ clkbuf_0_wr_clk/A (sky130_fd_sc_hd__clkbuf_16)
    16    0.111341    0.097775    0.149638    0.214779 ^ clkbuf_0_wr_clk/X (sky130_fd_sc_hd__clkbuf_16)
                                                         clknet_0_wr_clk (net)
                      0.098763    0.007861    0.222639 ^ clkbuf_4_2_0_wr_clk/A (sky130_fd_sc_hd__clkbuf_8)
    13    0.042444    0.064786    0.125586    0.348225 ^ clkbuf_4_2_0_wr_clk/X (sky130_fd_sc_hd__clkbuf_8)
                                                         clknet_4_2_0_wr_clk (net)
                      0.065213    0.004164    0.352389 ^ _691_/CLK (sky130_fd_sc_hd__dfxtp_1)
     2    0.006498    0.053468    0.211896    0.564285 ^ _691_/Q (sky130_fd_sc_hd__dfxtp_1)
                                                         mem[0][3] (net)
                      0.053471    0.000449    0.564735 ^ hold23/A (sky130_fd_sc_hd__dlygate4sd3_1)
     1    0.002140    0.033511    0.371349    0.936083 ^ hold23/X (sky130_fd_sc_hd__dlygate4sd3_1)
                                                         net99 (net)
                      0.033511    0.000101    0.936184 ^ _546_/A0 (sky130_fd_sc_hd__mux2_1)
     1    0.002516    0.027071    0.070477    1.006661 ^ _546_/X (sky130_fd_sc_hd__mux2_1)
                                                         _059_ (net)
                      0.027072    0.000181    1.006842 ^ _691_/D (sky130_fd_sc_hd__dfxtp_1)
                                              1.006842   data arrival time

                                  0.000000    0.000000   clock wr_clk (rise edge)
                                  0.000000    0.000000   clock source latency
     1    0.026396    0.093078    0.065140    0.065140 ^ wr_clk (in)
                                                         wr_clk (net)
                      0.093240    0.000000    0.065140 ^ clkbuf_0_wr_clk/A (sky130_fd_sc_hd__clkbuf_16)
    16    0.111341    0.097775    0.149638    0.214779 ^ clkbuf_0_wr_clk/X (sky130_fd_sc_hd__clkbuf_16)
                                                         clknet_0_wr_clk (net)
                      0.098763    0.007861    0.222639 ^ clkbuf_4_2_0_wr_clk/A (sky130_fd_sc_hd__clkbuf_8)
    13    0.042444    0.064786    0.125586    0.348225 ^ clkbuf_4_2_0_wr_clk/X (sky130_fd_sc_hd__clkbuf_8)
                                                         clknet_4_2_0_wr_clk (net)
                      0.065213    0.004164    0.352389 ^ _691_/CLK (sky130_fd_sc_hd__dfxtp_1)
                                  0.250000    0.602389   clock uncertainty
                                  0.000000    0.602389   clock reconvergence pessimism
                                 -0.016207    0.586182   library hold time
                                              0.586182   data required time
---------------------------------------------------------------------------------------------
                                              0.586182   data required time
                                             -1.006842   data arrival time
---------------------------------------------------------------------------------------------
                                              0.420659   slack (MET)


Startpoint: _676_ (rising edge-triggered flip-flop clocked by wr_clk)
Endpoint: _676_ (rising edge-triggered flip-flop clocked by wr_clk)
Path Group: wr_clk
Path Type: min

Fanout         Cap        Slew       Delay        Time   Description
---------------------------------------------------------------------------------------------
                                  0.000000    0.000000   clock wr_clk (rise edge)
                                  0.000000    0.000000   clock source latency
     1    0.026396    0.093078    0.065140    0.065140 ^ wr_clk (in)
                                                         wr_clk (net)
                      0.093240    0.000000    0.065140 ^ clkbuf_0_wr_clk/A (sky130_fd_sc_hd__clkbuf_16)
    16    0.111341    0.097775    0.149638    0.214779 ^ clkbuf_0_wr_clk/X (sky130_fd_sc_hd__clkbuf_16)
                                                         clknet_0_wr_clk (net)
                      0.098042    0.004200    0.218979 ^ clkbuf_4_10_0_wr_clk/A (sky130_fd_sc_hd__clkbuf_8)
    13    0.044109    0.066827    0.127354    0.346333 ^ clkbuf_4_10_0_wr_clk/X (sky130_fd_sc_hd__clkbuf_8)
                                                         clknet_4_10_0_wr_clk (net)
                      0.067086    0.003304    0.349637 ^ _676_/CLK (sky130_fd_sc_hd__dfxtp_1)
     2    0.005107    0.044189    0.205761    0.555399 ^ _676_/Q (sky130_fd_sc_hd__dfxtp_1)
                                                         mem[1][4] (net)
                      0.044191    0.000305    0.555704 ^ hold117/A (sky130_fd_sc_hd__dlygate4sd3_1)
     1    0.002760    0.037036    0.373305    0.929008 ^ hold117/X (sky130_fd_sc_hd__dlygate4sd3_1)
                                                         net193 (net)
                      0.037036    0.000202    0.929211 ^ _529_/A0 (sky130_fd_sc_hd__mux2_1)
     1    0.003107    0.030440    0.074549    1.003760 ^ _529_/X (sky130_fd_sc_hd__mux2_1)
                                                         _044_ (net)
                      0.030441    0.000201    1.003960 ^ _676_/D (sky130_fd_sc_hd__dfxtp_1)
                                              1.003960   data arrival time

                                  0.000000    0.000000   clock wr_clk (rise edge)
                                  0.000000    0.000000   clock source latency
     1    0.026396    0.093078    0.065140    0.065140 ^ wr_clk (in)
                                                         wr_clk (net)
                      0.093240    0.000000    0.065140 ^ clkbuf_0_wr_clk/A (sky130_fd_sc_hd__clkbuf_16)
    16    0.111341    0.097775    0.149638    0.214779 ^ clkbuf_0_wr_clk/X (sky130_fd_sc_hd__clkbuf_16)
                                                         clknet_0_wr_clk (net)
                      0.098042    0.004200    0.218979 ^ clkbuf_4_10_0_wr_clk/A (sky130_fd_sc_hd__clkbuf_8)
    13    0.044109    0.066827    0.127354    0.346333 ^ clkbuf_4_10_0_wr_clk/X (sky130_fd_sc_hd__clkbuf_8)
                                                         clknet_4_10_0_wr_clk (net)
                      0.067086    0.003304    0.349637 ^ _676_/CLK (sky130_fd_sc_hd__dfxtp_1)
                                  0.250000    0.599637   clock uncertainty
                                  0.000000    0.599637   clock reconvergence pessimism
                                 -0.016399    0.583238   library hold time
                                              0.583238   data required time
---------------------------------------------------------------------------------------------
                                              0.583238   data required time
                                             -1.003960   data arrival time
---------------------------------------------------------------------------------------------
                                              0.420722   slack (MET)


Startpoint: _798_ (rising edge-triggered flip-flop clocked by wr_clk)
Endpoint: _798_ (rising edge-triggered flip-flop clocked by wr_clk)
Path Group: wr_clk
Path Type: min

Fanout         Cap        Slew       Delay        Time   Description
---------------------------------------------------------------------------------------------
                                  0.000000    0.000000   clock wr_clk (rise edge)
                                  0.000000    0.000000   clock source latency
     1    0.026396    0.093078    0.065140    0.065140 ^ wr_clk (in)
                                                         wr_clk (net)
                      0.093240    0.000000    0.065140 ^ clkbuf_0_wr_clk/A (sky130_fd_sc_hd__clkbuf_16)
    16    0.111341    0.097775    0.149638    0.214779 ^ clkbuf_0_wr_clk/X (sky130_fd_sc_hd__clkbuf_16)
                                                         clknet_0_wr_clk (net)
                      0.098050    0.004262    0.219040 ^ clkbuf_4_11_0_wr_clk/A (sky130_fd_sc_hd__clkbuf_8)
     8    0.040281    0.062147    0.124403    0.343443 ^ clkbuf_4_11_0_wr_clk/X (sky130_fd_sc_hd__clkbuf_8)
                                                         clknet_4_11_0_wr_clk (net)
                      0.062272    0.001877    0.345320 ^ _798_/CLK (sky130_fd_sc_hd__dfxtp_1)
     2    0.006041    0.050426    0.209000    0.554320 ^ _798_/Q (sky130_fd_sc_hd__dfxtp_1)
                                                         mem[15][4] (net)
                      0.050427    0.000265    0.554585 ^ hold101/A (sky130_fd_sc_hd__dlygate4sd3_1)
     1    0.002554    0.035825    0.373349    0.927935 ^ hold101/X (sky130_fd_sc_hd__dlygate4sd3_1)
                                                         net177 (net)
                      0.035825    0.000119    0.928054 ^ _619_/A1 (sky130_fd_sc_hd__mux2_1)
     1    0.002325    0.026224    0.071629    0.999682 ^ _619_/X (sky130_fd_sc_hd__mux2_1)
                                                         _124_ (net)
                      0.026224    0.000160    0.999842 ^ _798_/D (sky130_fd_sc_hd__dfxtp_1)
                                              0.999842   data arrival time

                                  0.000000    0.000000   clock wr_clk (rise edge)
                                  0.000000    0.000000   clock source latency
     1    0.026396    0.093078    0.065140    0.065140 ^ wr_clk (in)
                                                         wr_clk (net)
                      0.093240    0.000000    0.065140 ^ clkbuf_0_wr_clk/A (sky130_fd_sc_hd__clkbuf_16)
    16    0.111341    0.097775    0.149638    0.214779 ^ clkbuf_0_wr_clk/X (sky130_fd_sc_hd__clkbuf_16)
                                                         clknet_0_wr_clk (net)
                      0.098050    0.004262    0.219040 ^ clkbuf_4_11_0_wr_clk/A (sky130_fd_sc_hd__clkbuf_8)
     8    0.040281    0.062147    0.124403    0.343443 ^ clkbuf_4_11_0_wr_clk/X (sky130_fd_sc_hd__clkbuf_8)
                                                         clknet_4_11_0_wr_clk (net)
                      0.062272    0.001877    0.345320 ^ _798_/CLK (sky130_fd_sc_hd__dfxtp_1)
                                  0.250000    0.595320   clock uncertainty
                                  0.000000    0.595320   clock reconvergence pessimism
                                 -0.016217    0.579103   library hold time
                                              0.579103   data required time
---------------------------------------------------------------------------------------------
                                              0.579103   data required time
                                             -0.999842   data arrival time
---------------------------------------------------------------------------------------------
                                              0.420740   slack (MET)


Startpoint: _706_ (rising edge-triggered flip-flop clocked by wr_clk)
Endpoint: _706_ (rising edge-triggered flip-flop clocked by wr_clk)
Path Group: wr_clk
Path Type: min

Fanout         Cap        Slew       Delay        Time   Description
---------------------------------------------------------------------------------------------
                                  0.000000    0.000000   clock wr_clk (rise edge)
                                  0.000000    0.000000   clock source latency
     1    0.026396    0.093078    0.065140    0.065140 ^ wr_clk (in)
                                                         wr_clk (net)
                      0.093240    0.000000    0.065140 ^ clkbuf_0_wr_clk/A (sky130_fd_sc_hd__clkbuf_16)
    16    0.111341    0.097775    0.149638    0.214779 ^ clkbuf_0_wr_clk/X (sky130_fd_sc_hd__clkbuf_16)
                                                         clknet_0_wr_clk (net)
                      0.098887    0.008328    0.223106 ^ clkbuf_4_4_0_wr_clk/A (sky130_fd_sc_hd__clkbuf_8)
    13    0.045053    0.068003    0.128410    0.351517 ^ clkbuf_4_4_0_wr_clk/X (sky130_fd_sc_hd__clkbuf_8)
                                                         clknet_4_4_0_wr_clk (net)
                      0.068183    0.002795    0.354312 ^ _706_/CLK (sky130_fd_sc_hd__dfxtp_1)
     2    0.006059    0.050540    0.210578    0.564890 ^ _706_/Q (sky130_fd_sc_hd__dfxtp_1)
                                                         mem[7][2] (net)
                      0.050542    0.000330    0.565220 ^ hold113/A (sky130_fd_sc_hd__dlygate4sd3_1)
     1    0.002326    0.034508    0.371902    0.937122 ^ hold113/X (sky130_fd_sc_hd__dlygate4sd3_1)
                                                         net189 (net)
                      0.034508    0.000170    0.937292 ^ _564_/A1 (sky130_fd_sc_hd__mux2_1)
     1    0.002411    0.026684    0.071696    1.008988 ^ _564_/X (sky130_fd_sc_hd__mux2_1)
                                                         _074_ (net)
                      0.026686    0.000171    1.009159 ^ _706_/D (sky130_fd_sc_hd__dfxtp_1)
                                              1.009159   data arrival time

                                  0.000000    0.000000   clock wr_clk (rise edge)
                                  0.000000    0.000000   clock source latency
     1    0.026396    0.093078    0.065140    0.065140 ^ wr_clk (in)
                                                         wr_clk (net)
                      0.093240    0.000000    0.065140 ^ clkbuf_0_wr_clk/A (sky130_fd_sc_hd__clkbuf_16)
    16    0.111341    0.097775    0.149638    0.214779 ^ clkbuf_0_wr_clk/X (sky130_fd_sc_hd__clkbuf_16)
                                                         clknet_0_wr_clk (net)
                      0.098887    0.008328    0.223106 ^ clkbuf_4_4_0_wr_clk/A (sky130_fd_sc_hd__clkbuf_8)
    13    0.045053    0.068003    0.128410    0.351517 ^ clkbuf_4_4_0_wr_clk/X (sky130_fd_sc_hd__clkbuf_8)
                                                         clknet_4_4_0_wr_clk (net)
                      0.068183    0.002795    0.354312 ^ _706_/CLK (sky130_fd_sc_hd__dfxtp_1)
                                  0.250000    0.604312   clock uncertainty
                                  0.000000    0.604312   clock reconvergence pessimism
                                 -0.016109    0.588203   library hold time
                                              0.588203   data required time
---------------------------------------------------------------------------------------------
                                              0.588203   data required time
                                             -1.009159   data arrival time
---------------------------------------------------------------------------------------------
                                              0.420956   slack (MET)


Startpoint: _687_ (rising edge-triggered flip-flop clocked by wr_clk)
Endpoint: _687_ (rising edge-triggered flip-flop clocked by wr_clk)
Path Group: wr_clk
Path Type: min

Fanout         Cap        Slew       Delay        Time   Description
---------------------------------------------------------------------------------------------
                                  0.000000    0.000000   clock wr_clk (rise edge)
                                  0.000000    0.000000   clock source latency
     1    0.026396    0.093078    0.065140    0.065140 ^ wr_clk (in)
                                                         wr_clk (net)
                      0.093240    0.000000    0.065140 ^ clkbuf_0_wr_clk/A (sky130_fd_sc_hd__clkbuf_16)
    16    0.111341    0.097775    0.149638    0.214779 ^ clkbuf_0_wr_clk/X (sky130_fd_sc_hd__clkbuf_16)
                                                         clknet_0_wr_clk (net)
                      0.098900    0.008375    0.223153 ^ clkbuf_4_1_0_wr_clk/A (sky130_fd_sc_hd__clkbuf_8)
    14    0.043141    0.065631    0.127001    0.350154 ^ clkbuf_4_1_0_wr_clk/X (sky130_fd_sc_hd__clkbuf_8)
                                                         clknet_4_1_0_wr_clk (net)
                      0.065837    0.002628    0.352783 ^ _687_/CLK (sky130_fd_sc_hd__dfxtp_1)
     2    0.005799    0.048810    0.208779    0.561562 ^ _687_/Q (sky130_fd_sc_hd__dfxtp_1)
                                                         mem[10][7] (net)
                      0.048811    0.000302    0.561864 ^ hold21/A (sky130_fd_sc_hd__dlygate4sd3_1)
     1    0.002895    0.037891    0.375148    0.937012 ^ hold21/X (sky130_fd_sc_hd__dlygate4sd3_1)
                                                         net97 (net)
                      0.037891    0.000217    0.937229 ^ _541_/A0 (sky130_fd_sc_hd__mux2_1)
     1    0.002239    0.025538    0.070266    1.007495 ^ _541_/X (sky130_fd_sc_hd__mux2_1)
                                                         _055_ (net)
                      0.025539    0.000162    1.007656 ^ _687_/D (sky130_fd_sc_hd__dfxtp_1)
                                              1.007656   data arrival time

                                  0.000000    0.000000   clock wr_clk (rise edge)
                                  0.000000    0.000000   clock source latency
     1    0.026396    0.093078    0.065140    0.065140 ^ wr_clk (in)
                                                         wr_clk (net)
                      0.093240    0.000000    0.065140 ^ clkbuf_0_wr_clk/A (sky130_fd_sc_hd__clkbuf_16)
    16    0.111341    0.097775    0.149638    0.214779 ^ clkbuf_0_wr_clk/X (sky130_fd_sc_hd__clkbuf_16)
                                                         clknet_0_wr_clk (net)
                      0.098900    0.008375    0.223153 ^ clkbuf_4_1_0_wr_clk/A (sky130_fd_sc_hd__clkbuf_8)
    14    0.043141    0.065631    0.127001    0.350154 ^ clkbuf_4_1_0_wr_clk/X (sky130_fd_sc_hd__clkbuf_8)
                                                         clknet_4_1_0_wr_clk (net)
                      0.065837    0.002628    0.352783 ^ _687_/CLK (sky130_fd_sc_hd__dfxtp_1)
                                  0.250000    0.602783   clock uncertainty
                                  0.000000    0.602783   clock reconvergence pessimism
                                 -0.016084    0.586699   library hold time
                                              0.586699   data required time
---------------------------------------------------------------------------------------------
                                              0.586699   data required time
                                             -1.007656   data arrival time
---------------------------------------------------------------------------------------------
                                              0.420958   slack (MET)


Startpoint: _731_ (rising edge-triggered flip-flop clocked by wr_clk)
Endpoint: _731_ (rising edge-triggered flip-flop clocked by wr_clk)
Path Group: wr_clk
Path Type: min

Fanout         Cap        Slew       Delay        Time   Description
---------------------------------------------------------------------------------------------
                                  0.000000    0.000000   clock wr_clk (rise edge)
                                  0.000000    0.000000   clock source latency
     1    0.026396    0.093078    0.065140    0.065140 ^ wr_clk (in)
                                                         wr_clk (net)
                      0.093240    0.000000    0.065140 ^ clkbuf_0_wr_clk/A (sky130_fd_sc_hd__clkbuf_16)
    16    0.111341    0.097775    0.149638    0.214779 ^ clkbuf_0_wr_clk/X (sky130_fd_sc_hd__clkbuf_16)
                                                         clknet_0_wr_clk (net)
                      0.098763    0.007861    0.222639 ^ clkbuf_4_2_0_wr_clk/A (sky130_fd_sc_hd__clkbuf_8)
    13    0.042444    0.064786    0.125586    0.348225 ^ clkbuf_4_2_0_wr_clk/X (sky130_fd_sc_hd__clkbuf_8)
                                                         clknet_4_2_0_wr_clk (net)
                      0.065195    0.004077    0.352302 ^ _731_/CLK (sky130_fd_sc_hd__dfxtp_1)
     2    0.005831    0.049030    0.208761    0.561062 ^ _731_/Q (sky130_fd_sc_hd__dfxtp_1)
                                                         mem[3][3] (net)
                      0.049031    0.000274    0.561337 ^ hold110/A (sky130_fd_sc_hd__dlygate4sd3_1)
     1    0.002502    0.035505    0.372702    0.934039 ^ hold110/X (sky130_fd_sc_hd__dlygate4sd3_1)
                                                         net186 (net)
                      0.035505    0.000173    0.934213 ^ _592_/A1 (sky130_fd_sc_hd__mux2_1)
     1    0.002568    0.027553    0.072774    1.006987 ^ _592_/X (sky130_fd_sc_hd__mux2_1)
                                                         _099_ (net)
                      0.027553    0.000182    1.007169 ^ _731_/D (sky130_fd_sc_hd__dfxtp_1)
                                              1.007169   data arrival time

                                  0.000000    0.000000   clock wr_clk (rise edge)
                                  0.000000    0.000000   clock source latency
     1    0.026396    0.093078    0.065140    0.065140 ^ wr_clk (in)
                                                         wr_clk (net)
                      0.093240    0.000000    0.065140 ^ clkbuf_0_wr_clk/A (sky130_fd_sc_hd__clkbuf_16)
    16    0.111341    0.097775    0.149638    0.214779 ^ clkbuf_0_wr_clk/X (sky130_fd_sc_hd__clkbuf_16)
                                                         clknet_0_wr_clk (net)
                      0.098763    0.007861    0.222639 ^ clkbuf_4_2_0_wr_clk/A (sky130_fd_sc_hd__clkbuf_8)
    13    0.042444    0.064786    0.125586    0.348225 ^ clkbuf_4_2_0_wr_clk/X (sky130_fd_sc_hd__clkbuf_8)
                                                         clknet_4_2_0_wr_clk (net)
                      0.065195    0.004077    0.352302 ^ _731_/CLK (sky130_fd_sc_hd__dfxtp_1)
                                  0.250000    0.602302   clock uncertainty
                                  0.000000    0.602302   clock reconvergence pessimism
                                 -0.016241    0.586061   library hold time
                                              0.586061   data required time
---------------------------------------------------------------------------------------------
                                              0.586061   data required time
                                             -1.007169   data arrival time
---------------------------------------------------------------------------------------------
                                              0.421108   slack (MET)


Startpoint: _735_ (rising edge-triggered flip-flop clocked by wr_clk)
Endpoint: _735_ (rising edge-triggered flip-flop clocked by wr_clk)
Path Group: wr_clk
Path Type: min

Fanout         Cap        Slew       Delay        Time   Description
---------------------------------------------------------------------------------------------
                                  0.000000    0.000000   clock wr_clk (rise edge)
                                  0.000000    0.000000   clock source latency
     1    0.026396    0.093078    0.065140    0.065140 ^ wr_clk (in)
                                                         wr_clk (net)
                      0.093240    0.000000    0.065140 ^ clkbuf_0_wr_clk/A (sky130_fd_sc_hd__clkbuf_16)
    16    0.111341    0.097775    0.149638    0.214779 ^ clkbuf_0_wr_clk/X (sky130_fd_sc_hd__clkbuf_16)
                                                         clknet_0_wr_clk (net)
                      0.098900    0.008375    0.223153 ^ clkbuf_4_1_0_wr_clk/A (sky130_fd_sc_hd__clkbuf_8)
    14    0.043141    0.065631    0.127001    0.350154 ^ clkbuf_4_1_0_wr_clk/X (sky130_fd_sc_hd__clkbuf_8)
                                                         clknet_4_1_0_wr_clk (net)
                      0.065746    0.001787    0.351941 ^ _735_/CLK (sky130_fd_sc_hd__dfxtp_1)
     2    0.005413    0.046204    0.206871    0.558813 ^ _735_/Q (sky130_fd_sc_hd__dfxtp_1)
                                                         mem[3][7] (net)
                      0.046206    0.000330    0.559143 ^ hold111/A (sky130_fd_sc_hd__dlygate4sd3_1)
     1    0.002571    0.035898    0.372528    0.931672 ^ hold111/X (sky130_fd_sc_hd__dlygate4sd3_1)
                                                         net187 (net)
                      0.035898    0.000189    0.931860 ^ _596_/A1 (sky130_fd_sc_hd__mux2_1)
     1    0.002918    0.029517    0.074673    1.006533 ^ _596_/X (sky130_fd_sc_hd__mux2_1)
                                                         _103_ (net)
                      0.029517    0.000201    1.006734 ^ _735_/D (sky130_fd_sc_hd__dfxtp_1)
                                              1.006734   data arrival time

                                  0.000000    0.000000   clock wr_clk (rise edge)
                                  0.000000    0.000000   clock source latency
     1    0.026396    0.093078    0.065140    0.065140 ^ wr_clk (in)
                                                         wr_clk (net)
                      0.093240    0.000000    0.065140 ^ clkbuf_0_wr_clk/A (sky130_fd_sc_hd__clkbuf_16)
    16    0.111341    0.097775    0.149638    0.214779 ^ clkbuf_0_wr_clk/X (sky130_fd_sc_hd__clkbuf_16)
                                                         clknet_0_wr_clk (net)
                      0.098900    0.008375    0.223153 ^ clkbuf_4_1_0_wr_clk/A (sky130_fd_sc_hd__clkbuf_8)
    14    0.043141    0.065631    0.127001    0.350154 ^ clkbuf_4_1_0_wr_clk/X (sky130_fd_sc_hd__clkbuf_8)
                                                         clknet_4_1_0_wr_clk (net)
                      0.065746    0.001787    0.351941 ^ _735_/CLK (sky130_fd_sc_hd__dfxtp_1)
                                  0.250000    0.601941   clock uncertainty
                                  0.000000    0.601941   clock reconvergence pessimism
                                 -0.016366    0.585575   library hold time
                                              0.585575   data required time
---------------------------------------------------------------------------------------------
                                              0.585575   data required time
                                             -1.006734   data arrival time
---------------------------------------------------------------------------------------------
                                              0.421160   slack (MET)


Startpoint: _662_ (rising edge-triggered flip-flop clocked by wr_clk)
Endpoint: _662_ (rising edge-triggered flip-flop clocked by wr_clk)
Path Group: wr_clk
Path Type: min

Fanout         Cap        Slew       Delay        Time   Description
---------------------------------------------------------------------------------------------
                                  0.000000    0.000000   clock wr_clk (rise edge)
                                  0.000000    0.000000   clock source latency
     1    0.026396    0.093078    0.065140    0.065140 ^ wr_clk (in)
                                                         wr_clk (net)
                      0.093240    0.000000    0.065140 ^ clkbuf_0_wr_clk/A (sky130_fd_sc_hd__clkbuf_16)
    16    0.111341    0.097775    0.149638    0.214779 ^ clkbuf_0_wr_clk/X (sky130_fd_sc_hd__clkbuf_16)
                                                         clknet_0_wr_clk (net)
                      0.098877    0.008290    0.223068 ^ clkbuf_4_5_0_wr_clk/A (sky130_fd_sc_hd__clkbuf_8)
    14    0.043082    0.065571    0.126084    0.349152 ^ clkbuf_4_5_0_wr_clk/X (sky130_fd_sc_hd__clkbuf_8)
                                                         clknet_4_5_0_wr_clk (net)
                      0.065954    0.003974    0.353126 ^ _662_/CLK (sky130_fd_sc_hd__dfxtp_1)
     2    0.004717    0.041636    0.203628    0.556754 ^ _662_/Q (sky130_fd_sc_hd__dfxtp_1)
                                                         mem[12][6] (net)
                      0.041636    0.000171    0.556925 ^ hold24/A (sky130_fd_sc_hd__dlygate4sd3_1)
     1    0.003332    0.041215    0.376407    0.933332 ^ hold24/X (sky130_fd_sc_hd__dlygate4sd3_1)
                                                         net100 (net)
                      0.041215    0.000221    0.933553 ^ _511_/A0 (sky130_fd_sc_hd__mux2_1)
     1    0.002827    0.028834    0.074261    1.007814 ^ _511_/X (sky130_fd_sc_hd__mux2_1)
                                                         _030_ (net)
                      0.028835    0.000188    1.008001 ^ _662_/D (sky130_fd_sc_hd__dfxtp_1)
                                              1.008001   data arrival time

                                  0.000000    0.000000   clock wr_clk (rise edge)
                                  0.000000    0.000000   clock source latency
     1    0.026396    0.093078    0.065140    0.065140 ^ wr_clk (in)
                                                         wr_clk (net)
                      0.093240    0.000000    0.065140 ^ clkbuf_0_wr_clk/A (sky130_fd_sc_hd__clkbuf_16)
    16    0.111341    0.097775    0.149638    0.214779 ^ clkbuf_0_wr_clk/X (sky130_fd_sc_hd__clkbuf_16)
                                                         clknet_0_wr_clk (net)
                      0.098877    0.008290    0.223068 ^ clkbuf_4_5_0_wr_clk/A (sky130_fd_sc_hd__clkbuf_8)
    14    0.043082    0.065571    0.126084    0.349152 ^ clkbuf_4_5_0_wr_clk/X (sky130_fd_sc_hd__clkbuf_8)
                                                         clknet_4_5_0_wr_clk (net)
                      0.065954    0.003974    0.353126 ^ _662_/CLK (sky130_fd_sc_hd__dfxtp_1)
                                  0.250000    0.603126   clock uncertainty
                                  0.000000    0.603126   clock reconvergence pessimism
                                 -0.016313    0.586813   library hold time
                                              0.586813   data required time
---------------------------------------------------------------------------------------------
                                              0.586813   data required time
                                             -1.008001   data arrival time
---------------------------------------------------------------------------------------------
                                              0.421189   slack (MET)


Startpoint: _744_ (rising edge-triggered flip-flop clocked by wr_clk)
Endpoint: _744_ (rising edge-triggered flip-flop clocked by wr_clk)
Path Group: wr_clk
Path Type: min

Fanout         Cap        Slew       Delay        Time   Description
---------------------------------------------------------------------------------------------
                                  0.000000    0.000000   clock wr_clk (rise edge)
                                  0.000000    0.000000   clock source latency
     1    0.026396    0.093078    0.065140    0.065140 ^ wr_clk (in)
                                                         wr_clk (net)
                      0.093240    0.000000    0.065140 ^ clkbuf_0_wr_clk/A (sky130_fd_sc_hd__clkbuf_16)
    16    0.111341    0.097775    0.149638    0.214779 ^ clkbuf_0_wr_clk/X (sky130_fd_sc_hd__clkbuf_16)
                                                         clknet_0_wr_clk (net)
                      0.098900    0.008375    0.223153 ^ clkbuf_4_1_0_wr_clk/A (sky130_fd_sc_hd__clkbuf_8)
    14    0.043141    0.065631    0.127001    0.350154 ^ clkbuf_4_1_0_wr_clk/X (sky130_fd_sc_hd__clkbuf_8)
                                                         clknet_4_1_0_wr_clk (net)
                      0.065865    0.002838    0.352992 ^ _744_/CLK (sky130_fd_sc_hd__dfxtp_1)
     2    0.005343    0.045797    0.206605    0.559598 ^ _744_/Q (sky130_fd_sc_hd__dfxtp_1)
                                                         mem[5][7] (net)
                      0.045797    0.000180    0.559778 ^ hold36/A (sky130_fd_sc_hd__dlygate4sd3_1)
     1    0.002622    0.036196    0.372769    0.932547 ^ hold36/X (sky130_fd_sc_hd__dlygate4sd3_1)
                                                         net112 (net)
                      0.036196    0.000192    0.932739 ^ _605_/A0 (sky130_fd_sc_hd__mux2_1)
     1    0.003257    0.031306    0.075089    1.007828 ^ _605_/X (sky130_fd_sc_hd__mux2_1)
                                                         _111_ (net)
                      0.031307    0.000220    1.008048 ^ _744_/D (sky130_fd_sc_hd__dfxtp_1)
                                              1.008048   data arrival time

                                  0.000000    0.000000   clock wr_clk (rise edge)
                                  0.000000    0.000000   clock source latency
     1    0.026396    0.093078    0.065140    0.065140 ^ wr_clk (in)
                                                         wr_clk (net)
                      0.093240    0.000000    0.065140 ^ clkbuf_0_wr_clk/A (sky130_fd_sc_hd__clkbuf_16)
    16    0.111341    0.097775    0.149638    0.214779 ^ clkbuf_0_wr_clk/X (sky130_fd_sc_hd__clkbuf_16)
                                                         clknet_0_wr_clk (net)
                      0.098900    0.008375    0.223153 ^ clkbuf_4_1_0_wr_clk/A (sky130_fd_sc_hd__clkbuf_8)
    14    0.043141    0.065631    0.127001    0.350154 ^ clkbuf_4_1_0_wr_clk/X (sky130_fd_sc_hd__clkbuf_8)
                                                         clknet_4_1_0_wr_clk (net)
                      0.065865    0.002838    0.352992 ^ _744_/CLK (sky130_fd_sc_hd__dfxtp_1)
                                  0.250000    0.602992   clock uncertainty
                                  0.000000    0.602992   clock reconvergence pessimism
                                 -0.016490    0.586503   library hold time
                                              0.586503   data required time
---------------------------------------------------------------------------------------------
                                              0.586503   data required time
                                             -1.008048   data arrival time
---------------------------------------------------------------------------------------------
                                              0.421545   slack (MET)


Startpoint: _708_ (rising edge-triggered flip-flop clocked by wr_clk)
Endpoint: _708_ (rising edge-triggered flip-flop clocked by wr_clk)
Path Group: wr_clk
Path Type: min

Fanout         Cap        Slew       Delay        Time   Description
---------------------------------------------------------------------------------------------
                                  0.000000    0.000000   clock wr_clk (rise edge)
                                  0.000000    0.000000   clock source latency
     1    0.026396    0.093078    0.065140    0.065140 ^ wr_clk (in)
                                                         wr_clk (net)
                      0.093240    0.000000    0.065140 ^ clkbuf_0_wr_clk/A (sky130_fd_sc_hd__clkbuf_16)
    16    0.111341    0.097775    0.149638    0.214779 ^ clkbuf_0_wr_clk/X (sky130_fd_sc_hd__clkbuf_16)
                                                         clknet_0_wr_clk (net)
                      0.098042    0.004200    0.218979 ^ clkbuf_4_10_0_wr_clk/A (sky130_fd_sc_hd__clkbuf_8)
    13    0.044109    0.066827    0.127354    0.346333 ^ clkbuf_4_10_0_wr_clk/X (sky130_fd_sc_hd__clkbuf_8)
                                                         clknet_4_10_0_wr_clk (net)
                      0.066865    0.001302    0.347635 ^ _708_/CLK (sky130_fd_sc_hd__dfxtp_1)
     2    0.004743    0.041840    0.203990    0.551625 ^ _708_/Q (sky130_fd_sc_hd__dfxtp_1)
                                                         mem[7][4] (net)
                      0.041840    0.000166    0.551791 ^ hold129/A (sky130_fd_sc_hd__dlygate4sd3_1)
     1    0.003253    0.040695    0.375943    0.927734 ^ hold129/X (sky130_fd_sc_hd__dlygate4sd3_1)
                                                         net205 (net)
                      0.040695    0.000225    0.927959 ^ _566_/A1 (sky130_fd_sc_hd__mux2_1)
     1    0.002702    0.028302    0.074913    1.002873 ^ _566_/X (sky130_fd_sc_hd__mux2_1)
                                                         _076_ (net)
                      0.028302    0.000186    1.003058 ^ _708_/D (sky130_fd_sc_hd__dfxtp_1)
                                              1.003058   data arrival time

                                  0.000000    0.000000   clock wr_clk (rise edge)
                                  0.000000    0.000000   clock source latency
     1    0.026396    0.093078    0.065140    0.065140 ^ wr_clk (in)
                                                         wr_clk (net)
                      0.093240    0.000000    0.065140 ^ clkbuf_0_wr_clk/A (sky130_fd_sc_hd__clkbuf_16)
    16    0.111341    0.097775    0.149638    0.214779 ^ clkbuf_0_wr_clk/X (sky130_fd_sc_hd__clkbuf_16)
                                                         clknet_0_wr_clk (net)
                      0.098042    0.004200    0.218979 ^ clkbuf_4_10_0_wr_clk/A (sky130_fd_sc_hd__clkbuf_8)
    13    0.044109    0.066827    0.127354    0.346333 ^ clkbuf_4_10_0_wr_clk/X (sky130_fd_sc_hd__clkbuf_8)
                                                         clknet_4_10_0_wr_clk (net)
                      0.066865    0.001302    0.347635 ^ _708_/CLK (sky130_fd_sc_hd__dfxtp_1)
                                  0.250000    0.597635   clock uncertainty
                                  0.000000    0.597635   clock reconvergence pessimism
                                 -0.016254    0.581380   library hold time
                                              0.581380   data required time
---------------------------------------------------------------------------------------------
                                              0.581380   data required time
                                             -1.003058   data arrival time
---------------------------------------------------------------------------------------------
                                              0.421678   slack (MET)


Startpoint: _684_ (rising edge-triggered flip-flop clocked by wr_clk)
Endpoint: _684_ (rising edge-triggered flip-flop clocked by wr_clk)
Path Group: wr_clk
Path Type: min

Fanout         Cap        Slew       Delay        Time   Description
---------------------------------------------------------------------------------------------
                                  0.000000    0.000000   clock wr_clk (rise edge)
                                  0.000000    0.000000   clock source latency
     1    0.026396    0.093078    0.065140    0.065140 ^ wr_clk (in)
                                                         wr_clk (net)
                      0.093240    0.000000    0.065140 ^ clkbuf_0_wr_clk/A (sky130_fd_sc_hd__clkbuf_16)
    16    0.111341    0.097775    0.149638    0.214779 ^ clkbuf_0_wr_clk/X (sky130_fd_sc_hd__clkbuf_16)
                                                         clknet_0_wr_clk (net)
                      0.098042    0.004200    0.218979 ^ clkbuf_4_10_0_wr_clk/A (sky130_fd_sc_hd__clkbuf_8)
    13    0.044109    0.066827    0.127354    0.346333 ^ clkbuf_4_10_0_wr_clk/X (sky130_fd_sc_hd__clkbuf_8)
                                                         clknet_4_10_0_wr_clk (net)
                      0.067164    0.003761    0.350094 ^ _684_/CLK (sky130_fd_sc_hd__dfxtp_1)
     2    0.006116    0.050921    0.210604    0.560698 ^ _684_/Q (sky130_fd_sc_hd__dfxtp_1)
                                                         mem[10][4] (net)
                      0.050922    0.000349    0.561047 ^ hold54/A (sky130_fd_sc_hd__dlygate4sd3_1)
     1    0.002441    0.035161    0.372726    0.933774 ^ hold54/X (sky130_fd_sc_hd__dlygate4sd3_1)
                                                         net130 (net)
                      0.035161    0.000165    0.933939 ^ _538_/A0 (sky130_fd_sc_hd__mux2_1)
     1    0.002651    0.027831    0.071656    1.005595 ^ _538_/X (sky130_fd_sc_hd__mux2_1)
                                                         _052_ (net)
                      0.027832    0.000167    1.005762 ^ _684_/D (sky130_fd_sc_hd__dfxtp_1)
                                              1.005762   data arrival time

                                  0.000000    0.000000   clock wr_clk (rise edge)
                                  0.000000    0.000000   clock source latency
     1    0.026396    0.093078    0.065140    0.065140 ^ wr_clk (in)
                                                         wr_clk (net)
                      0.093240    0.000000    0.065140 ^ clkbuf_0_wr_clk/A (sky130_fd_sc_hd__clkbuf_16)
    16    0.111341    0.097775    0.149638    0.214779 ^ clkbuf_0_wr_clk/X (sky130_fd_sc_hd__clkbuf_16)
                                                         clknet_0_wr_clk (net)
                      0.098042    0.004200    0.218979 ^ clkbuf_4_10_0_wr_clk/A (sky130_fd_sc_hd__clkbuf_8)
    13    0.044109    0.066827    0.127354    0.346333 ^ clkbuf_4_10_0_wr_clk/X (sky130_fd_sc_hd__clkbuf_8)
                                                         clknet_4_10_0_wr_clk (net)
                      0.067164    0.003761    0.350094 ^ _684_/CLK (sky130_fd_sc_hd__dfxtp_1)
                                  0.250000    0.600094   clock uncertainty
                                  0.000000    0.600094   clock reconvergence pessimism
                                 -0.016214    0.583880   library hold time
                                              0.583880   data required time
---------------------------------------------------------------------------------------------
                                              0.583880   data required time
                                             -1.005762   data arrival time
---------------------------------------------------------------------------------------------
                                              0.421882   slack (MET)


Startpoint: _640_ (rising edge-triggered flip-flop clocked by wr_clk)
Endpoint: _640_ (rising edge-triggered flip-flop clocked by wr_clk)
Path Group: wr_clk
Path Type: min

Fanout         Cap        Slew       Delay        Time   Description
---------------------------------------------------------------------------------------------
                                  0.000000    0.000000   clock wr_clk (rise edge)
                                  0.000000    0.000000   clock source latency
     1    0.026396    0.093078    0.065140    0.065140 ^ wr_clk (in)
                                                         wr_clk (net)
                      0.093240    0.000000    0.065140 ^ clkbuf_0_wr_clk/A (sky130_fd_sc_hd__clkbuf_16)
    16    0.111341    0.097775    0.149638    0.214779 ^ clkbuf_0_wr_clk/X (sky130_fd_sc_hd__clkbuf_16)
                                                         clknet_0_wr_clk (net)
                      0.098830    0.008118    0.222897 ^ clkbuf_4_7_0_wr_clk/A (sky130_fd_sc_hd__clkbuf_8)
    11    0.042225    0.064508    0.126252    0.349149 ^ clkbuf_4_7_0_wr_clk/X (sky130_fd_sc_hd__clkbuf_8)
                                                         clknet_4_7_0_wr_clk (net)
                      0.064727    0.002688    0.351838 ^ _640_/CLK (sky130_fd_sc_hd__dfxtp_1)
     2    0.006468    0.053271    0.211625    0.563463 ^ _640_/Q (sky130_fd_sc_hd__dfxtp_1)
                                                         mem[14][0] (net)
                      0.053273    0.000398    0.563861 ^ hold60/A (sky130_fd_sc_hd__dlygate4sd3_1)
     1    0.002092    0.033234    0.370998    0.934859 ^ hold60/X (sky130_fd_sc_hd__dlygate4sd3_1)
                                                         net136 (net)
                      0.033234    0.000150    0.935009 ^ _485_/A0 (sky130_fd_sc_hd__mux2_1)
     1    0.002856    0.029003    0.072175    1.007183 ^ _485_/X (sky130_fd_sc_hd__mux2_1)
                                                         _008_ (net)
                      0.029004    0.000196    1.007379 ^ _640_/D (sky130_fd_sc_hd__dfxtp_1)
                                              1.007379   data arrival time

                                  0.000000    0.000000   clock wr_clk (rise edge)
                                  0.000000    0.000000   clock source latency
     1    0.026396    0.093078    0.065140    0.065140 ^ wr_clk (in)
                                                         wr_clk (net)
                      0.093240    0.000000    0.065140 ^ clkbuf_0_wr_clk/A (sky130_fd_sc_hd__clkbuf_16)
    16    0.111341    0.097775    0.149638    0.214779 ^ clkbuf_0_wr_clk/X (sky130_fd_sc_hd__clkbuf_16)
                                                         clknet_0_wr_clk (net)
                      0.098830    0.008118    0.222897 ^ clkbuf_4_7_0_wr_clk/A (sky130_fd_sc_hd__clkbuf_8)
    11    0.042225    0.064508    0.126252    0.349149 ^ clkbuf_4_7_0_wr_clk/X (sky130_fd_sc_hd__clkbuf_8)
                                                         clknet_4_7_0_wr_clk (net)
                      0.064727    0.002688    0.351838 ^ _640_/CLK (sky130_fd_sc_hd__dfxtp_1)
                                  0.250000    0.601838   clock uncertainty
                                  0.000000    0.601838   clock reconvergence pessimism
                                 -0.016355    0.585483   library hold time
                                              0.585483   data required time
---------------------------------------------------------------------------------------------
                                              0.585483   data required time
                                             -1.007379   data arrival time
---------------------------------------------------------------------------------------------
                                              0.421896   slack (MET)


Startpoint: _797_ (rising edge-triggered flip-flop clocked by wr_clk)
Endpoint: _797_ (rising edge-triggered flip-flop clocked by wr_clk)
Path Group: wr_clk
Path Type: min

Fanout         Cap        Slew       Delay        Time   Description
---------------------------------------------------------------------------------------------
                                  0.000000    0.000000   clock wr_clk (rise edge)
                                  0.000000    0.000000   clock source latency
     1    0.026396    0.093078    0.065140    0.065140 ^ wr_clk (in)
                                                         wr_clk (net)
                      0.093240    0.000000    0.065140 ^ clkbuf_0_wr_clk/A (sky130_fd_sc_hd__clkbuf_16)
    16    0.111341    0.097775    0.149638    0.214779 ^ clkbuf_0_wr_clk/X (sky130_fd_sc_hd__clkbuf_16)
                                                         clknet_0_wr_clk (net)
                      0.098745    0.007793    0.222572 ^ clkbuf_4_3_0_wr_clk/A (sky130_fd_sc_hd__clkbuf_8)
     9    0.036765    0.057889    0.121591    0.344163 ^ clkbuf_4_3_0_wr_clk/X (sky130_fd_sc_hd__clkbuf_8)
                                                         clknet_4_3_0_wr_clk (net)
                      0.058013    0.001822    0.345985 ^ _797_/CLK (sky130_fd_sc_hd__dfxtp_1)
     2    0.005667    0.047948    0.206069    0.552054 ^ _797_/Q (sky130_fd_sc_hd__dfxtp_1)
                                                         mem[15][3] (net)
                      0.047950    0.000349    0.552403 ^ hold75/A (sky130_fd_sc_hd__dlygate4sd3_1)
     1    0.002567    0.035878    0.372881    0.925284 ^ hold75/X (sky130_fd_sc_hd__dlygate4sd3_1)
                                                         net151 (net)
                      0.035878    0.000179    0.925463 ^ _618_/A1 (sky130_fd_sc_hd__mux2_1)
     1    0.003159    0.030900    0.075876    1.001339 ^ _618_/X (sky130_fd_sc_hd__mux2_1)
                                                         _123_ (net)
                      0.030902    0.000239    1.001578 ^ _797_/D (sky130_fd_sc_hd__dfxtp_1)
                                              1.001578   data arrival time

                                  0.000000    0.000000   clock wr_clk (rise edge)
                                  0.000000    0.000000   clock source latency
     1    0.026396    0.093078    0.065140    0.065140 ^ wr_clk (in)
                                                         wr_clk (net)
                      0.093240    0.000000    0.065140 ^ clkbuf_0_wr_clk/A (sky130_fd_sc_hd__clkbuf_16)
    16    0.111341    0.097775    0.149638    0.214779 ^ clkbuf_0_wr_clk/X (sky130_fd_sc_hd__clkbuf_16)
                                                         clknet_0_wr_clk (net)
                      0.098745    0.007793    0.222572 ^ clkbuf_4_3_0_wr_clk/A (sky130_fd_sc_hd__clkbuf_8)
     9    0.036765    0.057889    0.121591    0.344163 ^ clkbuf_4_3_0_wr_clk/X (sky130_fd_sc_hd__clkbuf_8)
                                                         clknet_4_3_0_wr_clk (net)
                      0.058013    0.001822    0.345985 ^ _797_/CLK (sky130_fd_sc_hd__dfxtp_1)
                                  0.250000    0.595985   clock uncertainty
                                  0.000000    0.595985   clock reconvergence pessimism
                                 -0.016648    0.579336   library hold time
                                              0.579336   data required time
---------------------------------------------------------------------------------------------
                                              0.579336   data required time
                                             -1.001578   data arrival time
---------------------------------------------------------------------------------------------
                                              0.422242   slack (MET)


Startpoint: _738_ (rising edge-triggered flip-flop clocked by wr_clk)
Endpoint: _738_ (rising edge-triggered flip-flop clocked by wr_clk)
Path Group: wr_clk
Path Type: min

Fanout         Cap        Slew       Delay        Time   Description
---------------------------------------------------------------------------------------------
                                  0.000000    0.000000   clock wr_clk (rise edge)
                                  0.000000    0.000000   clock source latency
     1    0.026396    0.093078    0.065140    0.065140 ^ wr_clk (in)
                                                         wr_clk (net)
                      0.093240    0.000000    0.065140 ^ clkbuf_0_wr_clk/A (sky130_fd_sc_hd__clkbuf_16)
    16    0.111341    0.097775    0.149638    0.214779 ^ clkbuf_0_wr_clk/X (sky130_fd_sc_hd__clkbuf_16)
                                                         clknet_0_wr_clk (net)
                      0.098221    0.005364    0.220143 ^ clkbuf_4_8_0_wr_clk/A (sky130_fd_sc_hd__clkbuf_8)
     7    0.035608    0.056478    0.120291    0.340434 ^ clkbuf_4_8_0_wr_clk/X (sky130_fd_sc_hd__clkbuf_8)
                                                         clknet_4_8_0_wr_clk (net)
                      0.056604    0.001801    0.342235 ^ _738_/CLK (sky130_fd_sc_hd__dfxtp_1)
     2    0.005819    0.048961    0.206428    0.548663 ^ _738_/Q (sky130_fd_sc_hd__dfxtp_1)
                                                         mem[5][1] (net)
                      0.048962    0.000367    0.549030 ^ hold89/A (sky130_fd_sc_hd__dlygate4sd3_1)
     1    0.002117    0.033385    0.370254    0.919284 ^ hold89/X (sky130_fd_sc_hd__dlygate4sd3_1)
                                                         net165 (net)
                      0.033385    0.000098    0.919381 ^ _599_/A0 (sky130_fd_sc_hd__mux2_1)
     1    0.003951    0.035301    0.077860    0.997242 ^ _599_/X (sky130_fd_sc_hd__mux2_1)
                                                         _105_ (net)
                      0.035303    0.000292    0.997533 ^ _738_/D (sky130_fd_sc_hd__dfxtp_1)
                                              0.997533   data arrival time

                                  0.000000    0.000000   clock wr_clk (rise edge)
                                  0.000000    0.000000   clock source latency
     1    0.026396    0.093078    0.065140    0.065140 ^ wr_clk (in)
                                                         wr_clk (net)
                      0.093240    0.000000    0.065140 ^ clkbuf_0_wr_clk/A (sky130_fd_sc_hd__clkbuf_16)
    16    0.111341    0.097775    0.149638    0.214779 ^ clkbuf_0_wr_clk/X (sky130_fd_sc_hd__clkbuf_16)
                                                         clknet_0_wr_clk (net)
                      0.098221    0.005364    0.220143 ^ clkbuf_4_8_0_wr_clk/A (sky130_fd_sc_hd__clkbuf_8)
     7    0.035608    0.056478    0.120291    0.340434 ^ clkbuf_4_8_0_wr_clk/X (sky130_fd_sc_hd__clkbuf_8)
                                                         clknet_4_8_0_wr_clk (net)
                      0.056604    0.001801    0.342235 ^ _738_/CLK (sky130_fd_sc_hd__dfxtp_1)
                                  0.250000    0.592235   clock uncertainty
                                  0.000000    0.592235   clock reconvergence pessimism
                                 -0.016992    0.575243   library hold time
                                              0.575243   data required time
---------------------------------------------------------------------------------------------
                                              0.575243   data required time
                                             -0.997533   data arrival time
---------------------------------------------------------------------------------------------
                                              0.422291   slack (MET)


Startpoint: _758_ (rising edge-triggered flip-flop clocked by wr_clk)
Endpoint: _650_ (rising edge-triggered flip-flop clocked by wr_clk)
Path Group: wr_clk
Path Type: min

Fanout         Cap        Slew       Delay        Time   Description
---------------------------------------------------------------------------------------------
                                  0.000000    0.000000   clock wr_clk (rise edge)
                                  0.000000    0.000000   clock source latency
     1    0.026396    0.093078    0.065140    0.065140 ^ wr_clk (in)
                                                         wr_clk (net)
                      0.093240    0.000000    0.065140 ^ clkbuf_0_wr_clk/A (sky130_fd_sc_hd__clkbuf_16)
    16    0.111341    0.097775    0.149638    0.214779 ^ clkbuf_0_wr_clk/X (sky130_fd_sc_hd__clkbuf_16)
                                                         clknet_0_wr_clk (net)
                      0.098179    0.005117    0.219896 ^ clkbuf_4_13_0_wr_clk/A (sky130_fd_sc_hd__clkbuf_8)
     8    0.044729    0.067598    0.128023    0.347919 ^ clkbuf_4_13_0_wr_clk/X (sky130_fd_sc_hd__clkbuf_8)
                                                         clknet_4_13_0_wr_clk (net)
                      0.067872    0.003418    0.351336 ^ _758_/CLK (sky130_fd_sc_hd__dfrtp_1)
     5    0.018525    0.127905    0.280763    0.632100 ^ _758_/Q (sky130_fd_sc_hd__dfrtp_1)
                                                         wr_bin[1] (net)
                      0.127920    0.001421    0.633520 ^ _306_/A (sky130_fd_sc_hd__inv_2)
     4    0.021972    0.055500    0.055395    0.688915 v _306_/Y (sky130_fd_sc_hd__inv_2)
                                                         _137_ (net)
                      0.055520    0.000859    0.689775 v _493_/A (sky130_fd_sc_hd__nand2_4)
     4    0.043629    0.101350    0.099325    0.789100 ^ _493_/Y (sky130_fd_sc_hd__nand2_4)
                                                         _286_ (net)
                      0.101567    0.003819    0.792919 ^ _494_/B (sky130_fd_sc_hd__nor2_4)
     8    0.067482    0.072713    0.070253    0.863172 v _494_/Y (sky130_fd_sc_hd__nor2_4)
                                                         _287_ (net)
                      0.073700    0.006766    0.869938 v _497_/S (sky130_fd_sc_hd__mux2_1)
     1    0.003008    0.029871    0.140441    1.010379 ^ _497_/X (sky130_fd_sc_hd__mux2_1)
                                                         _018_ (net)
                      0.029872    0.000206    1.010585 ^ _650_/D (sky130_fd_sc_hd__dfxtp_1)
                                              1.010585   data arrival time

                                  0.000000    0.000000   clock wr_clk (rise edge)
                                  0.000000    0.000000   clock source latency
     1    0.026396    0.093078    0.065140    0.065140 ^ wr_clk (in)
                                                         wr_clk (net)
                      0.093240    0.000000    0.065140 ^ clkbuf_0_wr_clk/A (sky130_fd_sc_hd__clkbuf_16)
    16    0.111341    0.097775    0.149638    0.214779 ^ clkbuf_0_wr_clk/X (sky130_fd_sc_hd__clkbuf_16)
                                                         clknet_0_wr_clk (net)
                      0.098887    0.008328    0.223106 ^ clkbuf_4_4_0_wr_clk/A (sky130_fd_sc_hd__clkbuf_8)
    13    0.045053    0.068003    0.128410    0.351517 ^ clkbuf_4_4_0_wr_clk/X (sky130_fd_sc_hd__clkbuf_8)
                                                         clknet_4_4_0_wr_clk (net)
                      0.068176    0.002744    0.354260 ^ _650_/CLK (sky130_fd_sc_hd__dfxtp_1)
                                  0.250000    0.604260   clock uncertainty
                                  0.000000    0.604260   clock reconvergence pessimism
                                 -0.016333    0.587927   library hold time
                                              0.587927   data required time
---------------------------------------------------------------------------------------------
                                              0.587927   data required time
                                             -1.010585   data arrival time
---------------------------------------------------------------------------------------------
                                              0.422658   slack (MET)


Startpoint: _644_ (rising edge-triggered flip-flop clocked by wr_clk)
Endpoint: _644_ (rising edge-triggered flip-flop clocked by wr_clk)
Path Group: wr_clk
Path Type: min

Fanout         Cap        Slew       Delay        Time   Description
---------------------------------------------------------------------------------------------
                                  0.000000    0.000000   clock wr_clk (rise edge)
                                  0.000000    0.000000   clock source latency
     1    0.026396    0.093078    0.065140    0.065140 ^ wr_clk (in)
                                                         wr_clk (net)
                      0.093240    0.000000    0.065140 ^ clkbuf_0_wr_clk/A (sky130_fd_sc_hd__clkbuf_16)
    16    0.111341    0.097775    0.149638    0.214779 ^ clkbuf_0_wr_clk/X (sky130_fd_sc_hd__clkbuf_16)
                                                         clknet_0_wr_clk (net)
                      0.098050    0.004262    0.219040 ^ clkbuf_4_11_0_wr_clk/A (sky130_fd_sc_hd__clkbuf_8)
     8    0.040281    0.062147    0.124403    0.343443 ^ clkbuf_4_11_0_wr_clk/X (sky130_fd_sc_hd__clkbuf_8)
                                                         clknet_4_11_0_wr_clk (net)
                      0.062279    0.001956    0.345399 ^ _644_/CLK (sky130_fd_sc_hd__dfxtp_1)
     2    0.007043    0.057103    0.213755    0.559154 ^ _644_/Q (sky130_fd_sc_hd__dfxtp_1)
                                                         mem[14][4] (net)
                      0.057105    0.000443    0.559597 ^ hold62/A (sky130_fd_sc_hd__dlygate4sd3_1)
     1    0.002177    0.033694    0.372146    0.931744 ^ hold62/X (sky130_fd_sc_hd__dlygate4sd3_1)
                                                         net138 (net)
                      0.033694    0.000145    0.931889 ^ _489_/A0 (sky130_fd_sc_hd__mux2_1)
     1    0.002382    0.026320    0.069834    1.001723 ^ _489_/X (sky130_fd_sc_hd__mux2_1)
                                                         _012_ (net)
                      0.026323    0.000167    1.001890 ^ _644_/D (sky130_fd_sc_hd__dfxtp_1)
                                              1.001890   data arrival time

                                  0.000000    0.000000   clock wr_clk (rise edge)
                                  0.000000    0.000000   clock source latency
     1    0.026396    0.093078    0.065140    0.065140 ^ wr_clk (in)
                                                         wr_clk (net)
                      0.093240    0.000000    0.065140 ^ clkbuf_0_wr_clk/A (sky130_fd_sc_hd__clkbuf_16)
    16    0.111341    0.097775    0.149638    0.214779 ^ clkbuf_0_wr_clk/X (sky130_fd_sc_hd__clkbuf_16)
                                                         clknet_0_wr_clk (net)
                      0.098050    0.004262    0.219040 ^ clkbuf_4_11_0_wr_clk/A (sky130_fd_sc_hd__clkbuf_8)
     8    0.040281    0.062147    0.124403    0.343443 ^ clkbuf_4_11_0_wr_clk/X (sky130_fd_sc_hd__clkbuf_8)
                                                         clknet_4_11_0_wr_clk (net)
                      0.062279    0.001956    0.345399 ^ _644_/CLK (sky130_fd_sc_hd__dfxtp_1)
                                  0.250000    0.595399   clock uncertainty
                                  0.000000    0.595399   clock reconvergence pessimism
                                 -0.016224    0.579175   library hold time
                                              0.579175   data required time
---------------------------------------------------------------------------------------------
                                              0.579175   data required time
                                             -1.001890   data arrival time
---------------------------------------------------------------------------------------------
                                              0.422716   slack (MET)


Startpoint: _643_ (rising edge-triggered flip-flop clocked by wr_clk)
Endpoint: _643_ (rising edge-triggered flip-flop clocked by wr_clk)
Path Group: wr_clk
Path Type: min

Fanout         Cap        Slew       Delay        Time   Description
---------------------------------------------------------------------------------------------
                                  0.000000    0.000000   clock wr_clk (rise edge)
                                  0.000000    0.000000   clock source latency
     1    0.026396    0.093078    0.065140    0.065140 ^ wr_clk (in)
                                                         wr_clk (net)
                      0.093240    0.000000    0.065140 ^ clkbuf_0_wr_clk/A (sky130_fd_sc_hd__clkbuf_16)
    16    0.111341    0.097775    0.149638    0.214779 ^ clkbuf_0_wr_clk/X (sky130_fd_sc_hd__clkbuf_16)
                                                         clknet_0_wr_clk (net)
                      0.098745    0.007793    0.222572 ^ clkbuf_4_3_0_wr_clk/A (sky130_fd_sc_hd__clkbuf_8)
     9    0.036765    0.057889    0.121591    0.344163 ^ clkbuf_4_3_0_wr_clk/X (sky130_fd_sc_hd__clkbuf_8)
                                                         clknet_4_3_0_wr_clk (net)
                      0.058032    0.002000    0.346164 ^ _643_/CLK (sky130_fd_sc_hd__dfxtp_1)
     2    0.006764    0.055248    0.211272    0.557435 ^ _643_/Q (sky130_fd_sc_hd__dfxtp_1)
                                                         mem[14][3] (net)
                      0.055250    0.000430    0.557865 ^ hold63/A (sky130_fd_sc_hd__dlygate4sd3_1)
     1    0.002224    0.033954    0.372156    0.930021 ^ hold63/X (sky130_fd_sc_hd__dlygate4sd3_1)
                                                         net139 (net)
                      0.033954    0.000148    0.930169 ^ _488_/A0 (sky130_fd_sc_hd__mux2_1)
     1    0.002797    0.028663    0.072067    1.002236 ^ _488_/X (sky130_fd_sc_hd__mux2_1)
                                                         _011_ (net)
                      0.028664    0.000192    1.002428 ^ _643_/D (sky130_fd_sc_hd__dfxtp_1)
                                              1.002428   data arrival time

                                  0.000000    0.000000   clock wr_clk (rise edge)
                                  0.000000    0.000000   clock source latency
     1    0.026396    0.093078    0.065140    0.065140 ^ wr_clk (in)
                                                         wr_clk (net)
                      0.093240    0.000000    0.065140 ^ clkbuf_0_wr_clk/A (sky130_fd_sc_hd__clkbuf_16)
    16    0.111341    0.097775    0.149638    0.214779 ^ clkbuf_0_wr_clk/X (sky130_fd_sc_hd__clkbuf_16)
                                                         clknet_0_wr_clk (net)
                      0.098745    0.007793    0.222572 ^ clkbuf_4_3_0_wr_clk/A (sky130_fd_sc_hd__clkbuf_8)
     9    0.036765    0.057889    0.121591    0.344163 ^ clkbuf_4_3_0_wr_clk/X (sky130_fd_sc_hd__clkbuf_8)
                                                         clknet_4_3_0_wr_clk (net)
                      0.058032    0.002000    0.346164 ^ _643_/CLK (sky130_fd_sc_hd__dfxtp_1)
                                  0.250000    0.596164   clock uncertainty
                                  0.000000    0.596164   clock reconvergence pessimism
                                 -0.016490    0.579673   library hold time
                                              0.579673   data required time
---------------------------------------------------------------------------------------------
                                              0.579673   data required time
                                             -1.002428   data arrival time
---------------------------------------------------------------------------------------------
                                              0.422755   slack (MET)


Startpoint: _667_ (rising edge-triggered flip-flop clocked by wr_clk)
Endpoint: _667_ (rising edge-triggered flip-flop clocked by wr_clk)
Path Group: wr_clk
Path Type: min

Fanout         Cap        Slew       Delay        Time   Description
---------------------------------------------------------------------------------------------
                                  0.000000    0.000000   clock wr_clk (rise edge)
                                  0.000000    0.000000   clock source latency
     1    0.026396    0.093078    0.065140    0.065140 ^ wr_clk (in)
                                                         wr_clk (net)
                      0.093240    0.000000    0.065140 ^ clkbuf_0_wr_clk/A (sky130_fd_sc_hd__clkbuf_16)
    16    0.111341    0.097775    0.149638    0.214779 ^ clkbuf_0_wr_clk/X (sky130_fd_sc_hd__clkbuf_16)
                                                         clknet_0_wr_clk (net)
                      0.098763    0.007861    0.222639 ^ clkbuf_4_2_0_wr_clk/A (sky130_fd_sc_hd__clkbuf_8)
    13    0.042444    0.064786    0.125586    0.348225 ^ clkbuf_4_2_0_wr_clk/X (sky130_fd_sc_hd__clkbuf_8)
                                                         clknet_4_2_0_wr_clk (net)
                      0.065216    0.004176    0.352401 ^ _667_/CLK (sky130_fd_sc_hd__dfxtp_1)
     2    0.005638    0.047688    0.207803    0.560204 ^ _667_/Q (sky130_fd_sc_hd__dfxtp_1)
                                                         mem[11][3] (net)
                      0.047690    0.000362    0.560566 ^ hold119/A (sky130_fd_sc_hd__dlygate4sd3_1)
     1    0.002712    0.036734    0.373752    0.934317 ^ hold119/X (sky130_fd_sc_hd__dlygate4sd3_1)
                                                         net195 (net)
                      0.036734    0.000184    0.934502 ^ _518_/A1 (sky130_fd_sc_hd__mux2_1)
     1    0.002841    0.029127    0.074519    1.009021 ^ _518_/X (sky130_fd_sc_hd__mux2_1)
                                                         _035_ (net)
                      0.029127    0.000190    1.009211 ^ _667_/D (sky130_fd_sc_hd__dfxtp_1)
                                              1.009211   data arrival time

                                  0.000000    0.000000   clock wr_clk (rise edge)
                                  0.000000    0.000000   clock source latency
     1    0.026396    0.093078    0.065140    0.065140 ^ wr_clk (in)
                                                         wr_clk (net)
                      0.093240    0.000000    0.065140 ^ clkbuf_0_wr_clk/A (sky130_fd_sc_hd__clkbuf_16)
    16    0.111341    0.097775    0.149638    0.214779 ^ clkbuf_0_wr_clk/X (sky130_fd_sc_hd__clkbuf_16)
                                                         clknet_0_wr_clk (net)
                      0.098763    0.007861    0.222639 ^ clkbuf_4_2_0_wr_clk/A (sky130_fd_sc_hd__clkbuf_8)
    13    0.042444    0.064786    0.125586    0.348225 ^ clkbuf_4_2_0_wr_clk/X (sky130_fd_sc_hd__clkbuf_8)
                                                         clknet_4_2_0_wr_clk (net)
                      0.065216    0.004176    0.352401 ^ _667_/CLK (sky130_fd_sc_hd__dfxtp_1)
                                  0.250000    0.602401   clock uncertainty
                                  0.000000    0.602401   clock reconvergence pessimism
                                 -0.016352    0.586049   library hold time
                                              0.586049   data required time
---------------------------------------------------------------------------------------------
                                              0.586049   data required time
                                             -1.009211   data arrival time
---------------------------------------------------------------------------------------------
                                              0.423162   slack (MET)


Startpoint: _669_ (rising edge-triggered flip-flop clocked by wr_clk)
Endpoint: _669_ (rising edge-triggered flip-flop clocked by wr_clk)
Path Group: wr_clk
Path Type: min

Fanout         Cap        Slew       Delay        Time   Description
---------------------------------------------------------------------------------------------
                                  0.000000    0.000000   clock wr_clk (rise edge)
                                  0.000000    0.000000   clock source latency
     1    0.026396    0.093078    0.065140    0.065140 ^ wr_clk (in)
                                                         wr_clk (net)
                      0.093240    0.000000    0.065140 ^ clkbuf_0_wr_clk/A (sky130_fd_sc_hd__clkbuf_16)
    16    0.111341    0.097775    0.149638    0.214779 ^ clkbuf_0_wr_clk/X (sky130_fd_sc_hd__clkbuf_16)
                                                         clknet_0_wr_clk (net)
                      0.098856    0.008215    0.222994 ^ clkbuf_4_0_0_wr_clk/A (sky130_fd_sc_hd__clkbuf_8)
    14    0.043323    0.065832    0.126089    0.349083 ^ clkbuf_4_0_0_wr_clk/X (sky130_fd_sc_hd__clkbuf_8)
                                                         clknet_4_0_0_wr_clk (net)
                      0.066432    0.004970    0.354052 ^ _669_/CLK (sky130_fd_sc_hd__dfxtp_1)
     2    0.005880    0.049354    0.209284    0.563336 ^ _669_/Q (sky130_fd_sc_hd__dfxtp_1)
                                                         mem[11][5] (net)
                      0.049356    0.000334    0.563671 ^ hold91/A (sky130_fd_sc_hd__dlygate4sd3_1)
     1    0.002448    0.035198    0.372425    0.936096 ^ hold91/X (sky130_fd_sc_hd__dlygate4sd3_1)
                                                         net167 (net)
                      0.035198    0.000178    0.936274 ^ _520_/A1 (sky130_fd_sc_hd__mux2_1)
     1    0.002923    0.029590    0.074541    1.010815 ^ _520_/X (sky130_fd_sc_hd__mux2_1)
                                                         _037_ (net)
                      0.029590    0.000114    1.010929 ^ _669_/D (sky130_fd_sc_hd__dfxtp_1)
                                              1.010929   data arrival time

                                  0.000000    0.000000   clock wr_clk (rise edge)
                                  0.000000    0.000000   clock source latency
     1    0.026396    0.093078    0.065140    0.065140 ^ wr_clk (in)
                                                         wr_clk (net)
                      0.093240    0.000000    0.065140 ^ clkbuf_0_wr_clk/A (sky130_fd_sc_hd__clkbuf_16)
    16    0.111341    0.097775    0.149638    0.214779 ^ clkbuf_0_wr_clk/X (sky130_fd_sc_hd__clkbuf_16)
                                                         clknet_0_wr_clk (net)
                      0.098856    0.008215    0.222994 ^ clkbuf_4_0_0_wr_clk/A (sky130_fd_sc_hd__clkbuf_8)
    14    0.043323    0.065832    0.126089    0.349083 ^ clkbuf_4_0_0_wr_clk/X (sky130_fd_sc_hd__clkbuf_8)
                                                         clknet_4_0_0_wr_clk (net)
                      0.066432    0.004970    0.354052 ^ _669_/CLK (sky130_fd_sc_hd__dfxtp_1)
                                  0.250000    0.604052   clock uncertainty
                                  0.000000    0.604052   clock reconvergence pessimism
                                 -0.016355    0.587697   library hold time
                                              0.587697   data required time
---------------------------------------------------------------------------------------------
                                              0.587697   data required time
                                             -1.010929   data arrival time
---------------------------------------------------------------------------------------------
                                              0.423232   slack (MET)


Startpoint: _794_ (rising edge-triggered flip-flop clocked by wr_clk)
Endpoint: _794_ (rising edge-triggered flip-flop clocked by wr_clk)
Path Group: wr_clk
Path Type: min

Fanout         Cap        Slew       Delay        Time   Description
---------------------------------------------------------------------------------------------
                                  0.000000    0.000000   clock wr_clk (rise edge)
                                  0.000000    0.000000   clock source latency
     1    0.026396    0.093078    0.065140    0.065140 ^ wr_clk (in)
                                                         wr_clk (net)
                      0.093240    0.000000    0.065140 ^ clkbuf_0_wr_clk/A (sky130_fd_sc_hd__clkbuf_16)
    16    0.111341    0.097775    0.149638    0.214779 ^ clkbuf_0_wr_clk/X (sky130_fd_sc_hd__clkbuf_16)
                                                         clknet_0_wr_clk (net)
                      0.098830    0.008118    0.222897 ^ clkbuf_4_7_0_wr_clk/A (sky130_fd_sc_hd__clkbuf_8)
    11    0.042225    0.064508    0.126252    0.349149 ^ clkbuf_4_7_0_wr_clk/X (sky130_fd_sc_hd__clkbuf_8)
                                                         clknet_4_7_0_wr_clk (net)
                      0.064738    0.002767    0.351916 ^ _794_/CLK (sky130_fd_sc_hd__dfxtp_1)
     2    0.005539    0.047094    0.207247    0.559163 ^ _794_/Q (sky130_fd_sc_hd__dfxtp_1)
                                                         mem[15][0] (net)
                      0.047095    0.000290    0.559453 ^ hold122/A (sky130_fd_sc_hd__dlygate4sd3_1)
     1    0.002686    0.036576    0.373464    0.932918 ^ hold122/X (sky130_fd_sc_hd__dlygate4sd3_1)
                                                         net198 (net)
                      0.036576    0.000181    0.933099 ^ _615_/A1 (sky130_fd_sc_hd__mux2_1)
     1    0.003045    0.030237    0.075509    1.008608 ^ _615_/X (sky130_fd_sc_hd__mux2_1)
                                                         _120_ (net)
                      0.030256    0.000210    1.008818 ^ _794_/D (sky130_fd_sc_hd__dfxtp_1)
                                              1.008818   data arrival time

                                  0.000000    0.000000   clock wr_clk (rise edge)
                                  0.000000    0.000000   clock source latency
     1    0.026396    0.093078    0.065140    0.065140 ^ wr_clk (in)
                                                         wr_clk (net)
                      0.093240    0.000000    0.065140 ^ clkbuf_0_wr_clk/A (sky130_fd_sc_hd__clkbuf_16)
    16    0.111341    0.097775    0.149638    0.214779 ^ clkbuf_0_wr_clk/X (sky130_fd_sc_hd__clkbuf_16)
                                                         clknet_0_wr_clk (net)
                      0.098830    0.008118    0.222897 ^ clkbuf_4_7_0_wr_clk/A (sky130_fd_sc_hd__clkbuf_8)
    11    0.042225    0.064508    0.126252    0.349149 ^ clkbuf_4_7_0_wr_clk/X (sky130_fd_sc_hd__clkbuf_8)
                                                         clknet_4_7_0_wr_clk (net)
                      0.064738    0.002767    0.351916 ^ _794_/CLK (sky130_fd_sc_hd__dfxtp_1)
                                  0.250000    0.601916   clock uncertainty
                                  0.000000    0.601916   clock reconvergence pessimism
                                 -0.016442    0.585474   library hold time
                                              0.585474   data required time
---------------------------------------------------------------------------------------------
                                              0.585474   data required time
                                             -1.008818   data arrival time
---------------------------------------------------------------------------------------------
                                              0.423345   slack (MET)


Startpoint: _657_ (rising edge-triggered flip-flop clocked by wr_clk)
Endpoint: _657_ (rising edge-triggered flip-flop clocked by wr_clk)
Path Group: wr_clk
Path Type: min

Fanout         Cap        Slew       Delay        Time   Description
---------------------------------------------------------------------------------------------
                                  0.000000    0.000000   clock wr_clk (rise edge)
                                  0.000000    0.000000   clock source latency
     1    0.026396    0.093078    0.065140    0.065140 ^ wr_clk (in)
                                                         wr_clk (net)
                      0.093240    0.000000    0.065140 ^ clkbuf_0_wr_clk/A (sky130_fd_sc_hd__clkbuf_16)
    16    0.111341    0.097775    0.149638    0.214779 ^ clkbuf_0_wr_clk/X (sky130_fd_sc_hd__clkbuf_16)
                                                         clknet_0_wr_clk (net)
                      0.098216    0.005336    0.220114 ^ clkbuf_4_14_0_wr_clk/A (sky130_fd_sc_hd__clkbuf_8)
     6    0.037064    0.058222    0.120737    0.340851 ^ clkbuf_4_14_0_wr_clk/X (sky130_fd_sc_hd__clkbuf_8)
                                                         clknet_4_14_0_wr_clk (net)
                      0.058541    0.003390    0.344241 ^ _657_/CLK (sky130_fd_sc_hd__dfxtp_1)
     2    0.005806    0.048865    0.206919    0.551160 ^ _657_/Q (sky130_fd_sc_hd__dfxtp_1)
                                                         mem[12][1] (net)
                      0.048866    0.000241    0.551401 ^ hold8/A (sky130_fd_sc_hd__dlygate4sd3_1)
     1    0.003174    0.040179    0.376948    0.928349 ^ hold8/X (sky130_fd_sc_hd__dlygate4sd3_1)
                                                         net84 (net)
                      0.040179    0.000223    0.928571 ^ _506_/A0 (sky130_fd_sc_hd__mux2_1)
     1    0.002651    0.027827    0.073045    1.001616 ^ _506_/X (sky130_fd_sc_hd__mux2_1)
                                                         _025_ (net)
                      0.027828    0.000187    1.001803 ^ _657_/D (sky130_fd_sc_hd__dfxtp_1)
                                              1.001803   data arrival time

                                  0.000000    0.000000   clock wr_clk (rise edge)
                                  0.000000    0.000000   clock source latency
     1    0.026396    0.093078    0.065140    0.065140 ^ wr_clk (in)
                                                         wr_clk (net)
                      0.093240    0.000000    0.065140 ^ clkbuf_0_wr_clk/A (sky130_fd_sc_hd__clkbuf_16)
    16    0.111341    0.097775    0.149638    0.214779 ^ clkbuf_0_wr_clk/X (sky130_fd_sc_hd__clkbuf_16)
                                                         clknet_0_wr_clk (net)
                      0.098216    0.005336    0.220114 ^ clkbuf_4_14_0_wr_clk/A (sky130_fd_sc_hd__clkbuf_8)
     6    0.037064    0.058222    0.120737    0.340851 ^ clkbuf_4_14_0_wr_clk/X (sky130_fd_sc_hd__clkbuf_8)
                                                         clknet_4_14_0_wr_clk (net)
                      0.058541    0.003390    0.344241 ^ _657_/CLK (sky130_fd_sc_hd__dfxtp_1)
                                  0.250000    0.594241   clock uncertainty
                                  0.000000    0.594241   clock reconvergence pessimism
                                 -0.016419    0.577821   library hold time
                                              0.577821   data required time
---------------------------------------------------------------------------------------------
                                              0.577821   data required time
                                             -1.001803   data arrival time
---------------------------------------------------------------------------------------------
                                              0.423981   slack (MET)


Startpoint: _682_ (rising edge-triggered flip-flop clocked by wr_clk)
Endpoint: _682_ (rising edge-triggered flip-flop clocked by wr_clk)
Path Group: wr_clk
Path Type: min

Fanout         Cap        Slew       Delay        Time   Description
---------------------------------------------------------------------------------------------
                                  0.000000    0.000000   clock wr_clk (rise edge)
                                  0.000000    0.000000   clock source latency
     1    0.026396    0.093078    0.065140    0.065140 ^ wr_clk (in)
                                                         wr_clk (net)
                      0.093240    0.000000    0.065140 ^ clkbuf_0_wr_clk/A (sky130_fd_sc_hd__clkbuf_16)
    16    0.111341    0.097775    0.149638    0.214779 ^ clkbuf_0_wr_clk/X (sky130_fd_sc_hd__clkbuf_16)
                                                         clknet_0_wr_clk (net)
                      0.098887    0.008328    0.223106 ^ clkbuf_4_4_0_wr_clk/A (sky130_fd_sc_hd__clkbuf_8)
    13    0.045053    0.068003    0.128410    0.351517 ^ clkbuf_4_4_0_wr_clk/X (sky130_fd_sc_hd__clkbuf_8)
                                                         clknet_4_4_0_wr_clk (net)
                      0.068295    0.003539    0.355056 ^ _682_/CLK (sky130_fd_sc_hd__dfxtp_1)
     2    0.006570    0.053934    0.213107    0.568163 ^ _682_/Q (sky130_fd_sc_hd__dfxtp_1)
                                                         mem[10][2] (net)
                      0.053934    0.000297    0.568460 ^ hold112/A (sky130_fd_sc_hd__dlygate4sd3_1)
     1    0.002141    0.033519    0.371433    0.939893 ^ hold112/X (sky130_fd_sc_hd__dlygate4sd3_1)
                                                         net188 (net)
                      0.033519    0.000095    0.939988 ^ _536_/A0 (sky130_fd_sc_hd__mux2_1)
     1    0.002927    0.029407    0.072620    1.012608 ^ _536_/X (sky130_fd_sc_hd__mux2_1)
                                                         _050_ (net)
                      0.029408    0.000199    1.012807 ^ _682_/D (sky130_fd_sc_hd__dfxtp_1)
                                              1.012807   data arrival time

                                  0.000000    0.000000   clock wr_clk (rise edge)
                                  0.000000    0.000000   clock source latency
     1    0.026396    0.093078    0.065140    0.065140 ^ wr_clk (in)
                                                         wr_clk (net)
                      0.093240    0.000000    0.065140 ^ clkbuf_0_wr_clk/A (sky130_fd_sc_hd__clkbuf_16)
    16    0.111341    0.097775    0.149638    0.214779 ^ clkbuf_0_wr_clk/X (sky130_fd_sc_hd__clkbuf_16)
                                                         clknet_0_wr_clk (net)
                      0.098887    0.008328    0.223106 ^ clkbuf_4_4_0_wr_clk/A (sky130_fd_sc_hd__clkbuf_8)
    13    0.045053    0.068003    0.128410    0.351517 ^ clkbuf_4_4_0_wr_clk/X (sky130_fd_sc_hd__clkbuf_8)
                                                         clknet_4_4_0_wr_clk (net)
                      0.068295    0.003539    0.355056 ^ _682_/CLK (sky130_fd_sc_hd__dfxtp_1)
                                  0.250000    0.605056   clock uncertainty
                                  0.000000    0.605056   clock reconvergence pessimism
                                 -0.016298    0.588758   library hold time
                                              0.588758   data required time
---------------------------------------------------------------------------------------------
                                              0.588758   data required time
                                             -1.012807   data arrival time
---------------------------------------------------------------------------------------------
                                              0.424050   slack (MET)


Startpoint: _804_ (rising edge-triggered flip-flop clocked by wr_clk)
Endpoint: _804_ (rising edge-triggered flip-flop clocked by wr_clk)
Path Group: wr_clk
Path Type: min

Fanout         Cap        Slew       Delay        Time   Description
---------------------------------------------------------------------------------------------
                                  0.000000    0.000000   clock wr_clk (rise edge)
                                  0.000000    0.000000   clock source latency
     1    0.026396    0.093078    0.065140    0.065140 ^ wr_clk (in)
                                                         wr_clk (net)
                      0.093240    0.000000    0.065140 ^ clkbuf_0_wr_clk/A (sky130_fd_sc_hd__clkbuf_16)
    16    0.111341    0.097775    0.149638    0.214779 ^ clkbuf_0_wr_clk/X (sky130_fd_sc_hd__clkbuf_16)
                                                         clknet_0_wr_clk (net)
                      0.098887    0.008328    0.223106 ^ clkbuf_4_4_0_wr_clk/A (sky130_fd_sc_hd__clkbuf_8)
    13    0.045053    0.068003    0.128410    0.351517 ^ clkbuf_4_4_0_wr_clk/X (sky130_fd_sc_hd__clkbuf_8)
                                                         clknet_4_4_0_wr_clk (net)
                      0.068296    0.003546    0.355063 ^ _804_/CLK (sky130_fd_sc_hd__dfxtp_1)
     2    0.005482    0.046652    0.207851    0.562914 ^ _804_/Q (sky130_fd_sc_hd__dfxtp_1)
                                                         mem[9][2] (net)
                      0.046654    0.000363    0.563277 ^ hold103/A (sky130_fd_sc_hd__dlygate4sd3_1)
     1    0.003151    0.039541    0.376320    0.939598 ^ hold103/X (sky130_fd_sc_hd__dlygate4sd3_1)
                                                         net179 (net)
                      0.040025    0.000230    0.939827 ^ _626_/A0 (sky130_fd_sc_hd__mux2_1)
     1    0.002700    0.028108    0.073273    1.013101 ^ _626_/X (sky130_fd_sc_hd__mux2_1)
                                                         _130_ (net)
                      0.028109    0.000172    1.013272 ^ _804_/D (sky130_fd_sc_hd__dfxtp_1)
                                              1.013272   data arrival time

                                  0.000000    0.000000   clock wr_clk (rise edge)
                                  0.000000    0.000000   clock source latency
     1    0.026396    0.093078    0.065140    0.065140 ^ wr_clk (in)
                                                         wr_clk (net)
                      0.093240    0.000000    0.065140 ^ clkbuf_0_wr_clk/A (sky130_fd_sc_hd__clkbuf_16)
    16    0.111341    0.097775    0.149638    0.214779 ^ clkbuf_0_wr_clk/X (sky130_fd_sc_hd__clkbuf_16)
                                                         clknet_0_wr_clk (net)
                      0.098887    0.008328    0.223106 ^ clkbuf_4_4_0_wr_clk/A (sky130_fd_sc_hd__clkbuf_8)
    13    0.045053    0.068003    0.128410    0.351517 ^ clkbuf_4_4_0_wr_clk/X (sky130_fd_sc_hd__clkbuf_8)
                                                         clknet_4_4_0_wr_clk (net)
                      0.068296    0.003546    0.355063 ^ _804_/CLK (sky130_fd_sc_hd__dfxtp_1)
                                  0.250000    0.605063   clock uncertainty
                                  0.000000    0.605063   clock reconvergence pessimism
                                 -0.016207    0.588856   library hold time
                                              0.588856   data required time
---------------------------------------------------------------------------------------------
                                              0.588856   data required time
                                             -1.013272   data arrival time
---------------------------------------------------------------------------------------------
                                              0.424416   slack (MET)


Startpoint: _766_ (rising edge-triggered flip-flop clocked by wr_clk)
Endpoint: _766_ (rising edge-triggered flip-flop clocked by wr_clk)
Path Group: wr_clk
Path Type: min

Fanout         Cap        Slew       Delay        Time   Description
---------------------------------------------------------------------------------------------
                                  0.000000    0.000000   clock wr_clk (rise edge)
                                  0.000000    0.000000   clock source latency
     1    0.026396    0.093078    0.065140    0.065140 ^ wr_clk (in)
                                                         wr_clk (net)
                      0.093240    0.000000    0.065140 ^ clkbuf_0_wr_clk/A (sky130_fd_sc_hd__clkbuf_16)
    16    0.111341    0.097775    0.149638    0.214779 ^ clkbuf_0_wr_clk/X (sky130_fd_sc_hd__clkbuf_16)
                                                         clknet_0_wr_clk (net)
                      0.098042    0.004200    0.218979 ^ clkbuf_4_10_0_wr_clk/A (sky130_fd_sc_hd__clkbuf_8)
    13    0.044109    0.066827    0.127354    0.346333 ^ clkbuf_4_10_0_wr_clk/X (sky130_fd_sc_hd__clkbuf_8)
                                                         clknet_4_10_0_wr_clk (net)
                      0.066967    0.002446    0.348779 ^ _766_/CLK (sky130_fd_sc_hd__dfxtp_1)
     2    0.006126    0.050980    0.210639    0.559418 ^ _766_/Q (sky130_fd_sc_hd__dfxtp_1)
                                                         mem[4][4] (net)
                      0.050980    0.000201    0.559619 ^ hold81/A (sky130_fd_sc_hd__dlygate4sd3_1)
     1    0.003037    0.038801    0.376513    0.936132 ^ hold81/X (sky130_fd_sc_hd__dlygate4sd3_1)
                                                         net157 (net)
                      0.039277    0.000232    0.936364 ^ _611_/A0 (sky130_fd_sc_hd__mux2_1)
     1    0.002246    0.025576    0.070691    1.007055 ^ _611_/X (sky130_fd_sc_hd__mux2_1)
                                                         _116_ (net)
                      0.025576    0.000160    1.007215 ^ _766_/D (sky130_fd_sc_hd__dfxtp_1)
                                              1.007215   data arrival time

                                  0.000000    0.000000   clock wr_clk (rise edge)
                                  0.000000    0.000000   clock source latency
     1    0.026396    0.093078    0.065140    0.065140 ^ wr_clk (in)
                                                         wr_clk (net)
                      0.093240    0.000000    0.065140 ^ clkbuf_0_wr_clk/A (sky130_fd_sc_hd__clkbuf_16)
    16    0.111341    0.097775    0.149638    0.214779 ^ clkbuf_0_wr_clk/X (sky130_fd_sc_hd__clkbuf_16)
                                                         clknet_0_wr_clk (net)
                      0.098042    0.004200    0.218979 ^ clkbuf_4_10_0_wr_clk/A (sky130_fd_sc_hd__clkbuf_8)
    13    0.044109    0.066827    0.127354    0.346333 ^ clkbuf_4_10_0_wr_clk/X (sky130_fd_sc_hd__clkbuf_8)
                                                         clknet_4_10_0_wr_clk (net)
                      0.066967    0.002446    0.348779 ^ _766_/CLK (sky130_fd_sc_hd__dfxtp_1)
                                  0.250000    0.598779   clock uncertainty
                                  0.000000    0.598779   clock reconvergence pessimism
                                 -0.016060    0.582719   library hold time
                                              0.582719   data required time
---------------------------------------------------------------------------------------------
                                              0.582719   data required time
                                             -1.007215   data arrival time
---------------------------------------------------------------------------------------------
                                              0.424496   slack (MET)


Startpoint: _670_ (rising edge-triggered flip-flop clocked by wr_clk)
Endpoint: _670_ (rising edge-triggered flip-flop clocked by wr_clk)
Path Group: wr_clk
Path Type: min

Fanout         Cap        Slew       Delay        Time   Description
---------------------------------------------------------------------------------------------
                                  0.000000    0.000000   clock wr_clk (rise edge)
                                  0.000000    0.000000   clock source latency
     1    0.026396    0.093078    0.065140    0.065140 ^ wr_clk (in)
                                                         wr_clk (net)
                      0.093240    0.000000    0.065140 ^ clkbuf_0_wr_clk/A (sky130_fd_sc_hd__clkbuf_16)
    16    0.111341    0.097775    0.149638    0.214779 ^ clkbuf_0_wr_clk/X (sky130_fd_sc_hd__clkbuf_16)
                                                         clknet_0_wr_clk (net)
                      0.098877    0.008290    0.223068 ^ clkbuf_4_5_0_wr_clk/A (sky130_fd_sc_hd__clkbuf_8)
    14    0.043082    0.065571    0.126084    0.349152 ^ clkbuf_4_5_0_wr_clk/X (sky130_fd_sc_hd__clkbuf_8)
                                                         clknet_4_5_0_wr_clk (net)
                      0.066042    0.004398    0.353551 ^ _670_/CLK (sky130_fd_sc_hd__dfxtp_1)
     2    0.006181    0.051352    0.210628    0.564179 ^ _670_/Q (sky130_fd_sc_hd__dfxtp_1)
                                                         mem[11][6] (net)
                      0.051353    0.000353    0.564531 ^ hold120/A (sky130_fd_sc_hd__dlygate4sd3_1)
     1    0.002597    0.036053    0.373807    0.938338 ^ hold120/X (sky130_fd_sc_hd__dlygate4sd3_1)
                                                         net196 (net)
                      0.036053    0.000178    0.938516 ^ _521_/A1 (sky130_fd_sc_hd__mux2_1)
     1    0.002643    0.028019    0.073345    1.011861 ^ _521_/X (sky130_fd_sc_hd__mux2_1)
                                                         _038_ (net)
                      0.028019    0.000109    1.011970 ^ _670_/D (sky130_fd_sc_hd__dfxtp_1)
                                              1.011970   data arrival time

                                  0.000000    0.000000   clock wr_clk (rise edge)
                                  0.000000    0.000000   clock source latency
     1    0.026396    0.093078    0.065140    0.065140 ^ wr_clk (in)
                                                         wr_clk (net)
                      0.093240    0.000000    0.065140 ^ clkbuf_0_wr_clk/A (sky130_fd_sc_hd__clkbuf_16)
    16    0.111341    0.097775    0.149638    0.214779 ^ clkbuf_0_wr_clk/X (sky130_fd_sc_hd__clkbuf_16)
                                                         clknet_0_wr_clk (net)
                      0.098877    0.008290    0.223068 ^ clkbuf_4_5_0_wr_clk/A (sky130_fd_sc_hd__clkbuf_8)
    14    0.043082    0.065571    0.126084    0.349152 ^ clkbuf_4_5_0_wr_clk/X (sky130_fd_sc_hd__clkbuf_8)
                                                         clknet_4_5_0_wr_clk (net)
                      0.066042    0.004398    0.353551 ^ _670_/CLK (sky130_fd_sc_hd__dfxtp_1)
                                  0.250000    0.603551   clock uncertainty
                                  0.000000    0.603551   clock reconvergence pessimism
                                 -0.016254    0.587297   library hold time
                                              0.587297   data required time
---------------------------------------------------------------------------------------------
                                              0.587297   data required time
                                             -1.011970   data arrival time
---------------------------------------------------------------------------------------------
                                              0.424673   slack (MET)


Startpoint: _700_ (rising edge-triggered flip-flop clocked by wr_clk)
Endpoint: _700_ (rising edge-triggered flip-flop clocked by wr_clk)
Path Group: wr_clk
Path Type: min

Fanout         Cap        Slew       Delay        Time   Description
---------------------------------------------------------------------------------------------
                                  0.000000    0.000000   clock wr_clk (rise edge)
                                  0.000000    0.000000   clock source latency
     1    0.026396    0.093078    0.065140    0.065140 ^ wr_clk (in)
                                                         wr_clk (net)
                      0.093240    0.000000    0.065140 ^ clkbuf_0_wr_clk/A (sky130_fd_sc_hd__clkbuf_16)
    16    0.111341    0.097775    0.149638    0.214779 ^ clkbuf_0_wr_clk/X (sky130_fd_sc_hd__clkbuf_16)
                                                         clknet_0_wr_clk (net)
                      0.098042    0.004200    0.218979 ^ clkbuf_4_10_0_wr_clk/A (sky130_fd_sc_hd__clkbuf_8)
    13    0.044109    0.066827    0.127354    0.346333 ^ clkbuf_4_10_0_wr_clk/X (sky130_fd_sc_hd__clkbuf_8)
                                                         clknet_4_10_0_wr_clk (net)
                      0.067147    0.003665    0.349998 ^ _700_/CLK (sky130_fd_sc_hd__dfxtp_1)
     2    0.006428    0.052990    0.212134    0.562132 ^ _700_/Q (sky130_fd_sc_hd__dfxtp_1)
                                                         mem[8][4] (net)
                      0.052990    0.000203    0.562336 ^ hold72/A (sky130_fd_sc_hd__dlygate4sd3_1)
     1    0.002775    0.037133    0.375287    0.937623 ^ hold72/X (sky130_fd_sc_hd__dlygate4sd3_1)
                                                         net148 (net)
                      0.037133    0.000203    0.937826 ^ _556_/A0 (sky130_fd_sc_hd__mux2_1)
     1    0.002348    0.026137    0.070628    1.008454 ^ _556_/X (sky130_fd_sc_hd__mux2_1)
                                                         _068_ (net)
                      0.026137    0.000157    1.008612 ^ _700_/D (sky130_fd_sc_hd__dfxtp_1)
                                              1.008612   data arrival time

                                  0.000000    0.000000   clock wr_clk (rise edge)
                                  0.000000    0.000000   clock source latency
     1    0.026396    0.093078    0.065140    0.065140 ^ wr_clk (in)
                                                         wr_clk (net)
                      0.093240    0.000000    0.065140 ^ clkbuf_0_wr_clk/A (sky130_fd_sc_hd__clkbuf_16)
    16    0.111341    0.097775    0.149638    0.214779 ^ clkbuf_0_wr_clk/X (sky130_fd_sc_hd__clkbuf_16)
                                                         clknet_0_wr_clk (net)
                      0.098042    0.004200    0.218979 ^ clkbuf_4_10_0_wr_clk/A (sky130_fd_sc_hd__clkbuf_8)
    13    0.044109    0.066827    0.127354    0.346333 ^ clkbuf_4_10_0_wr_clk/X (sky130_fd_sc_hd__clkbuf_8)
                                                         clknet_4_10_0_wr_clk (net)
                      0.067147    0.003665    0.349998 ^ _700_/CLK (sky130_fd_sc_hd__dfxtp_1)
                                  0.250000    0.599999   clock uncertainty
                                  0.000000    0.599999   clock reconvergence pessimism
                                 -0.016095    0.583903   library hold time
                                              0.583903   data required time
---------------------------------------------------------------------------------------------
                                              0.583903   data required time
                                             -1.008612   data arrival time
---------------------------------------------------------------------------------------------
                                              0.424708   slack (MET)


Startpoint: _719_ (rising edge-triggered flip-flop clocked by wr_clk)
Endpoint: _719_ (rising edge-triggered flip-flop clocked by wr_clk)
Path Group: wr_clk
Path Type: min

Fanout         Cap        Slew       Delay        Time   Description
---------------------------------------------------------------------------------------------
                                  0.000000    0.000000   clock wr_clk (rise edge)
                                  0.000000    0.000000   clock source latency
     1    0.026396    0.093078    0.065140    0.065140 ^ wr_clk (in)
                                                         wr_clk (net)
                      0.093240    0.000000    0.065140 ^ clkbuf_0_wr_clk/A (sky130_fd_sc_hd__clkbuf_16)
    16    0.111341    0.097775    0.149638    0.214779 ^ clkbuf_0_wr_clk/X (sky130_fd_sc_hd__clkbuf_16)
                                                         clknet_0_wr_clk (net)
                      0.098900    0.008375    0.223153 ^ clkbuf_4_1_0_wr_clk/A (sky130_fd_sc_hd__clkbuf_8)
    14    0.043141    0.065631    0.127001    0.350154 ^ clkbuf_4_1_0_wr_clk/X (sky130_fd_sc_hd__clkbuf_8)
                                                         clknet_4_1_0_wr_clk (net)
                      0.065854    0.002755    0.352910 ^ _719_/CLK (sky130_fd_sc_hd__dfxtp_1)
     2    0.006257    0.051862    0.210917    0.563827 ^ _719_/Q (sky130_fd_sc_hd__dfxtp_1)
                                                         mem[6][7] (net)
                      0.051863    0.000338    0.564164 ^ hold79/A (sky130_fd_sc_hd__dlygate4sd3_1)
     1    0.002951    0.038266    0.376184    0.940348 ^ hold79/X (sky130_fd_sc_hd__dlygate4sd3_1)
                                                         net155 (net)
                      0.038266    0.000185    0.940533 ^ _578_/A0 (sky130_fd_sc_hd__mux2_1)
     1    0.002338    0.026080    0.070887    1.011420 ^ _578_/X (sky130_fd_sc_hd__mux2_1)
                                                         _087_ (net)
                      0.026080    0.000166    1.011586 ^ _719_/D (sky130_fd_sc_hd__dfxtp_1)
                                              1.011586   data arrival time

                                  0.000000    0.000000   clock wr_clk (rise edge)
                                  0.000000    0.000000   clock source latency
     1    0.026396    0.093078    0.065140    0.065140 ^ wr_clk (in)
                                                         wr_clk (net)
                      0.093240    0.000000    0.065140 ^ clkbuf_0_wr_clk/A (sky130_fd_sc_hd__clkbuf_16)
    16    0.111341    0.097775    0.149638    0.214779 ^ clkbuf_0_wr_clk/X (sky130_fd_sc_hd__clkbuf_16)
                                                         clknet_0_wr_clk (net)
                      0.098900    0.008375    0.223153 ^ clkbuf_4_1_0_wr_clk/A (sky130_fd_sc_hd__clkbuf_8)
    14    0.043141    0.065631    0.127001    0.350154 ^ clkbuf_4_1_0_wr_clk/X (sky130_fd_sc_hd__clkbuf_8)
                                                         clknet_4_1_0_wr_clk (net)
                      0.065854    0.002755    0.352910 ^ _719_/CLK (sky130_fd_sc_hd__dfxtp_1)
                                  0.250000    0.602910   clock uncertainty
                                  0.000000    0.602910   clock reconvergence pessimism
                                 -0.016122    0.586788   library hold time
                                              0.586788   data required time
---------------------------------------------------------------------------------------------
                                              0.586788   data required time
                                             -1.011586   data arrival time
---------------------------------------------------------------------------------------------
                                              0.424798   slack (MET)


Startpoint: _647_ (rising edge-triggered flip-flop clocked by wr_clk)
Endpoint: _647_ (rising edge-triggered flip-flop clocked by wr_clk)
Path Group: wr_clk
Path Type: min

Fanout         Cap        Slew       Delay        Time   Description
---------------------------------------------------------------------------------------------
                                  0.000000    0.000000   clock wr_clk (rise edge)
                                  0.000000    0.000000   clock source latency
     1    0.026396    0.093078    0.065140    0.065140 ^ wr_clk (in)
                                                         wr_clk (net)
                      0.093240    0.000000    0.065140 ^ clkbuf_0_wr_clk/A (sky130_fd_sc_hd__clkbuf_16)
    16    0.111341    0.097775    0.149638    0.214779 ^ clkbuf_0_wr_clk/X (sky130_fd_sc_hd__clkbuf_16)
                                                         clknet_0_wr_clk (net)
                      0.098900    0.008375    0.223153 ^ clkbuf_4_1_0_wr_clk/A (sky130_fd_sc_hd__clkbuf_8)
    14    0.043141    0.065631    0.127001    0.350154 ^ clkbuf_4_1_0_wr_clk/X (sky130_fd_sc_hd__clkbuf_8)
                                                         clknet_4_1_0_wr_clk (net)
                      0.065831    0.002578    0.352733 ^ _647_/CLK (sky130_fd_sc_hd__dfxtp_1)
     2    0.005903    0.049505    0.209270    0.562003 ^ _647_/Q (sky130_fd_sc_hd__dfxtp_1)
                                                         mem[14][7] (net)
                      0.049506    0.000286    0.562288 ^ hold87/A (sky130_fd_sc_hd__dlygate4sd3_1)
     1    0.002890    0.037859    0.375263    0.937552 ^ hold87/X (sky130_fd_sc_hd__dlygate4sd3_1)
                                                         net163 (net)
                      0.037859    0.000218    0.937770 ^ _492_/A0 (sky130_fd_sc_hd__mux2_1)
     1    0.002852    0.028978    0.073446    1.011216 ^ _492_/X (sky130_fd_sc_hd__mux2_1)
                                                         _015_ (net)
                      0.028979    0.000195    1.011411 ^ _647_/D (sky130_fd_sc_hd__dfxtp_1)
                                              1.011411   data arrival time

                                  0.000000    0.000000   clock wr_clk (rise edge)
                                  0.000000    0.000000   clock source latency
     1    0.026396    0.093078    0.065140    0.065140 ^ wr_clk (in)
                                                         wr_clk (net)
                      0.093240    0.000000    0.065140 ^ clkbuf_0_wr_clk/A (sky130_fd_sc_hd__clkbuf_16)
    16    0.111341    0.097775    0.149638    0.214779 ^ clkbuf_0_wr_clk/X (sky130_fd_sc_hd__clkbuf_16)
                                                         clknet_0_wr_clk (net)
                      0.098900    0.008375    0.223153 ^ clkbuf_4_1_0_wr_clk/A (sky130_fd_sc_hd__clkbuf_8)
    14    0.043141    0.065631    0.127001    0.350154 ^ clkbuf_4_1_0_wr_clk/X (sky130_fd_sc_hd__clkbuf_8)
                                                         clknet_4_1_0_wr_clk (net)
                      0.065831    0.002578    0.352733 ^ _647_/CLK (sky130_fd_sc_hd__dfxtp_1)
                                  0.250000    0.602733   clock uncertainty
                                  0.000000    0.602733   clock reconvergence pessimism
                                 -0.016326    0.586406   library hold time
                                              0.586406   data required time
---------------------------------------------------------------------------------------------
                                              0.586406   data required time
                                             -1.011411   data arrival time
---------------------------------------------------------------------------------------------
                                              0.425005   slack (MET)


Startpoint: _641_ (rising edge-triggered flip-flop clocked by wr_clk)
Endpoint: _641_ (rising edge-triggered flip-flop clocked by wr_clk)
Path Group: wr_clk
Path Type: min

Fanout         Cap        Slew       Delay        Time   Description
---------------------------------------------------------------------------------------------
                                  0.000000    0.000000   clock wr_clk (rise edge)
                                  0.000000    0.000000   clock source latency
     1    0.026396    0.093078    0.065140    0.065140 ^ wr_clk (in)
                                                         wr_clk (net)
                      0.093240    0.000000    0.065140 ^ clkbuf_0_wr_clk/A (sky130_fd_sc_hd__clkbuf_16)
    16    0.111341    0.097775    0.149638    0.214779 ^ clkbuf_0_wr_clk/X (sky130_fd_sc_hd__clkbuf_16)
                                                         clknet_0_wr_clk (net)
                      0.098142    0.004888    0.219666 ^ clkbuf_4_12_0_wr_clk/A (sky130_fd_sc_hd__clkbuf_8)
     8    0.038111    0.059332    0.122910    0.342576 ^ clkbuf_4_12_0_wr_clk/X (sky130_fd_sc_hd__clkbuf_8)
                                                         clknet_4_12_0_wr_clk (net)
                      0.059373    0.001398    0.343975 ^ _641_/CLK (sky130_fd_sc_hd__dfxtp_1)
     2    0.006497    0.053463    0.210441    0.554415 ^ _641_/Q (sky130_fd_sc_hd__dfxtp_1)
                                                         mem[14][1] (net)
                      0.053463    0.000266    0.554682 ^ hold7/A (sky130_fd_sc_hd__dlygate4sd3_1)
     1    0.002773    0.037146    0.375395    0.930076 ^ hold7/X (sky130_fd_sc_hd__dlygate4sd3_1)
                                                         net83 (net)
                      0.037146    0.000109    0.930185 ^ _486_/A0 (sky130_fd_sc_hd__mux2_1)
     1    0.002668    0.027928    0.072319    1.002504 ^ _486_/X (sky130_fd_sc_hd__mux2_1)
                                                         _009_ (net)
                      0.027928    0.000110    1.002614 ^ _641_/D (sky130_fd_sc_hd__dfxtp_1)
                                              1.002614   data arrival time

                                  0.000000    0.000000   clock wr_clk (rise edge)
                                  0.000000    0.000000   clock source latency
     1    0.026396    0.093078    0.065140    0.065140 ^ wr_clk (in)
                                                         wr_clk (net)
                      0.093240    0.000000    0.065140 ^ clkbuf_0_wr_clk/A (sky130_fd_sc_hd__clkbuf_16)
    16    0.111341    0.097775    0.149638    0.214779 ^ clkbuf_0_wr_clk/X (sky130_fd_sc_hd__clkbuf_16)
                                                         clknet_0_wr_clk (net)
                      0.098142    0.004888    0.219666 ^ clkbuf_4_12_0_wr_clk/A (sky130_fd_sc_hd__clkbuf_8)
     8    0.038111    0.059332    0.122910    0.342576 ^ clkbuf_4_12_0_wr_clk/X (sky130_fd_sc_hd__clkbuf_8)
                                                         clknet_4_12_0_wr_clk (net)
                      0.059373    0.001398    0.343975 ^ _641_/CLK (sky130_fd_sc_hd__dfxtp_1)
                                  0.250000    0.593974   clock uncertainty
                                  0.000000    0.593974   clock reconvergence pessimism
                                 -0.016406    0.577568   library hold time
                                              0.577568   data required time
---------------------------------------------------------------------------------------------
                                              0.577568   data required time
                                             -1.002614   data arrival time
---------------------------------------------------------------------------------------------
                                              0.425046   slack (MET)


Startpoint: _707_ (rising edge-triggered flip-flop clocked by wr_clk)
Endpoint: _707_ (rising edge-triggered flip-flop clocked by wr_clk)
Path Group: wr_clk
Path Type: min

Fanout         Cap        Slew       Delay        Time   Description
---------------------------------------------------------------------------------------------
                                  0.000000    0.000000   clock wr_clk (rise edge)
                                  0.000000    0.000000   clock source latency
     1    0.026396    0.093078    0.065140    0.065140 ^ wr_clk (in)
                                                         wr_clk (net)
                      0.093240    0.000000    0.065140 ^ clkbuf_0_wr_clk/A (sky130_fd_sc_hd__clkbuf_16)
    16    0.111341    0.097775    0.149638    0.214779 ^ clkbuf_0_wr_clk/X (sky130_fd_sc_hd__clkbuf_16)
                                                         clknet_0_wr_clk (net)
                      0.098745    0.007793    0.222572 ^ clkbuf_4_3_0_wr_clk/A (sky130_fd_sc_hd__clkbuf_8)
     9    0.036765    0.057889    0.121591    0.344163 ^ clkbuf_4_3_0_wr_clk/X (sky130_fd_sc_hd__clkbuf_8)
                                                         clknet_4_3_0_wr_clk (net)
                      0.057941    0.001565    0.345728 ^ _707_/CLK (sky130_fd_sc_hd__dfxtp_1)
     2    0.006112    0.050906    0.208206    0.553934 ^ _707_/Q (sky130_fd_sc_hd__dfxtp_1)
                                                         mem[7][3] (net)
                      0.050906    0.000274    0.554208 ^ hold82/A (sky130_fd_sc_hd__dlygate4sd3_1)
     1    0.003018    0.038684    0.376397    0.930605 ^ hold82/X (sky130_fd_sc_hd__dlygate4sd3_1)
                                                         net158 (net)
                      0.039156    0.000195    0.930800 ^ _565_/A1 (sky130_fd_sc_hd__mux2_1)
     1    0.002588    0.027667    0.073911    1.004711 ^ _565_/X (sky130_fd_sc_hd__mux2_1)
                                                         _075_ (net)
                      0.027667    0.000163    1.004875 ^ _707_/D (sky130_fd_sc_hd__dfxtp_1)
                                              1.004875   data arrival time

                                  0.000000    0.000000   clock wr_clk (rise edge)
                                  0.000000    0.000000   clock source latency
     1    0.026396    0.093078    0.065140    0.065140 ^ wr_clk (in)
                                                         wr_clk (net)
                      0.093240    0.000000    0.065140 ^ clkbuf_0_wr_clk/A (sky130_fd_sc_hd__clkbuf_16)
    16    0.111341    0.097775    0.149638    0.214779 ^ clkbuf_0_wr_clk/X (sky130_fd_sc_hd__clkbuf_16)
                                                         clknet_0_wr_clk (net)
                      0.098745    0.007793    0.222572 ^ clkbuf_4_3_0_wr_clk/A (sky130_fd_sc_hd__clkbuf_8)
     9    0.036765    0.057889    0.121591    0.344163 ^ clkbuf_4_3_0_wr_clk/X (sky130_fd_sc_hd__clkbuf_8)
                                                         clknet_4_3_0_wr_clk (net)
                      0.057941    0.001565    0.345728 ^ _707_/CLK (sky130_fd_sc_hd__dfxtp_1)
                                  0.250000    0.595728   clock uncertainty
                                  0.000000    0.595728   clock reconvergence pessimism
                                 -0.016422    0.579306   library hold time
                                              0.579306   data required time
---------------------------------------------------------------------------------------------
                                              0.579306   data required time
                                             -1.004875   data arrival time
---------------------------------------------------------------------------------------------
                                              0.425569   slack (MET)


Startpoint: _703_ (rising edge-triggered flip-flop clocked by wr_clk)
Endpoint: _703_ (rising edge-triggered flip-flop clocked by wr_clk)
Path Group: wr_clk
Path Type: min

Fanout         Cap        Slew       Delay        Time   Description
---------------------------------------------------------------------------------------------
                                  0.000000    0.000000   clock wr_clk (rise edge)
                                  0.000000    0.000000   clock source latency
     1    0.026396    0.093078    0.065140    0.065140 ^ wr_clk (in)
                                                         wr_clk (net)
                      0.093240    0.000000    0.065140 ^ clkbuf_0_wr_clk/A (sky130_fd_sc_hd__clkbuf_16)
    16    0.111341    0.097775    0.149638    0.214779 ^ clkbuf_0_wr_clk/X (sky130_fd_sc_hd__clkbuf_16)
                                                         clknet_0_wr_clk (net)
                      0.098900    0.008375    0.223153 ^ clkbuf_4_1_0_wr_clk/A (sky130_fd_sc_hd__clkbuf_8)
    14    0.043141    0.065631    0.127001    0.350154 ^ clkbuf_4_1_0_wr_clk/X (sky130_fd_sc_hd__clkbuf_8)
                                                         clknet_4_1_0_wr_clk (net)
                      0.065789    0.002224    0.352379 ^ _703_/CLK (sky130_fd_sc_hd__dfxtp_1)
     2    0.005041    0.043801    0.205120    0.557499 ^ _703_/Q (sky130_fd_sc_hd__dfxtp_1)
                                                         mem[8][7] (net)
                      0.043802    0.000239    0.557737 ^ hold57/A (sky130_fd_sc_hd__dlygate4sd3_1)
     1    0.003669    0.043453    0.379025    0.936762 ^ hold57/X (sky130_fd_sc_hd__dlygate4sd3_1)
                                                         net133 (net)
                      0.043453    0.000239    0.937001 ^ _559_/A0 (sky130_fd_sc_hd__mux2_1)
     1    0.002799    0.028670    0.074744    1.011745 ^ _559_/X (sky130_fd_sc_hd__mux2_1)
                                                         _071_ (net)
                      0.028670    0.000177    1.011922 ^ _703_/D (sky130_fd_sc_hd__dfxtp_1)
                                              1.011922   data arrival time

                                  0.000000    0.000000   clock wr_clk (rise edge)
                                  0.000000    0.000000   clock source latency
     1    0.026396    0.093078    0.065140    0.065140 ^ wr_clk (in)
                                                         wr_clk (net)
                      0.093240    0.000000    0.065140 ^ clkbuf_0_wr_clk/A (sky130_fd_sc_hd__clkbuf_16)
    16    0.111341    0.097775    0.149638    0.214779 ^ clkbuf_0_wr_clk/X (sky130_fd_sc_hd__clkbuf_16)
                                                         clknet_0_wr_clk (net)
                      0.098900    0.008375    0.223153 ^ clkbuf_4_1_0_wr_clk/A (sky130_fd_sc_hd__clkbuf_8)
    14    0.043141    0.065631    0.127001    0.350154 ^ clkbuf_4_1_0_wr_clk/X (sky130_fd_sc_hd__clkbuf_8)
                                                         clknet_4_1_0_wr_clk (net)
                      0.065789    0.002224    0.352379 ^ _703_/CLK (sky130_fd_sc_hd__dfxtp_1)
                                  0.250000    0.602379   clock uncertainty
                                  0.000000    0.602379   clock reconvergence pessimism
                                 -0.016306    0.586073   library hold time
                                              0.586073   data required time
---------------------------------------------------------------------------------------------
                                              0.586073   data required time
                                             -1.011922   data arrival time
---------------------------------------------------------------------------------------------
                                              0.425849   slack (MET)


Startpoint: _758_ (rising edge-triggered flip-flop clocked by wr_clk)
Endpoint: _652_ (rising edge-triggered flip-flop clocked by wr_clk)
Path Group: wr_clk
Path Type: min

Fanout         Cap        Slew       Delay        Time   Description
---------------------------------------------------------------------------------------------
                                  0.000000    0.000000   clock wr_clk (rise edge)
                                  0.000000    0.000000   clock source latency
     1    0.026396    0.093078    0.065140    0.065140 ^ wr_clk (in)
                                                         wr_clk (net)
                      0.093240    0.000000    0.065140 ^ clkbuf_0_wr_clk/A (sky130_fd_sc_hd__clkbuf_16)
    16    0.111341    0.097775    0.149638    0.214779 ^ clkbuf_0_wr_clk/X (sky130_fd_sc_hd__clkbuf_16)
                                                         clknet_0_wr_clk (net)
                      0.098179    0.005117    0.219896 ^ clkbuf_4_13_0_wr_clk/A (sky130_fd_sc_hd__clkbuf_8)
     8    0.044729    0.067598    0.128023    0.347919 ^ clkbuf_4_13_0_wr_clk/X (sky130_fd_sc_hd__clkbuf_8)
                                                         clknet_4_13_0_wr_clk (net)
                      0.067872    0.003418    0.351336 ^ _758_/CLK (sky130_fd_sc_hd__dfrtp_1)
     5    0.018525    0.127905    0.280763    0.632100 ^ _758_/Q (sky130_fd_sc_hd__dfrtp_1)
                                                         wr_bin[1] (net)
                      0.127920    0.001421    0.633520 ^ _306_/A (sky130_fd_sc_hd__inv_2)
     4    0.021972    0.055500    0.055395    0.688915 v _306_/Y (sky130_fd_sc_hd__inv_2)
                                                         _137_ (net)
                      0.055520    0.000859    0.689775 v _493_/A (sky130_fd_sc_hd__nand2_4)
     4    0.043629    0.101350    0.099325    0.789100 ^ _493_/Y (sky130_fd_sc_hd__nand2_4)
                                                         _286_ (net)
                      0.101567    0.003819    0.792919 ^ _494_/B (sky130_fd_sc_hd__nor2_4)
     8    0.067482    0.072713    0.070253    0.863172 v _494_/Y (sky130_fd_sc_hd__nor2_4)
                                                         _287_ (net)
                      0.073395    0.005662    0.868834 v _499_/S (sky130_fd_sc_hd__mux2_1)
     1    0.002236    0.025523    0.136287    1.005121 ^ _499_/X (sky130_fd_sc_hd__mux2_1)
                                                         _020_ (net)
                      0.025523    0.000156    1.005277 ^ _652_/D (sky130_fd_sc_hd__dfxtp_1)
                                              1.005277   data arrival time

                                  0.000000    0.000000   clock wr_clk (rise edge)
                                  0.000000    0.000000   clock source latency
     1    0.026396    0.093078    0.065140    0.065140 ^ wr_clk (in)
                                                         wr_clk (net)
                      0.093240    0.000000    0.065140 ^ clkbuf_0_wr_clk/A (sky130_fd_sc_hd__clkbuf_16)
    16    0.111341    0.097775    0.149638    0.214779 ^ clkbuf_0_wr_clk/X (sky130_fd_sc_hd__clkbuf_16)
                                                         clknet_0_wr_clk (net)
                      0.098050    0.004262    0.219040 ^ clkbuf_4_11_0_wr_clk/A (sky130_fd_sc_hd__clkbuf_8)
     8    0.040281    0.062147    0.124403    0.343443 ^ clkbuf_4_11_0_wr_clk/X (sky130_fd_sc_hd__clkbuf_8)
                                                         clknet_4_11_0_wr_clk (net)
                      0.062265    0.001813    0.345256 ^ _652_/CLK (sky130_fd_sc_hd__dfxtp_1)
                                  0.250000    0.595256   clock uncertainty
                                  0.000000    0.595256   clock reconvergence pessimism
                                 -0.016168    0.579088   library hold time
                                              0.579088   data required time
---------------------------------------------------------------------------------------------
                                              0.579088   data required time
                                             -1.005277   data arrival time
---------------------------------------------------------------------------------------------
                                              0.426189   slack (MET)


Startpoint: _658_ (rising edge-triggered flip-flop clocked by wr_clk)
Endpoint: _658_ (rising edge-triggered flip-flop clocked by wr_clk)
Path Group: wr_clk
Path Type: min

Fanout         Cap        Slew       Delay        Time   Description
---------------------------------------------------------------------------------------------
                                  0.000000    0.000000   clock wr_clk (rise edge)
                                  0.000000    0.000000   clock source latency
     1    0.026396    0.093078    0.065140    0.065140 ^ wr_clk (in)
                                                         wr_clk (net)
                      0.093240    0.000000    0.065140 ^ clkbuf_0_wr_clk/A (sky130_fd_sc_hd__clkbuf_16)
    16    0.111341    0.097775    0.149638    0.214779 ^ clkbuf_0_wr_clk/X (sky130_fd_sc_hd__clkbuf_16)
                                                         clknet_0_wr_clk (net)
                      0.098815    0.008061    0.222840 ^ clkbuf_4_6_0_wr_clk/A (sky130_fd_sc_hd__clkbuf_8)
     9    0.036690    0.057775    0.121172    0.344012 ^ clkbuf_4_6_0_wr_clk/X (sky130_fd_sc_hd__clkbuf_8)
                                                         clknet_4_6_0_wr_clk (net)
                      0.058019    0.002692    0.346704 ^ _658_/CLK (sky130_fd_sc_hd__dfxtp_1)
     2    0.007410    0.059558    0.214389    0.561093 ^ _658_/Q (sky130_fd_sc_hd__dfxtp_1)
                                                         mem[12][2] (net)
                      0.059560    0.000396    0.561489 ^ hold34/A (sky130_fd_sc_hd__dlygate4sd3_1)
     1    0.002182    0.033722    0.372561    0.934050 ^ hold34/X (sky130_fd_sc_hd__dlygate4sd3_1)
                                                         net110 (net)
                      0.033722    0.000149    0.934199 ^ _507_/A0 (sky130_fd_sc_hd__mux2_1)
     1    0.002799    0.028676    0.072003    1.006202 ^ _507_/X (sky130_fd_sc_hd__mux2_1)
                                                         _026_ (net)
                      0.028677    0.000206    1.006408 ^ _658_/D (sky130_fd_sc_hd__dfxtp_1)
                                              1.006408   data arrival time

                                  0.000000    0.000000   clock wr_clk (rise edge)
                                  0.000000    0.000000   clock source latency
     1    0.026396    0.093078    0.065140    0.065140 ^ wr_clk (in)
                                                         wr_clk (net)
                      0.093240    0.000000    0.065140 ^ clkbuf_0_wr_clk/A (sky130_fd_sc_hd__clkbuf_16)
    16    0.111341    0.097775    0.149638    0.214779 ^ clkbuf_0_wr_clk/X (sky130_fd_sc_hd__clkbuf_16)
                                                         clknet_0_wr_clk (net)
                      0.098815    0.008061    0.222840 ^ clkbuf_4_6_0_wr_clk/A (sky130_fd_sc_hd__clkbuf_8)
     9    0.036690    0.057775    0.121172    0.344012 ^ clkbuf_4_6_0_wr_clk/X (sky130_fd_sc_hd__clkbuf_8)
                                                         clknet_4_6_0_wr_clk (net)
                      0.058019    0.002692    0.346704 ^ _658_/CLK (sky130_fd_sc_hd__dfxtp_1)
                                  0.250000    0.596704   clock uncertainty
                                  0.000000    0.596704   clock reconvergence pessimism
                                 -0.016491    0.580213   library hold time
                                              0.580213   data required time
---------------------------------------------------------------------------------------------
                                              0.580213   data required time
                                             -1.006408   data arrival time
---------------------------------------------------------------------------------------------
                                              0.426195   slack (MET)


Startpoint: _711_ (rising edge-triggered flip-flop clocked by wr_clk)
Endpoint: _711_ (rising edge-triggered flip-flop clocked by wr_clk)
Path Group: wr_clk
Path Type: min

Fanout         Cap        Slew       Delay        Time   Description
---------------------------------------------------------------------------------------------
                                  0.000000    0.000000   clock wr_clk (rise edge)
                                  0.000000    0.000000   clock source latency
     1    0.026396    0.093078    0.065140    0.065140 ^ wr_clk (in)
                                                         wr_clk (net)
                      0.093240    0.000000    0.065140 ^ clkbuf_0_wr_clk/A (sky130_fd_sc_hd__clkbuf_16)
    16    0.111341    0.097775    0.149638    0.214779 ^ clkbuf_0_wr_clk/X (sky130_fd_sc_hd__clkbuf_16)
                                                         clknet_0_wr_clk (net)
                      0.098900    0.008375    0.223153 ^ clkbuf_4_1_0_wr_clk/A (sky130_fd_sc_hd__clkbuf_8)
    14    0.043141    0.065631    0.127001    0.350154 ^ clkbuf_4_1_0_wr_clk/X (sky130_fd_sc_hd__clkbuf_8)
                                                         clknet_4_1_0_wr_clk (net)
                      0.065858    0.002782    0.352936 ^ _711_/CLK (sky130_fd_sc_hd__dfxtp_1)
     2    0.006873    0.055963    0.213875    0.566811 ^ _711_/Q (sky130_fd_sc_hd__dfxtp_1)
                                                         mem[7][7] (net)
                      0.055965    0.000391    0.567202 ^ hold126/A (sky130_fd_sc_hd__dlygate4sd3_1)
     1    0.002367    0.034740    0.373165    0.940367 ^ hold126/X (sky130_fd_sc_hd__dlygate4sd3_1)
                                                         net202 (net)
                      0.034740    0.000173    0.940540 ^ _569_/A1 (sky130_fd_sc_hd__mux2_1)
     1    0.002503    0.027194    0.072228    1.012768 ^ _569_/X (sky130_fd_sc_hd__mux2_1)
                                                         _079_ (net)
                      0.027194    0.000181    1.012949 ^ _711_/D (sky130_fd_sc_hd__dfxtp_1)
                                              1.012949   data arrival time

                                  0.000000    0.000000   clock wr_clk (rise edge)
                                  0.000000    0.000000   clock source latency
     1    0.026396    0.093078    0.065140    0.065140 ^ wr_clk (in)
                                                         wr_clk (net)
                      0.093240    0.000000    0.065140 ^ clkbuf_0_wr_clk/A (sky130_fd_sc_hd__clkbuf_16)
    16    0.111341    0.097775    0.149638    0.214779 ^ clkbuf_0_wr_clk/X (sky130_fd_sc_hd__clkbuf_16)
                                                         clknet_0_wr_clk (net)
                      0.098900    0.008375    0.223153 ^ clkbuf_4_1_0_wr_clk/A (sky130_fd_sc_hd__clkbuf_8)
    14    0.043141    0.065631    0.127001    0.350154 ^ clkbuf_4_1_0_wr_clk/X (sky130_fd_sc_hd__clkbuf_8)
                                                         clknet_4_1_0_wr_clk (net)
                      0.065858    0.002782    0.352936 ^ _711_/CLK (sky130_fd_sc_hd__dfxtp_1)
                                  0.250000    0.602936   clock uncertainty
                                  0.000000    0.602936   clock reconvergence pessimism
                                 -0.016200    0.586736   library hold time
                                              0.586736   data required time
---------------------------------------------------------------------------------------------
                                              0.586736   data required time
                                             -1.012949   data arrival time
---------------------------------------------------------------------------------------------
                                              0.426214   slack (MET)


Startpoint: _665_ (rising edge-triggered flip-flop clocked by wr_clk)
Endpoint: _665_ (rising edge-triggered flip-flop clocked by wr_clk)
Path Group: wr_clk
Path Type: min

Fanout         Cap        Slew       Delay        Time   Description
---------------------------------------------------------------------------------------------
                                  0.000000    0.000000   clock wr_clk (rise edge)
                                  0.000000    0.000000   clock source latency
     1    0.026396    0.093078    0.065140    0.065140 ^ wr_clk (in)
                                                         wr_clk (net)
                      0.093240    0.000000    0.065140 ^ clkbuf_0_wr_clk/A (sky130_fd_sc_hd__clkbuf_16)
    16    0.111341    0.097775    0.149638    0.214779 ^ clkbuf_0_wr_clk/X (sky130_fd_sc_hd__clkbuf_16)
                                                         clknet_0_wr_clk (net)
                      0.098229    0.005409    0.220187 ^ clkbuf_4_9_0_wr_clk/A (sky130_fd_sc_hd__clkbuf_8)
    10    0.039913    0.061692    0.124296    0.344483 ^ clkbuf_4_9_0_wr_clk/X (sky130_fd_sc_hd__clkbuf_8)
                                                         clknet_4_9_0_wr_clk (net)
                      0.061847    0.002139    0.346622 ^ _665_/CLK (sky130_fd_sc_hd__dfxtp_1)
     2    0.006128    0.051009    0.209264    0.555886 ^ _665_/Q (sky130_fd_sc_hd__dfxtp_1)
                                                         mem[11][1] (net)
                      0.051011    0.000402    0.556289 ^ hold125/A (sky130_fd_sc_hd__dlygate4sd3_1)
     1    0.002524    0.035636    0.373271    0.929559 ^ hold125/X (sky130_fd_sc_hd__dlygate4sd3_1)
                                                         net201 (net)
                      0.035636    0.000176    0.929735 ^ _516_/A1 (sky130_fd_sc_hd__mux2_1)
     1    0.003270    0.031553    0.076398    1.006133 ^ _516_/X (sky130_fd_sc_hd__mux2_1)
                                                         _033_ (net)
                      0.031553    0.000220    1.006354 ^ _665_/D (sky130_fd_sc_hd__dfxtp_1)
                                              1.006354   data arrival time

                                  0.000000    0.000000   clock wr_clk (rise edge)
                                  0.000000    0.000000   clock source latency
     1    0.026396    0.093078    0.065140    0.065140 ^ wr_clk (in)
                                                         wr_clk (net)
                      0.093240    0.000000    0.065140 ^ clkbuf_0_wr_clk/A (sky130_fd_sc_hd__clkbuf_16)
    16    0.111341    0.097775    0.149638    0.214779 ^ clkbuf_0_wr_clk/X (sky130_fd_sc_hd__clkbuf_16)
                                                         clknet_0_wr_clk (net)
                      0.098229    0.005409    0.220187 ^ clkbuf_4_9_0_wr_clk/A (sky130_fd_sc_hd__clkbuf_8)
    10    0.039913    0.061692    0.124296    0.344483 ^ clkbuf_4_9_0_wr_clk/X (sky130_fd_sc_hd__clkbuf_8)
                                                         clknet_4_9_0_wr_clk (net)
                      0.061847    0.002139    0.346622 ^ _665_/CLK (sky130_fd_sc_hd__dfxtp_1)
                                  0.250000    0.596622   clock uncertainty
                                  0.000000    0.596622   clock reconvergence pessimism
                                 -0.016603    0.580019   library hold time
                                              0.580019   data required time
---------------------------------------------------------------------------------------------
                                              0.580019   data required time
                                             -1.006354   data arrival time
---------------------------------------------------------------------------------------------
                                              0.426334   slack (MET)


Startpoint: _681_ (rising edge-triggered flip-flop clocked by wr_clk)
Endpoint: _681_ (rising edge-triggered flip-flop clocked by wr_clk)
Path Group: wr_clk
Path Type: min

Fanout         Cap        Slew       Delay        Time   Description
---------------------------------------------------------------------------------------------
                                  0.000000    0.000000   clock wr_clk (rise edge)
                                  0.000000    0.000000   clock source latency
     1    0.026396    0.093078    0.065140    0.065140 ^ wr_clk (in)
                                                         wr_clk (net)
                      0.093240    0.000000    0.065140 ^ clkbuf_0_wr_clk/A (sky130_fd_sc_hd__clkbuf_16)
    16    0.111341    0.097775    0.149638    0.214779 ^ clkbuf_0_wr_clk/X (sky130_fd_sc_hd__clkbuf_16)
                                                         clknet_0_wr_clk (net)
                      0.098229    0.005409    0.220187 ^ clkbuf_4_9_0_wr_clk/A (sky130_fd_sc_hd__clkbuf_8)
    10    0.039913    0.061692    0.124296    0.344483 ^ clkbuf_4_9_0_wr_clk/X (sky130_fd_sc_hd__clkbuf_8)
                                                         clknet_4_9_0_wr_clk (net)
                      0.061861    0.002261    0.346744 ^ _681_/CLK (sky130_fd_sc_hd__dfxtp_1)
     2    0.007086    0.057384    0.213903    0.560647 ^ _681_/Q (sky130_fd_sc_hd__dfxtp_1)
                                                         mem[10][1] (net)
                      0.057385    0.000346    0.560993 ^ hold59/A (sky130_fd_sc_hd__dlygate4sd3_1)
     1    0.002667    0.036466    0.375309    0.936302 ^ hold59/X (sky130_fd_sc_hd__dlygate4sd3_1)
                                                         net135 (net)
                      0.036466    0.000182    0.936483 ^ _535_/A0 (sky130_fd_sc_hd__mux2_1)
     1    0.002364    0.026219    0.070513    1.006996 ^ _535_/X (sky130_fd_sc_hd__mux2_1)
                                                         _049_ (net)
                      0.026221    0.000172    1.007168 ^ _681_/D (sky130_fd_sc_hd__dfxtp_1)
                                              1.007168   data arrival time

                                  0.000000    0.000000   clock wr_clk (rise edge)
                                  0.000000    0.000000   clock source latency
     1    0.026396    0.093078    0.065140    0.065140 ^ wr_clk (in)
                                                         wr_clk (net)
                      0.093240    0.000000    0.065140 ^ clkbuf_0_wr_clk/A (sky130_fd_sc_hd__clkbuf_16)
    16    0.111341    0.097775    0.149638    0.214779 ^ clkbuf_0_wr_clk/X (sky130_fd_sc_hd__clkbuf_16)
                                                         clknet_0_wr_clk (net)
                      0.098229    0.005409    0.220187 ^ clkbuf_4_9_0_wr_clk/A (sky130_fd_sc_hd__clkbuf_8)
    10    0.039913    0.061692    0.124296    0.344483 ^ clkbuf_4_9_0_wr_clk/X (sky130_fd_sc_hd__clkbuf_8)
                                                         clknet_4_9_0_wr_clk (net)
                      0.061861    0.002261    0.346744 ^ _681_/CLK (sky130_fd_sc_hd__dfxtp_1)
                                  0.250000    0.596744   clock uncertainty
                                  0.000000    0.596744   clock reconvergence pessimism
                                 -0.016227    0.580517   library hold time
                                              0.580517   data required time
---------------------------------------------------------------------------------------------
                                              0.580517   data required time
                                             -1.007168   data arrival time
---------------------------------------------------------------------------------------------
                                              0.426650   slack (MET)


Startpoint: _739_ (rising edge-triggered flip-flop clocked by wr_clk)
Endpoint: _739_ (rising edge-triggered flip-flop clocked by wr_clk)
Path Group: wr_clk
Path Type: min

Fanout         Cap        Slew       Delay        Time   Description
---------------------------------------------------------------------------------------------
                                  0.000000    0.000000   clock wr_clk (rise edge)
                                  0.000000    0.000000   clock source latency
     1    0.026396    0.093078    0.065140    0.065140 ^ wr_clk (in)
                                                         wr_clk (net)
                      0.093240    0.000000    0.065140 ^ clkbuf_0_wr_clk/A (sky130_fd_sc_hd__clkbuf_16)
    16    0.111341    0.097775    0.149638    0.214779 ^ clkbuf_0_wr_clk/X (sky130_fd_sc_hd__clkbuf_16)
                                                         clknet_0_wr_clk (net)
                      0.098887    0.008328    0.223106 ^ clkbuf_4_4_0_wr_clk/A (sky130_fd_sc_hd__clkbuf_8)
    13    0.045053    0.068003    0.128410    0.351517 ^ clkbuf_4_4_0_wr_clk/X (sky130_fd_sc_hd__clkbuf_8)
                                                         clknet_4_4_0_wr_clk (net)
                      0.068127    0.002334    0.353851 ^ _739_/CLK (sky130_fd_sc_hd__dfxtp_1)
     2    0.005091    0.044081    0.205947    0.559798 ^ _739_/Q (sky130_fd_sc_hd__dfxtp_1)
                                                         mem[5][2] (net)
                      0.044083    0.000317    0.560115 ^ hold92/A (sky130_fd_sc_hd__dlygate4sd3_1)
     1    0.002901    0.037928    0.374170    0.934285 ^ hold92/X (sky130_fd_sc_hd__dlygate4sd3_1)
                                                         net168 (net)
                      0.037928    0.000214    0.934499 ^ _600_/A0 (sky130_fd_sc_hd__mux2_1)
     1    0.003949    0.035285    0.079112    1.013612 ^ _600_/X (sky130_fd_sc_hd__mux2_1)
                                                         _106_ (net)
                      0.035288    0.000331    1.013942 ^ _739_/D (sky130_fd_sc_hd__dfxtp_1)
                                              1.013942   data arrival time

                                  0.000000    0.000000   clock wr_clk (rise edge)
                                  0.000000    0.000000   clock source latency
     1    0.026396    0.093078    0.065140    0.065140 ^ wr_clk (in)
                                                         wr_clk (net)
                      0.093240    0.000000    0.065140 ^ clkbuf_0_wr_clk/A (sky130_fd_sc_hd__clkbuf_16)
    16    0.111341    0.097775    0.149638    0.214779 ^ clkbuf_0_wr_clk/X (sky130_fd_sc_hd__clkbuf_16)
                                                         clknet_0_wr_clk (net)
                      0.098887    0.008328    0.223106 ^ clkbuf_4_4_0_wr_clk/A (sky130_fd_sc_hd__clkbuf_8)
    13    0.045053    0.068003    0.128410    0.351517 ^ clkbuf_4_4_0_wr_clk/X (sky130_fd_sc_hd__clkbuf_8)
                                                         clknet_4_4_0_wr_clk (net)
                      0.068127    0.002334    0.353851 ^ _739_/CLK (sky130_fd_sc_hd__dfxtp_1)
                                  0.250000    0.603851   clock uncertainty
                                  0.000000    0.603851   clock reconvergence pessimism
                                 -0.016716    0.587135   library hold time
                                              0.587135   data required time
---------------------------------------------------------------------------------------------
                                              0.587135   data required time
                                             -1.013942   data arrival time
---------------------------------------------------------------------------------------------
                                              0.426807   slack (MET)


Startpoint: _656_ (rising edge-triggered flip-flop clocked by wr_clk)
Endpoint: _656_ (rising edge-triggered flip-flop clocked by wr_clk)
Path Group: wr_clk
Path Type: min

Fanout         Cap        Slew       Delay        Time   Description
---------------------------------------------------------------------------------------------
                                  0.000000    0.000000   clock wr_clk (rise edge)
                                  0.000000    0.000000   clock source latency
     1    0.026396    0.093078    0.065140    0.065140 ^ wr_clk (in)
                                                         wr_clk (net)
                      0.093240    0.000000    0.065140 ^ clkbuf_0_wr_clk/A (sky130_fd_sc_hd__clkbuf_16)
    16    0.111341    0.097775    0.149638    0.214779 ^ clkbuf_0_wr_clk/X (sky130_fd_sc_hd__clkbuf_16)
                                                         clknet_0_wr_clk (net)
                      0.098830    0.008118    0.222897 ^ clkbuf_4_7_0_wr_clk/A (sky130_fd_sc_hd__clkbuf_8)
    11    0.042225    0.064508    0.126252    0.349149 ^ clkbuf_4_7_0_wr_clk/X (sky130_fd_sc_hd__clkbuf_8)
                                                         clknet_4_7_0_wr_clk (net)
                      0.064706    0.002525    0.351674 ^ _656_/CLK (sky130_fd_sc_hd__dfxtp_1)
     2    0.005938    0.049743    0.209092    0.560766 ^ _656_/Q (sky130_fd_sc_hd__dfxtp_1)
                                                         mem[12][0] (net)
                      0.049746    0.000390    0.561156 ^ hold76/A (sky130_fd_sc_hd__dlygate4sd3_1)
     1    0.002545    0.035751    0.373124    0.934280 ^ hold76/X (sky130_fd_sc_hd__dlygate4sd3_1)
                                                         net152 (net)
                      0.035751    0.000185    0.934465 ^ _505_/A0 (sky130_fd_sc_hd__mux2_1)
     1    0.003680    0.033734    0.077186    1.011651 ^ _505_/X (sky130_fd_sc_hd__mux2_1)
                                                         _024_ (net)
                      0.033735    0.000213    1.011865 ^ _656_/D (sky130_fd_sc_hd__dfxtp_1)
                                              1.011865   data arrival time

                                  0.000000    0.000000   clock wr_clk (rise edge)
                                  0.000000    0.000000   clock source latency
     1    0.026396    0.093078    0.065140    0.065140 ^ wr_clk (in)
                                                         wr_clk (net)
                      0.093240    0.000000    0.065140 ^ clkbuf_0_wr_clk/A (sky130_fd_sc_hd__clkbuf_16)
    16    0.111341    0.097775    0.149638    0.214779 ^ clkbuf_0_wr_clk/X (sky130_fd_sc_hd__clkbuf_16)
                                                         clknet_0_wr_clk (net)
                      0.098830    0.008118    0.222897 ^ clkbuf_4_7_0_wr_clk/A (sky130_fd_sc_hd__clkbuf_8)
    11    0.042225    0.064508    0.126252    0.349149 ^ clkbuf_4_7_0_wr_clk/X (sky130_fd_sc_hd__clkbuf_8)
                                                         clknet_4_7_0_wr_clk (net)
                      0.064706    0.002525    0.351674 ^ _656_/CLK (sky130_fd_sc_hd__dfxtp_1)
                                  0.250000    0.601674   clock uncertainty
                                  0.000000    0.601674   clock reconvergence pessimism
                                 -0.016688    0.584986   library hold time
                                              0.584986   data required time
---------------------------------------------------------------------------------------------
                                              0.584986   data required time
                                             -1.011865   data arrival time
---------------------------------------------------------------------------------------------
                                              0.426879   slack (MET)


Startpoint: _716_ (rising edge-triggered flip-flop clocked by wr_clk)
Endpoint: _716_ (rising edge-triggered flip-flop clocked by wr_clk)
Path Group: wr_clk
Path Type: min

Fanout         Cap        Slew       Delay        Time   Description
---------------------------------------------------------------------------------------------
                                  0.000000    0.000000   clock wr_clk (rise edge)
                                  0.000000    0.000000   clock source latency
     1    0.026396    0.093078    0.065140    0.065140 ^ wr_clk (in)
                                                         wr_clk (net)
                      0.093240    0.000000    0.065140 ^ clkbuf_0_wr_clk/A (sky130_fd_sc_hd__clkbuf_16)
    16    0.111341    0.097775    0.149638    0.214779 ^ clkbuf_0_wr_clk/X (sky130_fd_sc_hd__clkbuf_16)
                                                         clknet_0_wr_clk (net)
                      0.098042    0.004200    0.218979 ^ clkbuf_4_10_0_wr_clk/A (sky130_fd_sc_hd__clkbuf_8)
    13    0.044109    0.066827    0.127354    0.346333 ^ clkbuf_4_10_0_wr_clk/X (sky130_fd_sc_hd__clkbuf_8)
                                                         clknet_4_10_0_wr_clk (net)
                      0.066872    0.001404    0.347737 ^ _716_/CLK (sky130_fd_sc_hd__dfxtp_1)
     2    0.006534    0.053702    0.212535    0.560272 ^ _716_/Q (sky130_fd_sc_hd__dfxtp_1)
                                                         mem[6][4] (net)
                      0.053703    0.000357    0.560629 ^ hold64/A (sky130_fd_sc_hd__dlygate4sd3_1)
     1    0.002995    0.038565    0.376844    0.937473 ^ hold64/X (sky130_fd_sc_hd__dlygate4sd3_1)
                                                         net140 (net)
                      0.038565    0.000123    0.937596 ^ _575_/A0 (sky130_fd_sc_hd__mux2_1)
     1    0.002308    0.025915    0.070811    1.008407 ^ _575_/X (sky130_fd_sc_hd__mux2_1)
                                                         _084_ (net)
                      0.025915    0.000169    1.008577 ^ _716_/D (sky130_fd_sc_hd__dfxtp_1)
                                              1.008577   data arrival time

                                  0.000000    0.000000   clock wr_clk (rise edge)
                                  0.000000    0.000000   clock source latency
     1    0.026396    0.093078    0.065140    0.065140 ^ wr_clk (in)
                                                         wr_clk (net)
                      0.093240    0.000000    0.065140 ^ clkbuf_0_wr_clk/A (sky130_fd_sc_hd__clkbuf_16)
    16    0.111341    0.097775    0.149638    0.214779 ^ clkbuf_0_wr_clk/X (sky130_fd_sc_hd__clkbuf_16)
                                                         clknet_0_wr_clk (net)
                      0.098042    0.004200    0.218979 ^ clkbuf_4_10_0_wr_clk/A (sky130_fd_sc_hd__clkbuf_8)
    13    0.044109    0.066827    0.127354    0.346333 ^ clkbuf_4_10_0_wr_clk/X (sky130_fd_sc_hd__clkbuf_8)
                                                         clknet_4_10_0_wr_clk (net)
                      0.066872    0.001404    0.347737 ^ _716_/CLK (sky130_fd_sc_hd__dfxtp_1)
                                  0.250000    0.597737   clock uncertainty
                                  0.000000    0.597737   clock reconvergence pessimism
                                 -0.016086    0.581651   library hold time
                                              0.581651   data required time
---------------------------------------------------------------------------------------------
                                              0.581651   data required time
                                             -1.008577   data arrival time
---------------------------------------------------------------------------------------------
                                              0.426925   slack (MET)


Startpoint: _801_ (rising edge-triggered flip-flop clocked by wr_clk)
Endpoint: _801_ (rising edge-triggered flip-flop clocked by wr_clk)
Path Group: wr_clk
Path Type: min

Fanout         Cap        Slew       Delay        Time   Description
---------------------------------------------------------------------------------------------
                                  0.000000    0.000000   clock wr_clk (rise edge)
                                  0.000000    0.000000   clock source latency
     1    0.026396    0.093078    0.065140    0.065140 ^ wr_clk (in)
                                                         wr_clk (net)
                      0.093240    0.000000    0.065140 ^ clkbuf_0_wr_clk/A (sky130_fd_sc_hd__clkbuf_16)
    16    0.111341    0.097775    0.149638    0.214779 ^ clkbuf_0_wr_clk/X (sky130_fd_sc_hd__clkbuf_16)
                                                         clknet_0_wr_clk (net)
                      0.098900    0.008375    0.223153 ^ clkbuf_4_1_0_wr_clk/A (sky130_fd_sc_hd__clkbuf_8)
    14    0.043141    0.065631    0.127001    0.350154 ^ clkbuf_4_1_0_wr_clk/X (sky130_fd_sc_hd__clkbuf_8)
                                                         clknet_4_1_0_wr_clk (net)
                      0.065827    0.002546    0.352700 ^ _801_/CLK (sky130_fd_sc_hd__dfxtp_1)
     2    0.006383    0.052697    0.211525    0.564225 ^ _801_/Q (sky130_fd_sc_hd__dfxtp_1)
                                                         mem[15][7] (net)
                      0.052699    0.000402    0.564628 ^ hold128/A (sky130_fd_sc_hd__dlygate4sd3_1)
     1    0.002470    0.035324    0.373283    0.937911 ^ hold128/X (sky130_fd_sc_hd__dlygate4sd3_1)
                                                         net204 (net)
                      0.035324    0.000179    0.938090 ^ _622_/A1 (sky130_fd_sc_hd__mux2_1)
     1    0.003073    0.030414    0.075315    1.013405 ^ _622_/X (sky130_fd_sc_hd__mux2_1)
                                                         _127_ (net)
                      0.030414    0.000193    1.013598 ^ _801_/D (sky130_fd_sc_hd__dfxtp_1)
                                              1.013598   data arrival time

                                  0.000000    0.000000   clock wr_clk (rise edge)
                                  0.000000    0.000000   clock source latency
     1    0.026396    0.093078    0.065140    0.065140 ^ wr_clk (in)
                                                         wr_clk (net)
                      0.093240    0.000000    0.065140 ^ clkbuf_0_wr_clk/A (sky130_fd_sc_hd__clkbuf_16)
    16    0.111341    0.097775    0.149638    0.214779 ^ clkbuf_0_wr_clk/X (sky130_fd_sc_hd__clkbuf_16)
                                                         clknet_0_wr_clk (net)
                      0.098900    0.008375    0.223153 ^ clkbuf_4_1_0_wr_clk/A (sky130_fd_sc_hd__clkbuf_8)
    14    0.043141    0.065631    0.127001    0.350154 ^ clkbuf_4_1_0_wr_clk/X (sky130_fd_sc_hd__clkbuf_8)
                                                         clknet_4_1_0_wr_clk (net)
                      0.065827    0.002546    0.352700 ^ _801_/CLK (sky130_fd_sc_hd__dfxtp_1)
                                  0.250000    0.602700   clock uncertainty
                                  0.000000    0.602700   clock reconvergence pessimism
                                 -0.016428    0.586273   library hold time
                                              0.586273   data required time
---------------------------------------------------------------------------------------------
                                              0.586273   data required time
                                             -1.013598   data arrival time
---------------------------------------------------------------------------------------------
                                              0.427325   slack (MET)


Startpoint: _710_ (rising edge-triggered flip-flop clocked by wr_clk)
Endpoint: _710_ (rising edge-triggered flip-flop clocked by wr_clk)
Path Group: wr_clk
Path Type: min

Fanout         Cap        Slew       Delay        Time   Description
---------------------------------------------------------------------------------------------
                                  0.000000    0.000000   clock wr_clk (rise edge)
                                  0.000000    0.000000   clock source latency
     1    0.026396    0.093078    0.065140    0.065140 ^ wr_clk (in)
                                                         wr_clk (net)
                      0.093240    0.000000    0.065140 ^ clkbuf_0_wr_clk/A (sky130_fd_sc_hd__clkbuf_16)
    16    0.111341    0.097775    0.149638    0.214779 ^ clkbuf_0_wr_clk/X (sky130_fd_sc_hd__clkbuf_16)
                                                         clknet_0_wr_clk (net)
                      0.098877    0.008290    0.223068 ^ clkbuf_4_5_0_wr_clk/A (sky130_fd_sc_hd__clkbuf_8)
    14    0.043082    0.065571    0.126084    0.349152 ^ clkbuf_4_5_0_wr_clk/X (sky130_fd_sc_hd__clkbuf_8)
                                                         clknet_4_5_0_wr_clk (net)
                      0.065997    0.004186    0.353338 ^ _710_/CLK (sky130_fd_sc_hd__dfxtp_1)
     2    0.007199    0.058139    0.215478    0.568816 ^ _710_/Q (sky130_fd_sc_hd__dfxtp_1)
                                                         mem[7][6] (net)
                      0.058141    0.000430    0.569246 ^ hold131/A (sky130_fd_sc_hd__dlygate4sd3_1)
     1    0.002330    0.034556    0.373294    0.942540 ^ hold131/X (sky130_fd_sc_hd__dlygate4sd3_1)
                                                         net207 (net)
                      0.034556    0.000108    0.942648 ^ _568_/A1 (sky130_fd_sc_hd__mux2_1)
     1    0.002408    0.026670    0.071692    1.014340 ^ _568_/X (sky130_fd_sc_hd__mux2_1)
                                                         _078_ (net)
                      0.026672    0.000177    1.014517 ^ _710_/D (sky130_fd_sc_hd__dfxtp_1)
                                              1.014517   data arrival time

                                  0.000000    0.000000   clock wr_clk (rise edge)
                                  0.000000    0.000000   clock source latency
     1    0.026396    0.093078    0.065140    0.065140 ^ wr_clk (in)
                                                         wr_clk (net)
                      0.093240    0.000000    0.065140 ^ clkbuf_0_wr_clk/A (sky130_fd_sc_hd__clkbuf_16)
    16    0.111341    0.097775    0.149638    0.214779 ^ clkbuf_0_wr_clk/X (sky130_fd_sc_hd__clkbuf_16)
                                                         clknet_0_wr_clk (net)
                      0.098877    0.008290    0.223068 ^ clkbuf_4_5_0_wr_clk/A (sky130_fd_sc_hd__clkbuf_8)
    14    0.043082    0.065571    0.126084    0.349152 ^ clkbuf_4_5_0_wr_clk/X (sky130_fd_sc_hd__clkbuf_8)
                                                         clknet_4_5_0_wr_clk (net)
                      0.065997    0.004186    0.353338 ^ _710_/CLK (sky130_fd_sc_hd__dfxtp_1)
                                  0.250000    0.603338   clock uncertainty
                                  0.000000    0.603338   clock reconvergence pessimism
                                 -0.016160    0.587178   library hold time
                                              0.587178   data required time
---------------------------------------------------------------------------------------------
                                              0.587178   data required time
                                             -1.014517   data arrival time
---------------------------------------------------------------------------------------------
                                              0.427339   slack (MET)


Startpoint: _675_ (rising edge-triggered flip-flop clocked by wr_clk)
Endpoint: _675_ (rising edge-triggered flip-flop clocked by wr_clk)
Path Group: wr_clk
Path Type: min

Fanout         Cap        Slew       Delay        Time   Description
---------------------------------------------------------------------------------------------
                                  0.000000    0.000000   clock wr_clk (rise edge)
                                  0.000000    0.000000   clock source latency
     1    0.026396    0.093078    0.065140    0.065140 ^ wr_clk (in)
                                                         wr_clk (net)
                      0.093240    0.000000    0.065140 ^ clkbuf_0_wr_clk/A (sky130_fd_sc_hd__clkbuf_16)
    16    0.111341    0.097775    0.149638    0.214779 ^ clkbuf_0_wr_clk/X (sky130_fd_sc_hd__clkbuf_16)
                                                         clknet_0_wr_clk (net)
                      0.098042    0.004200    0.218979 ^ clkbuf_4_10_0_wr_clk/A (sky130_fd_sc_hd__clkbuf_8)
    13    0.044109    0.066827    0.127354    0.346333 ^ clkbuf_4_10_0_wr_clk/X (sky130_fd_sc_hd__clkbuf_8)
                                                         clknet_4_10_0_wr_clk (net)
                      0.067110    0.003450    0.349783 ^ _675_/CLK (sky130_fd_sc_hd__dfxtp_1)
     2    0.005277    0.045304    0.206564    0.556347 ^ _675_/Q (sky130_fd_sc_hd__dfxtp_1)
                                                         mem[1][3] (net)
                      0.045305    0.000299    0.556646 ^ hold90/A (sky130_fd_sc_hd__dlygate4sd3_1)
     1    0.003250    0.040678    0.376680    0.933326 ^ hold90/X (sky130_fd_sc_hd__dlygate4sd3_1)
                                                         net166 (net)
                      0.040678    0.000204    0.933530 ^ _528_/A0 (sky130_fd_sc_hd__mux2_1)
     1    0.003403    0.032145    0.077121    1.010651 ^ _528_/X (sky130_fd_sc_hd__mux2_1)
                                                         _043_ (net)
                      0.032145    0.000202    1.010853 ^ _675_/D (sky130_fd_sc_hd__dfxtp_1)
                                              1.010853   data arrival time

                                  0.000000    0.000000   clock wr_clk (rise edge)
                                  0.000000    0.000000   clock source latency
     1    0.026396    0.093078    0.065140    0.065140 ^ wr_clk (in)
                                                         wr_clk (net)
                      0.093240    0.000000    0.065140 ^ clkbuf_0_wr_clk/A (sky130_fd_sc_hd__clkbuf_16)
    16    0.111341    0.097775    0.149638    0.214779 ^ clkbuf_0_wr_clk/X (sky130_fd_sc_hd__clkbuf_16)
                                                         clknet_0_wr_clk (net)
                      0.098042    0.004200    0.218979 ^ clkbuf_4_10_0_wr_clk/A (sky130_fd_sc_hd__clkbuf_8)
    13    0.044109    0.066827    0.127354    0.346333 ^ clkbuf_4_10_0_wr_clk/X (sky130_fd_sc_hd__clkbuf_8)
                                                         clknet_4_10_0_wr_clk (net)
                      0.067110    0.003450    0.349783 ^ _675_/CLK (sky130_fd_sc_hd__dfxtp_1)
                                  0.250000    0.599783   clock uncertainty
                                  0.000000    0.599783   clock reconvergence pessimism
                                 -0.016519    0.583265   library hold time
                                              0.583265   data required time
---------------------------------------------------------------------------------------------
                                              0.583265   data required time
                                             -1.010853   data arrival time
---------------------------------------------------------------------------------------------
                                              0.427588   slack (MET)


Startpoint: _765_ (rising edge-triggered flip-flop clocked by wr_clk)
Endpoint: _765_ (rising edge-triggered flip-flop clocked by wr_clk)
Path Group: wr_clk
Path Type: min

Fanout         Cap        Slew       Delay        Time   Description
---------------------------------------------------------------------------------------------
                                  0.000000    0.000000   clock wr_clk (rise edge)
                                  0.000000    0.000000   clock source latency
     1    0.026396    0.093078    0.065140    0.065140 ^ wr_clk (in)
                                                         wr_clk (net)
                      0.093240    0.000000    0.065140 ^ clkbuf_0_wr_clk/A (sky130_fd_sc_hd__clkbuf_16)
    16    0.111341    0.097775    0.149638    0.214779 ^ clkbuf_0_wr_clk/X (sky130_fd_sc_hd__clkbuf_16)
                                                         clknet_0_wr_clk (net)
                      0.098745    0.007793    0.222572 ^ clkbuf_4_3_0_wr_clk/A (sky130_fd_sc_hd__clkbuf_8)
     9    0.036765    0.057889    0.121591    0.344163 ^ clkbuf_4_3_0_wr_clk/X (sky130_fd_sc_hd__clkbuf_8)
                                                         clknet_4_3_0_wr_clk (net)
                      0.057938    0.001535    0.345698 ^ _765_/CLK (sky130_fd_sc_hd__dfxtp_1)
     2    0.006330    0.052280    0.209186    0.554884 ^ _765_/Q (sky130_fd_sc_hd__dfxtp_1)
                                                         mem[4][3] (net)
                      0.052283    0.000453    0.555337 ^ hold19/A (sky130_fd_sc_hd__dlygate4sd3_1)
     1    0.002865    0.037734    0.375744    0.931082 ^ hold19/X (sky130_fd_sc_hd__dlygate4sd3_1)
                                                         net95 (net)
                      0.037734    0.000118    0.931200 ^ _610_/A0 (sky130_fd_sc_hd__mux2_1)
     1    0.003271    0.031385    0.075571    1.006771 ^ _610_/X (sky130_fd_sc_hd__mux2_1)
                                                         _115_ (net)
                      0.031386    0.000246    1.007017 ^ _765_/D (sky130_fd_sc_hd__dfxtp_1)
                                              1.007017   data arrival time

                                  0.000000    0.000000   clock wr_clk (rise edge)
                                  0.000000    0.000000   clock source latency
     1    0.026396    0.093078    0.065140    0.065140 ^ wr_clk (in)
                                                         wr_clk (net)
                      0.093240    0.000000    0.065140 ^ clkbuf_0_wr_clk/A (sky130_fd_sc_hd__clkbuf_16)
    16    0.111341    0.097775    0.149638    0.214779 ^ clkbuf_0_wr_clk/X (sky130_fd_sc_hd__clkbuf_16)
                                                         clknet_0_wr_clk (net)
                      0.098745    0.007793    0.222572 ^ clkbuf_4_3_0_wr_clk/A (sky130_fd_sc_hd__clkbuf_8)
     9    0.036765    0.057889    0.121591    0.344163 ^ clkbuf_4_3_0_wr_clk/X (sky130_fd_sc_hd__clkbuf_8)
                                                         clknet_4_3_0_wr_clk (net)
                      0.057938    0.001535    0.345698 ^ _765_/CLK (sky130_fd_sc_hd__dfxtp_1)
                                  0.250000    0.595698   clock uncertainty
                                  0.000000    0.595698   clock reconvergence pessimism
                                 -0.016684    0.579013   library hold time
                                              0.579013   data required time
---------------------------------------------------------------------------------------------
                                              0.579013   data required time
                                             -1.007017   data arrival time
---------------------------------------------------------------------------------------------
                                              0.428004   slack (MET)


Startpoint: _664_ (rising edge-triggered flip-flop clocked by wr_clk)
Endpoint: _664_ (rising edge-triggered flip-flop clocked by wr_clk)
Path Group: wr_clk
Path Type: min

Fanout         Cap        Slew       Delay        Time   Description
---------------------------------------------------------------------------------------------
                                  0.000000    0.000000   clock wr_clk (rise edge)
                                  0.000000    0.000000   clock source latency
     1    0.026396    0.093078    0.065140    0.065140 ^ wr_clk (in)
                                                         wr_clk (net)
                      0.093240    0.000000    0.065140 ^ clkbuf_0_wr_clk/A (sky130_fd_sc_hd__clkbuf_16)
    16    0.111341    0.097775    0.149638    0.214779 ^ clkbuf_0_wr_clk/X (sky130_fd_sc_hd__clkbuf_16)
                                                         clknet_0_wr_clk (net)
                      0.098830    0.008118    0.222897 ^ clkbuf_4_7_0_wr_clk/A (sky130_fd_sc_hd__clkbuf_8)
    11    0.042225    0.064508    0.126252    0.349149 ^ clkbuf_4_7_0_wr_clk/X (sky130_fd_sc_hd__clkbuf_8)
                                                         clknet_4_7_0_wr_clk (net)
                      0.064729    0.002704    0.351853 ^ _664_/CLK (sky130_fd_sc_hd__dfxtp_1)
     2    0.005411    0.046246    0.206616    0.558469 ^ _664_/Q (sky130_fd_sc_hd__dfxtp_1)
                                                         mem[11][0] (net)
                      0.046246    0.000262    0.558731 ^ hold106/A (sky130_fd_sc_hd__dlygate4sd3_1)
     1    0.003804    0.044312    0.380305    0.939036 ^ hold106/X (sky130_fd_sc_hd__dlygate4sd3_1)
                                                         net182 (net)
                      0.044312    0.000267    0.939304 ^ _515_/A1 (sky130_fd_sc_hd__mux2_1)
     1    0.002401    0.026678    0.074385    1.013689 ^ _515_/X (sky130_fd_sc_hd__mux2_1)
                                                         _032_ (net)
                      0.026678    0.000160    1.013849 ^ _664_/D (sky130_fd_sc_hd__dfxtp_1)
                                              1.013849   data arrival time

                                  0.000000    0.000000   clock wr_clk (rise edge)
                                  0.000000    0.000000   clock source latency
     1    0.026396    0.093078    0.065140    0.065140 ^ wr_clk (in)
                                                         wr_clk (net)
                      0.093240    0.000000    0.065140 ^ clkbuf_0_wr_clk/A (sky130_fd_sc_hd__clkbuf_16)
    16    0.111341    0.097775    0.149638    0.214779 ^ clkbuf_0_wr_clk/X (sky130_fd_sc_hd__clkbuf_16)
                                                         clknet_0_wr_clk (net)
                      0.098830    0.008118    0.222897 ^ clkbuf_4_7_0_wr_clk/A (sky130_fd_sc_hd__clkbuf_8)
    11    0.042225    0.064508    0.126252    0.349149 ^ clkbuf_4_7_0_wr_clk/X (sky130_fd_sc_hd__clkbuf_8)
                                                         clknet_4_7_0_wr_clk (net)
                      0.064729    0.002704    0.351853 ^ _664_/CLK (sky130_fd_sc_hd__dfxtp_1)
                                  0.250000    0.601853   clock uncertainty
                                  0.000000    0.601853   clock reconvergence pessimism
                                 -0.016191    0.585662   library hold time
                                              0.585662   data required time
---------------------------------------------------------------------------------------------
                                              0.585662   data required time
                                             -1.013849   data arrival time
---------------------------------------------------------------------------------------------
                                              0.428187   slack (MET)


Startpoint: _709_ (rising edge-triggered flip-flop clocked by wr_clk)
Endpoint: _709_ (rising edge-triggered flip-flop clocked by wr_clk)
Path Group: wr_clk
Path Type: min

Fanout         Cap        Slew       Delay        Time   Description
---------------------------------------------------------------------------------------------
                                  0.000000    0.000000   clock wr_clk (rise edge)
                                  0.000000    0.000000   clock source latency
     1    0.026396    0.093078    0.065140    0.065140 ^ wr_clk (in)
                                                         wr_clk (net)
                      0.093240    0.000000    0.065140 ^ clkbuf_0_wr_clk/A (sky130_fd_sc_hd__clkbuf_16)
    16    0.111341    0.097775    0.149638    0.214779 ^ clkbuf_0_wr_clk/X (sky130_fd_sc_hd__clkbuf_16)
                                                         clknet_0_wr_clk (net)
                      0.098856    0.008215    0.222994 ^ clkbuf_4_0_0_wr_clk/A (sky130_fd_sc_hd__clkbuf_8)
    14    0.043323    0.065832    0.126089    0.349083 ^ clkbuf_4_0_0_wr_clk/X (sky130_fd_sc_hd__clkbuf_8)
                                                         clknet_4_0_0_wr_clk (net)
                      0.066253    0.004169    0.353252 ^ _709_/CLK (sky130_fd_sc_hd__dfxtp_1)
     2    0.006099    0.050806    0.210285    0.563537 ^ _709_/Q (sky130_fd_sc_hd__dfxtp_1)
                                                         mem[7][5] (net)
                      0.050808    0.000363    0.563900 ^ hold118/A (sky130_fd_sc_hd__dlygate4sd3_1)
     1    0.003025    0.038724    0.376399    0.940299 ^ hold118/X (sky130_fd_sc_hd__dlygate4sd3_1)
                                                         net194 (net)
                      0.039197    0.000224    0.940523 ^ _567_/A1 (sky130_fd_sc_hd__mux2_1)
     1    0.002720    0.028399    0.074578    1.015101 ^ _567_/X (sky130_fd_sc_hd__mux2_1)
                                                         _077_ (net)
                      0.028399    0.000193    1.015294 ^ _709_/D (sky130_fd_sc_hd__dfxtp_1)
                                              1.015294   data arrival time

                                  0.000000    0.000000   clock wr_clk (rise edge)
                                  0.000000    0.000000   clock source latency
     1    0.026396    0.093078    0.065140    0.065140 ^ wr_clk (in)
                                                         wr_clk (net)
                      0.093240    0.000000    0.065140 ^ clkbuf_0_wr_clk/A (sky130_fd_sc_hd__clkbuf_16)
    16    0.111341    0.097775    0.149638    0.214779 ^ clkbuf_0_wr_clk/X (sky130_fd_sc_hd__clkbuf_16)
                                                         clknet_0_wr_clk (net)
                      0.098856    0.008215    0.222994 ^ clkbuf_4_0_0_wr_clk/A (sky130_fd_sc_hd__clkbuf_8)
    14    0.043323    0.065832    0.126089    0.349083 ^ clkbuf_4_0_0_wr_clk/X (sky130_fd_sc_hd__clkbuf_8)
                                                         clknet_4_0_0_wr_clk (net)
                      0.066253    0.004169    0.353252 ^ _709_/CLK (sky130_fd_sc_hd__dfxtp_1)
                                  0.250000    0.603252   clock uncertainty
                                  0.000000    0.603252   clock reconvergence pessimism
                                 -0.016276    0.586976   library hold time
                                              0.586976   data required time
---------------------------------------------------------------------------------------------
                                              0.586976   data required time
                                             -1.015294   data arrival time
---------------------------------------------------------------------------------------------
                                              0.428318   slack (MET)


Startpoint: _809_ (rising edge-triggered flip-flop clocked by wr_clk)
Endpoint: _809_ (rising edge-triggered flip-flop clocked by wr_clk)
Path Group: wr_clk
Path Type: min

Fanout         Cap        Slew       Delay        Time   Description
---------------------------------------------------------------------------------------------
                                  0.000000    0.000000   clock wr_clk (rise edge)
                                  0.000000    0.000000   clock source latency
     1    0.026396    0.093078    0.065140    0.065140 ^ wr_clk (in)
                                                         wr_clk (net)
                      0.093240    0.000000    0.065140 ^ clkbuf_0_wr_clk/A (sky130_fd_sc_hd__clkbuf_16)
    16    0.111341    0.097775    0.149638    0.214779 ^ clkbuf_0_wr_clk/X (sky130_fd_sc_hd__clkbuf_16)
                                                         clknet_0_wr_clk (net)
                      0.098856    0.008215    0.222994 ^ clkbuf_4_0_0_wr_clk/A (sky130_fd_sc_hd__clkbuf_8)
    14    0.043323    0.065832    0.126089    0.349083 ^ clkbuf_4_0_0_wr_clk/X (sky130_fd_sc_hd__clkbuf_8)
                                                         clknet_4_0_0_wr_clk (net)
                      0.066153    0.003651    0.352734 ^ _809_/CLK (sky130_fd_sc_hd__dfxtp_1)
     2    0.006142    0.051093    0.210449    0.563183 ^ _809_/Q (sky130_fd_sc_hd__dfxtp_1)
                                                         mem[9][7] (net)
                      0.051096    0.000442    0.563624 ^ hold116/A (sky130_fd_sc_hd__dlygate4sd3_1)
     1    0.002372    0.034772    0.372322    0.935946 ^ hold116/X (sky130_fd_sc_hd__dlygate4sd3_1)
                                                         net192 (net)
                      0.034772    0.000166    0.936112 ^ _631_/A0 (sky130_fd_sc_hd__mux2_1)
     1    0.003996    0.035573    0.078470    1.014583 ^ _631_/X (sky130_fd_sc_hd__mux2_1)
                                                         _135_ (net)
                      0.035575    0.000275    1.014858 ^ _809_/D (sky130_fd_sc_hd__dfxtp_1)
                                              1.014858   data arrival time

                                  0.000000    0.000000   clock wr_clk (rise edge)
                                  0.000000    0.000000   clock source latency
     1    0.026396    0.093078    0.065140    0.065140 ^ wr_clk (in)
                                                         wr_clk (net)
                      0.093240    0.000000    0.065140 ^ clkbuf_0_wr_clk/A (sky130_fd_sc_hd__clkbuf_16)
    16    0.111341    0.097775    0.149638    0.214779 ^ clkbuf_0_wr_clk/X (sky130_fd_sc_hd__clkbuf_16)
                                                         clknet_0_wr_clk (net)
                      0.098856    0.008215    0.222994 ^ clkbuf_4_0_0_wr_clk/A (sky130_fd_sc_hd__clkbuf_8)
    14    0.043323    0.065832    0.126089    0.349083 ^ clkbuf_4_0_0_wr_clk/X (sky130_fd_sc_hd__clkbuf_8)
                                                         clknet_4_0_0_wr_clk (net)
                      0.066153    0.003651    0.352734 ^ _809_/CLK (sky130_fd_sc_hd__dfxtp_1)
                                  0.250000    0.602734   clock uncertainty
                                  0.000000    0.602734   clock reconvergence pessimism
                                 -0.016783    0.585951   library hold time
                                              0.585951   data required time
---------------------------------------------------------------------------------------------
                                              0.585951   data required time
                                             -1.014858   data arrival time
---------------------------------------------------------------------------------------------
                                              0.428907   slack (MET)


Startpoint: _688_ (rising edge-triggered flip-flop clocked by wr_clk)
Endpoint: _688_ (rising edge-triggered flip-flop clocked by wr_clk)
Path Group: wr_clk
Path Type: min

Fanout         Cap        Slew       Delay        Time   Description
---------------------------------------------------------------------------------------------
                                  0.000000    0.000000   clock wr_clk (rise edge)
                                  0.000000    0.000000   clock source latency
     1    0.026396    0.093078    0.065140    0.065140 ^ wr_clk (in)
                                                         wr_clk (net)
                      0.093240    0.000000    0.065140 ^ clkbuf_0_wr_clk/A (sky130_fd_sc_hd__clkbuf_16)
    16    0.111341    0.097775    0.149638    0.214779 ^ clkbuf_0_wr_clk/X (sky130_fd_sc_hd__clkbuf_16)
                                                         clknet_0_wr_clk (net)
                      0.098142    0.004888    0.219666 ^ clkbuf_4_12_0_wr_clk/A (sky130_fd_sc_hd__clkbuf_8)
     8    0.038111    0.059332    0.122910    0.342576 ^ clkbuf_4_12_0_wr_clk/X (sky130_fd_sc_hd__clkbuf_8)
                                                         clknet_4_12_0_wr_clk (net)
                      0.059368    0.001323    0.343899 ^ _688_/CLK (sky130_fd_sc_hd__dfxtp_1)
     2    0.006997    0.056794    0.212838    0.556737 ^ _688_/Q (sky130_fd_sc_hd__dfxtp_1)
                                                         mem[0][0] (net)
                      0.056794    0.000278    0.557014 ^ hold43/A (sky130_fd_sc_hd__dlygate4sd3_1)
     1    0.002705    0.036693    0.375462    0.932476 ^ hold43/X (sky130_fd_sc_hd__dlygate4sd3_1)
                                                         net119 (net)
                      0.036693    0.000169    0.932645 ^ _543_/A0 (sky130_fd_sc_hd__mux2_1)
     1    0.002992    0.029783    0.073857    1.006502 ^ _543_/X (sky130_fd_sc_hd__mux2_1)
                                                         _056_ (net)
                      0.029784    0.000189    1.006692 ^ _688_/D (sky130_fd_sc_hd__dfxtp_1)
                                              1.006692   data arrival time

                                  0.000000    0.000000   clock wr_clk (rise edge)
                                  0.000000    0.000000   clock source latency
     1    0.026396    0.093078    0.065140    0.065140 ^ wr_clk (in)
                                                         wr_clk (net)
                      0.093240    0.000000    0.065140 ^ clkbuf_0_wr_clk/A (sky130_fd_sc_hd__clkbuf_16)
    16    0.111341    0.097775    0.149638    0.214779 ^ clkbuf_0_wr_clk/X (sky130_fd_sc_hd__clkbuf_16)
                                                         clknet_0_wr_clk (net)
                      0.098142    0.004888    0.219666 ^ clkbuf_4_12_0_wr_clk/A (sky130_fd_sc_hd__clkbuf_8)
     8    0.038111    0.059332    0.122910    0.342576 ^ clkbuf_4_12_0_wr_clk/X (sky130_fd_sc_hd__clkbuf_8)
                                                         clknet_4_12_0_wr_clk (net)
                      0.059368    0.001323    0.343899 ^ _688_/CLK (sky130_fd_sc_hd__dfxtp_1)
                                  0.250000    0.593899   clock uncertainty
                                  0.000000    0.593899   clock reconvergence pessimism
                                 -0.016537    0.577362   library hold time
                                              0.577362   data required time
---------------------------------------------------------------------------------------------
                                              0.577362   data required time
                                             -1.006692   data arrival time
---------------------------------------------------------------------------------------------
                                              0.429330   slack (MET)


Startpoint: _730_ (rising edge-triggered flip-flop clocked by wr_clk)
Endpoint: _730_ (rising edge-triggered flip-flop clocked by wr_clk)
Path Group: wr_clk
Path Type: min

Fanout         Cap        Slew       Delay        Time   Description
---------------------------------------------------------------------------------------------
                                  0.000000    0.000000   clock wr_clk (rise edge)
                                  0.000000    0.000000   clock source latency
     1    0.026396    0.093078    0.065140    0.065140 ^ wr_clk (in)
                                                         wr_clk (net)
                      0.093240    0.000000    0.065140 ^ clkbuf_0_wr_clk/A (sky130_fd_sc_hd__clkbuf_16)
    16    0.111341    0.097775    0.149638    0.214779 ^ clkbuf_0_wr_clk/X (sky130_fd_sc_hd__clkbuf_16)
                                                         clknet_0_wr_clk (net)
                      0.098815    0.008061    0.222840 ^ clkbuf_4_6_0_wr_clk/A (sky130_fd_sc_hd__clkbuf_8)
     9    0.036690    0.057775    0.121172    0.344012 ^ clkbuf_4_6_0_wr_clk/X (sky130_fd_sc_hd__clkbuf_8)
                                                         clknet_4_6_0_wr_clk (net)
                      0.058039    0.002818    0.346830 ^ _730_/CLK (sky130_fd_sc_hd__dfxtp_1)
     2    0.007322    0.058976    0.213941    0.560771 ^ _730_/Q (sky130_fd_sc_hd__dfxtp_1)
                                                         mem[3][2] (net)
                      0.058978    0.000448    0.561219 ^ hold115/A (sky130_fd_sc_hd__dlygate4sd3_1)
     1    0.002700    0.036673    0.375778    0.936997 ^ hold115/X (sky130_fd_sc_hd__dlygate4sd3_1)
                                                         net191 (net)
                      0.036673    0.000127    0.937124 ^ _591_/A1 (sky130_fd_sc_hd__mux2_1)
     1    0.002514    0.027257    0.072836    1.009960 ^ _591_/X (sky130_fd_sc_hd__mux2_1)
                                                         _098_ (net)
                      0.027257    0.000165    1.010125 ^ _730_/D (sky130_fd_sc_hd__dfxtp_1)
                                              1.010125   data arrival time

                                  0.000000    0.000000   clock wr_clk (rise edge)
                                  0.000000    0.000000   clock source latency
     1    0.026396    0.093078    0.065140    0.065140 ^ wr_clk (in)
                                                         wr_clk (net)
                      0.093240    0.000000    0.065140 ^ clkbuf_0_wr_clk/A (sky130_fd_sc_hd__clkbuf_16)
    16    0.111341    0.097775    0.149638    0.214779 ^ clkbuf_0_wr_clk/X (sky130_fd_sc_hd__clkbuf_16)
                                                         clknet_0_wr_clk (net)
                      0.098815    0.008061    0.222840 ^ clkbuf_4_6_0_wr_clk/A (sky130_fd_sc_hd__clkbuf_8)
     9    0.036690    0.057775    0.121172    0.344012 ^ clkbuf_4_6_0_wr_clk/X (sky130_fd_sc_hd__clkbuf_8)
                                                         clknet_4_6_0_wr_clk (net)
                      0.058039    0.002818    0.346830 ^ _730_/CLK (sky130_fd_sc_hd__dfxtp_1)
                                  0.250000    0.596830   clock uncertainty
                                  0.000000    0.596830   clock reconvergence pessimism
                                 -0.016391    0.580439   library hold time
                                              0.580439   data required time
---------------------------------------------------------------------------------------------
                                              0.580439   data required time
                                             -1.010125   data arrival time
---------------------------------------------------------------------------------------------
                                              0.429686   slack (MET)


Startpoint: _758_ (rising edge-triggered flip-flop clocked by wr_clk)
Endpoint: _649_ (rising edge-triggered flip-flop clocked by wr_clk)
Path Group: wr_clk
Path Type: min

Fanout         Cap        Slew       Delay        Time   Description
---------------------------------------------------------------------------------------------
                                  0.000000    0.000000   clock wr_clk (rise edge)
                                  0.000000    0.000000   clock source latency
     1    0.026396    0.093078    0.065140    0.065140 ^ wr_clk (in)
                                                         wr_clk (net)
                      0.093240    0.000000    0.065140 ^ clkbuf_0_wr_clk/A (sky130_fd_sc_hd__clkbuf_16)
    16    0.111341    0.097775    0.149638    0.214779 ^ clkbuf_0_wr_clk/X (sky130_fd_sc_hd__clkbuf_16)
                                                         clknet_0_wr_clk (net)
                      0.098179    0.005117    0.219896 ^ clkbuf_4_13_0_wr_clk/A (sky130_fd_sc_hd__clkbuf_8)
     8    0.044729    0.067598    0.128023    0.347919 ^ clkbuf_4_13_0_wr_clk/X (sky130_fd_sc_hd__clkbuf_8)
                                                         clknet_4_13_0_wr_clk (net)
                      0.067872    0.003418    0.351336 ^ _758_/CLK (sky130_fd_sc_hd__dfrtp_1)
     5    0.018525    0.127905    0.280763    0.632100 ^ _758_/Q (sky130_fd_sc_hd__dfrtp_1)
                                                         wr_bin[1] (net)
                      0.127920    0.001421    0.633520 ^ _306_/A (sky130_fd_sc_hd__inv_2)
     4    0.021972    0.055500    0.055395    0.688915 v _306_/Y (sky130_fd_sc_hd__inv_2)
                                                         _137_ (net)
                      0.055520    0.000859    0.689775 v _493_/A (sky130_fd_sc_hd__nand2_4)
     4    0.043629    0.101350    0.099325    0.789100 ^ _493_/Y (sky130_fd_sc_hd__nand2_4)
                                                         _286_ (net)
                      0.101567    0.003819    0.792919 ^ _494_/B (sky130_fd_sc_hd__nor2_4)
     8    0.067482    0.072713    0.070253    0.863172 v _494_/Y (sky130_fd_sc_hd__nor2_4)
                                                         _287_ (net)
                      0.073176    0.004710    0.867883 v _496_/S (sky130_fd_sc_hd__mux2_1)
     1    0.003283    0.031451    0.141673    1.009556 ^ _496_/X (sky130_fd_sc_hd__mux2_1)
                                                         _017_ (net)
                      0.031452    0.000208    1.009764 ^ _649_/D (sky130_fd_sc_hd__dfxtp_1)
                                              1.009764   data arrival time

                                  0.000000    0.000000   clock wr_clk (rise edge)
                                  0.000000    0.000000   clock source latency
     1    0.026396    0.093078    0.065140    0.065140 ^ wr_clk (in)
                                                         wr_clk (net)
                      0.093240    0.000000    0.065140 ^ clkbuf_0_wr_clk/A (sky130_fd_sc_hd__clkbuf_16)
    16    0.111341    0.097775    0.149638    0.214779 ^ clkbuf_0_wr_clk/X (sky130_fd_sc_hd__clkbuf_16)
                                                         clknet_0_wr_clk (net)
                      0.098229    0.005409    0.220187 ^ clkbuf_4_9_0_wr_clk/A (sky130_fd_sc_hd__clkbuf_8)
    10    0.039913    0.061692    0.124296    0.344483 ^ clkbuf_4_9_0_wr_clk/X (sky130_fd_sc_hd__clkbuf_8)
                                                         clknet_4_9_0_wr_clk (net)
                      0.061844    0.002115    0.346598 ^ _649_/CLK (sky130_fd_sc_hd__dfxtp_1)
                                  0.250000    0.596598   clock uncertainty
                                  0.000000    0.596598   clock reconvergence pessimism
                                 -0.016596    0.580003   library hold time
                                              0.580003   data required time
---------------------------------------------------------------------------------------------
                                              0.580003   data required time
                                             -1.009764   data arrival time
---------------------------------------------------------------------------------------------
                                              0.429761   slack (MET)


Startpoint: _677_ (rising edge-triggered flip-flop clocked by wr_clk)
Endpoint: _677_ (rising edge-triggered flip-flop clocked by wr_clk)
Path Group: wr_clk
Path Type: min

Fanout         Cap        Slew       Delay        Time   Description
---------------------------------------------------------------------------------------------
                                  0.000000    0.000000   clock wr_clk (rise edge)
                                  0.000000    0.000000   clock source latency
     1    0.026396    0.093078    0.065140    0.065140 ^ wr_clk (in)
                                                         wr_clk (net)
                      0.093240    0.000000    0.065140 ^ clkbuf_0_wr_clk/A (sky130_fd_sc_hd__clkbuf_16)
    16    0.111341    0.097775    0.149638    0.214779 ^ clkbuf_0_wr_clk/X (sky130_fd_sc_hd__clkbuf_16)
                                                         clknet_0_wr_clk (net)
                      0.098763    0.007861    0.222639 ^ clkbuf_4_2_0_wr_clk/A (sky130_fd_sc_hd__clkbuf_8)
    13    0.042444    0.064786    0.125586    0.348225 ^ clkbuf_4_2_0_wr_clk/X (sky130_fd_sc_hd__clkbuf_8)
                                                         clknet_4_2_0_wr_clk (net)
                      0.065172    0.003957    0.352183 ^ _677_/CLK (sky130_fd_sc_hd__dfxtp_1)
     2    0.006940    0.056409    0.214020    0.566203 ^ _677_/Q (sky130_fd_sc_hd__dfxtp_1)
                                                         mem[1][5] (net)
                      0.056412    0.000434    0.566637 ^ hold74/A (sky130_fd_sc_hd__dlygate4sd3_1)
     1    0.002629    0.036238    0.374903    0.941540 ^ hold74/X (sky130_fd_sc_hd__dlygate4sd3_1)
                                                         net150 (net)
                      0.036238    0.000187    0.941727 ^ _530_/A0 (sky130_fd_sc_hd__mux2_1)
     1    0.002993    0.029787    0.073720    1.015447 ^ _530_/X (sky130_fd_sc_hd__mux2_1)
                                                         _045_ (net)
                      0.029788    0.000210    1.015658 ^ _677_/D (sky130_fd_sc_hd__dfxtp_1)
                                              1.015658   data arrival time

                                  0.000000    0.000000   clock wr_clk (rise edge)
                                  0.000000    0.000000   clock source latency
     1    0.026396    0.093078    0.065140    0.065140 ^ wr_clk (in)
                                                         wr_clk (net)
                      0.093240    0.000000    0.065140 ^ clkbuf_0_wr_clk/A (sky130_fd_sc_hd__clkbuf_16)
    16    0.111341    0.097775    0.149638    0.214779 ^ clkbuf_0_wr_clk/X (sky130_fd_sc_hd__clkbuf_16)
                                                         clknet_0_wr_clk (net)
                      0.098763    0.007861    0.222639 ^ clkbuf_4_2_0_wr_clk/A (sky130_fd_sc_hd__clkbuf_8)
    13    0.042444    0.064786    0.125586    0.348225 ^ clkbuf_4_2_0_wr_clk/X (sky130_fd_sc_hd__clkbuf_8)
                                                         clknet_4_2_0_wr_clk (net)
                      0.065172    0.003957    0.352183 ^ _677_/CLK (sky130_fd_sc_hd__dfxtp_1)
                                  0.250000    0.602183   clock uncertainty
                                  0.000000    0.602183   clock reconvergence pessimism
                                 -0.016399    0.585783   library hold time
                                              0.585783   data required time
---------------------------------------------------------------------------------------------
                                              0.585783   data required time
                                             -1.015658   data arrival time
---------------------------------------------------------------------------------------------
                                              0.429874   slack (MET)


Startpoint: _712_ (rising edge-triggered flip-flop clocked by wr_clk)
Endpoint: _712_ (rising edge-triggered flip-flop clocked by wr_clk)
Path Group: wr_clk
Path Type: min

Fanout         Cap        Slew       Delay        Time   Description
---------------------------------------------------------------------------------------------
                                  0.000000    0.000000   clock wr_clk (rise edge)
                                  0.000000    0.000000   clock source latency
     1    0.026396    0.093078    0.065140    0.065140 ^ wr_clk (in)
                                                         wr_clk (net)
                      0.093240    0.000000    0.065140 ^ clkbuf_0_wr_clk/A (sky130_fd_sc_hd__clkbuf_16)
    16    0.111341    0.097775    0.149638    0.214779 ^ clkbuf_0_wr_clk/X (sky130_fd_sc_hd__clkbuf_16)
                                                         clknet_0_wr_clk (net)
                      0.098815    0.008061    0.222840 ^ clkbuf_4_6_0_wr_clk/A (sky130_fd_sc_hd__clkbuf_8)
     9    0.036690    0.057775    0.121172    0.344012 ^ clkbuf_4_6_0_wr_clk/X (sky130_fd_sc_hd__clkbuf_8)
                                                         clknet_4_6_0_wr_clk (net)
                      0.058024    0.002722    0.346734 ^ _712_/CLK (sky130_fd_sc_hd__dfxtp_1)
     2    0.006266    0.051923    0.208966    0.555700 ^ _712_/Q (sky130_fd_sc_hd__dfxtp_1)
                                                         mem[6][0] (net)
                      0.051924    0.000311    0.556011 ^ hold42/A (sky130_fd_sc_hd__dlygate4sd3_1)
     1    0.003889    0.044850    0.381972    0.937983 ^ hold42/X (sky130_fd_sc_hd__dlygate4sd3_1)
                                                         net118 (net)
                      0.044851    0.000290    0.938273 ^ _571_/A0 (sky130_fd_sc_hd__mux2_1)
     1    0.002237    0.025522    0.072203    1.010476 ^ _571_/X (sky130_fd_sc_hd__mux2_1)
                                                         _080_ (net)
                      0.025523    0.000161    1.010637 ^ _712_/D (sky130_fd_sc_hd__dfxtp_1)
                                              1.010637   data arrival time

                                  0.000000    0.000000   clock wr_clk (rise edge)
                                  0.000000    0.000000   clock source latency
     1    0.026396    0.093078    0.065140    0.065140 ^ wr_clk (in)
                                                         wr_clk (net)
                      0.093240    0.000000    0.065140 ^ clkbuf_0_wr_clk/A (sky130_fd_sc_hd__clkbuf_16)
    16    0.111341    0.097775    0.149638    0.214779 ^ clkbuf_0_wr_clk/X (sky130_fd_sc_hd__clkbuf_16)
                                                         clknet_0_wr_clk (net)
                      0.098815    0.008061    0.222840 ^ clkbuf_4_6_0_wr_clk/A (sky130_fd_sc_hd__clkbuf_8)
     9    0.036690    0.057775    0.121172    0.344012 ^ clkbuf_4_6_0_wr_clk/X (sky130_fd_sc_hd__clkbuf_8)
                                                         clknet_4_6_0_wr_clk (net)
                      0.058024    0.002722    0.346734 ^ _712_/CLK (sky130_fd_sc_hd__dfxtp_1)
                                  0.250000    0.596734   clock uncertainty
                                  0.000000    0.596734   clock reconvergence pessimism
                                 -0.016269    0.580465   library hold time
                                              0.580465   data required time
---------------------------------------------------------------------------------------------
                                              0.580465   data required time
                                             -1.010637   data arrival time
---------------------------------------------------------------------------------------------
                                              0.430172   slack (MET)


Startpoint: _721_ (rising edge-triggered flip-flop clocked by wr_clk)
Endpoint: _721_ (rising edge-triggered flip-flop clocked by wr_clk)
Path Group: wr_clk
Path Type: min

Fanout         Cap        Slew       Delay        Time   Description
---------------------------------------------------------------------------------------------
                                  0.000000    0.000000   clock wr_clk (rise edge)
                                  0.000000    0.000000   clock source latency
     1    0.026396    0.093078    0.065140    0.065140 ^ wr_clk (in)
                                                         wr_clk (net)
                      0.093240    0.000000    0.065140 ^ clkbuf_0_wr_clk/A (sky130_fd_sc_hd__clkbuf_16)
    16    0.111341    0.097775    0.149638    0.214779 ^ clkbuf_0_wr_clk/X (sky130_fd_sc_hd__clkbuf_16)
                                                         clknet_0_wr_clk (net)
                      0.098221    0.005364    0.220143 ^ clkbuf_4_8_0_wr_clk/A (sky130_fd_sc_hd__clkbuf_8)
     7    0.035608    0.056478    0.120291    0.340434 ^ clkbuf_4_8_0_wr_clk/X (sky130_fd_sc_hd__clkbuf_8)
                                                         clknet_4_8_0_wr_clk (net)
                      0.056646    0.002164    0.342598 ^ _721_/CLK (sky130_fd_sc_hd__dfxtp_1)
     2    0.006705    0.054852    0.210725    0.553323 ^ _721_/Q (sky130_fd_sc_hd__dfxtp_1)
                                                         mem[2][1] (net)
                      0.054853    0.000285    0.553608 ^ hold6/A (sky130_fd_sc_hd__dlygate4sd3_1)
     1    0.003219    0.040010    0.378459    0.932066 ^ hold6/X (sky130_fd_sc_hd__dlygate4sd3_1)
                                                         net82 (net)
                      0.040010    0.000125    0.932191 ^ _581_/A0 (sky130_fd_sc_hd__mux2_1)
     1    0.002951    0.029546    0.074596    1.006787 ^ _581_/X (sky130_fd_sc_hd__mux2_1)
                                                         _089_ (net)
                      0.029546    0.000119    1.006906 ^ _721_/D (sky130_fd_sc_hd__dfxtp_1)
                                              1.006906   data arrival time

                                  0.000000    0.000000   clock wr_clk (rise edge)
                                  0.000000    0.000000   clock source latency
     1    0.026396    0.093078    0.065140    0.065140 ^ wr_clk (in)
                                                         wr_clk (net)
                      0.093240    0.000000    0.065140 ^ clkbuf_0_wr_clk/A (sky130_fd_sc_hd__clkbuf_16)
    16    0.111341    0.097775    0.149638    0.214779 ^ clkbuf_0_wr_clk/X (sky130_fd_sc_hd__clkbuf_16)
                                                         clknet_0_wr_clk (net)
                      0.098221    0.005364    0.220143 ^ clkbuf_4_8_0_wr_clk/A (sky130_fd_sc_hd__clkbuf_8)
     7    0.035608    0.056478    0.120291    0.340434 ^ clkbuf_4_8_0_wr_clk/X (sky130_fd_sc_hd__clkbuf_8)
                                                         clknet_4_8_0_wr_clk (net)
                      0.056646    0.002164    0.342598 ^ _721_/CLK (sky130_fd_sc_hd__dfxtp_1)
                                  0.250000    0.592598   clock uncertainty
                                  0.000000    0.592598   clock reconvergence pessimism
                                 -0.016586    0.576012   library hold time
                                              0.576012   data required time
---------------------------------------------------------------------------------------------
                                              0.576012   data required time
                                             -1.006906   data arrival time
---------------------------------------------------------------------------------------------
                                              0.430894   slack (MET)


Startpoint: _714_ (rising edge-triggered flip-flop clocked by wr_clk)
Endpoint: _714_ (rising edge-triggered flip-flop clocked by wr_clk)
Path Group: wr_clk
Path Type: min

Fanout         Cap        Slew       Delay        Time   Description
---------------------------------------------------------------------------------------------
                                  0.000000    0.000000   clock wr_clk (rise edge)
                                  0.000000    0.000000   clock source latency
     1    0.026396    0.093078    0.065140    0.065140 ^ wr_clk (in)
                                                         wr_clk (net)
                      0.093240    0.000000    0.065140 ^ clkbuf_0_wr_clk/A (sky130_fd_sc_hd__clkbuf_16)
    16    0.111341    0.097775    0.149638    0.214779 ^ clkbuf_0_wr_clk/X (sky130_fd_sc_hd__clkbuf_16)
                                                         clknet_0_wr_clk (net)
                      0.098887    0.008328    0.223106 ^ clkbuf_4_4_0_wr_clk/A (sky130_fd_sc_hd__clkbuf_8)
    13    0.045053    0.068003    0.128410    0.351517 ^ clkbuf_4_4_0_wr_clk/X (sky130_fd_sc_hd__clkbuf_8)
                                                         clknet_4_4_0_wr_clk (net)
                      0.068176    0.002739    0.354256 ^ _714_/CLK (sky130_fd_sc_hd__dfxtp_1)
     2    0.006276    0.051908    0.211595    0.565850 ^ _714_/Q (sky130_fd_sc_hd__dfxtp_1)
                                                         mem[6][2] (net)
                      0.051911    0.000460    0.566311 ^ hold52/A (sky130_fd_sc_hd__dlygate4sd3_1)
     1    0.003280    0.040873    0.378279    0.944589 ^ hold52/X (sky130_fd_sc_hd__dlygate4sd3_1)
                                                         net128 (net)
                      0.040873    0.000217    0.944806 ^ _573_/A0 (sky130_fd_sc_hd__mux2_1)
     1    0.002860    0.029023    0.074362    1.019168 ^ _573_/X (sky130_fd_sc_hd__mux2_1)
                                                         _082_ (net)
                      0.029023    0.000119    1.019287 ^ _714_/D (sky130_fd_sc_hd__dfxtp_1)
                                              1.019287   data arrival time

                                  0.000000    0.000000   clock wr_clk (rise edge)
                                  0.000000    0.000000   clock source latency
     1    0.026396    0.093078    0.065140    0.065140 ^ wr_clk (in)
                                                         wr_clk (net)
                      0.093240    0.000000    0.065140 ^ clkbuf_0_wr_clk/A (sky130_fd_sc_hd__clkbuf_16)
    16    0.111341    0.097775    0.149638    0.214779 ^ clkbuf_0_wr_clk/X (sky130_fd_sc_hd__clkbuf_16)
                                                         clknet_0_wr_clk (net)
                      0.098887    0.008328    0.223106 ^ clkbuf_4_4_0_wr_clk/A (sky130_fd_sc_hd__clkbuf_8)
    13    0.045053    0.068003    0.128410    0.351517 ^ clkbuf_4_4_0_wr_clk/X (sky130_fd_sc_hd__clkbuf_8)
                                                         clknet_4_4_0_wr_clk (net)
                      0.068176    0.002739    0.354256 ^ _714_/CLK (sky130_fd_sc_hd__dfxtp_1)
                                  0.250000    0.604256   clock uncertainty
                                  0.000000    0.604256   clock reconvergence pessimism
                                 -0.016274    0.587982   library hold time
                                              0.587982   data required time
---------------------------------------------------------------------------------------------
                                              0.587982   data required time
                                             -1.019287   data arrival time
---------------------------------------------------------------------------------------------
                                              0.431304   slack (MET)


Startpoint: _642_ (rising edge-triggered flip-flop clocked by wr_clk)
Endpoint: _642_ (rising edge-triggered flip-flop clocked by wr_clk)
Path Group: wr_clk
Path Type: min

Fanout         Cap        Slew       Delay        Time   Description
---------------------------------------------------------------------------------------------
                                  0.000000    0.000000   clock wr_clk (rise edge)
                                  0.000000    0.000000   clock source latency
     1    0.026396    0.093078    0.065140    0.065140 ^ wr_clk (in)
                                                         wr_clk (net)
                      0.093240    0.000000    0.065140 ^ clkbuf_0_wr_clk/A (sky130_fd_sc_hd__clkbuf_16)
    16    0.111341    0.097775    0.149638    0.214779 ^ clkbuf_0_wr_clk/X (sky130_fd_sc_hd__clkbuf_16)
                                                         clknet_0_wr_clk (net)
                      0.098887    0.008328    0.223106 ^ clkbuf_4_4_0_wr_clk/A (sky130_fd_sc_hd__clkbuf_8)
    13    0.045053    0.068003    0.128410    0.351517 ^ clkbuf_4_4_0_wr_clk/X (sky130_fd_sc_hd__clkbuf_8)
                                                         clknet_4_4_0_wr_clk (net)
                      0.068121    0.002282    0.353799 ^ _642_/CLK (sky130_fd_sc_hd__dfxtp_1)
     2    0.006791    0.055412    0.214054    0.567852 ^ _642_/Q (sky130_fd_sc_hd__dfxtp_1)
                                                         mem[14][2] (net)
                      0.055414    0.000425    0.568277 ^ hold108/A (sky130_fd_sc_hd__dlygate4sd3_1)
     1    0.002992    0.038522    0.377073    0.945350 ^ hold108/X (sky130_fd_sc_hd__dlygate4sd3_1)
                                                         net184 (net)
                      0.038522    0.000186    0.945536 ^ _487_/A0 (sky130_fd_sc_hd__mux2_1)
     1    0.002766    0.028487    0.073192    1.018729 ^ _487_/X (sky130_fd_sc_hd__mux2_1)
                                                         _010_ (net)
                      0.028488    0.000179    1.018908 ^ _642_/D (sky130_fd_sc_hd__dfxtp_1)
                                              1.018908   data arrival time

                                  0.000000    0.000000   clock wr_clk (rise edge)
                                  0.000000    0.000000   clock source latency
     1    0.026396    0.093078    0.065140    0.065140 ^ wr_clk (in)
                                                         wr_clk (net)
                      0.093240    0.000000    0.065140 ^ clkbuf_0_wr_clk/A (sky130_fd_sc_hd__clkbuf_16)
    16    0.111341    0.097775    0.149638    0.214779 ^ clkbuf_0_wr_clk/X (sky130_fd_sc_hd__clkbuf_16)
                                                         clknet_0_wr_clk (net)
                      0.098887    0.008328    0.223106 ^ clkbuf_4_4_0_wr_clk/A (sky130_fd_sc_hd__clkbuf_8)
    13    0.045053    0.068003    0.128410    0.351517 ^ clkbuf_4_4_0_wr_clk/X (sky130_fd_sc_hd__clkbuf_8)
                                                         clknet_4_4_0_wr_clk (net)
                      0.068121    0.002282    0.353799 ^ _642_/CLK (sky130_fd_sc_hd__dfxtp_1)
                                  0.250000    0.603799   clock uncertainty
                                  0.000000    0.603799   clock reconvergence pessimism
                                 -0.016237    0.587561   library hold time
                                              0.587561   data required time
---------------------------------------------------------------------------------------------
                                              0.587561   data required time
                                             -1.018908   data arrival time
---------------------------------------------------------------------------------------------
                                              0.431346   slack (MET)


Startpoint: _796_ (rising edge-triggered flip-flop clocked by wr_clk)
Endpoint: _796_ (rising edge-triggered flip-flop clocked by wr_clk)
Path Group: wr_clk
Path Type: min

Fanout         Cap        Slew       Delay        Time   Description
---------------------------------------------------------------------------------------------
                                  0.000000    0.000000   clock wr_clk (rise edge)
                                  0.000000    0.000000   clock source latency
     1    0.026396    0.093078    0.065140    0.065140 ^ wr_clk (in)
                                                         wr_clk (net)
                      0.093240    0.000000    0.065140 ^ clkbuf_0_wr_clk/A (sky130_fd_sc_hd__clkbuf_16)
    16    0.111341    0.097775    0.149638    0.214779 ^ clkbuf_0_wr_clk/X (sky130_fd_sc_hd__clkbuf_16)
                                                         clknet_0_wr_clk (net)
                      0.098887    0.008328    0.223106 ^ clkbuf_4_4_0_wr_clk/A (sky130_fd_sc_hd__clkbuf_8)
    13    0.045053    0.068003    0.128410    0.351517 ^ clkbuf_4_4_0_wr_clk/X (sky130_fd_sc_hd__clkbuf_8)
                                                         clknet_4_4_0_wr_clk (net)
                      0.068149    0.002524    0.354041 ^ _796_/CLK (sky130_fd_sc_hd__dfxtp_1)
     2    0.005407    0.046215    0.207497    0.561537 ^ _796_/Q (sky130_fd_sc_hd__dfxtp_1)
                                                         mem[15][2] (net)
                      0.046215    0.000262    0.561800 ^ hold121/A (sky130_fd_sc_hd__dlygate4sd3_1)
     1    0.003739    0.043901    0.379956    0.941756 ^ hold121/X (sky130_fd_sc_hd__dlygate4sd3_1)
                                                         net197 (net)
                      0.043901    0.000241    0.941997 ^ _617_/A1 (sky130_fd_sc_hd__mux2_1)
     1    0.002943    0.029660    0.077042    1.019038 ^ _617_/X (sky130_fd_sc_hd__mux2_1)
                                                         _122_ (net)
                      0.029679    0.000194    1.019232 ^ _796_/D (sky130_fd_sc_hd__dfxtp_1)
                                              1.019232   data arrival time

                                  0.000000    0.000000   clock wr_clk (rise edge)
                                  0.000000    0.000000   clock source latency
     1    0.026396    0.093078    0.065140    0.065140 ^ wr_clk (in)
                                                         wr_clk (net)
                      0.093240    0.000000    0.065140 ^ clkbuf_0_wr_clk/A (sky130_fd_sc_hd__clkbuf_16)
    16    0.111341    0.097775    0.149638    0.214779 ^ clkbuf_0_wr_clk/X (sky130_fd_sc_hd__clkbuf_16)
                                                         clknet_0_wr_clk (net)
                      0.098887    0.008328    0.223106 ^ clkbuf_4_4_0_wr_clk/A (sky130_fd_sc_hd__clkbuf_8)
    13    0.045053    0.068003    0.128410    0.351517 ^ clkbuf_4_4_0_wr_clk/X (sky130_fd_sc_hd__clkbuf_8)
                                                         clknet_4_4_0_wr_clk (net)
                      0.068149    0.002524    0.354041 ^ _796_/CLK (sky130_fd_sc_hd__dfxtp_1)
                                  0.250000    0.604041   clock uncertainty
                                  0.000000    0.604041   clock reconvergence pessimism
                                 -0.016320    0.587720   library hold time
                                              0.587720   data required time
---------------------------------------------------------------------------------------------
                                              0.587720   data required time
                                             -1.019232   data arrival time
---------------------------------------------------------------------------------------------
                                              0.431511   slack (MET)


Startpoint: _671_ (rising edge-triggered flip-flop clocked by wr_clk)
Endpoint: _671_ (rising edge-triggered flip-flop clocked by wr_clk)
Path Group: wr_clk
Path Type: min

Fanout         Cap        Slew       Delay        Time   Description
---------------------------------------------------------------------------------------------
                                  0.000000    0.000000   clock wr_clk (rise edge)
                                  0.000000    0.000000   clock source latency
     1    0.026396    0.093078    0.065140    0.065140 ^ wr_clk (in)
                                                         wr_clk (net)
                      0.093240    0.000000    0.065140 ^ clkbuf_0_wr_clk/A (sky130_fd_sc_hd__clkbuf_16)
    16    0.111341    0.097775    0.149638    0.214779 ^ clkbuf_0_wr_clk/X (sky130_fd_sc_hd__clkbuf_16)
                                                         clknet_0_wr_clk (net)
                      0.098900    0.008375    0.223153 ^ clkbuf_4_1_0_wr_clk/A (sky130_fd_sc_hd__clkbuf_8)
    14    0.043141    0.065631    0.127001    0.350154 ^ clkbuf_4_1_0_wr_clk/X (sky130_fd_sc_hd__clkbuf_8)
                                                         clknet_4_1_0_wr_clk (net)
                      0.065809    0.002398    0.352552 ^ _671_/CLK (sky130_fd_sc_hd__dfxtp_1)
     2    0.006822    0.055624    0.213613    0.566165 ^ _671_/Q (sky130_fd_sc_hd__dfxtp_1)
                                                         mem[11][7] (net)
                      0.055626    0.000396    0.566561 ^ hold132/A (sky130_fd_sc_hd__dlygate4sd3_1)
     1    0.002811    0.037361    0.375944    0.942506 ^ hold132/X (sky130_fd_sc_hd__dlygate4sd3_1)
                                                         net208 (net)
                      0.037361    0.000188    0.942694 ^ _522_/A1 (sky130_fd_sc_hd__mux2_1)
     1    0.002880    0.029349    0.074901    1.017595 ^ _522_/X (sky130_fd_sc_hd__mux2_1)
                                                         _039_ (net)
                      0.029349    0.000187    1.017782 ^ _671_/D (sky130_fd_sc_hd__dfxtp_1)
                                              1.017782   data arrival time

                                  0.000000    0.000000   clock wr_clk (rise edge)
                                  0.000000    0.000000   clock source latency
     1    0.026396    0.093078    0.065140    0.065140 ^ wr_clk (in)
                                                         wr_clk (net)
                      0.093240    0.000000    0.065140 ^ clkbuf_0_wr_clk/A (sky130_fd_sc_hd__clkbuf_16)
    16    0.111341    0.097775    0.149638    0.214779 ^ clkbuf_0_wr_clk/X (sky130_fd_sc_hd__clkbuf_16)
                                                         clknet_0_wr_clk (net)
                      0.098900    0.008375    0.223153 ^ clkbuf_4_1_0_wr_clk/A (sky130_fd_sc_hd__clkbuf_8)
    14    0.043141    0.065631    0.127001    0.350154 ^ clkbuf_4_1_0_wr_clk/X (sky130_fd_sc_hd__clkbuf_8)
                                                         clknet_4_1_0_wr_clk (net)
                      0.065809    0.002398    0.352552 ^ _671_/CLK (sky130_fd_sc_hd__dfxtp_1)
                                  0.250000    0.602552   clock uncertainty
                                  0.000000    0.602552   clock reconvergence pessimism
                                 -0.016353    0.586199   library hold time
                                              0.586199   data required time
---------------------------------------------------------------------------------------------
                                              0.586199   data required time
                                             -1.017782   data arrival time
---------------------------------------------------------------------------------------------
                                              0.431583   slack (MET)


Startpoint: _728_ (rising edge-triggered flip-flop clocked by wr_clk)
Endpoint: _728_ (rising edge-triggered flip-flop clocked by wr_clk)
Path Group: wr_clk
Path Type: min

Fanout         Cap        Slew       Delay        Time   Description
---------------------------------------------------------------------------------------------
                                  0.000000    0.000000   clock wr_clk (rise edge)
                                  0.000000    0.000000   clock source latency
     1    0.026396    0.093078    0.065140    0.065140 ^ wr_clk (in)
                                                         wr_clk (net)
                      0.093240    0.000000    0.065140 ^ clkbuf_0_wr_clk/A (sky130_fd_sc_hd__clkbuf_16)
    16    0.111341    0.097775    0.149638    0.214779 ^ clkbuf_0_wr_clk/X (sky130_fd_sc_hd__clkbuf_16)
                                                         clknet_0_wr_clk (net)
                      0.098815    0.008061    0.222840 ^ clkbuf_4_6_0_wr_clk/A (sky130_fd_sc_hd__clkbuf_8)
     9    0.036690    0.057775    0.121172    0.344012 ^ clkbuf_4_6_0_wr_clk/X (sky130_fd_sc_hd__clkbuf_8)
                                                         clknet_4_6_0_wr_clk (net)
                      0.057839    0.000905    0.344917 ^ _728_/CLK (sky130_fd_sc_hd__dfxtp_1)
     2    0.006207    0.051448    0.208513    0.553431 ^ _728_/Q (sky130_fd_sc_hd__dfxtp_1)
                                                         mem[3][0] (net)
                      0.051454    0.000563    0.553994 ^ hold97/A (sky130_fd_sc_hd__dlygate4sd3_1)
     1    0.003553    0.042679    0.379920    0.933914 ^ hold97/X (sky130_fd_sc_hd__dlygate4sd3_1)
                                                         net173 (net)
                      0.042679    0.000236    0.934150 ^ _589_/A1 (sky130_fd_sc_hd__mux2_1)
     1    0.002862    0.029199    0.076270    1.010420 ^ _589_/X (sky130_fd_sc_hd__mux2_1)
                                                         _096_ (net)
                      0.029199    0.000208    1.010628 ^ _728_/D (sky130_fd_sc_hd__dfxtp_1)
                                              1.010628   data arrival time

                                  0.000000    0.000000   clock wr_clk (rise edge)
                                  0.000000    0.000000   clock source latency
     1    0.026396    0.093078    0.065140    0.065140 ^ wr_clk (in)
                                                         wr_clk (net)
                      0.093240    0.000000    0.065140 ^ clkbuf_0_wr_clk/A (sky130_fd_sc_hd__clkbuf_16)
    16    0.111341    0.097775    0.149638    0.214779 ^ clkbuf_0_wr_clk/X (sky130_fd_sc_hd__clkbuf_16)
                                                         clknet_0_wr_clk (net)
                      0.098815    0.008061    0.222840 ^ clkbuf_4_6_0_wr_clk/A (sky130_fd_sc_hd__clkbuf_8)
     9    0.036690    0.057775    0.121172    0.344012 ^ clkbuf_4_6_0_wr_clk/X (sky130_fd_sc_hd__clkbuf_8)
                                                         clknet_4_6_0_wr_clk (net)
                      0.057839    0.000905    0.344917 ^ _728_/CLK (sky130_fd_sc_hd__dfxtp_1)
                                  0.250000    0.594917   clock uncertainty
                                  0.000000    0.594917   clock reconvergence pessimism
                                 -0.016533    0.578385   library hold time
                                              0.578385   data required time
---------------------------------------------------------------------------------------------
                                              0.578385   data required time
                                             -1.010628   data arrival time
---------------------------------------------------------------------------------------------
                                              0.432243   slack (MET)


Startpoint: _734_ (rising edge-triggered flip-flop clocked by wr_clk)
Endpoint: _734_ (rising edge-triggered flip-flop clocked by wr_clk)
Path Group: wr_clk
Path Type: min

Fanout         Cap        Slew       Delay        Time   Description
---------------------------------------------------------------------------------------------
                                  0.000000    0.000000   clock wr_clk (rise edge)
                                  0.000000    0.000000   clock source latency
     1    0.026396    0.093078    0.065140    0.065140 ^ wr_clk (in)
                                                         wr_clk (net)
                      0.093240    0.000000    0.065140 ^ clkbuf_0_wr_clk/A (sky130_fd_sc_hd__clkbuf_16)
    16    0.111341    0.097775    0.149638    0.214779 ^ clkbuf_0_wr_clk/X (sky130_fd_sc_hd__clkbuf_16)
                                                         clknet_0_wr_clk (net)
                      0.098877    0.008290    0.223068 ^ clkbuf_4_5_0_wr_clk/A (sky130_fd_sc_hd__clkbuf_8)
    14    0.043082    0.065571    0.126084    0.349152 ^ clkbuf_4_5_0_wr_clk/X (sky130_fd_sc_hd__clkbuf_8)
                                                         clknet_4_5_0_wr_clk (net)
                      0.065857    0.003447    0.352599 ^ _734_/CLK (sky130_fd_sc_hd__dfxtp_1)
     2    0.005644    0.047784    0.208041    0.560640 ^ _734_/Q (sky130_fd_sc_hd__dfxtp_1)
                                                         mem[3][6] (net)
                      0.047784    0.000222    0.560862 ^ hold85/A (sky130_fd_sc_hd__dlygate4sd3_1)
     1    0.004404    0.048210    0.383901    0.944764 ^ hold85/X (sky130_fd_sc_hd__dlygate4sd3_1)
                                                         net161 (net)
                      0.048210    0.000285    0.945048 ^ _595_/A1 (sky130_fd_sc_hd__mux2_1)
     1    0.002081    0.024912    0.073837    1.018885 ^ _595_/X (sky130_fd_sc_hd__mux2_1)
                                                         _102_ (net)
                      0.024912    0.000146    1.019031 ^ _734_/D (sky130_fd_sc_hd__dfxtp_1)
                                              1.019031   data arrival time

                                  0.000000    0.000000   clock wr_clk (rise edge)
                                  0.000000    0.000000   clock source latency
     1    0.026396    0.093078    0.065140    0.065140 ^ wr_clk (in)
                                                         wr_clk (net)
                      0.093240    0.000000    0.065140 ^ clkbuf_0_wr_clk/A (sky130_fd_sc_hd__clkbuf_16)
    16    0.111341    0.097775    0.149638    0.214779 ^ clkbuf_0_wr_clk/X (sky130_fd_sc_hd__clkbuf_16)
                                                         clknet_0_wr_clk (net)
                      0.098877    0.008290    0.223068 ^ clkbuf_4_5_0_wr_clk/A (sky130_fd_sc_hd__clkbuf_8)
    14    0.043082    0.065571    0.126084    0.349152 ^ clkbuf_4_5_0_wr_clk/X (sky130_fd_sc_hd__clkbuf_8)
                                                         clknet_4_5_0_wr_clk (net)
                      0.065857    0.003447    0.352599 ^ _734_/CLK (sky130_fd_sc_hd__dfxtp_1)
                                  0.250000    0.602599   clock uncertainty
                                  0.000000    0.602599   clock reconvergence pessimism
                                 -0.016040    0.586560   library hold time
                                              0.586560   data required time
---------------------------------------------------------------------------------------------
                                              0.586560   data required time
                                             -1.019031   data arrival time
---------------------------------------------------------------------------------------------
                                              0.432472   slack (MET)


Startpoint: _726_ (rising edge-triggered flip-flop clocked by wr_clk)
Endpoint: _726_ (rising edge-triggered flip-flop clocked by wr_clk)
Path Group: wr_clk
Path Type: min

Fanout         Cap        Slew       Delay        Time   Description
---------------------------------------------------------------------------------------------
                                  0.000000    0.000000   clock wr_clk (rise edge)
                                  0.000000    0.000000   clock source latency
     1    0.026396    0.093078    0.065140    0.065140 ^ wr_clk (in)
                                                         wr_clk (net)
                      0.093240    0.000000    0.065140 ^ clkbuf_0_wr_clk/A (sky130_fd_sc_hd__clkbuf_16)
    16    0.111341    0.097775    0.149638    0.214779 ^ clkbuf_0_wr_clk/X (sky130_fd_sc_hd__clkbuf_16)
                                                         clknet_0_wr_clk (net)
                      0.098877    0.008290    0.223068 ^ clkbuf_4_5_0_wr_clk/A (sky130_fd_sc_hd__clkbuf_8)
    14    0.043082    0.065571    0.126084    0.349152 ^ clkbuf_4_5_0_wr_clk/X (sky130_fd_sc_hd__clkbuf_8)
                                                         clknet_4_5_0_wr_clk (net)
                      0.065738    0.002653    0.351805 ^ _726_/CLK (sky130_fd_sc_hd__dfxtp_1)
     2    0.006131    0.050950    0.210269    0.562074 ^ _726_/Q (sky130_fd_sc_hd__dfxtp_1)
                                                         mem[2][6] (net)
                      0.050952    0.000409    0.562482 ^ hold37/A (sky130_fd_sc_hd__dlygate4sd3_1)
     1    0.003867    0.044722    0.381676    0.944159 ^ hold37/X (sky130_fd_sc_hd__dlygate4sd3_1)
                                                         net113 (net)
                      0.044722    0.000228    0.944387 ^ _586_/A0 (sky130_fd_sc_hd__mux2_1)
     1    0.002505    0.027005    0.073555    1.017941 ^ _586_/X (sky130_fd_sc_hd__mux2_1)
                                                         _094_ (net)
                      0.027006    0.000185    1.018126 ^ _726_/D (sky130_fd_sc_hd__dfxtp_1)
                                              1.018126   data arrival time

                                  0.000000    0.000000   clock wr_clk (rise edge)
                                  0.000000    0.000000   clock source latency
     1    0.026396    0.093078    0.065140    0.065140 ^ wr_clk (in)
                                                         wr_clk (net)
                      0.093240    0.000000    0.065140 ^ clkbuf_0_wr_clk/A (sky130_fd_sc_hd__clkbuf_16)
    16    0.111341    0.097775    0.149638    0.214779 ^ clkbuf_0_wr_clk/X (sky130_fd_sc_hd__clkbuf_16)
                                                         clknet_0_wr_clk (net)
                      0.098877    0.008290    0.223068 ^ clkbuf_4_5_0_wr_clk/A (sky130_fd_sc_hd__clkbuf_8)
    14    0.043082    0.065571    0.126084    0.349152 ^ clkbuf_4_5_0_wr_clk/X (sky130_fd_sc_hd__clkbuf_8)
                                                         clknet_4_5_0_wr_clk (net)
                      0.065738    0.002653    0.351805 ^ _726_/CLK (sky130_fd_sc_hd__dfxtp_1)
                                  0.250000    0.601805   clock uncertainty
                                  0.000000    0.601805   clock reconvergence pessimism
                                 -0.016190    0.585615   library hold time
                                              0.585615   data required time
---------------------------------------------------------------------------------------------
                                              0.585615   data required time
                                             -1.018126   data arrival time
---------------------------------------------------------------------------------------------
                                              0.432511   slack (MET)


Startpoint: _702_ (rising edge-triggered flip-flop clocked by wr_clk)
Endpoint: _702_ (rising edge-triggered flip-flop clocked by wr_clk)
Path Group: wr_clk
Path Type: min

Fanout         Cap        Slew       Delay        Time   Description
---------------------------------------------------------------------------------------------
                                  0.000000    0.000000   clock wr_clk (rise edge)
                                  0.000000    0.000000   clock source latency
     1    0.026396    0.093078    0.065140    0.065140 ^ wr_clk (in)
                                                         wr_clk (net)
                      0.093240    0.000000    0.065140 ^ clkbuf_0_wr_clk/A (sky130_fd_sc_hd__clkbuf_16)
    16    0.111341    0.097775    0.149638    0.214779 ^ clkbuf_0_wr_clk/X (sky130_fd_sc_hd__clkbuf_16)
                                                         clknet_0_wr_clk (net)
                      0.098877    0.008290    0.223068 ^ clkbuf_4_5_0_wr_clk/A (sky130_fd_sc_hd__clkbuf_8)
    14    0.043082    0.065571    0.126084    0.349152 ^ clkbuf_4_5_0_wr_clk/X (sky130_fd_sc_hd__clkbuf_8)
                                                         clknet_4_5_0_wr_clk (net)
                      0.065957    0.003988    0.353140 ^ _702_/CLK (sky130_fd_sc_hd__dfxtp_1)
     2    0.006365    0.052573    0.211511    0.564651 ^ _702_/Q (sky130_fd_sc_hd__dfxtp_1)
                                                         mem[8][6] (net)
                      0.052574    0.000301    0.564952 ^ hold61/A (sky130_fd_sc_hd__dlygate4sd3_1)
     1    0.003504    0.042350    0.379844    0.944796 ^ hold61/X (sky130_fd_sc_hd__dlygate4sd3_1)
                                                         net137 (net)
                      0.042350    0.000237    0.945033 ^ _558_/A0 (sky130_fd_sc_hd__mux2_1)
     1    0.002867    0.029063    0.074788    1.019821 ^ _558_/X (sky130_fd_sc_hd__mux2_1)
                                                         _070_ (net)
                      0.029064    0.000190    1.020010 ^ _702_/D (sky130_fd_sc_hd__dfxtp_1)
                                              1.020010   data arrival time

                                  0.000000    0.000000   clock wr_clk (rise edge)
                                  0.000000    0.000000   clock source latency
     1    0.026396    0.093078    0.065140    0.065140 ^ wr_clk (in)
                                                         wr_clk (net)
                      0.093240    0.000000    0.065140 ^ clkbuf_0_wr_clk/A (sky130_fd_sc_hd__clkbuf_16)
    16    0.111341    0.097775    0.149638    0.214779 ^ clkbuf_0_wr_clk/X (sky130_fd_sc_hd__clkbuf_16)
                                                         clknet_0_wr_clk (net)
                      0.098877    0.008290    0.223068 ^ clkbuf_4_5_0_wr_clk/A (sky130_fd_sc_hd__clkbuf_8)
    14    0.043082    0.065571    0.126084    0.349152 ^ clkbuf_4_5_0_wr_clk/X (sky130_fd_sc_hd__clkbuf_8)
                                                         clknet_4_5_0_wr_clk (net)
                      0.065957    0.003988    0.353140 ^ _702_/CLK (sky130_fd_sc_hd__dfxtp_1)
                                  0.250000    0.603140   clock uncertainty
                                  0.000000    0.603140   clock reconvergence pessimism
                                 -0.016330    0.586811   library hold time
                                              0.586811   data required time
---------------------------------------------------------------------------------------------
                                              0.586811   data required time
                                             -1.020010   data arrival time
---------------------------------------------------------------------------------------------
                                              0.433200   slack (MET)


Startpoint: _672_ (rising edge-triggered flip-flop clocked by wr_clk)
Endpoint: _672_ (rising edge-triggered flip-flop clocked by wr_clk)
Path Group: wr_clk
Path Type: min

Fanout         Cap        Slew       Delay        Time   Description
---------------------------------------------------------------------------------------------
                                  0.000000    0.000000   clock wr_clk (rise edge)
                                  0.000000    0.000000   clock source latency
     1    0.026396    0.093078    0.065140    0.065140 ^ wr_clk (in)
                                                         wr_clk (net)
                      0.093240    0.000000    0.065140 ^ clkbuf_0_wr_clk/A (sky130_fd_sc_hd__clkbuf_16)
    16    0.111341    0.097775    0.149638    0.214779 ^ clkbuf_0_wr_clk/X (sky130_fd_sc_hd__clkbuf_16)
                                                         clknet_0_wr_clk (net)
                      0.098179    0.005117    0.219896 ^ clkbuf_4_13_0_wr_clk/A (sky130_fd_sc_hd__clkbuf_8)
     8    0.044729    0.067598    0.128023    0.347919 ^ clkbuf_4_13_0_wr_clk/X (sky130_fd_sc_hd__clkbuf_8)
                                                         clknet_4_13_0_wr_clk (net)
                      0.067628    0.001161    0.349080 ^ _672_/CLK (sky130_fd_sc_hd__dfxtp_1)
     2    0.006649    0.054465    0.213264    0.562344 ^ _672_/Q (sky130_fd_sc_hd__dfxtp_1)
                                                         mem[1][0] (net)
                      0.054467    0.000393    0.562737 ^ hold96/A (sky130_fd_sc_hd__dlygate4sd3_1)
     1    0.003050    0.038892    0.377289    0.940026 ^ hold96/X (sky130_fd_sc_hd__dlygate4sd3_1)
                                                         net172 (net)
                      0.039363    0.000196    0.940221 ^ _525_/A0 (sky130_fd_sc_hd__mux2_1)
     1    0.003288    0.031480    0.076131    1.016353 ^ _525_/X (sky130_fd_sc_hd__mux2_1)
                                                         _040_ (net)
                      0.031481    0.000223    1.016576 ^ _672_/D (sky130_fd_sc_hd__dfxtp_1)
                                              1.016576   data arrival time

                                  0.000000    0.000000   clock wr_clk (rise edge)
                                  0.000000    0.000000   clock source latency
     1    0.026396    0.093078    0.065140    0.065140 ^ wr_clk (in)
                                                         wr_clk (net)
                      0.093240    0.000000    0.065140 ^ clkbuf_0_wr_clk/A (sky130_fd_sc_hd__clkbuf_16)
    16    0.111341    0.097775    0.149638    0.214779 ^ clkbuf_0_wr_clk/X (sky130_fd_sc_hd__clkbuf_16)
                                                         clknet_0_wr_clk (net)
                      0.098179    0.005117    0.219896 ^ clkbuf_4_13_0_wr_clk/A (sky130_fd_sc_hd__clkbuf_8)
     8    0.044729    0.067598    0.128023    0.347919 ^ clkbuf_4_13_0_wr_clk/X (sky130_fd_sc_hd__clkbuf_8)
                                                         clknet_4_13_0_wr_clk (net)
                      0.067628    0.001161    0.349080 ^ _672_/CLK (sky130_fd_sc_hd__dfxtp_1)
                                  0.250000    0.599080   clock uncertainty
                                  0.000000    0.599080   clock reconvergence pessimism
                                 -0.016460    0.582620   library hold time
                                              0.582620   data required time
---------------------------------------------------------------------------------------------
                                              0.582620   data required time
                                             -1.016576   data arrival time
---------------------------------------------------------------------------------------------
                                              0.433955   slack (MET)


Startpoint: _729_ (rising edge-triggered flip-flop clocked by wr_clk)
Endpoint: _729_ (rising edge-triggered flip-flop clocked by wr_clk)
Path Group: wr_clk
Path Type: min

Fanout         Cap        Slew       Delay        Time   Description
---------------------------------------------------------------------------------------------
                                  0.000000    0.000000   clock wr_clk (rise edge)
                                  0.000000    0.000000   clock source latency
     1    0.026396    0.093078    0.065140    0.065140 ^ wr_clk (in)
                                                         wr_clk (net)
                      0.093240    0.000000    0.065140 ^ clkbuf_0_wr_clk/A (sky130_fd_sc_hd__clkbuf_16)
    16    0.111341    0.097775    0.149638    0.214779 ^ clkbuf_0_wr_clk/X (sky130_fd_sc_hd__clkbuf_16)
                                                         clknet_0_wr_clk (net)
                      0.098229    0.005409    0.220187 ^ clkbuf_4_9_0_wr_clk/A (sky130_fd_sc_hd__clkbuf_8)
    10    0.039913    0.061692    0.124296    0.344483 ^ clkbuf_4_9_0_wr_clk/X (sky130_fd_sc_hd__clkbuf_8)
                                                         clknet_4_9_0_wr_clk (net)
                      0.061708    0.001028    0.345511 ^ _729_/CLK (sky130_fd_sc_hd__dfxtp_1)
     2    0.005476    0.046678    0.206144    0.551655 ^ _729_/Q (sky130_fd_sc_hd__dfxtp_1)
                                                         mem[3][1] (net)
                      0.046679    0.000246    0.551901 ^ hold124/A (sky130_fd_sc_hd__dlygate4sd3_1)
     1    0.003636    0.043229    0.379428    0.931329 ^ hold124/X (sky130_fd_sc_hd__dlygate4sd3_1)
                                                         net200 (net)
                      0.043229    0.000237    0.931566 ^ _590_/A1 (sky130_fd_sc_hd__mux2_1)
     1    0.004036    0.035924    0.082340    1.013906 ^ _590_/X (sky130_fd_sc_hd__mux2_1)
                                                         _097_ (net)
                      0.035925    0.000279    1.014185 ^ _729_/D (sky130_fd_sc_hd__dfxtp_1)
                                              1.014185   data arrival time

                                  0.000000    0.000000   clock wr_clk (rise edge)
                                  0.000000    0.000000   clock source latency
     1    0.026396    0.093078    0.065140    0.065140 ^ wr_clk (in)
                                                         wr_clk (net)
                      0.093240    0.000000    0.065140 ^ clkbuf_0_wr_clk/A (sky130_fd_sc_hd__clkbuf_16)
    16    0.111341    0.097775    0.149638    0.214779 ^ clkbuf_0_wr_clk/X (sky130_fd_sc_hd__clkbuf_16)
                                                         clknet_0_wr_clk (net)
                      0.098229    0.005409    0.220187 ^ clkbuf_4_9_0_wr_clk/A (sky130_fd_sc_hd__clkbuf_8)
    10    0.039913    0.061692    0.124296    0.344483 ^ clkbuf_4_9_0_wr_clk/X (sky130_fd_sc_hd__clkbuf_8)
                                                         clknet_4_9_0_wr_clk (net)
                      0.061708    0.001028    0.345511 ^ _729_/CLK (sky130_fd_sc_hd__dfxtp_1)
                                  0.250000    0.595511   clock uncertainty
                                  0.000000    0.595511   clock reconvergence pessimism
                                 -0.016914    0.578597   library hold time
                                              0.578597   data required time
---------------------------------------------------------------------------------------------
                                              0.578597   data required time
                                             -1.014185   data arrival time
---------------------------------------------------------------------------------------------
                                              0.435587   slack (MET)


Startpoint: _704_ (rising edge-triggered flip-flop clocked by wr_clk)
Endpoint: _704_ (rising edge-triggered flip-flop clocked by wr_clk)
Path Group: wr_clk
Path Type: min

Fanout         Cap        Slew       Delay        Time   Description
---------------------------------------------------------------------------------------------
                                  0.000000    0.000000   clock wr_clk (rise edge)
                                  0.000000    0.000000   clock source latency
     1    0.026396    0.093078    0.065140    0.065140 ^ wr_clk (in)
                                                         wr_clk (net)
                      0.093240    0.000000    0.065140 ^ clkbuf_0_wr_clk/A (sky130_fd_sc_hd__clkbuf_16)
    16    0.111341    0.097775    0.149638    0.214779 ^ clkbuf_0_wr_clk/X (sky130_fd_sc_hd__clkbuf_16)
                                                         clknet_0_wr_clk (net)
                      0.098815    0.008061    0.222840 ^ clkbuf_4_6_0_wr_clk/A (sky130_fd_sc_hd__clkbuf_8)
     9    0.036690    0.057775    0.121172    0.344012 ^ clkbuf_4_6_0_wr_clk/X (sky130_fd_sc_hd__clkbuf_8)
                                                         clknet_4_6_0_wr_clk (net)
                      0.058036    0.002799    0.346811 ^ _704_/CLK (sky130_fd_sc_hd__dfxtp_1)
     2    0.006626    0.054324    0.210653    0.557464 ^ _704_/Q (sky130_fd_sc_hd__dfxtp_1)
                                                         mem[7][0] (net)
                      0.054326    0.000419    0.557884 ^ hold104/A (sky130_fd_sc_hd__dlygate4sd3_1)
     1    0.004172    0.046685    0.383960    0.941844 ^ hold104/X (sky130_fd_sc_hd__dlygate4sd3_1)
                                                         net180 (net)
                      0.046685    0.000304    0.942148 ^ _562_/A1 (sky130_fd_sc_hd__mux2_1)
     1    0.002171    0.025398    0.073870    1.016018 ^ _562_/X (sky130_fd_sc_hd__mux2_1)
                                                         _072_ (net)
                      0.025398    0.000157    1.016175 ^ _704_/D (sky130_fd_sc_hd__dfxtp_1)
                                              1.016175   data arrival time

                                  0.000000    0.000000   clock wr_clk (rise edge)
                                  0.000000    0.000000   clock source latency
     1    0.026396    0.093078    0.065140    0.065140 ^ wr_clk (in)
                                                         wr_clk (net)
                      0.093240    0.000000    0.065140 ^ clkbuf_0_wr_clk/A (sky130_fd_sc_hd__clkbuf_16)
    16    0.111341    0.097775    0.149638    0.214779 ^ clkbuf_0_wr_clk/X (sky130_fd_sc_hd__clkbuf_16)
                                                         clknet_0_wr_clk (net)
                      0.098815    0.008061    0.222840 ^ clkbuf_4_6_0_wr_clk/A (sky130_fd_sc_hd__clkbuf_8)
     9    0.036690    0.057775    0.121172    0.344012 ^ clkbuf_4_6_0_wr_clk/X (sky130_fd_sc_hd__clkbuf_8)
                                                         clknet_4_6_0_wr_clk (net)
                      0.058036    0.002799    0.346811 ^ _704_/CLK (sky130_fd_sc_hd__dfxtp_1)
                                  0.250000    0.596811   clock uncertainty
                                  0.000000    0.596811   clock reconvergence pessimism
                                 -0.016260    0.580551   library hold time
                                              0.580551   data required time
---------------------------------------------------------------------------------------------
                                              0.580551   data required time
                                             -1.016175   data arrival time
---------------------------------------------------------------------------------------------
                                              0.435623   slack (MET)


Startpoint: _762_ (rising edge-triggered flip-flop clocked by wr_clk)
Endpoint: _762_ (rising edge-triggered flip-flop clocked by wr_clk)
Path Group: wr_clk
Path Type: min

Fanout         Cap        Slew       Delay        Time   Description
---------------------------------------------------------------------------------------------
                                  0.000000    0.000000   clock wr_clk (rise edge)
                                  0.000000    0.000000   clock source latency
     1    0.026396    0.093078    0.065140    0.065140 ^ wr_clk (in)
                                                         wr_clk (net)
                      0.093240    0.000000    0.065140 ^ clkbuf_0_wr_clk/A (sky130_fd_sc_hd__clkbuf_16)
    16    0.111341    0.097775    0.149638    0.214779 ^ clkbuf_0_wr_clk/X (sky130_fd_sc_hd__clkbuf_16)
                                                         clknet_0_wr_clk (net)
                      0.098815    0.008061    0.222840 ^ clkbuf_4_6_0_wr_clk/A (sky130_fd_sc_hd__clkbuf_8)
     9    0.036690    0.057775    0.121172    0.344012 ^ clkbuf_4_6_0_wr_clk/X (sky130_fd_sc_hd__clkbuf_8)
                                                         clknet_4_6_0_wr_clk (net)
                      0.057952    0.002210    0.346222 ^ _762_/CLK (sky130_fd_sc_hd__dfxtp_1)
     2    0.007092    0.057439    0.212829    0.559051 ^ _762_/Q (sky130_fd_sc_hd__dfxtp_1)
                                                         mem[4][0] (net)
                      0.057442    0.000471    0.559522 ^ hold127/A (sky130_fd_sc_hd__dlygate4sd3_1)
     1    0.003036    0.038784    0.377647    0.937169 ^ hold127/X (sky130_fd_sc_hd__dlygate4sd3_1)
                                                         net203 (net)
                      0.039269    0.000269    0.937438 ^ _607_/A0 (sky130_fd_sc_hd__mux2_1)
     1    0.004008    0.035641    0.079760    1.017198 ^ _607_/X (sky130_fd_sc_hd__mux2_1)
                                                         _112_ (net)
                      0.035643    0.000293    1.017491 ^ _762_/D (sky130_fd_sc_hd__dfxtp_1)
                                              1.017491   data arrival time

                                  0.000000    0.000000   clock wr_clk (rise edge)
                                  0.000000    0.000000   clock source latency
     1    0.026396    0.093078    0.065140    0.065140 ^ wr_clk (in)
                                                         wr_clk (net)
                      0.093240    0.000000    0.065140 ^ clkbuf_0_wr_clk/A (sky130_fd_sc_hd__clkbuf_16)
    16    0.111341    0.097775    0.149638    0.214779 ^ clkbuf_0_wr_clk/X (sky130_fd_sc_hd__clkbuf_16)
                                                         clknet_0_wr_clk (net)
                      0.098815    0.008061    0.222840 ^ clkbuf_4_6_0_wr_clk/A (sky130_fd_sc_hd__clkbuf_8)
     9    0.036690    0.057775    0.121172    0.344012 ^ clkbuf_4_6_0_wr_clk/X (sky130_fd_sc_hd__clkbuf_8)
                                                         clknet_4_6_0_wr_clk (net)
                      0.057952    0.002210    0.346222 ^ _762_/CLK (sky130_fd_sc_hd__dfxtp_1)
                                  0.250000    0.596222   clock uncertainty
                                  0.000000    0.596222   clock reconvergence pessimism
                                 -0.016984    0.579238   library hold time
                                              0.579238   data required time
---------------------------------------------------------------------------------------------
                                              0.579238   data required time
                                             -1.017491   data arrival time
---------------------------------------------------------------------------------------------
                                              0.438253   slack (MET)


Startpoint: _685_ (rising edge-triggered flip-flop clocked by wr_clk)
Endpoint: _685_ (rising edge-triggered flip-flop clocked by wr_clk)
Path Group: wr_clk
Path Type: min

Fanout         Cap        Slew       Delay        Time   Description
---------------------------------------------------------------------------------------------
                                  0.000000    0.000000   clock wr_clk (rise edge)
                                  0.000000    0.000000   clock source latency
     1    0.026396    0.093078    0.065140    0.065140 ^ wr_clk (in)
                                                         wr_clk (net)
                      0.093240    0.000000    0.065140 ^ clkbuf_0_wr_clk/A (sky130_fd_sc_hd__clkbuf_16)
    16    0.111341    0.097775    0.149638    0.214779 ^ clkbuf_0_wr_clk/X (sky130_fd_sc_hd__clkbuf_16)
                                                         clknet_0_wr_clk (net)
                      0.098856    0.008215    0.222994 ^ clkbuf_4_0_0_wr_clk/A (sky130_fd_sc_hd__clkbuf_8)
    14    0.043323    0.065832    0.126089    0.349083 ^ clkbuf_4_0_0_wr_clk/X (sky130_fd_sc_hd__clkbuf_8)
                                                         clknet_4_0_0_wr_clk (net)
                      0.066438    0.004994    0.354077 ^ _685_/CLK (sky130_fd_sc_hd__dfxtp_1)
     2    0.006495    0.053444    0.212211    0.566287 ^ _685_/Q (sky130_fd_sc_hd__dfxtp_1)
                                                         mem[10][5] (net)
                      0.053446    0.000410    0.566697 ^ hold71/A (sky130_fd_sc_hd__dlygate4sd3_1)
     1    0.004156    0.046582    0.383732    0.950430 ^ hold71/X (sky130_fd_sc_hd__dlygate4sd3_1)
                                                         net147 (net)
                      0.046582    0.000289    0.950719 ^ _539_/A0 (sky130_fd_sc_hd__mux2_1)
     1    0.002758    0.028433    0.075399    1.026118 ^ _539_/X (sky130_fd_sc_hd__mux2_1)
                                                         _053_ (net)
                      0.028434    0.000182    1.026300 ^ _685_/D (sky130_fd_sc_hd__dfxtp_1)
                                              1.026300   data arrival time

                                  0.000000    0.000000   clock wr_clk (rise edge)
                                  0.000000    0.000000   clock source latency
     1    0.026396    0.093078    0.065140    0.065140 ^ wr_clk (in)
                                                         wr_clk (net)
                      0.093240    0.000000    0.065140 ^ clkbuf_0_wr_clk/A (sky130_fd_sc_hd__clkbuf_16)
    16    0.111341    0.097775    0.149638    0.214779 ^ clkbuf_0_wr_clk/X (sky130_fd_sc_hd__clkbuf_16)
                                                         clknet_0_wr_clk (net)
                      0.098856    0.008215    0.222994 ^ clkbuf_4_0_0_wr_clk/A (sky130_fd_sc_hd__clkbuf_8)
    14    0.043323    0.065832    0.126089    0.349083 ^ clkbuf_4_0_0_wr_clk/X (sky130_fd_sc_hd__clkbuf_8)
                                                         clknet_4_0_0_wr_clk (net)
                      0.066438    0.004994    0.354077 ^ _685_/CLK (sky130_fd_sc_hd__dfxtp_1)
                                  0.250000    0.604077   clock uncertainty
                                  0.000000    0.604077   clock reconvergence pessimism
                                 -0.016274    0.587803   library hold time
                                              0.587803   data required time
---------------------------------------------------------------------------------------------
                                              0.587803   data required time
                                             -1.026300   data arrival time
---------------------------------------------------------------------------------------------
                                              0.438497   slack (MET)


Startpoint: _758_ (rising edge-triggered flip-flop clocked by wr_clk)
Endpoint: _741_ (rising edge-triggered flip-flop clocked by wr_clk)
Path Group: wr_clk
Path Type: min

Fanout         Cap        Slew       Delay        Time   Description
---------------------------------------------------------------------------------------------
                                  0.000000    0.000000   clock wr_clk (rise edge)
                                  0.000000    0.000000   clock source latency
     1    0.026396    0.093078    0.065140    0.065140 ^ wr_clk (in)
                                                         wr_clk (net)
                      0.093240    0.000000    0.065140 ^ clkbuf_0_wr_clk/A (sky130_fd_sc_hd__clkbuf_16)
    16    0.111341    0.097775    0.149638    0.214779 ^ clkbuf_0_wr_clk/X (sky130_fd_sc_hd__clkbuf_16)
                                                         clknet_0_wr_clk (net)
                      0.098179    0.005117    0.219896 ^ clkbuf_4_13_0_wr_clk/A (sky130_fd_sc_hd__clkbuf_8)
     8    0.044729    0.067598    0.128023    0.347919 ^ clkbuf_4_13_0_wr_clk/X (sky130_fd_sc_hd__clkbuf_8)
                                                         clknet_4_13_0_wr_clk (net)
                      0.067872    0.003418    0.351336 ^ _758_/CLK (sky130_fd_sc_hd__dfrtp_1)
     5    0.018525    0.127905    0.280763    0.632100 ^ _758_/Q (sky130_fd_sc_hd__dfrtp_1)
                                                         wr_bin[1] (net)
                      0.127920    0.001421    0.633520 ^ _306_/A (sky130_fd_sc_hd__inv_2)
     4    0.021972    0.055500    0.055395    0.688915 v _306_/Y (sky130_fd_sc_hd__inv_2)
                                                         _137_ (net)
                      0.055520    0.000859    0.689775 v _493_/A (sky130_fd_sc_hd__nand2_4)
     4    0.043629    0.101350    0.099325    0.789100 ^ _493_/Y (sky130_fd_sc_hd__nand2_4)
                                                         _286_ (net)
                      0.101597    0.004069    0.793168 ^ _597_/A (sky130_fd_sc_hd__nor2_4)
     8    0.065609    0.074285    0.074239    0.867408 v _597_/Y (sky130_fd_sc_hd__nor2_4)
                                                         _302_ (net)
                      0.074752    0.004673    0.872081 v _602_/S (sky130_fd_sc_hd__mux2_1)
     1    0.003837    0.034629    0.145180    1.017260 ^ _602_/X (sky130_fd_sc_hd__mux2_1)
                                                         _108_ (net)
                      0.034631    0.000284    1.017544 ^ _741_/D (sky130_fd_sc_hd__dfxtp_1)
                                              1.017544   data arrival time

                                  0.000000    0.000000   clock wr_clk (rise edge)
                                  0.000000    0.000000   clock source latency
     1    0.026396    0.093078    0.065140    0.065140 ^ wr_clk (in)
                                                         wr_clk (net)
                      0.093240    0.000000    0.065140 ^ clkbuf_0_wr_clk/A (sky130_fd_sc_hd__clkbuf_16)
    16    0.111341    0.097775    0.149638    0.214779 ^ clkbuf_0_wr_clk/X (sky130_fd_sc_hd__clkbuf_16)
                                                         clknet_0_wr_clk (net)
                      0.098050    0.004262    0.219040 ^ clkbuf_4_11_0_wr_clk/A (sky130_fd_sc_hd__clkbuf_8)
     8    0.040281    0.062147    0.124403    0.343443 ^ clkbuf_4_11_0_wr_clk/X (sky130_fd_sc_hd__clkbuf_8)
                                                         clknet_4_11_0_wr_clk (net)
                      0.062288    0.002034    0.345477 ^ _741_/CLK (sky130_fd_sc_hd__dfxtp_1)
                                  0.250000    0.595477   clock uncertainty
                                  0.000000    0.595477   clock reconvergence pessimism
                                 -0.016809    0.578668   library hold time
                                              0.578668   data required time
---------------------------------------------------------------------------------------------
                                              0.578668   data required time
                                             -1.017544   data arrival time
---------------------------------------------------------------------------------------------
                                              0.438876   slack (MET)


Startpoint: _803_ (rising edge-triggered flip-flop clocked by wr_clk)
Endpoint: _803_ (rising edge-triggered flip-flop clocked by wr_clk)
Path Group: wr_clk
Path Type: min

Fanout         Cap        Slew       Delay        Time   Description
---------------------------------------------------------------------------------------------
                                  0.000000    0.000000   clock wr_clk (rise edge)
                                  0.000000    0.000000   clock source latency
     1    0.026396    0.093078    0.065140    0.065140 ^ wr_clk (in)
                                                         wr_clk (net)
                      0.093240    0.000000    0.065140 ^ clkbuf_0_wr_clk/A (sky130_fd_sc_hd__clkbuf_16)
    16    0.111341    0.097775    0.149638    0.214779 ^ clkbuf_0_wr_clk/X (sky130_fd_sc_hd__clkbuf_16)
                                                         clknet_0_wr_clk (net)
                      0.098229    0.005409    0.220187 ^ clkbuf_4_9_0_wr_clk/A (sky130_fd_sc_hd__clkbuf_8)
    10    0.039913    0.061692    0.124296    0.344483 ^ clkbuf_4_9_0_wr_clk/X (sky130_fd_sc_hd__clkbuf_8)
                                                         clknet_4_9_0_wr_clk (net)
                      0.061852    0.002185    0.346668 ^ _803_/CLK (sky130_fd_sc_hd__dfxtp_1)
     2    0.006540    0.053747    0.211282    0.557950 ^ _803_/Q (sky130_fd_sc_hd__dfxtp_1)
                                                         mem[9][1] (net)
                      0.053748    0.000325    0.558274 ^ hold86/A (sky130_fd_sc_hd__dlygate4sd3_1)
     1    0.003693    0.043604    0.381253    0.939527 ^ hold86/X (sky130_fd_sc_hd__dlygate4sd3_1)
                                                         net162 (net)
                      0.043604    0.000273    0.939799 ^ _625_/A0 (sky130_fd_sc_hd__mux2_1)
     1    0.003729    0.034011    0.079607    1.019406 ^ _625_/X (sky130_fd_sc_hd__mux2_1)
                                                         _129_ (net)
                      0.034012    0.000245    1.019651 ^ _803_/D (sky130_fd_sc_hd__dfxtp_1)
                                              1.019651   data arrival time

                                  0.000000    0.000000   clock wr_clk (rise edge)
                                  0.000000    0.000000   clock source latency
     1    0.026396    0.093078    0.065140    0.065140 ^ wr_clk (in)
                                                         wr_clk (net)
                      0.093240    0.000000    0.065140 ^ clkbuf_0_wr_clk/A (sky130_fd_sc_hd__clkbuf_16)
    16    0.111341    0.097775    0.149638    0.214779 ^ clkbuf_0_wr_clk/X (sky130_fd_sc_hd__clkbuf_16)
                                                         clknet_0_wr_clk (net)
                      0.098229    0.005409    0.220187 ^ clkbuf_4_9_0_wr_clk/A (sky130_fd_sc_hd__clkbuf_8)
    10    0.039913    0.061692    0.124296    0.344483 ^ clkbuf_4_9_0_wr_clk/X (sky130_fd_sc_hd__clkbuf_8)
                                                         clknet_4_9_0_wr_clk (net)
                      0.061852    0.002185    0.346668 ^ _803_/CLK (sky130_fd_sc_hd__dfxtp_1)
                                  0.250000    0.596668   clock uncertainty
                                  0.000000    0.596668   clock reconvergence pessimism
                                 -0.016776    0.579892   library hold time
                                              0.579892   data required time
---------------------------------------------------------------------------------------------
                                              0.579892   data required time
                                             -1.019651   data arrival time
---------------------------------------------------------------------------------------------
                                              0.439760   slack (MET)


Startpoint: _732_ (rising edge-triggered flip-flop clocked by wr_clk)
Endpoint: _732_ (rising edge-triggered flip-flop clocked by wr_clk)
Path Group: wr_clk
Path Type: min

Fanout         Cap        Slew       Delay        Time   Description
---------------------------------------------------------------------------------------------
                                  0.000000    0.000000   clock wr_clk (rise edge)
                                  0.000000    0.000000   clock source latency
     1    0.026396    0.093078    0.065140    0.065140 ^ wr_clk (in)
                                                         wr_clk (net)
                      0.093240    0.000000    0.065140 ^ clkbuf_0_wr_clk/A (sky130_fd_sc_hd__clkbuf_16)
    16    0.111341    0.097775    0.149638    0.214779 ^ clkbuf_0_wr_clk/X (sky130_fd_sc_hd__clkbuf_16)
                                                         clknet_0_wr_clk (net)
                      0.098042    0.004200    0.218979 ^ clkbuf_4_10_0_wr_clk/A (sky130_fd_sc_hd__clkbuf_8)
    13    0.044109    0.066827    0.127354    0.346333 ^ clkbuf_4_10_0_wr_clk/X (sky130_fd_sc_hd__clkbuf_8)
                                                         clknet_4_10_0_wr_clk (net)
                      0.067110    0.003450    0.349783 ^ _732_/CLK (sky130_fd_sc_hd__dfxtp_1)
     2    0.007215    0.058241    0.215836    0.565619 ^ _732_/Q (sky130_fd_sc_hd__dfxtp_1)
                                                         mem[3][4] (net)
                      0.058244    0.000465    0.566084 ^ hold114/A (sky130_fd_sc_hd__dlygate4sd3_1)
     1    0.003916    0.045019    0.383203    0.949288 ^ hold114/X (sky130_fd_sc_hd__dlygate4sd3_1)
                                                         net190 (net)
                      0.045021    0.000250    0.949537 ^ _593_/A1 (sky130_fd_sc_hd__mux2_1)
     1    0.002660    0.028068    0.075911    1.025449 ^ _593_/X (sky130_fd_sc_hd__mux2_1)
                                                         _100_ (net)
                      0.028068    0.000172    1.025621 ^ _732_/D (sky130_fd_sc_hd__dfxtp_1)
                                              1.025621   data arrival time

                                  0.000000    0.000000   clock wr_clk (rise edge)
                                  0.000000    0.000000   clock source latency
     1    0.026396    0.093078    0.065140    0.065140 ^ wr_clk (in)
                                                         wr_clk (net)
                      0.093240    0.000000    0.065140 ^ clkbuf_0_wr_clk/A (sky130_fd_sc_hd__clkbuf_16)
    16    0.111341    0.097775    0.149638    0.214779 ^ clkbuf_0_wr_clk/X (sky130_fd_sc_hd__clkbuf_16)
                                                         clknet_0_wr_clk (net)
                      0.098042    0.004200    0.218979 ^ clkbuf_4_10_0_wr_clk/A (sky130_fd_sc_hd__clkbuf_8)
    13    0.044109    0.066827    0.127354    0.346333 ^ clkbuf_4_10_0_wr_clk/X (sky130_fd_sc_hd__clkbuf_8)
                                                         clknet_4_10_0_wr_clk (net)
                      0.067110    0.003450    0.349783 ^ _732_/CLK (sky130_fd_sc_hd__dfxtp_1)
                                  0.250000    0.599783   clock uncertainty
                                  0.000000    0.599783   clock reconvergence pessimism
                                 -0.016232    0.583551   library hold time
                                              0.583551   data required time
---------------------------------------------------------------------------------------------
                                              0.583551   data required time
                                             -1.025621   data arrival time
---------------------------------------------------------------------------------------------
                                              0.442070   slack (MET)


Startpoint: _646_ (rising edge-triggered flip-flop clocked by wr_clk)
Endpoint: _646_ (rising edge-triggered flip-flop clocked by wr_clk)
Path Group: wr_clk
Path Type: min

Fanout         Cap        Slew       Delay        Time   Description
---------------------------------------------------------------------------------------------
                                  0.000000    0.000000   clock wr_clk (rise edge)
                                  0.000000    0.000000   clock source latency
     1    0.026396    0.093078    0.065140    0.065140 ^ wr_clk (in)
                                                         wr_clk (net)
                      0.093240    0.000000    0.065140 ^ clkbuf_0_wr_clk/A (sky130_fd_sc_hd__clkbuf_16)
    16    0.111341    0.097775    0.149638    0.214779 ^ clkbuf_0_wr_clk/X (sky130_fd_sc_hd__clkbuf_16)
                                                         clknet_0_wr_clk (net)
                      0.098877    0.008290    0.223068 ^ clkbuf_4_5_0_wr_clk/A (sky130_fd_sc_hd__clkbuf_8)
    14    0.043082    0.065571    0.126084    0.349152 ^ clkbuf_4_5_0_wr_clk/X (sky130_fd_sc_hd__clkbuf_8)
                                                         clknet_4_5_0_wr_clk (net)
                      0.065875    0.003547    0.352699 ^ _646_/CLK (sky130_fd_sc_hd__dfxtp_1)
     2    0.006183    0.051369    0.210566    0.563266 ^ _646_/Q (sky130_fd_sc_hd__dfxtp_1)
                                                         mem[14][6] (net)
                      0.051371    0.000399    0.563664 ^ hold95/A (sky130_fd_sc_hd__dlygate4sd3_1)
     1    0.005014    0.052231    0.387943    0.951607 ^ hold95/X (sky130_fd_sc_hd__dlygate4sd3_1)
                                                         net171 (net)
                      0.052231    0.000383    0.951990 ^ _491_/A0 (sky130_fd_sc_hd__mux2_1)
     1    0.003132    0.030581    0.078922    1.030912 ^ _491_/X (sky130_fd_sc_hd__mux2_1)
                                                         _014_ (net)
                      0.030582    0.000208    1.031121 ^ _646_/D (sky130_fd_sc_hd__dfxtp_1)
                                              1.031121   data arrival time

                                  0.000000    0.000000   clock wr_clk (rise edge)
                                  0.000000    0.000000   clock source latency
     1    0.026396    0.093078    0.065140    0.065140 ^ wr_clk (in)
                                                         wr_clk (net)
                      0.093240    0.000000    0.065140 ^ clkbuf_0_wr_clk/A (sky130_fd_sc_hd__clkbuf_16)
    16    0.111341    0.097775    0.149638    0.214779 ^ clkbuf_0_wr_clk/X (sky130_fd_sc_hd__clkbuf_16)
                                                         clknet_0_wr_clk (net)
                      0.098877    0.008290    0.223068 ^ clkbuf_4_5_0_wr_clk/A (sky130_fd_sc_hd__clkbuf_8)
    14    0.043082    0.065571    0.126084    0.349152 ^ clkbuf_4_5_0_wr_clk/X (sky130_fd_sc_hd__clkbuf_8)
                                                         clknet_4_5_0_wr_clk (net)
                      0.065875    0.003547    0.352699 ^ _646_/CLK (sky130_fd_sc_hd__dfxtp_1)
                                  0.250000    0.602699   clock uncertainty
                                  0.000000    0.602699   clock reconvergence pessimism
                                 -0.016438    0.586261   library hold time
                                              0.586261   data required time
---------------------------------------------------------------------------------------------
                                              0.586261   data required time
                                             -1.031121   data arrival time
---------------------------------------------------------------------------------------------
                                              0.444860   slack (MET)


Startpoint: arst_n (input port clocked by wr_clk)
Endpoint: _789_ (removal check against rising-edge clock wr_clk)
Path Group: asynchronous
Path Type: min

Fanout         Cap        Slew       Delay        Time   Description
---------------------------------------------------------------------------------------------
                                  0.000000    0.000000   clock wr_clk (rise edge)
                                  0.000000    0.000000   clock network delay (propagated)
                                  2.000000    2.000000 ^ input external delay
     1    0.002917    0.014338    0.007589    2.007590 ^ arst_n (in)
                                                         arst_n (net)
                      0.014340    0.000000    2.007590 ^ input11/A (sky130_fd_sc_hd__clkbuf_1)
     1    0.002432    0.029098    0.045600    2.053189 ^ input11/X (sky130_fd_sc_hd__clkbuf_1)
                                                         net11 (net)
                      0.029099    0.000164    2.053353 ^ fanout76/A (sky130_fd_sc_hd__buf_2)
     5    0.041819    0.155419    0.153177    2.206530 ^ fanout76/X (sky130_fd_sc_hd__buf_2)
                                                         net76 (net)
                      0.155428    0.001014    2.207544 ^ fanout71/A (sky130_fd_sc_hd__buf_2)
     8    0.040745    0.151258    0.177684    2.385228 ^ fanout71/X (sky130_fd_sc_hd__buf_2)
                                                         net71 (net)
                      0.151363    0.003282    2.388510 ^ _789_/RESET_B (sky130_fd_sc_hd__dfrtp_1)
                                              2.388510   data arrival time

                                  0.000000    0.000000   clock wr_clk (rise edge)
                                  0.000000    0.000000   clock source latency
     1    0.026396    0.093078    0.065140    0.065140 ^ wr_clk (in)
                                                         wr_clk (net)
                      0.093240    0.000000    0.065140 ^ clkbuf_0_wr_clk/A (sky130_fd_sc_hd__clkbuf_16)
    16    0.111341    0.097775    0.149638    0.214779 ^ clkbuf_0_wr_clk/X (sky130_fd_sc_hd__clkbuf_16)
                                                         clknet_0_wr_clk (net)
                      0.098050    0.004262    0.219040 ^ clkbuf_4_11_0_wr_clk/A (sky130_fd_sc_hd__clkbuf_8)
     8    0.040281    0.062147    0.124403    0.343443 ^ clkbuf_4_11_0_wr_clk/X (sky130_fd_sc_hd__clkbuf_8)
                                                         clknet_4_11_0_wr_clk (net)
                      0.062267    0.001834    0.345277 ^ _789_/CLK (sky130_fd_sc_hd__dfrtp_1)
                                  0.250000    0.595277   clock uncertainty
                                  0.000000    0.595277   clock reconvergence pessimism
                                  0.232685    0.827962   library removal time
                                              0.827962   data required time
---------------------------------------------------------------------------------------------
                                              0.827962   data required time
                                             -2.388510   data arrival time
---------------------------------------------------------------------------------------------
                                              1.560549   slack (MET)


Startpoint: arst_n (input port clocked by wr_clk)
Endpoint: _784_ (removal check against rising-edge clock wr_clk)
Path Group: asynchronous
Path Type: min

Fanout         Cap        Slew       Delay        Time   Description
---------------------------------------------------------------------------------------------
                                  0.000000    0.000000   clock wr_clk (rise edge)
                                  0.000000    0.000000   clock network delay (propagated)
                                  2.000000    2.000000 ^ input external delay
     1    0.002917    0.014338    0.007589    2.007590 ^ arst_n (in)
                                                         arst_n (net)
                      0.014340    0.000000    2.007590 ^ input11/A (sky130_fd_sc_hd__clkbuf_1)
     1    0.002432    0.029098    0.045600    2.053189 ^ input11/X (sky130_fd_sc_hd__clkbuf_1)
                                                         net11 (net)
                      0.029099    0.000164    2.053353 ^ fanout76/A (sky130_fd_sc_hd__buf_2)
     5    0.041819    0.155419    0.153177    2.206530 ^ fanout76/X (sky130_fd_sc_hd__buf_2)
                                                         net76 (net)
                      0.155428    0.001014    2.207544 ^ fanout71/A (sky130_fd_sc_hd__buf_2)
     8    0.040745    0.151258    0.177684    2.385228 ^ fanout71/X (sky130_fd_sc_hd__buf_2)
                                                         net71 (net)
                      0.151362    0.003271    2.388499 ^ _784_/RESET_B (sky130_fd_sc_hd__dfrtp_1)
                                              2.388499   data arrival time

                                  0.000000    0.000000   clock wr_clk (rise edge)
                                  0.000000    0.000000   clock source latency
     1    0.026396    0.093078    0.065140    0.065140 ^ wr_clk (in)
                                                         wr_clk (net)
                      0.093240    0.000000    0.065140 ^ clkbuf_0_wr_clk/A (sky130_fd_sc_hd__clkbuf_16)
    16    0.111341    0.097775    0.149638    0.214779 ^ clkbuf_0_wr_clk/X (sky130_fd_sc_hd__clkbuf_16)
                                                         clknet_0_wr_clk (net)
                      0.098050    0.004262    0.219040 ^ clkbuf_4_11_0_wr_clk/A (sky130_fd_sc_hd__clkbuf_8)
     8    0.040281    0.062147    0.124403    0.343443 ^ clkbuf_4_11_0_wr_clk/X (sky130_fd_sc_hd__clkbuf_8)
                                                         clknet_4_11_0_wr_clk (net)
                      0.062260    0.001750    0.345193 ^ _784_/CLK (sky130_fd_sc_hd__dfrtp_1)
                                  0.250000    0.595193   clock uncertainty
                                  0.000000    0.595193   clock reconvergence pessimism
                                  0.232683    0.827876   library removal time
                                              0.827876   data required time
---------------------------------------------------------------------------------------------
                                              0.827876   data required time
                                             -2.388499   data arrival time
---------------------------------------------------------------------------------------------
                                              1.560623   slack (MET)


Startpoint: arst_n (input port clocked by wr_clk)
Endpoint: _757_ (removal check against rising-edge clock wr_clk)
Path Group: asynchronous
Path Type: min

Fanout         Cap        Slew       Delay        Time   Description
---------------------------------------------------------------------------------------------
                                  0.000000    0.000000   clock wr_clk (rise edge)
                                  0.000000    0.000000   clock network delay (propagated)
                                  2.000000    2.000000 ^ input external delay
     1    0.002917    0.014338    0.007589    2.007590 ^ arst_n (in)
                                                         arst_n (net)
                      0.014340    0.000000    2.007590 ^ input11/A (sky130_fd_sc_hd__clkbuf_1)
     1    0.002432    0.029098    0.045600    2.053189 ^ input11/X (sky130_fd_sc_hd__clkbuf_1)
                                                         net11 (net)
                      0.029099    0.000164    2.053353 ^ fanout76/A (sky130_fd_sc_hd__buf_2)
     5    0.041819    0.155419    0.153177    2.206530 ^ fanout76/X (sky130_fd_sc_hd__buf_2)
                                                         net76 (net)
                      0.155453    0.001935    2.208465 ^ fanout75/A (sky130_fd_sc_hd__buf_2)
     6    0.048567    0.179420    0.193867    2.402332 ^ fanout75/X (sky130_fd_sc_hd__buf_2)
                                                         net75 (net)
                      0.179813    0.006922    2.409253 ^ _757_/RESET_B (sky130_fd_sc_hd__dfrtp_1)
                                              2.409253   data arrival time

                                  0.000000    0.000000   clock wr_clk (rise edge)
                                  0.000000    0.000000   clock source latency
     1    0.026396    0.093078    0.065140    0.065140 ^ wr_clk (in)
                                                         wr_clk (net)
                      0.093240    0.000000    0.065140 ^ clkbuf_0_wr_clk/A (sky130_fd_sc_hd__clkbuf_16)
    16    0.111341    0.097775    0.149638    0.214779 ^ clkbuf_0_wr_clk/X (sky130_fd_sc_hd__clkbuf_16)
                                                         clknet_0_wr_clk (net)
                      0.098179    0.005117    0.219896 ^ clkbuf_4_13_0_wr_clk/A (sky130_fd_sc_hd__clkbuf_8)
     8    0.044729    0.067598    0.128023    0.347919 ^ clkbuf_4_13_0_wr_clk/X (sky130_fd_sc_hd__clkbuf_8)
                                                         clknet_4_13_0_wr_clk (net)
                      0.067852    0.003291    0.351209 ^ _757_/CLK (sky130_fd_sc_hd__dfrtp_1)
                                  0.250000    0.601209   clock uncertainty
                                  0.000000    0.601209   clock reconvergence pessimism
                                  0.240827    0.842036   library removal time
                                              0.842036   data required time
---------------------------------------------------------------------------------------------
                                              0.842036   data required time
                                             -2.409253   data arrival time
---------------------------------------------------------------------------------------------
                                              1.567217   slack (MET)


Startpoint: arst_n (input port clocked by wr_clk)
Endpoint: _758_ (removal check against rising-edge clock wr_clk)
Path Group: asynchronous
Path Type: min

Fanout         Cap        Slew       Delay        Time   Description
---------------------------------------------------------------------------------------------
                                  0.000000    0.000000   clock wr_clk (rise edge)
                                  0.000000    0.000000   clock network delay (propagated)
                                  2.000000    2.000000 ^ input external delay
     1    0.002917    0.014338    0.007589    2.007590 ^ arst_n (in)
                                                         arst_n (net)
                      0.014340    0.000000    2.007590 ^ input11/A (sky130_fd_sc_hd__clkbuf_1)
     1    0.002432    0.029098    0.045600    2.053189 ^ input11/X (sky130_fd_sc_hd__clkbuf_1)
                                                         net11 (net)
                      0.029099    0.000164    2.053353 ^ fanout76/A (sky130_fd_sc_hd__buf_2)
     5    0.041819    0.155419    0.153177    2.206530 ^ fanout76/X (sky130_fd_sc_hd__buf_2)
                                                         net76 (net)
                      0.155453    0.001935    2.208465 ^ fanout75/A (sky130_fd_sc_hd__buf_2)
     6    0.048567    0.179420    0.193867    2.402332 ^ fanout75/X (sky130_fd_sc_hd__buf_2)
                                                         net75 (net)
                      0.179830    0.007064    2.409396 ^ _758_/RESET_B (sky130_fd_sc_hd__dfrtp_1)
                                              2.409396   data arrival time

                                  0.000000    0.000000   clock wr_clk (rise edge)
                                  0.000000    0.000000   clock source latency
     1    0.026396    0.093078    0.065140    0.065140 ^ wr_clk (in)
                                                         wr_clk (net)
                      0.093240    0.000000    0.065140 ^ clkbuf_0_wr_clk/A (sky130_fd_sc_hd__clkbuf_16)
    16    0.111341    0.097775    0.149638    0.214779 ^ clkbuf_0_wr_clk/X (sky130_fd_sc_hd__clkbuf_16)
                                                         clknet_0_wr_clk (net)
                      0.098179    0.005117    0.219896 ^ clkbuf_4_13_0_wr_clk/A (sky130_fd_sc_hd__clkbuf_8)
     8    0.044729    0.067598    0.128023    0.347919 ^ clkbuf_4_13_0_wr_clk/X (sky130_fd_sc_hd__clkbuf_8)
                                                         clknet_4_13_0_wr_clk (net)
                      0.067872    0.003418    0.351336 ^ _758_/CLK (sky130_fd_sc_hd__dfrtp_1)
                                  0.250000    0.601336   clock uncertainty
                                  0.000000    0.601336   clock reconvergence pessimism
                                  0.240834    0.842170   library removal time
                                              0.842170   data required time
---------------------------------------------------------------------------------------------
                                              0.842170   data required time
                                             -2.409396   data arrival time
---------------------------------------------------------------------------------------------
                                              1.567226   slack (MET)


Startpoint: arst_n (input port clocked by wr_clk)
Endpoint: _785_ (removal check against rising-edge clock wr_clk)
Path Group: asynchronous
Path Type: min

Fanout         Cap        Slew       Delay        Time   Description
---------------------------------------------------------------------------------------------
                                  0.000000    0.000000   clock wr_clk (rise edge)
                                  0.000000    0.000000   clock network delay (propagated)
                                  2.000000    2.000000 ^ input external delay
     1    0.002917    0.014338    0.007589    2.007590 ^ arst_n (in)
                                                         arst_n (net)
                      0.014340    0.000000    2.007590 ^ input11/A (sky130_fd_sc_hd__clkbuf_1)
     1    0.002432    0.029098    0.045600    2.053189 ^ input11/X (sky130_fd_sc_hd__clkbuf_1)
                                                         net11 (net)
                      0.029099    0.000164    2.053353 ^ fanout76/A (sky130_fd_sc_hd__buf_2)
     5    0.041819    0.155419    0.153177    2.206530 ^ fanout76/X (sky130_fd_sc_hd__buf_2)
                                                         net76 (net)
                      0.155428    0.001014    2.207544 ^ fanout71/A (sky130_fd_sc_hd__buf_2)
     8    0.040745    0.151258    0.177684    2.385228 ^ fanout71/X (sky130_fd_sc_hd__buf_2)
                                                         net71 (net)
                      0.151298    0.002038    2.387266 ^ fanout70/A (sky130_fd_sc_hd__clkbuf_4)
    10    0.049148    0.116988    0.176553    2.563819 ^ fanout70/X (sky130_fd_sc_hd__clkbuf_4)
                                                         net70 (net)
                      0.117475    0.006104    2.569923 ^ _785_/RESET_B (sky130_fd_sc_hd__dfrtp_1)
                                              2.569923   data arrival time

                                  0.000000    0.000000   clock wr_clk (rise edge)
                                  0.000000    0.000000   clock source latency
     1    0.026396    0.093078    0.065140    0.065140 ^ wr_clk (in)
                                                         wr_clk (net)
                      0.093240    0.000000    0.065140 ^ clkbuf_0_wr_clk/A (sky130_fd_sc_hd__clkbuf_16)
    16    0.111341    0.097775    0.149638    0.214779 ^ clkbuf_0_wr_clk/X (sky130_fd_sc_hd__clkbuf_16)
                                                         clknet_0_wr_clk (net)
                      0.098142    0.004888    0.219666 ^ clkbuf_4_12_0_wr_clk/A (sky130_fd_sc_hd__clkbuf_8)
     8    0.038111    0.059332    0.122910    0.342576 ^ clkbuf_4_12_0_wr_clk/X (sky130_fd_sc_hd__clkbuf_8)
                                                         clknet_4_12_0_wr_clk (net)
                      0.059370    0.001352    0.343929 ^ _785_/CLK (sky130_fd_sc_hd__dfrtp_1)
                                  0.250000    0.593928   clock uncertainty
                                  0.000000    0.593928   clock reconvergence pessimism
                                  0.223493    0.817421   library removal time
                                              0.817421   data required time
---------------------------------------------------------------------------------------------
                                              0.817421   data required time
                                             -2.569923   data arrival time
---------------------------------------------------------------------------------------------
                                              1.752502   slack (MET)


Startpoint: arst_n (input port clocked by wr_clk)
Endpoint: _755_ (removal check against rising-edge clock wr_clk)
Path Group: asynchronous
Path Type: min

Fanout         Cap        Slew       Delay        Time   Description
---------------------------------------------------------------------------------------------
                                  0.000000    0.000000   clock wr_clk (rise edge)
                                  0.000000    0.000000   clock network delay (propagated)
                                  2.000000    2.000000 ^ input external delay
     1    0.002917    0.014338    0.007589    2.007590 ^ arst_n (in)
                                                         arst_n (net)
                      0.014340    0.000000    2.007590 ^ input11/A (sky130_fd_sc_hd__clkbuf_1)
     1    0.002432    0.029098    0.045600    2.053189 ^ input11/X (sky130_fd_sc_hd__clkbuf_1)
                                                         net11 (net)
                      0.029099    0.000164    2.053353 ^ fanout76/A (sky130_fd_sc_hd__buf_2)
     5    0.041819    0.155419    0.153177    2.206530 ^ fanout76/X (sky130_fd_sc_hd__buf_2)
                                                         net76 (net)
                      0.155453    0.001935    2.208465 ^ fanout75/A (sky130_fd_sc_hd__buf_2)
     6    0.048567    0.179420    0.193867    2.402332 ^ fanout75/X (sky130_fd_sc_hd__buf_2)
                                                         net75 (net)
                      0.179450    0.001969    2.404301 ^ fanout74/A (sky130_fd_sc_hd__buf_2)
     7    0.040572    0.150805    0.179236    2.583537 ^ fanout74/X (sky130_fd_sc_hd__buf_2)
                                                         net74 (net)
                      0.150996    0.004398    2.587935 ^ _755_/RESET_B (sky130_fd_sc_hd__dfrtp_1)
                                              2.587935   data arrival time

                                  0.000000    0.000000   clock wr_clk (rise edge)
                                  0.000000    0.000000   clock source latency
     1    0.026396    0.093078    0.065140    0.065140 ^ wr_clk (in)
                                                         wr_clk (net)
                      0.093240    0.000000    0.065140 ^ clkbuf_0_wr_clk/A (sky130_fd_sc_hd__clkbuf_16)
    16    0.111341    0.097775    0.149638    0.214779 ^ clkbuf_0_wr_clk/X (sky130_fd_sc_hd__clkbuf_16)
                                                         clknet_0_wr_clk (net)
                      0.098179    0.005117    0.219896 ^ clkbuf_4_13_0_wr_clk/A (sky130_fd_sc_hd__clkbuf_8)
     8    0.044729    0.067598    0.128023    0.347919 ^ clkbuf_4_13_0_wr_clk/X (sky130_fd_sc_hd__clkbuf_8)
                                                         clknet_4_13_0_wr_clk (net)
                      0.067846    0.003251    0.351170 ^ _755_/CLK (sky130_fd_sc_hd__dfrtp_1)
                                  0.250000    0.601170   clock uncertainty
                                  0.000000    0.601170   clock reconvergence pessimism
                                  0.233349    0.834519   library removal time
                                              0.834519   data required time
---------------------------------------------------------------------------------------------
                                              0.834519   data required time
                                             -2.587935   data arrival time
---------------------------------------------------------------------------------------------
                                              1.753416   slack (MET)


Startpoint: arst_n (input port clocked by wr_clk)
Endpoint: _773_ (removal check against rising-edge clock wr_clk)
Path Group: asynchronous
Path Type: min

Fanout         Cap        Slew       Delay        Time   Description
---------------------------------------------------------------------------------------------
                                  0.000000    0.000000   clock wr_clk (rise edge)
                                  0.000000    0.000000   clock network delay (propagated)
                                  2.000000    2.000000 ^ input external delay
     1    0.002917    0.014338    0.007589    2.007590 ^ arst_n (in)
                                                         arst_n (net)
                      0.014340    0.000000    2.007590 ^ input11/A (sky130_fd_sc_hd__clkbuf_1)
     1    0.002432    0.029098    0.045600    2.053189 ^ input11/X (sky130_fd_sc_hd__clkbuf_1)
                                                         net11 (net)
                      0.029099    0.000164    2.053353 ^ fanout76/A (sky130_fd_sc_hd__buf_2)
     5    0.041819    0.155419    0.153177    2.206530 ^ fanout76/X (sky130_fd_sc_hd__buf_2)
                                                         net76 (net)
                      0.155453    0.001935    2.208465 ^ fanout75/A (sky130_fd_sc_hd__buf_2)
     6    0.048567    0.179420    0.193867    2.402332 ^ fanout75/X (sky130_fd_sc_hd__buf_2)
                                                         net75 (net)
                      0.179450    0.001969    2.404301 ^ fanout74/A (sky130_fd_sc_hd__buf_2)
     7    0.040572    0.150805    0.179236    2.583537 ^ fanout74/X (sky130_fd_sc_hd__buf_2)
                                                         net74 (net)
                      0.150912    0.003313    2.586849 ^ _773_/RESET_B (sky130_fd_sc_hd__dfrtp_1)
                                              2.586849   data arrival time

                                  0.000000    0.000000   clock wr_clk (rise edge)
                                  0.000000    0.000000   clock source latency
     1    0.026396    0.093078    0.065140    0.065140 ^ wr_clk (in)
                                                         wr_clk (net)
                      0.093240    0.000000    0.065140 ^ clkbuf_0_wr_clk/A (sky130_fd_sc_hd__clkbuf_16)
    16    0.111341    0.097775    0.149638    0.214779 ^ clkbuf_0_wr_clk/X (sky130_fd_sc_hd__clkbuf_16)
                                                         clknet_0_wr_clk (net)
                      0.098216    0.005336    0.220114 ^ clkbuf_4_14_0_wr_clk/A (sky130_fd_sc_hd__clkbuf_8)
     6    0.037064    0.058222    0.120737    0.340851 ^ clkbuf_4_14_0_wr_clk/X (sky130_fd_sc_hd__clkbuf_8)
                                                         clknet_4_14_0_wr_clk (net)
                      0.058358    0.002240    0.343091 ^ _773_/CLK (sky130_fd_sc_hd__dfrtp_1)
                                  0.250000    0.593091   clock uncertainty
                                  0.000000    0.593091   clock reconvergence pessimism
                                  0.232036    0.825127   library removal time
                                              0.825127   data required time
---------------------------------------------------------------------------------------------
                                              0.825127   data required time
                                             -2.586849   data arrival time
---------------------------------------------------------------------------------------------
                                              1.761723   slack (MET)


Startpoint: arst_n (input port clocked by wr_clk)
Endpoint: _792_ (removal check against rising-edge clock wr_clk)
Path Group: asynchronous
Path Type: min

Fanout         Cap        Slew       Delay        Time   Description
---------------------------------------------------------------------------------------------
                                  0.000000    0.000000   clock wr_clk (rise edge)
                                  0.000000    0.000000   clock network delay (propagated)
                                  2.000000    2.000000 ^ input external delay
     1    0.002917    0.014338    0.007589    2.007590 ^ arst_n (in)
                                                         arst_n (net)
                      0.014340    0.000000    2.007590 ^ input11/A (sky130_fd_sc_hd__clkbuf_1)
     1    0.002432    0.029098    0.045600    2.053189 ^ input11/X (sky130_fd_sc_hd__clkbuf_1)
                                                         net11 (net)
                      0.029099    0.000164    2.053353 ^ fanout76/A (sky130_fd_sc_hd__buf_2)
     5    0.041819    0.155419    0.153177    2.206530 ^ fanout76/X (sky130_fd_sc_hd__buf_2)
                                                         net76 (net)
                      0.155453    0.001935    2.208465 ^ fanout75/A (sky130_fd_sc_hd__buf_2)
     6    0.048567    0.179420    0.193867    2.402332 ^ fanout75/X (sky130_fd_sc_hd__buf_2)
                                                         net75 (net)
                      0.179450    0.001969    2.404301 ^ fanout74/A (sky130_fd_sc_hd__buf_2)
     7    0.040572    0.150805    0.179236    2.583537 ^ fanout74/X (sky130_fd_sc_hd__buf_2)
                                                         net74 (net)
                      0.150884    0.002845    2.586382 ^ _792_/RESET_B (sky130_fd_sc_hd__dfrtp_1)
                                              2.586382   data arrival time

                                  0.000000    0.000000   clock wr_clk (rise edge)
                                  0.000000    0.000000   clock source latency
     1    0.026396    0.093078    0.065140    0.065140 ^ wr_clk (in)
                                                         wr_clk (net)
                      0.093240    0.000000    0.065140 ^ clkbuf_0_wr_clk/A (sky130_fd_sc_hd__clkbuf_16)
    16    0.111341    0.097775    0.149638    0.214779 ^ clkbuf_0_wr_clk/X (sky130_fd_sc_hd__clkbuf_16)
                                                         clknet_0_wr_clk (net)
                      0.098241    0.005475    0.220254 ^ clkbuf_4_15_0_wr_clk/A (sky130_fd_sc_hd__clkbuf_8)
     7    0.035619    0.056498    0.120546    0.340800 ^ clkbuf_4_15_0_wr_clk/X (sky130_fd_sc_hd__clkbuf_8)
                                                         clknet_4_15_0_wr_clk (net)
                      0.056563    0.001683    0.342483 ^ _792_/CLK (sky130_fd_sc_hd__dfrtp_1)
                                  0.250000    0.592483   clock uncertainty
                                  0.000000    0.592483   clock reconvergence pessimism
                                  0.231784    0.824267   library removal time
                                              0.824267   data required time
---------------------------------------------------------------------------------------------
                                              0.824267   data required time
                                             -2.586382   data arrival time
---------------------------------------------------------------------------------------------
                                              1.762115   slack (MET)


Startpoint: arst_n (input port clocked by wr_clk)
Endpoint: _756_ (removal check against rising-edge clock wr_clk)
Path Group: asynchronous
Path Type: min

Fanout         Cap        Slew       Delay        Time   Description
---------------------------------------------------------------------------------------------
                                  0.000000    0.000000   clock wr_clk (rise edge)
                                  0.000000    0.000000   clock network delay (propagated)
                                  2.000000    2.000000 ^ input external delay
     1    0.002917    0.014338    0.007589    2.007590 ^ arst_n (in)
                                                         arst_n (net)
                      0.014340    0.000000    2.007590 ^ input11/A (sky130_fd_sc_hd__clkbuf_1)
     1    0.002432    0.029098    0.045600    2.053189 ^ input11/X (sky130_fd_sc_hd__clkbuf_1)
                                                         net11 (net)
                      0.029099    0.000164    2.053353 ^ fanout76/A (sky130_fd_sc_hd__buf_2)
     5    0.041819    0.155419    0.153177    2.206530 ^ fanout76/X (sky130_fd_sc_hd__buf_2)
                                                         net76 (net)
                      0.155453    0.001935    2.208465 ^ fanout75/A (sky130_fd_sc_hd__buf_2)
     6    0.048567    0.179420    0.193867    2.402332 ^ fanout75/X (sky130_fd_sc_hd__buf_2)
                                                         net75 (net)
                      0.179450    0.001969    2.404301 ^ fanout74/A (sky130_fd_sc_hd__buf_2)
     7    0.040572    0.150805    0.179236    2.583537 ^ fanout74/X (sky130_fd_sc_hd__buf_2)
                                                         net74 (net)
                      0.150894    0.003023    2.586560 ^ _756_/RESET_B (sky130_fd_sc_hd__dfrtp_1)
                                              2.586560   data arrival time

                                  0.000000    0.000000   clock wr_clk (rise edge)
                                  0.000000    0.000000   clock source latency
     1    0.026396    0.093078    0.065140    0.065140 ^ wr_clk (in)
                                                         wr_clk (net)
                      0.093240    0.000000    0.065140 ^ clkbuf_0_wr_clk/A (sky130_fd_sc_hd__clkbuf_16)
    16    0.111341    0.097775    0.149638    0.214779 ^ clkbuf_0_wr_clk/X (sky130_fd_sc_hd__clkbuf_16)
                                                         clknet_0_wr_clk (net)
                      0.098241    0.005475    0.220254 ^ clkbuf_4_15_0_wr_clk/A (sky130_fd_sc_hd__clkbuf_8)
     7    0.035619    0.056498    0.120546    0.340800 ^ clkbuf_4_15_0_wr_clk/X (sky130_fd_sc_hd__clkbuf_8)
                                                         clknet_4_15_0_wr_clk (net)
                      0.056545    0.001456    0.342256 ^ _756_/CLK (sky130_fd_sc_hd__dfrtp_1)
                                  0.250000    0.592256   clock uncertainty
                                  0.000000    0.592256   clock reconvergence pessimism
                                  0.231784    0.824040   library removal time
                                              0.824040   data required time
---------------------------------------------------------------------------------------------
                                              0.824040   data required time
                                             -2.586560   data arrival time
---------------------------------------------------------------------------------------------
                                              1.762519   slack (MET)


Startpoint: arst_n (input port clocked by wr_clk)
Endpoint: _791_ (removal check against rising-edge clock wr_clk)
Path Group: asynchronous
Path Type: min

Fanout         Cap        Slew       Delay        Time   Description
---------------------------------------------------------------------------------------------
                                  0.000000    0.000000   clock wr_clk (rise edge)
                                  0.000000    0.000000   clock network delay (propagated)
                                  2.000000    2.000000 ^ input external delay
     1    0.002917    0.014338    0.007589    2.007590 ^ arst_n (in)
                                                         arst_n (net)
                      0.014340    0.000000    2.007590 ^ input11/A (sky130_fd_sc_hd__clkbuf_1)
     1    0.002432    0.029098    0.045600    2.053189 ^ input11/X (sky130_fd_sc_hd__clkbuf_1)
                                                         net11 (net)
                      0.029099    0.000164    2.053353 ^ fanout76/A (sky130_fd_sc_hd__buf_2)
     5    0.041819    0.155419    0.153177    2.206530 ^ fanout76/X (sky130_fd_sc_hd__buf_2)
                                                         net76 (net)
                      0.155453    0.001935    2.208465 ^ fanout75/A (sky130_fd_sc_hd__buf_2)
     6    0.048567    0.179420    0.193867    2.402332 ^ fanout75/X (sky130_fd_sc_hd__buf_2)
                                                         net75 (net)
                      0.179450    0.001969    2.404301 ^ fanout74/A (sky130_fd_sc_hd__buf_2)
     7    0.040572    0.150805    0.179236    2.583537 ^ fanout74/X (sky130_fd_sc_hd__buf_2)
                                                         net74 (net)
                      0.150959    0.003963    2.587499 ^ _791_/RESET_B (sky130_fd_sc_hd__dfrtp_1)
                                              2.587499   data arrival time

                                  0.000000    0.000000   clock wr_clk (rise edge)
                                  0.000000    0.000000   clock source latency
     1    0.026396    0.093078    0.065140    0.065140 ^ wr_clk (in)
                                                         wr_clk (net)
                      0.093240    0.000000    0.065140 ^ clkbuf_0_wr_clk/A (sky130_fd_sc_hd__clkbuf_16)
    16    0.111341    0.097775    0.149638    0.214779 ^ clkbuf_0_wr_clk/X (sky130_fd_sc_hd__clkbuf_16)
                                                         clknet_0_wr_clk (net)
                      0.098241    0.005475    0.220254 ^ clkbuf_4_15_0_wr_clk/A (sky130_fd_sc_hd__clkbuf_8)
     7    0.035619    0.056498    0.120546    0.340800 ^ clkbuf_4_15_0_wr_clk/X (sky130_fd_sc_hd__clkbuf_8)
                                                         clknet_4_15_0_wr_clk (net)
                      0.056545    0.001462    0.342262 ^ _791_/CLK (sky130_fd_sc_hd__dfrtp_1)
                                  0.250000    0.592262   clock uncertainty
                                  0.000000    0.592262   clock reconvergence pessimism
                                  0.231801    0.824063   library removal time
                                              0.824063   data required time
---------------------------------------------------------------------------------------------
                                              0.824063   data required time
                                             -2.587499   data arrival time
---------------------------------------------------------------------------------------------
                                              1.763436   slack (MET)


Startpoint: arst_n (input port clocked by wr_clk)
Endpoint: _760_ (removal check against rising-edge clock wr_clk)
Path Group: asynchronous
Path Type: min

Fanout         Cap        Slew       Delay        Time   Description
---------------------------------------------------------------------------------------------
                                  0.000000    0.000000   clock wr_clk (rise edge)
                                  0.000000    0.000000   clock network delay (propagated)
                                  2.000000    2.000000 ^ input external delay
     1    0.002917    0.014338    0.007589    2.007590 ^ arst_n (in)
                                                         arst_n (net)
                      0.014340    0.000000    2.007590 ^ input11/A (sky130_fd_sc_hd__clkbuf_1)
     1    0.002432    0.029098    0.045600    2.053189 ^ input11/X (sky130_fd_sc_hd__clkbuf_1)
                                                         net11 (net)
                      0.029099    0.000164    2.053353 ^ fanout76/A (sky130_fd_sc_hd__buf_2)
     5    0.041819    0.155419    0.153177    2.206530 ^ fanout76/X (sky130_fd_sc_hd__buf_2)
                                                         net76 (net)
                      0.155453    0.001935    2.208465 ^ fanout75/A (sky130_fd_sc_hd__buf_2)
     6    0.048567    0.179420    0.193867    2.402332 ^ fanout75/X (sky130_fd_sc_hd__buf_2)
                                                         net75 (net)
                      0.179450    0.001969    2.404301 ^ fanout74/A (sky130_fd_sc_hd__buf_2)
     7    0.040572    0.150805    0.179236    2.583537 ^ fanout74/X (sky130_fd_sc_hd__buf_2)
                                                         net74 (net)
                      0.150965    0.004036    2.587573 ^ _760_/RESET_B (sky130_fd_sc_hd__dfrtp_1)
                                              2.587573   data arrival time

                                  0.000000    0.000000   clock wr_clk (rise edge)
                                  0.000000    0.000000   clock source latency
     1    0.026396    0.093078    0.065140    0.065140 ^ wr_clk (in)
                                                         wr_clk (net)
                      0.093240    0.000000    0.065140 ^ clkbuf_0_wr_clk/A (sky130_fd_sc_hd__clkbuf_16)
    16    0.111341    0.097775    0.149638    0.214779 ^ clkbuf_0_wr_clk/X (sky130_fd_sc_hd__clkbuf_16)
                                                         clknet_0_wr_clk (net)
                      0.098241    0.005475    0.220254 ^ clkbuf_4_15_0_wr_clk/A (sky130_fd_sc_hd__clkbuf_8)
     7    0.035619    0.056498    0.120546    0.340800 ^ clkbuf_4_15_0_wr_clk/X (sky130_fd_sc_hd__clkbuf_8)
                                                         clknet_4_15_0_wr_clk (net)
                      0.056549    0.001512    0.342312 ^ _760_/CLK (sky130_fd_sc_hd__dfrtp_1)
                                  0.250000    0.592312   clock uncertainty
                                  0.000000    0.592312   clock reconvergence pessimism
                                  0.231803    0.824115   library removal time
                                              0.824115   data required time
---------------------------------------------------------------------------------------------
                                              0.824115   data required time
                                             -2.587573   data arrival time
---------------------------------------------------------------------------------------------
                                              1.763458   slack (MET)


Startpoint: arst_n (input port clocked by wr_clk)
Endpoint: _790_ (removal check against rising-edge clock wr_clk)
Path Group: asynchronous
Path Type: min

Fanout         Cap        Slew       Delay        Time   Description
---------------------------------------------------------------------------------------------
                                  0.000000    0.000000   clock wr_clk (rise edge)
                                  0.000000    0.000000   clock network delay (propagated)
                                  2.000000    2.000000 ^ input external delay
     1    0.002917    0.014338    0.007589    2.007590 ^ arst_n (in)
                                                         arst_n (net)
                      0.014340    0.000000    2.007590 ^ input11/A (sky130_fd_sc_hd__clkbuf_1)
     1    0.002432    0.029098    0.045600    2.053189 ^ input11/X (sky130_fd_sc_hd__clkbuf_1)
                                                         net11 (net)
                      0.029099    0.000164    2.053353 ^ fanout76/A (sky130_fd_sc_hd__buf_2)
     5    0.041819    0.155419    0.153177    2.206530 ^ fanout76/X (sky130_fd_sc_hd__buf_2)
                                                         net76 (net)
                      0.155453    0.001935    2.208465 ^ fanout75/A (sky130_fd_sc_hd__buf_2)
     6    0.048567    0.179420    0.193867    2.402332 ^ fanout75/X (sky130_fd_sc_hd__buf_2)
                                                         net75 (net)
                      0.179450    0.001969    2.404301 ^ fanout74/A (sky130_fd_sc_hd__buf_2)
     7    0.040572    0.150805    0.179236    2.583537 ^ fanout74/X (sky130_fd_sc_hd__buf_2)
                                                         net74 (net)
                      0.150832    0.001670    2.585206 ^ fanout73/A (sky130_fd_sc_hd__clkbuf_4)
    10    0.049590    0.117922    0.177642    2.762849 ^ fanout73/X (sky130_fd_sc_hd__clkbuf_4)
                                                         net73 (net)
                      0.118273    0.005218    2.768067 ^ _790_/RESET_B (sky130_fd_sc_hd__dfrtp_1)
                                              2.768067   data arrival time

                                  0.000000    0.000000   clock wr_clk (rise edge)
                                  0.000000    0.000000   clock source latency
     1    0.026396    0.093078    0.065140    0.065140 ^ wr_clk (in)
                                                         wr_clk (net)
                      0.093240    0.000000    0.065140 ^ clkbuf_0_wr_clk/A (sky130_fd_sc_hd__clkbuf_16)
    16    0.111341    0.097775    0.149638    0.214779 ^ clkbuf_0_wr_clk/X (sky130_fd_sc_hd__clkbuf_16)
                                                         clknet_0_wr_clk (net)
                      0.098179    0.005117    0.219896 ^ clkbuf_4_13_0_wr_clk/A (sky130_fd_sc_hd__clkbuf_8)
     8    0.044729    0.067598    0.128023    0.347919 ^ clkbuf_4_13_0_wr_clk/X (sky130_fd_sc_hd__clkbuf_8)
                                                         clknet_4_13_0_wr_clk (net)
                      0.067676    0.001854    0.349773 ^ _790_/CLK (sky130_fd_sc_hd__dfrtp_1)
                                  0.250000    0.599773   clock uncertainty
                                  0.000000    0.599773   clock reconvergence pessimism
                                  0.224835    0.824608   library removal time
                                              0.824608   data required time
---------------------------------------------------------------------------------------------
                                              0.824608   data required time
                                             -2.768067   data arrival time
---------------------------------------------------------------------------------------------
                                              1.943459   slack (MET)


Startpoint: arst_n (input port clocked by wr_clk)
Endpoint: _759_ (removal check against rising-edge clock wr_clk)
Path Group: asynchronous
Path Type: min

Fanout         Cap        Slew       Delay        Time   Description
---------------------------------------------------------------------------------------------
                                  0.000000    0.000000   clock wr_clk (rise edge)
                                  0.000000    0.000000   clock network delay (propagated)
                                  2.000000    2.000000 ^ input external delay
     1    0.002917    0.014338    0.007589    2.007590 ^ arst_n (in)
                                                         arst_n (net)
                      0.014340    0.000000    2.007590 ^ input11/A (sky130_fd_sc_hd__clkbuf_1)
     1    0.002432    0.029098    0.045600    2.053189 ^ input11/X (sky130_fd_sc_hd__clkbuf_1)
                                                         net11 (net)
                      0.029099    0.000164    2.053353 ^ fanout76/A (sky130_fd_sc_hd__buf_2)
     5    0.041819    0.155419    0.153177    2.206530 ^ fanout76/X (sky130_fd_sc_hd__buf_2)
                                                         net76 (net)
                      0.155453    0.001935    2.208465 ^ fanout75/A (sky130_fd_sc_hd__buf_2)
     6    0.048567    0.179420    0.193867    2.402332 ^ fanout75/X (sky130_fd_sc_hd__buf_2)
                                                         net75 (net)
                      0.179450    0.001969    2.404301 ^ fanout74/A (sky130_fd_sc_hd__buf_2)
     7    0.040572    0.150805    0.179236    2.583537 ^ fanout74/X (sky130_fd_sc_hd__buf_2)
                                                         net74 (net)
                      0.150832    0.001670    2.585206 ^ fanout73/A (sky130_fd_sc_hd__clkbuf_4)
    10    0.049590    0.117922    0.177642    2.762849 ^ fanout73/X (sky130_fd_sc_hd__clkbuf_4)
                                                         net73 (net)
                      0.118301    0.005413    2.768262 ^ _759_/RESET_B (sky130_fd_sc_hd__dfrtp_1)
                                              2.768262   data arrival time

                                  0.000000    0.000000   clock wr_clk (rise edge)
                                  0.000000    0.000000   clock source latency
     1    0.026396    0.093078    0.065140    0.065140 ^ wr_clk (in)
                                                         wr_clk (net)
                      0.093240    0.000000    0.065140 ^ clkbuf_0_wr_clk/A (sky130_fd_sc_hd__clkbuf_16)
    16    0.111341    0.097775    0.149638    0.214779 ^ clkbuf_0_wr_clk/X (sky130_fd_sc_hd__clkbuf_16)
                                                         clknet_0_wr_clk (net)
                      0.098179    0.005117    0.219896 ^ clkbuf_4_13_0_wr_clk/A (sky130_fd_sc_hd__clkbuf_8)
     8    0.044729    0.067598    0.128023    0.347919 ^ clkbuf_4_13_0_wr_clk/X (sky130_fd_sc_hd__clkbuf_8)
                                                         clknet_4_13_0_wr_clk (net)
                      0.067679    0.001890    0.349809 ^ _759_/CLK (sky130_fd_sc_hd__dfrtp_1)
                                  0.250000    0.599809   clock uncertainty
                                  0.000000    0.599809   clock reconvergence pessimism
                                  0.224842    0.824651   library removal time
                                              0.824651   data required time
---------------------------------------------------------------------------------------------
                                              0.824651   data required time
                                             -2.768262   data arrival time
---------------------------------------------------------------------------------------------
                                              1.943610   slack (MET)


Startpoint: arst_n (input port clocked by wr_clk)
Endpoint: _787_ (removal check against rising-edge clock wr_clk)
Path Group: asynchronous
Path Type: min

Fanout         Cap        Slew       Delay        Time   Description
---------------------------------------------------------------------------------------------
                                  0.000000    0.000000   clock wr_clk (rise edge)
                                  0.000000    0.000000   clock network delay (propagated)
                                  2.000000    2.000000 ^ input external delay
     1    0.002917    0.014338    0.007589    2.007590 ^ arst_n (in)
                                                         arst_n (net)
                      0.014340    0.000000    2.007590 ^ input11/A (sky130_fd_sc_hd__clkbuf_1)
     1    0.002432    0.029098    0.045600    2.053189 ^ input11/X (sky130_fd_sc_hd__clkbuf_1)
                                                         net11 (net)
                      0.029099    0.000164    2.053353 ^ fanout76/A (sky130_fd_sc_hd__buf_2)
     5    0.041819    0.155419    0.153177    2.206530 ^ fanout76/X (sky130_fd_sc_hd__buf_2)
                                                         net76 (net)
                      0.155453    0.001935    2.208465 ^ fanout75/A (sky130_fd_sc_hd__buf_2)
     6    0.048567    0.179420    0.193867    2.402332 ^ fanout75/X (sky130_fd_sc_hd__buf_2)
                                                         net75 (net)
                      0.179450    0.001969    2.404301 ^ fanout74/A (sky130_fd_sc_hd__buf_2)
     7    0.040572    0.150805    0.179236    2.583537 ^ fanout74/X (sky130_fd_sc_hd__buf_2)
                                                         net74 (net)
                      0.150832    0.001670    2.585206 ^ fanout73/A (sky130_fd_sc_hd__clkbuf_4)
    10    0.049590    0.117922    0.177642    2.762849 ^ fanout73/X (sky130_fd_sc_hd__clkbuf_4)
                                                         net73 (net)
                      0.118013    0.002707    2.765555 ^ _787_/RESET_B (sky130_fd_sc_hd__dfrtp_1)
                                              2.765555   data arrival time

                                  0.000000    0.000000   clock wr_clk (rise edge)
                                  0.000000    0.000000   clock source latency
     1    0.026396    0.093078    0.065140    0.065140 ^ wr_clk (in)
                                                         wr_clk (net)
                      0.093240    0.000000    0.065140 ^ clkbuf_0_wr_clk/A (sky130_fd_sc_hd__clkbuf_16)
    16    0.111341    0.097775    0.149638    0.214779 ^ clkbuf_0_wr_clk/X (sky130_fd_sc_hd__clkbuf_16)
                                                         clknet_0_wr_clk (net)
                      0.098241    0.005475    0.220254 ^ clkbuf_4_15_0_wr_clk/A (sky130_fd_sc_hd__clkbuf_8)
     7    0.035619    0.056498    0.120546    0.340800 ^ clkbuf_4_15_0_wr_clk/X (sky130_fd_sc_hd__clkbuf_8)
                                                         clknet_4_15_0_wr_clk (net)
                      0.056551    0.001544    0.342344 ^ _787_/CLK (sky130_fd_sc_hd__dfrtp_1)
                                  0.250000    0.592344   clock uncertainty
                                  0.000000    0.592344   clock reconvergence pessimism
                                  0.223248    0.815592   library removal time
                                              0.815592   data required time
---------------------------------------------------------------------------------------------
                                              0.815592   data required time
                                             -2.765555   data arrival time
---------------------------------------------------------------------------------------------
                                              1.949964   slack (MET)


Startpoint: arst_n (input port clocked by wr_clk)
Endpoint: _793_ (removal check against rising-edge clock wr_clk)
Path Group: asynchronous
Path Type: min

Fanout         Cap        Slew       Delay        Time   Description
---------------------------------------------------------------------------------------------
                                  0.000000    0.000000   clock wr_clk (rise edge)
                                  0.000000    0.000000   clock network delay (propagated)
                                  2.000000    2.000000 ^ input external delay
     1    0.002917    0.014338    0.007589    2.007590 ^ arst_n (in)
                                                         arst_n (net)
                      0.014340    0.000000    2.007590 ^ input11/A (sky130_fd_sc_hd__clkbuf_1)
     1    0.002432    0.029098    0.045600    2.053189 ^ input11/X (sky130_fd_sc_hd__clkbuf_1)
                                                         net11 (net)
                      0.029099    0.000164    2.053353 ^ fanout76/A (sky130_fd_sc_hd__buf_2)
     5    0.041819    0.155419    0.153177    2.206530 ^ fanout76/X (sky130_fd_sc_hd__buf_2)
                                                         net76 (net)
                      0.155453    0.001935    2.208465 ^ fanout75/A (sky130_fd_sc_hd__buf_2)
     6    0.048567    0.179420    0.193867    2.402332 ^ fanout75/X (sky130_fd_sc_hd__buf_2)
                                                         net75 (net)
                      0.179450    0.001969    2.404301 ^ fanout74/A (sky130_fd_sc_hd__buf_2)
     7    0.040572    0.150805    0.179236    2.583537 ^ fanout74/X (sky130_fd_sc_hd__buf_2)
                                                         net74 (net)
                      0.150832    0.001670    2.585206 ^ fanout73/A (sky130_fd_sc_hd__clkbuf_4)
    10    0.049590    0.117922    0.177642    2.762849 ^ fanout73/X (sky130_fd_sc_hd__clkbuf_4)
                                                         net73 (net)
                      0.118022    0.002844    2.765692 ^ _793_/RESET_B (sky130_fd_sc_hd__dfrtp_2)
                                              2.765692   data arrival time

                                  0.000000    0.000000   clock wr_clk (rise edge)
                                  0.000000    0.000000   clock source latency
     1    0.026396    0.093078    0.065140    0.065140 ^ wr_clk (in)
                                                         wr_clk (net)
                      0.093240    0.000000    0.065140 ^ clkbuf_0_wr_clk/A (sky130_fd_sc_hd__clkbuf_16)
    16    0.111341    0.097775    0.149638    0.214779 ^ clkbuf_0_wr_clk/X (sky130_fd_sc_hd__clkbuf_16)
                                                         clknet_0_wr_clk (net)
                      0.098241    0.005475    0.220254 ^ clkbuf_4_15_0_wr_clk/A (sky130_fd_sc_hd__clkbuf_8)
     7    0.035619    0.056498    0.120546    0.340800 ^ clkbuf_4_15_0_wr_clk/X (sky130_fd_sc_hd__clkbuf_8)
                                                         clknet_4_15_0_wr_clk (net)
                      0.056561    0.001659    0.342459 ^ _793_/CLK (sky130_fd_sc_hd__dfrtp_2)
                                  0.250000    0.592459   clock uncertainty
                                  0.000000    0.592459   clock reconvergence pessimism
                                  0.223251    0.815710   library removal time
                                              0.815710   data required time
---------------------------------------------------------------------------------------------
                                              0.815710   data required time
                                             -2.765692   data arrival time
---------------------------------------------------------------------------------------------
                                              1.949982   slack (MET)


Startpoint: arst_n (input port clocked by wr_clk)
Endpoint: _771_ (removal check against rising-edge clock wr_clk)
Path Group: asynchronous
Path Type: min

Fanout         Cap        Slew       Delay        Time   Description
---------------------------------------------------------------------------------------------
                                  0.000000    0.000000   clock wr_clk (rise edge)
                                  0.000000    0.000000   clock network delay (propagated)
                                  2.000000    2.000000 ^ input external delay
     1    0.002917    0.014338    0.007589    2.007590 ^ arst_n (in)
                                                         arst_n (net)
                      0.014340    0.000000    2.007590 ^ input11/A (sky130_fd_sc_hd__clkbuf_1)
     1    0.002432    0.029098    0.045600    2.053189 ^ input11/X (sky130_fd_sc_hd__clkbuf_1)
                                                         net11 (net)
                      0.029099    0.000164    2.053353 ^ fanout76/A (sky130_fd_sc_hd__buf_2)
     5    0.041819    0.155419    0.153177    2.206530 ^ fanout76/X (sky130_fd_sc_hd__buf_2)
                                                         net76 (net)
                      0.155453    0.001935    2.208465 ^ fanout75/A (sky130_fd_sc_hd__buf_2)
     6    0.048567    0.179420    0.193867    2.402332 ^ fanout75/X (sky130_fd_sc_hd__buf_2)
                                                         net75 (net)
                      0.179450    0.001969    2.404301 ^ fanout74/A (sky130_fd_sc_hd__buf_2)
     7    0.040572    0.150805    0.179236    2.583537 ^ fanout74/X (sky130_fd_sc_hd__buf_2)
                                                         net74 (net)
                      0.150832    0.001670    2.585206 ^ fanout73/A (sky130_fd_sc_hd__clkbuf_4)
    10    0.049590    0.117922    0.177642    2.762849 ^ fanout73/X (sky130_fd_sc_hd__clkbuf_4)
                                                         net73 (net)
                      0.118202    0.004679    2.767527 ^ _771_/RESET_B (sky130_fd_sc_hd__dfrtp_1)
                                              2.767527   data arrival time

                                  0.000000    0.000000   clock wr_clk (rise edge)
                                  0.000000    0.000000   clock source latency
     1    0.026396    0.093078    0.065140    0.065140 ^ wr_clk (in)
                                                         wr_clk (net)
                      0.093240    0.000000    0.065140 ^ clkbuf_0_wr_clk/A (sky130_fd_sc_hd__clkbuf_16)
    16    0.111341    0.097775    0.149638    0.214779 ^ clkbuf_0_wr_clk/X (sky130_fd_sc_hd__clkbuf_16)
                                                         clknet_0_wr_clk (net)
                      0.098142    0.004888    0.219666 ^ clkbuf_4_12_0_wr_clk/A (sky130_fd_sc_hd__clkbuf_8)
     8    0.038111    0.059332    0.122910    0.342576 ^ clkbuf_4_12_0_wr_clk/X (sky130_fd_sc_hd__clkbuf_8)
                                                         clknet_4_12_0_wr_clk (net)
                      0.059359    0.001181    0.343757 ^ _771_/CLK (sky130_fd_sc_hd__dfrtp_1)
                                  0.250000    0.593757   clock uncertainty
                                  0.000000    0.593757   clock reconvergence pessimism
                                  0.223680    0.817438   library removal time
                                              0.817438   data required time
---------------------------------------------------------------------------------------------
                                              0.817438   data required time
                                             -2.767527   data arrival time
---------------------------------------------------------------------------------------------
                                              1.950090   slack (MET)


Startpoint: arst_n (input port clocked by wr_clk)
Endpoint: _770_ (removal check against rising-edge clock wr_clk)
Path Group: asynchronous
Path Type: min

Fanout         Cap        Slew       Delay        Time   Description
---------------------------------------------------------------------------------------------
                                  0.000000    0.000000   clock wr_clk (rise edge)
                                  0.000000    0.000000   clock network delay (propagated)
                                  2.000000    2.000000 ^ input external delay
     1    0.002917    0.014338    0.007589    2.007590 ^ arst_n (in)
                                                         arst_n (net)
                      0.014340    0.000000    2.007590 ^ input11/A (sky130_fd_sc_hd__clkbuf_1)
     1    0.002432    0.029098    0.045600    2.053189 ^ input11/X (sky130_fd_sc_hd__clkbuf_1)
                                                         net11 (net)
                      0.029099    0.000164    2.053353 ^ fanout76/A (sky130_fd_sc_hd__buf_2)
     5    0.041819    0.155419    0.153177    2.206530 ^ fanout76/X (sky130_fd_sc_hd__buf_2)
                                                         net76 (net)
                      0.155453    0.001935    2.208465 ^ fanout75/A (sky130_fd_sc_hd__buf_2)
     6    0.048567    0.179420    0.193867    2.402332 ^ fanout75/X (sky130_fd_sc_hd__buf_2)
                                                         net75 (net)
                      0.179450    0.001969    2.404301 ^ fanout74/A (sky130_fd_sc_hd__buf_2)
     7    0.040572    0.150805    0.179236    2.583537 ^ fanout74/X (sky130_fd_sc_hd__buf_2)
                                                         net74 (net)
                      0.150832    0.001670    2.585206 ^ fanout73/A (sky130_fd_sc_hd__clkbuf_4)
    10    0.049590    0.117922    0.177642    2.762849 ^ fanout73/X (sky130_fd_sc_hd__clkbuf_4)
                                                         net73 (net)
                      0.118261    0.005128    2.767976 ^ _770_/RESET_B (sky130_fd_sc_hd__dfrtp_1)
                                              2.767976   data arrival time

                                  0.000000    0.000000   clock wr_clk (rise edge)
                                  0.000000    0.000000   clock source latency
     1    0.026396    0.093078    0.065140    0.065140 ^ wr_clk (in)
                                                         wr_clk (net)
                      0.093240    0.000000    0.065140 ^ clkbuf_0_wr_clk/A (sky130_fd_sc_hd__clkbuf_16)
    16    0.111341    0.097775    0.149638    0.214779 ^ clkbuf_0_wr_clk/X (sky130_fd_sc_hd__clkbuf_16)
                                                         clknet_0_wr_clk (net)
                      0.098142    0.004888    0.219666 ^ clkbuf_4_12_0_wr_clk/A (sky130_fd_sc_hd__clkbuf_8)
     8    0.038111    0.059332    0.122910    0.342576 ^ clkbuf_4_12_0_wr_clk/X (sky130_fd_sc_hd__clkbuf_8)
                                                         clknet_4_12_0_wr_clk (net)
                      0.059363    0.001237    0.343813 ^ _770_/CLK (sky130_fd_sc_hd__dfrtp_1)
                                  0.250000    0.593813   clock uncertainty
                                  0.000000    0.593813   clock reconvergence pessimism
                                  0.223696    0.817509   library removal time
                                              0.817509   data required time
---------------------------------------------------------------------------------------------
                                              0.817509   data required time
                                             -2.767976   data arrival time
---------------------------------------------------------------------------------------------
                                              1.950467   slack (MET)


Startpoint: arst_n (input port clocked by wr_clk)
Endpoint: _772_ (removal check against rising-edge clock wr_clk)
Path Group: asynchronous
Path Type: min

Fanout         Cap        Slew       Delay        Time   Description
---------------------------------------------------------------------------------------------
                                  0.000000    0.000000   clock wr_clk (rise edge)
                                  0.000000    0.000000   clock network delay (propagated)
                                  2.000000    2.000000 ^ input external delay
     1    0.002917    0.014338    0.007589    2.007590 ^ arst_n (in)
                                                         arst_n (net)
                      0.014340    0.000000    2.007590 ^ input11/A (sky130_fd_sc_hd__clkbuf_1)
     1    0.002432    0.029098    0.045600    2.053189 ^ input11/X (sky130_fd_sc_hd__clkbuf_1)
                                                         net11 (net)
                      0.029099    0.000164    2.053353 ^ fanout76/A (sky130_fd_sc_hd__buf_2)
     5    0.041819    0.155419    0.153177    2.206530 ^ fanout76/X (sky130_fd_sc_hd__buf_2)
                                                         net76 (net)
                      0.155453    0.001935    2.208465 ^ fanout75/A (sky130_fd_sc_hd__buf_2)
     6    0.048567    0.179420    0.193867    2.402332 ^ fanout75/X (sky130_fd_sc_hd__buf_2)
                                                         net75 (net)
                      0.179450    0.001969    2.404301 ^ fanout74/A (sky130_fd_sc_hd__buf_2)
     7    0.040572    0.150805    0.179236    2.583537 ^ fanout74/X (sky130_fd_sc_hd__buf_2)
                                                         net74 (net)
                      0.150832    0.001670    2.585206 ^ fanout73/A (sky130_fd_sc_hd__clkbuf_4)
    10    0.049590    0.117922    0.177642    2.762849 ^ fanout73/X (sky130_fd_sc_hd__clkbuf_4)
                                                         net73 (net)
                      0.118258    0.005112    2.767960 ^ _772_/RESET_B (sky130_fd_sc_hd__dfrtp_1)
                                              2.767960   data arrival time

                                  0.000000    0.000000   clock wr_clk (rise edge)
                                  0.000000    0.000000   clock source latency
     1    0.026396    0.093078    0.065140    0.065140 ^ wr_clk (in)
                                                         wr_clk (net)
                      0.093240    0.000000    0.065140 ^ clkbuf_0_wr_clk/A (sky130_fd_sc_hd__clkbuf_16)
    16    0.111341    0.097775    0.149638    0.214779 ^ clkbuf_0_wr_clk/X (sky130_fd_sc_hd__clkbuf_16)
                                                         clknet_0_wr_clk (net)
                      0.098142    0.004888    0.219666 ^ clkbuf_4_12_0_wr_clk/A (sky130_fd_sc_hd__clkbuf_8)
     8    0.038111    0.059332    0.122910    0.342576 ^ clkbuf_4_12_0_wr_clk/X (sky130_fd_sc_hd__clkbuf_8)
                                                         clknet_4_12_0_wr_clk (net)
                      0.059348    0.000956    0.343532 ^ _772_/CLK (sky130_fd_sc_hd__dfrtp_1)
                                  0.250000    0.593532   clock uncertainty
                                  0.000000    0.593532   clock reconvergence pessimism
                                  0.223693    0.817226   library removal time
                                              0.817226   data required time
---------------------------------------------------------------------------------------------
                                              0.817226   data required time
                                             -2.767960   data arrival time
---------------------------------------------------------------------------------------------
                                              1.950735   slack (MET)


Startpoint: arst_n (input port clocked by wr_clk)
Endpoint: _761_ (removal check against rising-edge clock wr_clk)
Path Group: asynchronous
Path Type: min

Fanout         Cap        Slew       Delay        Time   Description
---------------------------------------------------------------------------------------------
                                  0.000000    0.000000   clock wr_clk (rise edge)
                                  0.000000    0.000000   clock network delay (propagated)
                                  2.000000    2.000000 ^ input external delay
     1    0.002917    0.014338    0.007589    2.007590 ^ arst_n (in)
                                                         arst_n (net)
                      0.014340    0.000000    2.007590 ^ input11/A (sky130_fd_sc_hd__clkbuf_1)
     1    0.002432    0.029098    0.045600    2.053189 ^ input11/X (sky130_fd_sc_hd__clkbuf_1)
                                                         net11 (net)
                      0.029099    0.000164    2.053353 ^ fanout76/A (sky130_fd_sc_hd__buf_2)
     5    0.041819    0.155419    0.153177    2.206530 ^ fanout76/X (sky130_fd_sc_hd__buf_2)
                                                         net76 (net)
                      0.155453    0.001935    2.208465 ^ fanout75/A (sky130_fd_sc_hd__buf_2)
     6    0.048567    0.179420    0.193867    2.402332 ^ fanout75/X (sky130_fd_sc_hd__buf_2)
                                                         net75 (net)
                      0.179450    0.001969    2.404301 ^ fanout74/A (sky130_fd_sc_hd__buf_2)
     7    0.040572    0.150805    0.179236    2.583537 ^ fanout74/X (sky130_fd_sc_hd__buf_2)
                                                         net74 (net)
                      0.150832    0.001670    2.585206 ^ fanout73/A (sky130_fd_sc_hd__clkbuf_4)
    10    0.049590    0.117922    0.177642    2.762849 ^ fanout73/X (sky130_fd_sc_hd__clkbuf_4)
                                                         net73 (net)
                      0.117941    0.001280    2.764129 ^ fanout72/A (sky130_fd_sc_hd__clkbuf_4)
    10    0.047030    0.111543    0.169021    2.933150 ^ fanout72/X (sky130_fd_sc_hd__clkbuf_4)
                                                         net72 (net)
                      0.111662    0.002371    2.935521 ^ _761_/RESET_B (sky130_fd_sc_hd__dfrtp_4)
                                              2.935521   data arrival time

                                  0.000000    0.000000   clock wr_clk (rise edge)
                                  0.000000    0.000000   clock source latency
     1    0.026396    0.093078    0.065140    0.065140 ^ wr_clk (in)
                                                         wr_clk (net)
                      0.093240    0.000000    0.065140 ^ clkbuf_0_wr_clk/A (sky130_fd_sc_hd__clkbuf_16)
    16    0.111341    0.097775    0.149638    0.214779 ^ clkbuf_0_wr_clk/X (sky130_fd_sc_hd__clkbuf_16)
                                                         clknet_0_wr_clk (net)
                      0.098216    0.005336    0.220114 ^ clkbuf_4_14_0_wr_clk/A (sky130_fd_sc_hd__clkbuf_8)
     6    0.037064    0.058222    0.120737    0.340851 ^ clkbuf_4_14_0_wr_clk/X (sky130_fd_sc_hd__clkbuf_8)
                                                         clknet_4_14_0_wr_clk (net)
                      0.058502    0.003177    0.344028 ^ _761_/CLK (sky130_fd_sc_hd__dfrtp_4)
                                  0.250000    0.594028   clock uncertainty
                                  0.000000    0.594028   clock reconvergence pessimism
                                  0.222737    0.816765   library removal time
                                              0.816765   data required time
---------------------------------------------------------------------------------------------
                                              0.816765   data required time
                                             -2.935521   data arrival time
---------------------------------------------------------------------------------------------
                                              2.118756   slack (MET)


Startpoint: arst_n (input port clocked by wr_clk)
Endpoint: _786_ (removal check against rising-edge clock wr_clk)
Path Group: asynchronous
Path Type: min

Fanout         Cap        Slew       Delay        Time   Description
---------------------------------------------------------------------------------------------
                                  0.000000    0.000000   clock wr_clk (rise edge)
                                  0.000000    0.000000   clock network delay (propagated)
                                  2.000000    2.000000 ^ input external delay
     1    0.002917    0.014338    0.007589    2.007590 ^ arst_n (in)
                                                         arst_n (net)
                      0.014340    0.000000    2.007590 ^ input11/A (sky130_fd_sc_hd__clkbuf_1)
     1    0.002432    0.029098    0.045600    2.053189 ^ input11/X (sky130_fd_sc_hd__clkbuf_1)
                                                         net11 (net)
                      0.029099    0.000164    2.053353 ^ fanout76/A (sky130_fd_sc_hd__buf_2)
     5    0.041819    0.155419    0.153177    2.206530 ^ fanout76/X (sky130_fd_sc_hd__buf_2)
                                                         net76 (net)
                      0.155453    0.001935    2.208465 ^ fanout75/A (sky130_fd_sc_hd__buf_2)
     6    0.048567    0.179420    0.193867    2.402332 ^ fanout75/X (sky130_fd_sc_hd__buf_2)
                                                         net75 (net)
                      0.179450    0.001969    2.404301 ^ fanout74/A (sky130_fd_sc_hd__buf_2)
     7    0.040572    0.150805    0.179236    2.583537 ^ fanout74/X (sky130_fd_sc_hd__buf_2)
                                                         net74 (net)
                      0.150832    0.001670    2.585206 ^ fanout73/A (sky130_fd_sc_hd__clkbuf_4)
    10    0.049590    0.117922    0.177642    2.762849 ^ fanout73/X (sky130_fd_sc_hd__clkbuf_4)
                                                         net73 (net)
                      0.117941    0.001280    2.764129 ^ fanout72/A (sky130_fd_sc_hd__clkbuf_4)
    10    0.047030    0.111543    0.169021    2.933150 ^ fanout72/X (sky130_fd_sc_hd__clkbuf_4)
                                                         net72 (net)
                      0.111659    0.002331    2.935481 ^ _786_/RESET_B (sky130_fd_sc_hd__dfrtp_1)
                                              2.935481   data arrival time

                                  0.000000    0.000000   clock wr_clk (rise edge)
                                  0.000000    0.000000   clock source latency
     1    0.026396    0.093078    0.065140    0.065140 ^ wr_clk (in)
                                                         wr_clk (net)
                      0.093240    0.000000    0.065140 ^ clkbuf_0_wr_clk/A (sky130_fd_sc_hd__clkbuf_16)
    16    0.111341    0.097775    0.149638    0.214779 ^ clkbuf_0_wr_clk/X (sky130_fd_sc_hd__clkbuf_16)
                                                         clknet_0_wr_clk (net)
                      0.098216    0.005336    0.220114 ^ clkbuf_4_14_0_wr_clk/A (sky130_fd_sc_hd__clkbuf_8)
     6    0.037064    0.058222    0.120737    0.340851 ^ clkbuf_4_14_0_wr_clk/X (sky130_fd_sc_hd__clkbuf_8)
                                                         clknet_4_14_0_wr_clk (net)
                      0.058518    0.003262    0.344113 ^ _786_/CLK (sky130_fd_sc_hd__dfrtp_1)
                                  0.250000    0.594113   clock uncertainty
                                  0.000000    0.594113   clock reconvergence pessimism
                                  0.221867    0.815980   library removal time
                                              0.815980   data required time
---------------------------------------------------------------------------------------------
                                              0.815980   data required time
                                             -2.935481   data arrival time
---------------------------------------------------------------------------------------------
                                              2.119501   slack (MET)


Startpoint: arst_n (input port clocked by wr_clk)
Endpoint: _788_ (removal check against rising-edge clock wr_clk)
Path Group: asynchronous
Path Type: min

Fanout         Cap        Slew       Delay        Time   Description
---------------------------------------------------------------------------------------------
                                  0.000000    0.000000   clock wr_clk (rise edge)
                                  0.000000    0.000000   clock network delay (propagated)
                                  2.000000    2.000000 ^ input external delay
     1    0.002917    0.014338    0.007589    2.007590 ^ arst_n (in)
                                                         arst_n (net)
                      0.014340    0.000000    2.007590 ^ input11/A (sky130_fd_sc_hd__clkbuf_1)
     1    0.002432    0.029098    0.045600    2.053189 ^ input11/X (sky130_fd_sc_hd__clkbuf_1)
                                                         net11 (net)
                      0.029099    0.000164    2.053353 ^ fanout76/A (sky130_fd_sc_hd__buf_2)
     5    0.041819    0.155419    0.153177    2.206530 ^ fanout76/X (sky130_fd_sc_hd__buf_2)
                                                         net76 (net)
                      0.155453    0.001935    2.208465 ^ fanout75/A (sky130_fd_sc_hd__buf_2)
     6    0.048567    0.179420    0.193867    2.402332 ^ fanout75/X (sky130_fd_sc_hd__buf_2)
                                                         net75 (net)
                      0.179450    0.001969    2.404301 ^ fanout74/A (sky130_fd_sc_hd__buf_2)
     7    0.040572    0.150805    0.179236    2.583537 ^ fanout74/X (sky130_fd_sc_hd__buf_2)
                                                         net74 (net)
                      0.150832    0.001670    2.585206 ^ fanout73/A (sky130_fd_sc_hd__clkbuf_4)
    10    0.049590    0.117922    0.177642    2.762849 ^ fanout73/X (sky130_fd_sc_hd__clkbuf_4)
                                                         net73 (net)
                      0.117941    0.001280    2.764129 ^ fanout72/A (sky130_fd_sc_hd__clkbuf_4)
    10    0.047030    0.111543    0.169021    2.933150 ^ fanout72/X (sky130_fd_sc_hd__clkbuf_4)
                                                         net72 (net)
                      0.111672    0.002523    2.935673 ^ _788_/RESET_B (sky130_fd_sc_hd__dfrtp_1)
                                              2.935673   data arrival time

                                  0.000000    0.000000   clock wr_clk (rise edge)
                                  0.000000    0.000000   clock source latency
     1    0.026396    0.093078    0.065140    0.065140 ^ wr_clk (in)
                                                         wr_clk (net)
                      0.093240    0.000000    0.065140 ^ clkbuf_0_wr_clk/A (sky130_fd_sc_hd__clkbuf_16)
    16    0.111341    0.097775    0.149638    0.214779 ^ clkbuf_0_wr_clk/X (sky130_fd_sc_hd__clkbuf_16)
                                                         clknet_0_wr_clk (net)
                      0.098216    0.005336    0.220114 ^ clkbuf_4_14_0_wr_clk/A (sky130_fd_sc_hd__clkbuf_8)
     6    0.037064    0.058222    0.120737    0.340851 ^ clkbuf_4_14_0_wr_clk/X (sky130_fd_sc_hd__clkbuf_8)
                                                         clknet_4_14_0_wr_clk (net)
                      0.058543    0.003397    0.344247 ^ _788_/CLK (sky130_fd_sc_hd__dfrtp_1)
                                  0.250000    0.594247   clock uncertainty
                                  0.000000    0.594247   clock reconvergence pessimism
                                  0.221873    0.816121   library removal time
                                              0.816121   data required time
---------------------------------------------------------------------------------------------
                                              0.816121   data required time
                                             -2.935673   data arrival time
---------------------------------------------------------------------------------------------
                                              2.119552   slack (MET)


Startpoint: _756_ (rising edge-triggered flip-flop clocked by wr_clk)
Endpoint: afull (output port clocked by wr_clk)
Path Group: wr_clk
Path Type: min

Fanout         Cap        Slew       Delay        Time   Description
---------------------------------------------------------------------------------------------
                                  0.000000    0.000000   clock wr_clk (rise edge)
                                  0.000000    0.000000   clock source latency
     1    0.026396    0.093078    0.065140    0.065140 ^ wr_clk (in)
                                                         wr_clk (net)
                      0.093240    0.000000    0.065140 ^ clkbuf_0_wr_clk/A (sky130_fd_sc_hd__clkbuf_16)
    16    0.111341    0.097775    0.149638    0.214779 ^ clkbuf_0_wr_clk/X (sky130_fd_sc_hd__clkbuf_16)
                                                         clknet_0_wr_clk (net)
                      0.098241    0.005475    0.220254 ^ clkbuf_4_15_0_wr_clk/A (sky130_fd_sc_hd__clkbuf_8)
     7    0.035619    0.056498    0.120546    0.340800 ^ clkbuf_4_15_0_wr_clk/X (sky130_fd_sc_hd__clkbuf_8)
                                                         clknet_4_15_0_wr_clk (net)
                      0.056545    0.001456    0.342256 ^ _756_/CLK (sky130_fd_sc_hd__dfrtp_1)
     1    0.002311    0.029011    0.201340    0.543596 ^ _756_/Q (sky130_fd_sc_hd__dfrtp_1)
                                                         net24 (net)
                      0.029011    0.000159    0.543755 ^ output24/A (sky130_fd_sc_hd__buf_2)
     1    0.033996    0.126970    0.135351    0.679106 ^ output24/X (sky130_fd_sc_hd__buf_2)
                                                         afull (net)
                      0.127000    0.001612    0.680718 ^ afull (out)
                                              0.680718   data arrival time

                                  0.000000    0.000000   clock wr_clk (rise edge)
                                  0.000000    0.000000   clock network delay (propagated)
                                  0.250000    0.250000   clock uncertainty
                                  0.000000    0.250000   clock reconvergence pessimism
                                 -2.000000   -1.750000   output external delay
                                             -1.750000   data required time
---------------------------------------------------------------------------------------------
                                             -1.750000   data required time
                                             -0.680718   data arrival time
---------------------------------------------------------------------------------------------
                                              2.430718   slack (MET)


Startpoint: _755_ (rising edge-triggered flip-flop clocked by wr_clk)
Endpoint: full (output port clocked by wr_clk)
Path Group: wr_clk
Path Type: min

Fanout         Cap        Slew       Delay        Time   Description
---------------------------------------------------------------------------------------------
                                  0.000000    0.000000   clock wr_clk (rise edge)
                                  0.000000    0.000000   clock source latency
     1    0.026396    0.093078    0.065140    0.065140 ^ wr_clk (in)
                                                         wr_clk (net)
                      0.093240    0.000000    0.065140 ^ clkbuf_0_wr_clk/A (sky130_fd_sc_hd__clkbuf_16)
    16    0.111341    0.097775    0.149638    0.214779 ^ clkbuf_0_wr_clk/X (sky130_fd_sc_hd__clkbuf_16)
                                                         clknet_0_wr_clk (net)
                      0.098179    0.005117    0.219896 ^ clkbuf_4_13_0_wr_clk/A (sky130_fd_sc_hd__clkbuf_8)
     8    0.044729    0.067598    0.128023    0.347919 ^ clkbuf_4_13_0_wr_clk/X (sky130_fd_sc_hd__clkbuf_8)
                                                         clknet_4_13_0_wr_clk (net)
                      0.067846    0.003251    0.351170 ^ _755_/CLK (sky130_fd_sc_hd__dfrtp_1)
     2    0.004396    0.033198    0.237783    0.588954 v _755_/Q (sky130_fd_sc_hd__dfrtp_1)
                                                         net26 (net)
                      0.033198    0.000248    0.589202 v output26/A (sky130_fd_sc_hd__buf_2)
     1    0.034506    0.063147    0.118070    0.707272 v output26/X (sky130_fd_sc_hd__buf_2)
                                                         full (net)
                      0.063203    0.001682    0.708954 v full (out)
                                              0.708954   data arrival time

                                  0.000000    0.000000   clock wr_clk (rise edge)
                                  0.000000    0.000000   clock network delay (propagated)
                                  0.250000    0.250000   clock uncertainty
                                  0.000000    0.250000   clock reconvergence pessimism
                                 -2.000000   -1.750000   output external delay
                                             -1.750000   data required time
---------------------------------------------------------------------------------------------
                                             -1.750000   data required time
                                             -0.708954   data arrival time
---------------------------------------------------------------------------------------------
                                              2.458954   slack (MET)



